-9.45,-5.45,0.0
-9.35,-5.45,0.0
-9.25,-5.45,0.0
-9.15,-5.45,0.0
-9.05,-5.45,0.0
-8.950000000000001,-5.45,0.0
-8.850000000000001,-5.45,0.0
-8.750000000000002,-5.45,0.0
-8.650000000000002,-5.45,0.0
-8.550000000000002,-5.45,0.0
-8.450000000000003,-5.45,0.0
-8.350000000000003,-5.45,0.0
-8.250000000000004,-5.45,0.0
-8.150000000000004,-5.45,0.0
-8.050000000000004,-5.45,0.0
-7.950000000000005,-5.45,0.0
-7.850000000000005,-5.45,0.0
-7.750000000000005,-5.45,0.0
-7.650000000000006,-5.45,0.0
-7.550000000000006,-5.45,0.0
-7.450000000000006,-5.45,0.0
-7.350000000000007,-5.45,0.0
-7.250000000000007,-5.45,0.0
-7.1500000000000075,-5.45,0.0
-7.050000000000008,-5.45,0.0
-6.950000000000008,-5.45,0.0
-6.8500000000000085,-5.45,0.0
-6.750000000000009,-5.45,0.0
-6.650000000000009,-5.45,0.0
-6.55000000000001,-5.45,0.0
-6.45000000000001,-5.45,0.0
-6.35000000000001,-5.45,0.0
-6.250000000000011,-5.45,0.0
-6.150000000000011,-5.45,0.0
-6.050000000000011,-5.45,0.0
-5.950000000000012,-5.45,0.0
-5.850000000000012,-5.45,0.0
-5.750000000000012,-5.45,0.0
-5.650000000000013,-5.45,0.0
-5.550000000000013,-5.45,0.0
-5.4500000000000135,-5.45,0.0
-5.350000000000014,-5.45,0.0
-5.250000000000014,-5.45,0.0
-5.150000000000015,-5.45,0.0
-5.050000000000015,-5.45,0.0
-4.950000000000015,-5.45,0.0
-4.850000000000016,-5.45,0.0
-4.750000000000016,-5.45,0.0
-4.650000000000016,-5.45,0.0
-4.550000000000017,-5.45,0.0
-4.450000000000017,-5.45,0.0
-4.350000000000017,-5.45,0.0
-4.250000000000018,-5.45,0.0
-4.150000000000018,-5.45,0.0
-4.0500000000000185,-5.45,0.0
-3.9500000000000184,-5.45,0.0
-3.8500000000000183,-5.45,0.0
-3.750000000000018,-5.45,0.0
-3.650000000000018,-5.45,0.0
-3.550000000000018,-5.45,0.0
-3.450000000000018,-5.45,0.0
-3.350000000000018,-5.45,0.0
-3.2500000000000178,-5.45,0.0
-3.1500000000000177,-5.45,0.0
-3.0500000000000176,-5.45,0.0
-2.9500000000000175,-5.45,0.0
-2.8500000000000174,-5.45,0.0
-2.7500000000000173,-5.45,0.0
-2.6500000000000172,-5.45,0.0
-2.550000000000017,-5.45,0.0
-2.450000000000017,-5.45,0.0
-2.350000000000017,-5.45,0.0
-2.250000000000017,-5.45,0.0
-2.150000000000017,-5.45,0.0
-2.0500000000000167,-5.45,0.0
-1.9500000000000166,-5.45,0.0
-1.8500000000000165,-5.45,0.0
-1.7500000000000164,-5.45,0.0
-1.6500000000000163,-5.45,0.0
-1.5500000000000163,-5.45,0.0
-1.4500000000000162,-5.45,0.0
-1.350000000000016,-5.45,0.0
-1.250000000000016,-5.45,0.0
-1.150000000000016,-5.45,0.0
-1.0500000000000158,-5.45,0.0
-0.9500000000000158,-5.45,0.0
-0.8500000000000159,-5.45,0.0
-0.7500000000000159,-5.45,0.0
-0.6500000000000159,-5.45,0.0
-0.5500000000000159,-5.45,0.0
-0.45000000000001594,-5.45,0.0
-0.35000000000001597,-5.45,0.0
-0.250000000000016,-5.45,0.0
-0.15000000000001598,-5.45,0.0
-0.050000000000015976,-5.45,0.0
0.04999999999998403,-5.45,0.0
0.14999999999998403,-5.45,0.0
0.24999999999998404,-5.45,0.0
0.34999999999998405,-5.45,0.0
0.4499999999999841,-5.45,0.0
0.5499999999999841,-5.45,0.0
0.649999999999984,-5.45,0.0
0.749999999999984,-5.45,0.0
0.849999999999984,-5.45,0.0
0.949999999999984,-5.45,0.0
1.049999999999984,-5.45,0.0
1.1499999999999841,-5.45,0.0
1.2499999999999842,-5.45,0.0
1.3499999999999843,-5.45,0.0
1.4499999999999844,-5.45,0.0
1.5499999999999845,-5.45,0.0
1.6499999999999846,-5.45,0.0
1.7499999999999847,-5.45,0.0
1.8499999999999848,-5.45,0.0
1.9499999999999849,-5.45,0.0
2.0499999999999847,-5.45,0.0
2.149999999999985,-5.45,0.0
2.249999999999985,-5.45,0.0
2.349999999999985,-5.45,0.0
2.449999999999985,-5.45,0.0
2.549999999999985,-5.45,0.0
2.6499999999999853,-5.45,0.0
2.7499999999999853,-5.45,0.0
2.8499999999999854,-5.45,0.0
2.9499999999999855,-5.45,0.0
3.0499999999999856,-5.45,0.0
3.1499999999999857,-5.45,0.0
3.249999999999986,-5.45,0.0
3.349999999999986,-5.45,0.0
3.449999999999986,-5.45,0.0
3.549999999999986,-5.45,0.0
3.649999999999986,-5.45,0.0
3.7499999999999862,-5.45,0.0
3.8499999999999863,-5.45,0.0
3.9499999999999864,-5.45,0.0
4.0499999999999865,-5.45,0.0
4.149999999999986,-5.45,0.0
4.249999999999986,-5.45,0.0
4.349999999999985,-5.45,0.0
4.449999999999985,-5.45,0.0
4.549999999999985,-5.45,0.0
4.649999999999984,-5.45,0.0
4.749999999999984,-5.45,0.0
4.849999999999984,-5.45,0.0
4.949999999999983,-5.45,0.0
5.049999999999983,-5.45,0.0
5.149999999999983,-5.45,0.0
5.249999999999982,-5.45,0.0
5.349999999999982,-5.45,0.0
5.4499999999999815,-5.45,0.0
5.549999999999981,-5.45,0.0
5.649999999999981,-5.45,0.0
5.7499999999999805,-5.45,0.0
5.84999999999998,-5.45,0.0
5.94999999999998,-5.45,0.0
6.049999999999979,-5.45,0.0
6.149999999999979,-5.45,0.0
6.249999999999979,-5.45,0.0
6.349999999999978,-5.45,0.0
6.449999999999978,-5.45,0.0
6.549999999999978,-5.45,0.0
6.649999999999977,-5.45,0.0
6.749999999999977,-5.45,0.0
6.8499999999999766,-5.45,0.0
6.949999999999976,-5.45,0.0
7.049999999999976,-5.45,0.0
7.1499999999999755,-5.45,0.0
7.249999999999975,-5.45,0.0
7.349999999999975,-5.45,0.0
7.449999999999974,-5.45,0.0
7.549999999999974,-5.45,0.0
7.649999999999974,-5.45,0.0
7.749999999999973,-5.45,0.0
7.849999999999973,-5.45,0.0
7.949999999999973,-5.45,0.0
8.049999999999972,-5.45,0.0
8.149999999999972,-5.45,0.0
8.249999999999972,-5.45,0.0
8.349999999999971,-5.45,0.0
8.44999999999997,-5.45,0.0
8.54999999999997,-5.45,0.0
8.64999999999997,-5.45,0.0
8.74999999999997,-5.45,0.0
8.84999999999997,-5.45,0.0
8.949999999999969,-5.45,0.0
9.049999999999969,-5.45,0.0
9.149999999999968,-5.45,0.0
9.149999999999968,-5.45,0.1570796326794897
9.149999999999968,-5.45,0.2984513020910304
9.149999999999968,-5.45,0.4256858045614171
9.149999999999968,-5.45,0.5401968567847649
9.149999999999968,-5.45,0.6547079090081129
9.149999999999968,-5.45,0.7692189612314608
9.149999999999968,-5.45,0.8837300134548088
9.149999999999968,-5.45,0.9524366447888176
9.149999999999968,-5.45,1.0142726129894255
9.149999999999968,-5.45,1.0761085811900337
9.149999999999968,-5.45,1.1255773557505198
9.149999999999968,-5.45,1.1750461303110062
9.149999999999968,-5.45,1.2146211499593953
9.149999999999968,-5.45,1.2541961696077844
9.149999999999968,-5.45,1.2898136872913342
9.149999999999968,-5.45,1.3214737030100456
9.149999999999968,-5.45,1.3464059653885305
9.149999999999968,-5.45,1.3713382277670159
9.149999999999968,-5.45,1.3912840376698037
9.149999999999968,-5.45,1.409235266582313
9.149999999999968,-5.45,1.425391372603571
9.149999999999968,-5.45,1.439931868022704
9.149999999999968,-5.45,1.4530183138999233
9.149999999999968,-5.45,1.4661047597771426
9.149999999999968,-5.45,1.4778825610666397
9.149999999999968,-5.45,1.4896603623561375
9.149999999999968,-5.45,1.4977739588000132
9.149999999999968,-5.45,1.5058875552438888
9.149999999999968,-5.45,1.5123784323989902
9.149999999999968,-5.45,1.5188693095540904
9.149999999999968,-5.45,1.5253601867091913
9.149999999999968,-5.45,1.5318510638642922
9.149999999999968,-5.45,1.5370437655883729
9.149999999999968,-5.45,1.542236467312454
9.149999999999968,-5.45,1.547429169036534
9.149999999999968,-5.45,1.5502851549847785
9.149999999999968,-5.45,1.5526218707606152
9.149999999999968,-5.45,1.5549585865364508
9.149999999999968,-5.45,1.5565423605622957
9.149999999999968,-5.45,1.5579677571855557
9.149999999999968,-5.45,1.55925061414649
9.149999999999968,-5.45,1.560533471107424
9.149999999999968,-5.45,1.5615597566761712
9.149999999999968,-5.45,1.562586042244918
9.149999999999968,-5.45,1.5634070706999164
9.149999999999968,-5.45,1.564145996309414
9.149999999999968,-5.45,1.5648849219189123
9.149999999999968,-5.45,1.565476062406511
9.149999999999968,-5.45,1.566067202894109
9.149999999999968,-5.45,1.5665992293329483
9.149999999999968,-5.45,1.5671312557717867
9.149999999999968,-5.45,1.567663282210625
9.149999999999968,-5.45,1.5680297893129365
9.149999999999968,-5.45,1.5683064430611326
9.149999999999968,-5.45,1.5685554314345087
9.149999999999968,-5.45,1.5688044198078854
9.149999999999968,-5.45,1.569028509343924
9.149999999999968,-5.45,1.5692277000426251
9.149999999999968,-5.45,1.5694044817877222
9.149999999999968,-5.45,1.5695613444629493
9.149999999999968,-5.45,1.5696848426961443
9.149999999999968,-5.45,1.569795991106019
9.149999999999968,-5.45,1.569907139515895
9.149999999999968,-5.45,1.5700071730847824
9.150039457681379,-5.400000015569089,1.5700071730847824
9.150074969594648,-5.3550000295812685,1.5700071730847824
9.150110481507918,-5.3100000435934485,1.5700071730847824
9.150138891038534,-5.274000054803192,1.5700071730847824
9.15016730056915,-5.238000066012936,1.5700071730847824
9.150190028193641,-5.209200074980731,1.5700071730847824
9.150212755818133,-5.180400083948526,1.5700071730847824
9.150230937917726,-5.157360091122762,1.5700071730847824
9.15024912001732,-5.134320098296999,1.5700071730847824
9.150263665696995,-5.1158881040363875,1.5700071730847824
9.150276756808703,-5.099299309201838,1.5700071730847824
9.15028984792041,-5.082710514367288,1.5700071730847824
9.150300320809777,-5.069439478499648,1.5700071730847824
9.150310793699143,-5.056168442632008,1.5700071730847824
9.150319172010636,-5.045551613937896,1.5700071730847824
9.15032755032213,-5.034934785243784,1.5700071730847824
9.150334252971325,-5.026441322288494,1.5700071730847824
9.15034095562052,-5.017947859333204,1.5700071730847824
9.150346988004795,-5.010303742673443,1.5700071730847824
9.15035302038907,-5.002659626013682,1.5700071730847824
9.150357176031571,-4.997393678981402,1.5700071730847824
9.150361331674072,-4.992127731949123,1.5700071730847824
9.150364656188072,-4.987914974323299,1.5700071730847824
9.150367980702073,-4.983702216697476,1.5700071730847824
9.150370640313273,-4.980332010596817,1.5700071730847824
9.150373299924473,-4.976961804496159,1.5700071730847824
9.150375959535673,-4.9735915983955,1.5700071730847824
9.150378619146872,-4.9702213922948415,1.5700071730847824
9.150380214913593,-4.968199268634446,1.5700071730847824
9.150381810680313,-4.96617714497405,1.5700071730847824
9.15038308729369,-4.964559446045733,1.5700071730847824
9.150384363907067,-4.962941747117417,1.5700071730847824
9.150385385197769,-4.961647587974763,1.5700071730847824
9.15038640648847,-4.96035342883211,1.5700071730847824
9.150387427779172,-4.959059269689456,1.5700071730847824
9.150388449069874,-4.957765110546803,1.5700071730847824
9.150389266102435,-4.956729783232681,1.5700071730847824
9.150390083134996,-4.955694455918558,1.5700071730847824
9.150390872288623,-4.95469445622994,1.5700071730847824
9.150391661442251,-4.953694456541322,1.5700071730847824
9.150391661442251,-4.953694456541322,1.7270868057642712
9.150391661442251,-4.953694456541322,1.8684584751758135
9.150391661442251,-4.953694456541322,2.0098301445873537
9.150391661442251,-4.953694456541322,2.1229274801165863
9.150391661442251,-4.953694456541322,2.2247150820928954
9.150391661442251,-4.953694456541322,2.3163239238715736
9.150391661442251,-4.953694456541322,2.407932765650252
9.150391661442251,-4.953694456541322,2.49954160742893
9.150391661442251,-4.953694456541322,2.5636677966740056
9.150391661442251,-4.953694456541322,2.6213813669945725
9.150391661442251,-4.953694456541322,2.6733235802830833
9.150391661442251,-4.953694456541322,2.725265793571594
9.150391661442251,-4.953694456541322,2.7668195642024025
9.150391661442251,-4.953694456541322,2.808373334833211
9.150391661442251,-4.953694456541322,2.8416163513378576
9.150391661442251,-4.953694456541322,2.8748593678425043
9.150391661442251,-4.953694456541322,2.9047780826966862
9.150391661442251,-4.953694456541322,2.931372495900404
9.150391661442251,-4.953694456541322,2.9523155962983316
9.150391661442251,-4.953694456541322,2.9711643866564663
9.150391661442251,-4.953694456541322,2.9881282979787875
9.150391661442251,-4.953694456541322,3.003395818168877
9.150391661442251,-4.953694456541322,3.0171365863399573
9.150391661442251,-4.953694456541322,3.0295032776939292
9.150391661442251,-4.953694456541322,3.0406332999125043
9.150391661442251,-4.953694456541322,3.0517633221310794
9.150391661442251,-4.953694456541322,3.0606673399059394
9.150391661442251,-4.953694456541322,3.0686809559033135
9.150391661442251,-4.953694456541322,3.0766945719006875
9.150391661442251,-4.953694456541322,3.0831054646985865
9.150391661442251,-4.953694456541322,3.088875268216696
9.150391661442251,-4.953694456541322,3.094068091382994
9.150391661442251,-4.953694456541322,3.0987416322326626
9.150391661442251,-4.953694456541322,3.103415173082331
9.150391661442251,-4.953694456541322,3.107154005762066
9.150391661442251,-4.953694456541322,3.110518955173827
9.150391661442251,-4.953694456541322,3.1135474096444122
9.150391661442251,-4.953694456541322,3.116273018667939
9.150391661442251,-4.953694456541322,3.118726066789113
9.150391661442251,-4.953694456541322,3.121179114910287
9.150391661442251,-4.953694456541322,3.123141553407226
9.150391661442251,-4.953694456541322,3.1249077480544716
9.150391661442251,-4.953694456541322,3.1264973232369924
9.150391661442251,-4.953694456541322,3.127927940901261
9.150391661442251,-4.953694456541322,3.1293585585655297
9.150391661442251,-4.953694456541322,3.1305030526969446
9.150391661442251,-4.953694456541322,3.1315330974152182
9.150391661442251,-4.953694456541322,3.1324601376616643
9.150391661442251,-4.953694456541322,3.1332944738834656
9.150391661442251,-4.953694456541322,3.134128810105267
9.150391661442251,-4.953694456541322,3.134796279082708
9.150391661442251,-4.953694456541322,3.1354637480601495
9.150391661442251,-4.953694456541322,3.1359977232421024
9.150391661442251,-4.953694456541322,3.13647830090586
9.150391661442251,-4.953694456541322,3.136910820803242
9.150391661442251,-4.953694456541322,3.137343340700624
9.150391661442251,-4.953694456541322,3.1376893566185298
9.150391661442251,-4.953694456541322,3.1380353725364354
9.150391661442251,-4.953694456541322,3.1383121852707596
9.150391661442251,-4.953694456541322,3.138588998005084
9.150391661442251,-4.953694456541322,3.1388104481925434
9.150391661442251,-4.953694456541322,3.139031898380003
9.150391661442251,-4.953694456541322,3.139209058529971
9.150391661442251,-4.953694456541322,3.1393862186799386
9.150391661442251,-4.953694456541322,3.139545662814909
9.150391661442251,-4.953694456541322,3.13970510694988
9.150391661442251,-4.953694456541322,3.13981494624286
9.05039181945438,-4.9535166859002615,3.13981494624286
8.950391977466507,-4.953338915259201,3.13981494624286
8.850392135478636,-4.953161144618141,3.13981494624286
8.750392293490764,-4.952983373977081,3.13981494624286
8.650392451502892,-4.952805603336021,3.13981494624286
8.55039260951502,-4.952627832694961,3.13981494624286
8.450392767527148,-4.9524500620539005,3.13981494624286
8.350392925539277,-4.95227229141284,3.13981494624286
8.250393083551405,-4.95209452077178,3.13981494624286
8.150393241563533,-4.95191675013072,3.13981494624286
8.050393399575661,-4.95173897948966,3.13981494624286
7.95039355758779,-4.9515612088486,3.13981494624286
7.850393715599919,-4.9513834382075395,3.13981494624286
7.750393873612048,-4.951205667566479,3.13981494624286
7.650394031624177,-4.951027896925419,3.13981494624286
7.5503941896363065,-4.950850126284359,3.13981494624286
7.4503943476484356,-4.950672355643299,3.13981494624286
7.350394505660565,-4.950494585002239,3.13981494624286
7.250394663672694,-4.950316814361178,3.13981494624286
7.150394821684823,-4.950139043720118,3.13981494624286
7.050394979696952,-4.949961273079058,3.13981494624286
6.950395137709081,-4.949783502437998,3.13981494624286
6.85039529572121,-4.949605731796938,3.13981494624286
6.750395453733339,-4.949427961155878,3.13981494624286
6.650395611745468,-4.949250190514817,3.13981494624286
6.550395769757597,-4.949072419873757,3.13981494624286
6.450395927769726,-4.948894649232697,3.13981494624286
6.350396085781855,-4.948716878591637,3.13981494624286
6.250396243793984,-4.948539107950577,3.13981494624286
6.1503964018061135,-4.9483613373095165,3.13981494624286
6.0503965598182425,-4.948183566668456,3.13981494624286
5.950396717830372,-4.948005796027396,3.13981494624286
5.850396875842501,-4.947828025386336,3.13981494624286
5.75039703385463,-4.947650254745276,3.13981494624286
5.650397191866759,-4.947472484104216,3.13981494624286
5.550397349878888,-4.9472947134631555,3.13981494624286
5.450397507891017,-4.947116942822095,3.13981494624286
5.350397665903146,-4.946939172181035,3.13981494624286
5.250397823915275,-4.946761401539975,3.13981494624286
5.150397981927404,-4.946583630898915,3.13981494624286
5.050398139939533,-4.946405860257855,3.13981494624286
4.950398297951662,-4.9462280896167945,3.13981494624286
4.850398455963791,-4.946050318975734,3.13981494624286
4.7503986139759204,-4.945872548334674,3.13981494624286
4.6503987719880495,-4.945694777693614,3.13981494624286
4.550398930000179,-4.945517007052554,3.13981494624286
4.450399088012308,-4.945339236411494,3.13981494624286
4.350399246024437,-4.9451614657704335,3.13981494624286
4.250399404036566,-4.944983695129373,3.13981494624286
4.150399562048695,-4.944805924488313,3.13981494624286
4.050399720060824,-4.944628153847253,3.13981494624286
3.950399878072953,-4.944450383206193,3.13981494624286
3.850400036085082,-4.944272612565133,3.13981494624286
3.750400194097211,-4.9440948419240724,3.13981494624286
3.65040035210934,-4.943917071283012,3.13981494624286
3.5504005101214693,-4.943739300641952,3.13981494624286
3.4504006681335984,-4.943561530000892,3.13981494624286
3.3504008261457274,-4.943383759359832,3.13981494624286
3.2504009841578565,-4.943205988718772,3.13981494624286
3.1504011421699856,-4.943028218077711,3.13981494624286
3.0504013001821146,-4.942850447436651,3.13981494624286
2.9504014581942437,-4.942672676795591,3.13981494624286
2.850401616206373,-4.942494906154531,3.13981494624286
2.750401774218502,-4.942317135513471,3.13981494624286
2.650401932230631,-4.942139364872411,3.13981494624286
2.55040209024276,-4.94196159423135,3.13981494624286
2.450402248254889,-4.94178382359029,3.13981494624286
2.350402406267018,-4.94160605294923,3.13981494624286
2.250402564279147,-4.94142828230817,3.13981494624286
2.1504027222912763,-4.94125051166711,3.13981494624286
2.0504028803034053,-4.9410727410260495,3.13981494624286
1.9504030383155344,-4.940894970384989,3.13981494624286
1.8504031963276635,-4.940717199743929,3.13981494624286
1.7504033543397925,-4.940539429102869,3.13981494624286
1.6504035123519216,-4.940361658461809,3.13981494624286
1.5504036703640507,-4.940183887820749,3.13981494624286
1.4504038283761798,-4.9400061171796885,3.13981494624286
1.3504039863883088,-4.939828346538628,3.13981494624286
1.250404144400438,-4.939650575897568,3.13981494624286
1.150404302412567,-4.939472805256508,3.13981494624286
1.050404460424696,-4.939295034615448,3.13981494624286
0.950404618436825,-4.939117263974388,3.13981494624286
0.850404776448954,-4.9389394933333275,3.13981494624286
0.7504049344610829,-4.938761722692267,3.13981494624286
0.6504050924732119,-4.938583952051207,3.13981494624286
0.5504052504853408,-4.938406181410147,3.13981494624286
0.4504054084974698,-4.938228410769087,3.13981494624286
0.35040556650959875,-4.938050640128027,3.13981494624286
0.2504057245217277,-4.9378728694869665,3.13981494624286
0.15040588253385667,-4.937695098845906,3.13981494624286
0.05040604054598563,-4.937517328204846,3.13981494624286
-0.04959380144188541,-4.937339557563786,3.13981494624286
-0.14959364342975645,-4.937161786922726,3.13981494624286
-0.2495934854176275,-4.936984016281666,3.13981494624286
-0.34959332740549853,-4.936806245640605,3.13981494624286
-0.4495931693933696,-4.936628474999545,3.13981494624286
-0.5495930113812406,-4.936450704358485,3.13981494624286
-0.6495928533691117,-4.936272933717425,3.13981494624286
-0.7495926953569827,-4.936095163076365,3.13981494624286
-0.8495925373448537,-4.935917392435305,3.13981494624286
-0.9495923793327248,-4.935739621794244,3.13981494624286
-1.0495922213205957,-4.935561851153184,3.13981494624286
-1.1495920633084666,-4.935384080512124,3.13981494624286
-1.2495919052963376,-4.935206309871064,3.13981494624286
-1.3495917472842085,-4.935028539230004,3.13981494624286
-1.4495915892720794,-4.934850768588944,3.13981494624286
-1.5495914312599504,-4.934672997947883,3.13981494624286
-1.6495912732478213,-4.934495227306823,3.13981494624286
-1.7495911152356922,-4.934317456665763,3.13981494624286
-1.8495909572235631,-4.934139686024703,3.13981494624286
-1.949590799211434,-4.933961915383643,3.13981494624286
-2.049590641199305,-4.9337841447425825,3.13981494624286
-2.149590483187176,-4.933606374101522,3.13981494624286
-2.249590325175047,-4.933428603460462,3.13981494624286
-2.349590167162918,-4.933250832819402,3.13981494624286
-2.4495900091507887,-4.933073062178342,3.13981494624286
-2.5495898511386597,-4.932895291537282,3.13981494624286
-2.6495896931265306,-4.9327175208962215,3.13981494624286
-2.7495895351144015,-4.932539750255161,3.13981494624286
-2.8495893771022724,-4.932361979614101,3.13981494624286
-2.9495892190901434,-4.932184208973041,3.13981494624286
-3.0495890610780143,-4.932006438331981,3.13981494624286
-3.1495889030658852,-4.931828667690921,3.13981494624286
-3.249588745053756,-4.9316508970498605,3.13981494624286
-3.349588587041627,-4.9314731264088,3.13981494624286
-3.449588429029498,-4.93129535576774,3.13981494624286
-3.549588271017369,-4.93111758512668,3.13981494624286
-3.64958811300524,-4.93093981448562,3.13981494624286
-3.749587954993111,-4.93076204384456,3.13981494624286
-3.8495877969809817,-4.9305842732034995,3.13981494624286
-3.9495876389688527,-4.930406502562439,3.13981494624286
-4.049587480956724,-4.930228731921379,3.13981494624286
-4.149587322944595,-4.930050961280319,3.13981494624286
-4.249587164932466,-4.929873190639259,3.13981494624286
-4.349587006920337,-4.929695419998199,3.13981494624286
-4.449586848908208,-4.929517649357138,3.13981494624286
-4.549586690896079,-4.929339878716078,3.13981494624286
-4.64958653288395,-4.929162108075018,3.13981494624286
-4.749586374871821,-4.928984337433958,3.13981494624286
-4.8495862168596915,-4.928806566792898,3.13981494624286
-4.949586058847562,-4.928628796151838,3.13981494624286
-5.049585900835433,-4.928451025510777,3.13981494624286
-5.149585742823304,-4.928273254869717,3.13981494624286
-5.249585584811175,-4.928095484228657,3.13981494624286
-5.349585426799046,-4.927917713587597,3.13981494624286
-5.449585268786917,-4.927739942946537,3.13981494624286
-5.549585110774788,-4.9275621723054766,3.13981494624286
-5.649584952762659,-4.927384401664416,3.13981494624286
-5.74958479475053,-4.927206631023356,3.13981494624286
-5.849584636738401,-4.927028860382296,3.13981494624286
-5.949584478726272,-4.926851089741236,3.13981494624286
-6.049584320714143,-4.926673319100176,3.13981494624286
-6.149584162702014,-4.9264955484591155,3.13981494624286
-6.2495840046898845,-4.926317777818055,3.13981494624286
-6.349583846677755,-4.926140007176995,3.13981494624286
-6.449583688665626,-4.925962236535935,3.13981494624286
-6.549583530653497,-4.925784465894875,3.13981494624286
-6.649583372641368,-4.925606695253815,3.13981494624286
-6.749583214629239,-4.9254289246127545,3.13981494624286
-6.84958305661711,-4.925251153971694,3.13981494624286
-6.949582898604981,-4.925073383330634,3.13981494624286
-7.049582740592852,-4.924895612689574,3.13981494624286
-7.149582582580723,-4.924717842048514,3.13981494624286
-7.249582424568594,-4.924540071407454,3.13981494624286
-7.349582266556465,-4.9243623007663935,3.13981494624286
-7.449582108544336,-4.924184530125333,3.13981494624286
-7.549581950532207,-4.924006759484273,3.13981494624286
-7.6495817925200775,-4.923828988843213,3.13981494624286
-7.7495816345079485,-4.923651218202153,3.13981494624286
-7.849581476495819,-4.923473447561093,3.13981494624286
-7.94958131848369,-4.9232956769200324,3.13981494624286
-8.049581160471561,-4.923117906278972,3.13981494624286
-8.149581002459433,-4.922940135637912,3.13981494624286
-8.249580844447305,-4.922762364996852,3.13981494624286
-8.349580686435177,-4.922584594355792,3.13981494624286
-8.449580528423049,-4.922406823714732,3.13981494624286
-8.54958037041092,-4.922229053073671,3.13981494624286
-8.649580212398792,-4.922051282432611,3.13981494624286
-8.749580054386664,-4.921873511791551,3.13981494624286
-8.849579896374536,-4.921695741150491,3.13981494624286
-8.949579738362408,-4.921517970509431,3.13981494624286
-9.04957958035028,-4.921340199868371,3.13981494624286
-9.149579422338151,-4.92116242922731,3.13981494624286
-9.249579264326023,-4.92098465858625,3.13981494624286
-9.249579264326023,-4.92098465858625,2.9827353135633703
-9.249579264326023,-4.92098465858625,2.8413636441518295
-9.249579264326023,-4.92098465858625,2.6999919747402887
-9.249579264326023,-4.92098465858625,2.558620305328748
-9.249579264326023,-4.92098465858625,2.4455229697995153
-9.249579264326023,-4.92098465858625,2.3578725347643603
-9.249579264326023,-4.92098465858625,2.270222099729205
-9.249579264326023,-4.92098465858625,2.18257166469405
-9.249579264326023,-4.92098465858625,2.121216360169441
-9.249579264326023,-4.92098465858625,2.0598610556448325
-9.249579264326023,-4.92098465858625,2.0046412815726837
-9.249579264326023,-4.92098465858625,1.961079015360212
-9.249579264326023,-4.92098465858625,1.9218729757689883
-9.249579264326023,-4.92098465858625,1.8865875401368857
-9.249579264326023,-4.92098465858625,1.8548306480679932
-9.249579264326023,-4.92098465858625,1.823073755999102
-9.249579264326023,-4.92098465858625,1.7976682423439871
-9.249579264326023,-4.92098465858625,1.7722627286888735
-9.249579264326023,-4.92098465858625,1.7519383177647823
-9.249579264326023,-4.92098465858625,1.7336463479331008
-9.249579264326023,-4.92098465858625,1.7171835750845867
-9.249579264326023,-4.92098465858625,1.7023670795209245
-9.249579264326023,-4.92098465858625,1.687550583957262
-9.249579264326023,-4.92098465858625,1.674215737949966
-9.249579264326023,-4.92098465858625,1.6636960260997657
-9.249579264326023,-4.92098465858625,1.6531763142495655
-9.249579264326023,-4.92098465858625,1.6447605447694051
-9.249579264326023,-4.92098465858625,1.637186352237261
-9.249579264326023,-4.92098465858625,1.6303695789583315
-9.249579264326023,-4.92098465858625,1.6242344830072946
-9.249579264326023,-4.92098465858625,1.6187128966513618
-9.249579264326023,-4.92098465858625,1.6131913102954285
-9.249579264326023,-4.92098465858625,1.6087740412106821
-9.249579264326023,-4.92098465858625,1.60479849903441
-9.249579264326023,-4.92098465858625,1.6012205110757651
-9.249579264326023,-4.92098465858625,1.5980003219129857
-9.249579264326023,-4.92098465858625,1.5951021516664832
-9.249579264326023,-4.92098465858625,1.5924937984446308
-9.249579264326023,-4.92098465858625,1.5898854452227793
-9.249579264326023,-4.92098465858625,1.587537927323112
-9.249579264326023,-4.92098465858625,1.5856859965355972
-9.249579264326023,-4.92098465858625,1.5840192588268338
-9.249579264326023,-4.92098465858625,1.5825191948889472
-9.249579264326023,-4.92098465858625,1.58101913095106
-9.249579264326023,-4.92098465858625,1.5798190798007505
-9.249579264326023,-4.92098465858625,1.5786190286504402
-9.249579264326023,-4.92098465858625,1.5775389826151627
-9.249579264326023,-4.92098465858625,1.5766869462984425
-9.249579264326023,-4.92098465858625,1.5758349099817224
-9.249579264326023,-4.92098465858625,1.5749828736650016
-9.249579264326023,-4.92098465858625,1.5741308373482823
-9.249579264326023,-4.92098465858625,1.5736196155582507
-9.249579264326023,-4.92098465858625,1.5731595159472218
-9.249579264326023,-4.92098465858625,1.5726994163361931
-9.249579264326023,-4.92098465858625,1.5723313366473706
-9.249579264326023,-4.92098465858625,1.571963256958547
-9.249579264326023,-4.92098465858625,1.5716687932074889
-9.249579264326023,-4.92098465858625,1.5714037758315365
-9.249579264326023,-4.92098465858625,1.5711652601931785
-9.249579264326023,-4.92098465858625,1.570950596118657
-9.249579264326023,-4.92098465858625,1.5707359320441356
-9.249579264326023,-4.92098465858625,1.5705642007845182
-9.249579264326023,-4.92098465858625,1.570409642650863
-9.249579264326023,-4.92098465858625,1.570270540330573
-9.249579264326023,-4.92098465858625,1.5701314380102829
-9.249579264326023,-4.92098465858625,1.5700201561540512
-9.249579264326023,-4.92098465858625,1.5699088742978196
-9.249534891706993,-4.870984678275548,1.5699088742978196
-9.249490519087963,-4.820984697964845,1.5699088742978196
-9.24945502099274,-4.780984713716283,1.5699088742978196
-9.249419522897515,-4.74098472946772,1.5699088742978196
-9.249391124421336,-4.70898474206887,1.5699088742978196
-9.249362725945158,-4.676984754670021,1.5699088742978196
-9.249340007164214,-4.651384764750941,1.5699088742978196
-9.249319560261366,-4.628344773823769,1.5699088742978196
-9.249299113358518,-4.605304782896597,1.5699088742978196
-9.249282755836239,-4.586872790154859,1.5699088742978196
-9.24926639831396,-4.568440797413122,1.5699088742978196
-9.249253312296137,-4.553695203219732,1.5699088742978196
-9.249240226278314,-4.538949609026342,1.5699088742978196
-9.249228448862272,-4.525678574252291,1.5699088742978196
-9.24921667144623,-4.51240753947824,1.5699088742978196
-9.24920855811518,-4.503265271078338,1.5699088742978196
-9.24920044478413,-4.494123002678436,1.5699088742978196
-9.249193954119288,-4.486809187958515,1.5699088742978196
-9.249187463454447,-4.479495373238593,1.5699088742978196
-9.249182270922574,-4.473644321462656,1.5699088742978196
-9.249177078390701,-4.467793269686719,1.5699088742978196
-9.249172924365205,-4.463112428265969,1.5699088742978196
-9.249168770339708,-4.45843158684522,1.5699088742978196
-9.24916503171676,-4.454218829566544,1.5699088742978196
-9.249161708496363,-4.450474156429944,1.5699088742978196
-9.249158385275965,-4.446729483293344,1.5699088742978196
-9.249155768239902,-4.443780553198272,1.5699088742978196
-9.249153151203839,-4.4408316231032,1.5699088742978196
-9.249151389897028,-4.438846946340802,1.5699088742978196
-9.249149628590217,-4.436862269578404,1.5699088742978196
-9.249148219544768,-4.4352745281684856,1.5699088742978196
-9.249146810499319,-4.433686786758567,1.5699088742978196
-9.24914568326296,-4.432416593630633,1.5699088742978196
-9.2491445560266,-4.431146400502698,1.5699088742978196
-9.249143541513877,-4.430003226687557,1.5699088742978196
-9.249142527001155,-4.428860052872416,1.5699088742978196
-9.249141639548775,-4.427860053266202,1.5699088742978196
-9.249140752096395,-4.426860053659988,1.5699088742978196
-9.249139864644015,-4.425860054053774,1.5699088742978196
-9.249138977191635,-4.42486005444756,1.5699088742978196
-9.249138977191635,-4.42486005444756,1.726988506977309
-9.249138977191635,-4.42486005444756,1.8840681396567982
-9.249138977191635,-4.42486005444756,2.0411477723362883
-9.249138977191635,-4.42486005444756,2.198227405015778
-9.249138977191635,-4.42486005444756,2.355307037695267
-9.249138977191635,-4.42486005444756,2.512386670374757
-9.249138977191635,-4.42486005444756,2.6694663030542465
-9.249138977191635,-4.42486005444756,2.826545935733736
-9.249138977191635,-4.42486005444756,2.983625568413226
-9.249138977191635,-4.42486005444756,3.1407052010927154
-9.249138977191635,-4.42486005444756,-2.985400473407381
-9.249138977191635,-4.42486005444756,-2.8283208407278915
-9.249138977191635,-4.42486005444756,-2.671241208048402
-9.249138977191635,-4.42486005444756,-2.514161575368912
-9.249138977191635,-4.42486005444756,-2.3570819426894225
-9.249138977191635,-4.42486005444756,-2.200002310009933
-9.249138977191635,-4.42486005444756,-2.042922677330444
-9.249138977191635,-4.42486005444756,-1.8858430446509533
-9.249138977191635,-4.42486005444756,-1.728763411971464
-9.249138977191635,-4.42486005444756,-1.5716837792919742
-9.249138977191635,-4.42486005444756,-1.4146041466124846
-9.249138977191635,-4.42486005444756,-1.257524513932995
-9.249138977191635,-4.42486005444756,-1.1004448812535048
-9.249138977191635,-4.42486005444756,-0.9433652485740158
-9.249138977191635,-4.42486005444756,-0.8491174689663218
-9.249138977191635,-4.42486005444756,-0.7548696893586277
-9.249138977191635,-4.42486005444756,-0.6606219097509339
-9.249138977191635,-4.42486005444756,-0.5946484640255483
-9.249138977191635,-4.42486005444756,-0.5352723628727012
-9.249138977191635,-4.42486005444756,-0.4818338718351386
-9.249138977191635,-4.42486005444756,-0.43373922990133223
-9.249138977191635,-4.42486005444756,-0.38564458796752593
-9.249138977191635,-4.42486005444756,-0.34716887442048094
-9.249138977191635,-4.42486005444756,-0.3125407322281408
-9.249138977191635,-4.42486005444756,-0.2813754042550344
-9.249138977191635,-4.42486005444756,-0.2533266090792385
-9.249138977191635,-4.42486005444756,-0.22808269342102228
-9.249138977191635,-4.42486005444756,-0.20283877776280612
-9.249138977191635,-4.42486005444756,-0.1826436452362332
-9.249138977191635,-4.42486005444756,-0.16446802596231758
-9.249138977191635,-4.42486005444756,-0.14629240668840193
-9.249138977191635,-4.42486005444756,-0.13175191126926944
-9.249138977191635,-4.42486005444756,-0.11866546539205013
-9.249138977191635,-4.42486005444756,-0.1055790195148308
-9.249138977191635,-4.42486005444756,-0.09380121822533351
-9.249138977191635,-4.42486005444756,-0.08450984165250779
-9.249138977191635,-4.42486005444756,-0.07614760273696465
-9.249138977191635,-4.42486005444756,-0.0686215877129758
-9.249138977191635,-4.42486005444756,-0.061848174191385906
-9.249138977191635,-4.42486005444756,-0.055752102021954957
-9.249138977191635,-4.42486005444756,-0.04965602985252398
-9.249138977191635,-4.42486005444756,-0.0447791721169792
-9.249138977191635,-4.42486005444756,-0.04039000015498894
-9.249138977191635,-4.42486005444756,-0.036000828192998685
-9.249138977191635,-4.42486005444756,-0.03161165623100843
-9.249138977191635,-4.42486005444756,-0.028100318661416192
-9.249138977191635,-4.42486005444756,-0.02537903204498222
-9.249138977191635,-4.42486005444756,-0.022929874090191656
-9.249138977191635,-4.42486005444756,-0.02072563193088012
-9.249138977191635,-4.42486005444756,-0.01874181398749982
-9.249138977191635,-4.42486005444756,-0.01695637783845752
-9.249138977191635,-4.42486005444756,-0.015170941689415213
-9.249138977191635,-4.42486005444756,-0.013742592770181326
-9.249138977191635,-4.42486005444756,-0.012457078742870884
-9.249138977191635,-4.42486005444756,-0.011171564715560444
-9.249138977191635,-4.42486005444756,-0.009886050688250004
-9.249138977191635,-4.42486005444756,-0.008857639466401614
-9.249138977191635,-4.42486005444756,-0.008060620769469163
-9.249138977191635,-4.42486005444756,-0.00734330394222988
-9.249138977191635,-4.42486005444756,-0.006625987114990597
-9.249138977191635,-4.42486005444756,-0.006052133653199249
-9.249138977191635,-4.42486005444756,-0.005478280191407902
-9.249138977191635,-4.42486005444756,-0.005019197421974783
-9.249138977191635,-4.42486005444756,-0.004606022929484938
-9.249138977191635,-4.42486005444756,-0.004234165886244107
-9.249138977191635,-4.42486005444756,-0.003862308843003277
-9.249138977191635,-4.42486005444756,-0.0035276375040865673
-9.249138977191635,-4.42486005444756,-0.0032636190033855346
-9.249138977191635,-4.42486005444756,-0.0030260023527546136
-9.249138977191635,-4.42486005444756,-0.002788385702123693
-9.249138977191635,-4.42486005444756,-0.002574530716555944
-9.249138977191635,-4.42486005444756,-0.0024058228946080007
-9.249138977191635,-4.42486005444756,-0.002253985854854884
-9.249138977191635,-4.42486005444756,-0.0021173325190770786
-9.249138977191635,-4.42486005444756,-0.0019943445168770736
-9.249138977191635,-4.42486005444756,-0.001883655314897058
-9.249138977191635,-4.42486005444756,-0.15896328799438672
-9.249138977191635,-4.42486005444756,-0.31604292067387646
-9.249138977191635,-4.42486005444756,-0.47312255335336617
-9.249138977191635,-4.42486005444756,-0.6302021860328558
-9.249138977191635,-4.42486005444756,-0.7872818187123454
-9.249138977191635,-4.42486005444756,-0.9443614513918352
-9.249138977191635,-4.42486005444756,-1.101441084071325
-9.249138977191635,-4.42486005444756,-1.2585207167508146
-9.249138977191635,-4.42486005444756,-1.4156003494303042
-9.249138977191635,-4.42486005444756,-1.5726799821097937
-9.249138977191635,-4.42486005444756,-1.7297596147892829
-9.249138977191635,-4.42486005444756,-1.886839247468773
-9.249138977191635,-4.42486005444756,-2.0439188801482624
-9.249138977191635,-4.42486005444756,-2.200998512827752
-9.249138977191635,-4.42486005444756,-2.3580781455072413
-9.249138977191635,-4.42486005444756,-2.5151577781867314
-9.249138977191635,-4.42486005444756,-2.672237410866221
-9.249138977191635,-4.42486005444756,-2.8293170435457107
-9.249138977191635,-4.42486005444756,-2.9863966762252003
-9.249138977191635,-4.42486005444756,3.1397089982748962
-9.249138977191635,-4.42486005444756,2.9826293655954066
-9.249138977191635,-4.42486005444756,2.841257696183866
-9.249138977191635,-4.42486005444756,2.714023193713479
-9.249138977191635,-4.42486005444756,2.5867886912430924
-9.249138977191635,-4.42486005444756,2.4850010892667833
-9.249138977191635,-4.42486005444756,2.393392247488105
-9.249138977191635,-4.42486005444756,2.3109442898872947
-9.249138977191635,-4.42486005444756,2.236741128046565
-9.249138977191635,-4.42486005444756,2.162537966205836
-9.249138977191635,-4.42486005444756,2.103175436733252
-9.249138977191635,-4.42486005444756,2.0438129072606683
-9.249138977191635,-4.42486005444756,1.9844503777880849
-9.249138977191635,-4.42486005444756,1.9428966071572766
-9.249138977191635,-4.42486005444756,1.9054982135895484
-9.249138977191635,-4.42486005444756,1.8680998200218206
-9.249138977191635,-4.42486005444756,1.8381811051676389
-9.249138977191635,-4.42486005444756,1.8112542617988745
-9.249138977191635,-4.42486005444756,1.7843274184301106
-9.249138977191635,-4.42486005444756,1.760093259398223
-9.249138977191635,-4.42486005444756,1.7385517847032121
-9.249138977191635,-4.42486005444756,1.7170103100082013
-9.249138977191635,-4.42486005444756,1.7022005461553806
-9.249138977191635,-4.42486005444756,1.688871758687843
-9.249138977191635,-4.42486005444756,1.675542971220305
-9.249138977191635,-4.42486005444756,1.6635470624995206
-9.249138977191635,-4.42486005444756,1.6528840325254899
-9.249138977191635,-4.42486005444756,1.6444868964209407
-9.249138977191635,-4.42486005444756,1.6369294739268467
-9.249138977191635,-4.42486005444756,1.6301277936821614
-9.249138977191635,-4.42486005444756,1.6233261134374775
-9.249138977191635,-4.42486005444756,1.6172046012172612
-9.249138977191635,-4.42486005444756,1.611763257021513
-9.249138977191635,-4.42486005444756,1.607478198467362
-9.249138977191635,-4.42486005444756,1.6036216457686259
-9.249138977191635,-4.42486005444756,1.6001507483397635
-9.249138977191635,-4.42486005444756,1.5966798509109008
-9.249138977191635,-4.42486005444756,1.5935560432249243
-9.249138977191635,-4.42486005444756,1.5907793252818339
-9.249138977191635,-4.42486005444756,1.5883149881073417
-9.249138977191635,-4.42486005444756,1.5858506509328494
-9.249138977191635,-4.42486005444756,1.5841568529875638
-9.249138977191635,-4.42486005444756,1.5826324348368075
-9.249138977191635,-4.42486005444756,1.581260458501127
-9.249138977191635,-4.42486005444756,1.580025679799014
-9.249138977191635,-4.42486005444756,1.5787909010969015
-9.249138977191635,-4.42486005444756,1.577679600265
-9.249138977191635,-4.42486005444756,1.5765682994330983
-9.249138977191635,-4.42486005444756,1.575691606554598
-9.249138977191635,-4.42486005444756,1.5750137130471389
-9.249138977191635,-4.42486005444756,1.5743358195396786
-9.249138977191635,-4.42486005444756,1.5737257153829645
-9.249138977191635,-4.42486005444756,1.5732444109926684
-9.249138977191635,-4.42486005444756,1.5728112370414018
-9.249138977191635,-4.42486005444756,1.5724213804852616
-9.249138977191635,-4.42486005444756,1.5720705095847352
-9.249138977191635,-4.42486005444756,1.5717547257742612
-9.249138977191635,-4.42486005444756,1.571438941963788
-9.249138977191635,-4.42486005444756,1.5711863149154086
-9.249138977191635,-4.42486005444756,1.5709589505718686
-9.249138977191635,-4.42486005444756,1.5707543226626817
-9.249138977191635,-4.42486005444756,1.5705701575444135
-9.249138977191635,-4.42486005444756,1.5704044089379716
-9.249138977191635,-4.42486005444756,1.5702552351921746
-9.249138977191635,-4.42486005444756,1.5701060614463773
-9.249138977191635,-4.42486005444756,1.56995688770058
-9.249138977191635,-4.42486005444756,1.5698524660785218
-9.249138977191635,-4.42486005444756,1.5697480444564638
-9.249086563084312,-4.374860081919954,1.5697480444564638
-9.249034148976989,-4.324860109392349,1.5697480444564638
-9.248992217691132,-4.284860131370264,1.5697480444564638
-9.248950286405275,-4.24486015334818,1.5697480444564638
-9.248912548248004,-4.208860173128303,1.5697480444564638
-9.248874810090733,-4.172860192908427,1.5697480444564638
-9.2488488126935,-4.148060206534734,1.5697480444564638
-9.248822815296268,-4.1232602201610415,1.5697480444564638
-9.248802017378482,-4.1034202310620875,1.5697480444564638
-9.248781219460696,-4.0835802419631335,1.5697480444564638
-9.248764581126467,-4.06770825068397,1.5697480444564638
-9.248749606625662,-4.053423458532723,1.5697480444564638
-9.248734632124856,-4.039138666381477,1.5697480444564638
-9.248722652524211,-4.027710832660479,1.5697480444564638
-9.248710672923567,-4.016282998939482,1.5697480444564638
-9.24870108924305,-4.007140731962684,1.5697480444564638
-9.248691505562535,-3.9979984649858857,1.5697480444564638
-9.248683838618122,-3.990684651404447,1.5697480444564638
-9.24867693836815,-3.9841022191811524,1.5697480444564638
-9.24867003811818,-3.9775197869578576,1.5697480444564638
-9.248664517918202,-3.9722538411792216,1.5697480444564638
-9.248658997718225,-3.9669878954005857,1.5697480444564638
-9.248654581558243,-3.962775138777677,1.5697480444564638
-9.248650165398262,-3.9585623821547684,1.5697480444564638
-9.248646190854279,-3.9547709011941508,1.5697480444564638
-9.248642216310296,-3.950979420233533,1.5697480444564638
-9.248639478291107,-3.94836751112733,1.5697480444564638
-9.248636740271918,-3.945755602021127,1.5697480444564638
-9.248634549856567,-3.9436660747361643,1.5697480444564638
-9.248632359441215,-3.9415765474512017,1.5697480444564638
-9.248630388067399,-3.9396959728947354,1.5697480444564638
-9.248628416693583,-3.937815398338269,1.5697480444564638
-9.248627058636066,-3.936519891421592,1.5697480444564638
-9.248625700578549,-3.9352243845049153,1.5697480444564638
-9.248624614132535,-3.9341879789715737,1.5697480444564638
-9.24862352768652,-3.933151573438232,1.5697480444564638
-9.248622479404373,-3.93215157398768,1.5697480444564638
-9.248621431122226,-3.9311515745371275,1.5697480444564638
-9.248620382840079,-3.930151575086575,1.5697480444564638
-9.248619334557931,-3.929151575636023,1.5697480444564638
-9.248618286275784,-3.9281515761854706,1.5697480444564638
-9.248617237993637,-3.9271515767349183,1.5697480444564638
-9.248617237993637,-3.9271515767349183,1.7268276771359536
-9.248617237993637,-3.9271515767349183,1.8681993465474946
-9.248617237993637,-3.9271515767349183,1.9954338490178807
-9.248617237993637,-3.9271515767349183,2.1099449012412284
-9.248617237993637,-3.9271515767349183,2.2130048482422415
-9.248617237993637,-3.9271515767349183,2.3160647952432547
-9.248617237993637,-3.9271515767349183,2.398512752844065
-9.248617237993637,-3.9271515767349183,2.4809607104448754
-9.248617237993637,-3.9271515767349183,2.546919076525524
-9.248617237993637,-3.9271515767349183,2.6062816059981078
-9.248617237993637,-3.9271515767349183,2.659707882523433
-9.248617237993637,-3.9271515767349183,2.7131341590487583
-9.248617237993637,-3.9271515767349183,2.7612178079215512
-9.248617237993637,-3.9271515767349183,2.809301456794344
-9.248617237993637,-3.9271515767349183,2.857385105667137
-9.248617237993637,-3.9271515767349183,2.90546875453993
-9.248617237993637,-3.9271515767349183,2.928976316211073
-9.248617237993637,-3.9271515767349183,2.952483877882216
-9.248617237993637,-3.9271515767349183,2.9712899272191304
-9.248617237993637,-3.9271515767349183,2.9882153716223536
-9.248617237993637,-3.9271515767349183,3.0034482715852544
-9.248617237993637,-3.9271515767349183,3.017157881551865
-9.248617237993637,-3.9271515767349183,3.0294965305218144
-9.248617237993637,-3.9271515767349183,3.040601314594769
-9.248617237993637,-3.9271515767349183,3.0505956202604283
-9.248617237993637,-3.9271515767349183,3.0605899259260876
-9.248617237993637,-3.9271515767349183,3.068585370458615
-9.248617237993637,-3.9271515767349183,3.0757812705378895
-9.248617237993637,-3.9271515767349183,3.0822575806092365
-9.248617237993637,-3.9271515767349183,3.0887338906805835
-9.248617237993637,-3.9271515767349183,3.094562569744796
-9.248617237993637,-3.9271515767349183,3.1003912488090086
-9.248617237993637,-3.9271515767349183,3.104989428959665
-9.248617237993637,-3.9271515767349183,3.1085449231888345
-9.248617237993637,-3.9271515767349183,3.111744867995087
-9.248617237993637,-3.9271515767349183,3.1146248183207144
-9.248617237993637,-3.9271515767349183,3.117216773613779
-9.248617237993637,-3.9271515767349183,3.1198087289068432
-9.248617237993637,-3.9271515767349183,3.1224006841999077
-9.248617237993637,-3.9271515767349183,3.124733443963666
-9.248617237993637,-3.9271515767349183,3.126314536692435
-9.248617237993637,-3.9271515767349183,3.1278956294212046
-9.248617237993637,-3.9271515767349183,3.1291605036042203
-9.248617237993637,-3.9271515767349183,3.1302988903689344
-9.248617237993637,-3.9271515767349183,3.1314372771336485
-9.248617237993637,-3.9271515767349183,3.13234798654542
-9.248617237993637,-3.9271515767349183,3.133258695957191
-9.248617237993637,-3.9271515767349183,3.133987263486608
-9.248617237993637,-3.9271515767349183,3.134642974263083
-9.248617237993637,-3.9271515767349183,3.1352331139619105
-9.248617237993637,-3.9271515767349183,3.1357642396908556
-9.248617237993637,-3.9271515767349183,3.1362422528469063
-9.248617237993637,-3.9271515767349183,3.1366724646873516
-9.248617237993637,-3.9271515767349183,3.1370596553437524
-9.248617237993637,-3.9271515767349183,3.1374468460001532
-9.248617237993637,-3.9271515767349183,3.1377565985252738
-9.248617237993637,-3.9271515767349183,3.1380353757978825
-9.248617237993637,-3.9271515767349183,3.1382862753432303
-9.248617237993637,-3.9271515767349183,3.1385120849340433
-9.248617237993637,-3.9271515767349183,3.138715313565775
-9.248617237993637,-3.9271515767349183,3.1388982193343336
-9.248617237993637,-3.9271515767349183,3.1390628345260363
-9.248617237993637,-3.9271515767349183,3.139227449717739
-9.248617237993637,-3.9271515767349183,3.139392064909442
-9.248617237993637,-3.9271515767349183,3.1395072955436336
-9.248617237993637,-3.9271515767349183,3.1396110031144064
-9.248617237993637,-3.9271515767349183,2.982531370434917
-9.248617237993637,-3.9271515767349183,2.841159701023376
-9.248617237993637,-3.9271515767349183,2.6997880316118352
-9.248617237993637,-3.9271515767349183,2.5725535291414485
-9.248617237993637,-3.9271515767349183,2.472179643859255
-9.248617237993637,-3.9271515767349183,2.38184314710528
-9.248617237993637,-3.9271515767349183,2.2915066503513053
-9.248617237993637,-3.9271515767349183,2.219237452948126
-9.248617237993637,-3.9271515767349183,2.154195175285264
-9.248617237993637,-3.9271515767349183,2.0956571253886893
-9.248617237993637,-3.9271515767349183,2.037119075492114
-9.248617237993637,-3.9271515767349183,1.9902886355748535
-9.248617237993637,-3.9271515767349183,1.948141239649319
-9.248617237993637,-3.9271515767349183,1.9102085833163385
-9.248617237993637,-3.9271515767349183,1.8760691926166548
-9.248617237993637,-3.9271515767349183,1.8453437409869404
-9.248617237993637,-3.9271515767349183,1.8176908345201976
-9.248617237993637,-3.9271515767349183,1.7900379280534544
-9.248617237993637,-3.9271515767349183,1.7679156028800604
-9.248617237993637,-3.9271515767349183,1.748005510224005
-9.248617237993637,-3.9271515767349183,1.7300864268335558
-9.248617237993637,-3.9271515767349183,1.713959251782151
-9.248617237993637,-3.9271515767349183,1.6994447942358866
-9.248617237993637,-3.9271515767349183,1.6863817824442493
-9.248617237993637,-3.9271515767349183,1.674625071831775
-9.248617237993637,-3.9271515767349183,1.6640440322805483
-9.248617237993637,-3.9271515767349183,1.6545210966844441
-9.248617237993637,-3.9271515767349183,1.6459504546479513
-9.248617237993637,-3.9271515767349183,1.6373798126114576
-9.248617237993637,-3.9271515767349183,1.628809170574964
-9.248617237993637,-3.9271515767349183,1.6219526569457694
-9.248617237993637,-3.9271515767349183,1.615953207520224
-9.248617237993637,-3.9271515767349183,1.6112393544001529
-9.248617237993637,-3.9271515767349183,1.6069968865920876
-9.248617237993637,-3.9271515767349183,1.6031786655648301
-9.248617237993637,-3.9271515767349183,1.5997422666402983
-9.248617237993637,-3.9271515767349183,1.5963058677157658
-9.248617237993637,-3.9271515767349183,1.5935567485761404
-9.248617237993637,-3.9271515767349183,1.5910825413504772
-9.248617237993637,-3.9271515767349183,1.588608334124814
-9.248617237993637,-3.9271515767349183,1.5863815476217173
-9.248617237993637,-3.9271515767349183,1.5846248604914965
-9.248617237993637,-3.9271515767349183,1.5828681733612762
-9.248617237993637,-3.9271515767349183,1.581287154944078
-9.248617237993637,-3.9271515767349183,1.5798818052399
-9.248617237993637,-3.9271515767349183,1.5787750923478616
-9.248617237993637,-3.9271515767349183,1.5777790507450262
-9.248617237993637,-3.9271515767349183,1.5768826133024747
-9.248617237993637,-3.9271515767349183,1.5760758196041778
-9.248617237993637,-3.9271515767349183,1.5753497052757108
-9.248617237993637,-3.9271515767349183,1.5746962023800912
-9.248617237993637,-3.9271515767349183,1.574108049774033
-9.248617237993637,-3.9271515767349183,1.573578712428581
-9.248617237993637,-3.9271515767349183,1.5731023088176743
-9.248617237993637,-3.9271515767349183,1.572673545567857
-9.248617237993637,-3.9271515767349183,1.5722876586430223
-9.248617237993637,-3.9271515767349183,1.571940360410671
-9.248617237993637,-3.9271515767349183,1.5715930621783198
-9.248617237993637,-3.9271515767349183,1.5713152235924384
-9.248617237993637,-3.9271515767349183,1.5710651688651458
-9.248617237993637,-3.9271515767349183,1.5708401196105826
-9.248617237993637,-3.9271515767349183,1.5706150703560187
-9.248617237993637,-3.9271515767349183,1.5704350309523678
-9.248617237993637,-3.9271515767349183,1.5702549915487172
-9.248617237993637,-3.9271515767349183,1.5700749521450656
-9.248617237993637,-3.9271515767349183,1.5699309206221455
-9.248617237993637,-3.9271515767349183,1.5698192961918815
-9.248617237993637,-3.9271515767349183,1.569718834204645
-9.248563363374549,-3.8771516057596727,1.569718834204645
-9.248509488755461,-3.827151634784427,1.569718834204645
-9.248461001598281,-3.7821516609067056,1.569718834204645
-9.24842275061873,-3.746651681514281,1.569718834204645
-9.248384499639178,-3.7111517021218563,1.569718834204645
-9.248353898855536,-3.682751718607917,1.569718834204645
-9.248323298071893,-3.6543517350939774,1.569718834204645
-9.24829881744498,-3.6316317482828255,1.569718834204645
-9.248276784880757,-3.611183760152789,1.569718834204645
-9.248254752316534,-3.590735772022753,1.569718834204645
-9.248237126265156,-3.5743773815187234,1.569718834204645
-9.248219500213779,-3.558018991014694,1.569718834204645
-9.248205399372676,-3.5449322786114705,1.569718834204645
-9.248191298531573,-3.531845566208247,1.569718834204645
-9.248180017858692,-3.5213761962856682,1.569718834204645
-9.248169865253098,-3.5119537633553475,1.569718834204645
-9.248159712647505,-3.5025313304250267,1.569718834204645
-9.24815159056303,-3.4949933840807703,1.569718834204645
-9.248143468478554,-3.487455437736514,1.569718834204645
-9.248136970810975,-3.4814250806611087,1.569718834204645
-9.248130473143396,-3.4753947235857034,1.569718834204645
-9.248124625242575,-3.4699674022178386,1.569718834204645
-9.248118777341753,-3.464540080849974,1.569718834204645
-9.248114748787854,-3.4608012594632225,1.569718834204645
-9.248110720233955,-3.457062438076471,1.569718834204645
-9.248107497390835,-3.4540713809670702,1.569718834204645
-9.248104274547716,-3.4510803238576693,1.569718834204645
-9.248101373988908,-3.4483883724592084,1.569718834204645
-9.2480984734301,-3.4456964210607475,1.569718834204645
-9.248096475267365,-3.443841965652919,1.569718834204645
-9.248094477104631,-3.4419875102450903,1.569718834204645
-9.248092878574443,-3.4405039459188274,1.569718834204645
-9.248091280044255,-3.4390203815925644,1.569718834204645
-9.248090001220104,-3.437833530131554,1.569718834204645
-9.248088722395954,-3.436646678670544,1.569718834204645
-9.248087644903572,-3.4356466792510387,1.569718834204645
-9.24808656741119,-3.4346466798315336,1.569718834204645
-9.24808548991881,-3.4336466804120285,1.569718834204645
-9.248084412426428,-3.4326466809925233,1.569718834204645
-9.248083334934046,-3.431646681573018,1.569718834204645
-9.248082257441665,-3.430646682153513,1.569718834204645
-9.248081179949283,-3.429646682734008,1.569718834204645
-9.248081179949283,-3.429646682734008,1.7267984668841345
-9.248081179949283,-3.429646682734008,1.8838780995636242
-9.248081179949283,-3.429646682734008,2.0409577322431125
-9.248081179949283,-3.429646682734008,2.198037364922603
-9.248081179949283,-3.429646682734008,2.355116997602093
-9.248081179949283,-3.429646682734008,2.512196630281583
-9.248081179949283,-3.429646682734008,2.669276262961072
-9.248081179949283,-3.429646682734008,2.8263558956405617
-9.248081179949283,-3.429646682734008,2.9834355283200513
-9.248081179949283,-3.429646682734008,3.140515160999541
-9.248081179949283,-3.429646682734008,-2.9855905135005556
-9.248081179949283,-3.429646682734008,-2.828510880821066
-9.248081179949283,-3.429646682734008,-2.6714312481415763
-9.248081179949283,-3.429646682734008,-2.5143516154620866
-9.248081179949283,-3.429646682734008,-2.357271982782597
-9.248081179949283,-3.429646682734008,-2.2001923501031078
-9.248081179949283,-3.429646682734008,-2.0431127174236177
-9.248081179949283,-3.429646682734008,-1.8860330847441282
-9.248081179949283,-3.429646682734008,-1.728953452064639
-9.248081179949283,-3.429646682734008,-1.5718738193851487
-9.248081179949283,-3.429646682734008,-1.4147941867056595
-9.248081179949283,-3.429646682734008,-1.2577145540261696
-9.248081179949283,-3.429646682734008,-1.132050847882578
-9.248081179949283,-3.429646682734008,-1.0189535123533453
-9.248081179949283,-3.429646682734008,-0.9171659103770355
-9.248081179949283,-3.429646682734008,-0.8255570685983572
-9.248081179949283,-3.429646682734008,-0.7431091109975465
-9.248081179949283,-3.429646682734008,-0.660661153396736
-9.248081179949283,-3.429646682734008,-0.5947027873160875
-9.248081179949283,-3.429646682734008,-0.5353402578435041
-9.248081179949283,-3.429646682734008,-0.4819139813181788
-9.248081179949283,-3.429646682734008,-0.433830332445386
-9.248081179949283,-3.429646682734008,-0.3905550484598724
-9.248081179949283,-3.429646682734008,-0.3516072928729104
-9.248081179949283,-3.429646682734008,-0.3165543128446445
-9.248081179949283,-3.429646682734008,-0.28150133281637885
-9.248081179949283,-3.429646682734008,-0.25345894879376596
-9.248081179949283,-3.429646682734008,-0.22541656477115316
-9.248081179949283,-3.429646682734008,-0.20298265755306297
-9.248081179949283,-3.429646682734008,-0.18279214105678182
-9.248081179949283,-3.429646682734008,-0.16462067621012863
-9.248081179949283,-3.429646682734008,-0.14644921136347563
-9.248081179949283,-3.429646682734008,-0.13191203948615324
-9.248081179949283,-3.429646682734008,-0.11882858479656302
-9.248081179949283,-3.429646682734008,-0.10574513010697283
-9.248081179949283,-3.429646682734008,-0.0952783663553007
-9.248081179949283,-3.429646682734008,-0.08481160260362847
-9.248081179949283,-3.429646682734008,-0.07643819160229079
-9.248081179949283,-3.429646682734008,-0.06890212170108688
-9.248081179949283,-3.429646682734008,-0.06136605179988297
-9.248081179949283,-3.429646682734008,-0.055337195878919825
-9.248081179949283,-3.429646682734008,-0.049308339957956665
-9.248081179949283,-3.429646682734008,-0.04448525522118612
-9.248081179949283,-3.429646682734008,-0.0401444789580926
-9.248081179949283,-3.429646682734008,-0.036237780321308484
-9.248081179949283,-3.429646682734008,-0.032331081684524386
-9.248081179949283,-3.429646682734008,-0.02842438304774029
-9.248081179949283,-3.429646682734008,-0.02568969400199143
-9.248081179949283,-3.429646682734008,-0.023228473860817448
-9.248081179949283,-3.429646682734008,-0.021013375733760886
-9.248081179949283,-3.429646682734008,-0.019019787419409986
-9.248081179949283,-3.429646682734008,-0.017225557936494107
-9.248081179949283,-3.429646682734008,-0.015431328453578218
-9.248081179949283,-3.429646682734008,-0.013816521918953972
-9.248081179949283,-3.429646682734008,-0.01254261898608369
-9.248081179949283,-3.429646682734008,-0.011268716053213411
-9.248081179949283,-3.429646682734008,-0.010249593706917203
-9.248081179949283,-3.429646682734008,-0.009230471360620999
-9.248081179949283,-3.429646682734008,-0.008415173483584054
-9.248081179949283,-3.429646682734008,-0.007681405394250835
-9.248081179949283,-3.429646682734008,-0.006947637304917615
-9.248081179949283,-3.429646682734008,-0.006360622833451017
-9.248081179949283,-3.429646682734008,-0.0058323098091310486
-9.248081179949283,-3.429646682734008,-0.00535682808724312
-9.248081179949283,-3.429646682734008,-0.004928894537543983
-9.248081179949283,-3.429646682734008,-0.004500960987844846
-9.248081179949283,-3.429646682734008,-0.004115820793115574
-9.248081179949283,-3.429646682734008,-0.0038119879728291907
-9.248081179949283,-3.429646682734008,-0.003538538434571417
-9.248081179949283,-3.429646682734008,-0.0032650888963136424
-9.248081179949283,-3.429646682734008,-0.0030463292657074647
-9.248081179949283,-3.429646682734008,-0.0028494455981618407
-9.248081179949283,-3.429646682734008,-0.002672250297370782
-9.248081179949283,-3.429646682734008,-0.0025127745266588586
-9.248081179949283,-3.429646682734008,-0.002369246333018109
-9.248081179949283,-3.429646682734008,-0.002240070958741404
-9.248081179949283,-3.429646682734008,-0.0021238131218923985
-9.248081179949283,-3.429646682734008,-0.0020191810687283534
-9.248081179949283,-3.429646682734008,-0.15909881374821802
-9.248081179949283,-3.429646682734008,-0.31617844642770765
-9.248081179949283,-3.429646682734008,-0.4732580791071973
-9.248081179949283,-3.429646682734008,-0.6303377117866871
-9.248081179949283,-3.429646682734008,-0.7874173444661766
-9.248081179949283,-3.429646682734008,-0.9444969771456666
-9.248081179949283,-3.429646682734008,-1.1015766098251563
-9.248081179949283,-3.429646682734008,-1.2586562425046455
-9.248081179949283,-3.429646682734008,-1.4157358751841354
-9.248081179949283,-3.429646682734008,-1.5728155078636248
-9.248081179949283,-3.429646682734008,-1.7298951405431144
-9.248081179949283,-3.429646682734008,-1.8869747732226039
-9.248081179949283,-3.429646682734008,-2.0440544059020938
-9.248081179949283,-3.429646682734008,-2.2011340385815834
-9.248081179949283,-3.429646682734008,-2.358213671261073
-9.248081179949283,-3.429646682734008,-2.5152933039405627
-9.248081179949283,-3.429646682734008,-2.6723729366200524
-9.248081179949283,-3.429646682734008,-2.829452569299542
-9.248081179949283,-3.429646682734008,-2.9865322019790317
-9.248081179949283,-3.429646682734008,3.139573472521065
-9.248081179949283,-3.429646682734008,2.9824938398415752
-9.248081179949283,-3.429646682734008,2.8411221704300345
-9.248081179949283,-3.429646682734008,2.7138876679596478
-9.248081179949283,-3.429646682734008,2.586653165489261
-9.248081179949283,-3.429646682734008,2.472142113265913
-9.248081179949283,-3.429646682734008,2.3818056165119383
-9.248081179949283,-3.429646682734008,2.3005027694333613
-9.248081179949283,-3.429646682734008,2.2191999223547847
-9.248081179949283,-3.429646682734008,2.1541576446919226
-9.248081179949283,-3.429646682734008,2.0956195947953473
-9.248081179949283,-3.429646682734008,2.0370815448987725
-9.248081179949283,-3.429646682734008,1.9902511049815126
-9.248081179949283,-3.429646682734008,1.9434206650642514
-9.248081179949283,-3.429646682734008,1.9059563131304433
-9.248081179949283,-3.429646682734008,1.8722383963900155
-9.248081179949283,-3.429646682734008,1.8385204796495884
-9.248081179949283,-3.429646682734008,1.8048025629091609
-9.248081179949283,-3.429646682734008,1.7812000211908614
-9.248081179949283,-3.429646682734008,1.7599577336443921
-9.248081179949283,-3.429646682734008,1.7387154460979226
-9.248081179949283,-3.429646682734008,1.7217216160607474
-9.248081179949283,-3.429646682734008,1.704727786023572
-9.248081179949283,-3.429646682734008,1.6911327219938312
-9.248081179949283,-3.429646682734008,1.6775376579640908
-9.248081179949283,-3.429646682734008,1.6666616067402986
-9.248081179949283,-3.429646682734008,1.6568731606388856
-9.248081179949283,-3.429646682734008,1.6480635591476138
-9.248081179949283,-3.429646682734008,1.6401349178054694
-9.248081179949283,-3.429646682734008,1.632999140597539
-9.248081179949283,-3.429646682734008,1.626576941110402
-9.248081179949283,-3.429646682734008,1.6201547416232647
-9.248081179949283,-3.429646682734008,1.615016982033555
-9.248081179949283,-3.429646682734008,1.6103929984028162
-9.248081179949283,-3.429646682734008,1.606231413135152
-9.248081179949283,-3.429646682734008,1.6024859863942533
-9.248081179949283,-3.429646682734008,1.5987405596533544
-9.248081179949283,-3.429646682734008,1.5953696755865459
-9.248081179949283,-3.429646682734008,1.5927104226005082
-9.248081179949283,-3.429646682734008,1.5903170949130743
-9.248081179949283,-3.429646682734008,1.5881630999943837
-9.248081179949283,-3.429646682734008,1.5860091050756935
-9.248081179949283,-3.429646682734008,1.5842859091407406
-9.248081179949283,-3.429646682734008,1.582562713205788
-9.248081179949283,-3.429646682734008,1.5811841564578257
-9.248081179949283,-3.429646682734008,1.5799434553846596
-9.248081179949283,-3.429646682734008,1.5788268244188104
-9.248081179949283,-3.429646682734008,1.5777101934529612
-9.248081179949283,-3.429646682734008,1.5768168886802818
-9.248081179949283,-3.429646682734008,1.575923583907603
-9.248081179949283,-3.429646682734008,1.5752089400894596
-9.248081179949283,-3.429646682734008,1.5744942962713153
-9.248081179949283,-3.429646682734008,1.573922581216801
-9.248081179949283,-3.429646682734008,1.573408037667737
-9.248081179949283,-3.429646682734008,1.5729449484735811
-9.248081179949283,-3.429646682734008,1.5725281681988397
-9.248081179949283,-3.429646682734008,1.5721530659515726
-9.248081179949283,-3.429646682734008,1.5717779637043052
-9.248081179949283,-3.429646682734008,1.5714778819064916
-9.248081179949283,-3.429646682734008,1.5712078082884595
-9.248081179949283,-3.429646682734008,1.5709647420322301
-9.248081179949283,-3.429646682734008,1.5707216757760012
-9.248081179949283,-3.429646682734008,1.570527222771017
-9.248081179949283,-3.429646682734008,1.5703327697660336
-9.248081179949283,-3.429646682734008,1.5701577620615497
-9.248081179949283,-3.429646682734008,1.5700021996575626
-9.248081179949283,-3.429646682734008,1.569879694264423
-9.248081179949283,-3.429646682734008,1.5697571888712836
-9.248029223062453,-3.379646709729196,1.5697571888712836
-9.247977266175623,-3.329646736724384,1.5697571888712836
-9.247930504977475,-3.2846467610200536,1.5697571888712836
-9.247883743779328,-3.239646785315723,1.5697571888712836
-9.247851530509493,-3.2086468020527397,1.5697571888712836
-9.247819317239658,-3.177646818789756,1.5697571888712836
-9.247793546623791,-3.1528468321793697,1.5697571888712836
-9.247767776007924,-3.128046845568983,1.5697571888712836
-9.24774715951523,-3.108206856280674,1.5697571888712836
-9.247726543022535,-3.0883668669923647,1.5697571888712836
-9.24771004982838,-3.072494875561717,1.5697571888712836
-9.247693556634223,-3.0566228841310696,1.5697571888712836
-9.2476803620789,-3.0439252909865515,1.5697571888712836
-9.247668486979107,-3.0324974571564853,1.5697571888712836
-9.247656611879314,-3.021069623326419,1.5697571888712836
-9.24764711179948,-3.0119273562623663,1.5697571888712836
-9.247637611719647,-3.0027850891983134,1.5697571888712836
-9.24763001165578,-2.995471275547071,1.5697571888712836
-9.247622411591912,-2.988157461895829,1.5697571888712836
-9.247614811528045,-2.9808436482445866,1.5697571888712836
-9.247607211464178,-2.9735298345933443,1.5697571888712836
-9.247602651425858,-2.9691415464025988,1.5697571888712836
-9.247598091387538,-2.964753258211853,1.5697571888712836
-9.247594443356881,-2.961242627659257,1.5697571888712836
-9.247590795326225,-2.9577319971066607,1.5697571888712836
-9.2475878769017,-2.9549234926645838,1.5697571888712836
-9.247584958477177,-2.952114988222507,1.5697571888712836
-9.247582623737557,-2.949868184668845,1.5697571888712836
-9.247580288997938,-2.9476213811151832,1.5697571888712836
-9.24757818773228,-2.945599257916888,1.5697571888712836
-9.247576086466623,-2.9435771347185926,1.5697571888712836
-9.247574638928059,-2.9421841165153224,1.5697571888712836
-9.247573191389495,-2.940791098312052,1.5697571888712836
-9.247572033358644,-2.939676683749436,1.5697571888712836
-9.247570875327792,-2.93856226918682,1.5697571888712836
-9.247569836190056,-2.937562269726724,1.5697571888712836
-9.24756879705232,-2.9365622702666276,1.5697571888712836
-9.247567757914585,-2.9355622708065314,1.5697571888712836
-9.247566718776849,-2.934562271346435,1.5697571888712836
-9.247565679639113,-2.933562271886339,1.5697571888712836
-9.247564640501377,-2.932562272426243,1.5697571888712836
-9.247564640501377,-2.932562272426243,1.7268368215507737
-9.247564640501377,-2.932562272426243,1.8839164542302629
-9.247564640501377,-2.932562272426243,2.0095801603738552
-9.247564640501377,-2.932562272426243,2.1226774959030874
-9.247564640501377,-2.932562272426243,2.23577483143232
-9.247564640501377,-2.932562272426243,2.326252699855706
-9.247564640501377,-2.932562272426243,2.4076827814367534
-9.247564640501377,-2.932562272426243,2.480969854859696
-9.247564640501377,-2.932562272426243,2.5469282209403445
-9.247564640501377,-2.932562272426243,2.612886587020993
-9.247564640501377,-2.932562272426243,2.665653279885512
-9.247564640501377,-2.932562272426243,2.713143303463579
-9.247564640501377,-2.932562272426243,2.755884324683839
-9.247564640501377,-2.932562272426243,2.798625345904099
-9.247564640501377,-2.932562272426243,2.837092265002333
-9.247564640501377,-2.932562272426243,2.875559184100567
-9.247564640501377,-2.932562272426243,2.9020586172571283
-9.247564640501377,-2.932562272426243,2.9285580504136894
-9.247564640501377,-2.932562272426243,2.9550574835702506
-9.247564640501377,-2.932562272426243,2.9736070867798436
-9.247564640501377,-2.932562272426243,2.9903017296684773
-9.247564640501377,-2.932562272426243,3.006996372557111
-9.247564640501377,-2.932562272426243,3.020352086868018
-9.247564640501377,-2.932562272426243,3.032372229747834
-9.247564640501377,-2.932562272426243,3.0431903583396687
-9.247564640501377,-2.932562272426243,3.05292667407232
-9.247564640501377,-2.932562272426243,3.061689358231706
-9.247564640501377,-2.932562272426243,3.0695757739751532
-9.247564640501377,-2.932562272426243,3.0774621897186005
-9.247564640501377,-2.932562272426243,3.0837713223133587
-9.247564640501377,-2.932562272426243,3.0894495416486407
-9.247564640501377,-2.932562272426243,3.0945599390503946
-9.247564640501377,-2.932562272426243,3.099159296711973
-9.247564640501377,-2.932562272426243,3.1032987186073937
-9.247564640501377,-2.932562272426243,3.1074381405028144
-9.247564640501377,-2.932562272426243,3.111163620208693
-9.247564640501377,-2.932562272426243,3.114102609754442
-9.247564640501377,-2.932562272426243,3.116747700345616
-9.247564640501377,-2.932562272426243,3.11939279093679
-9.247564640501377,-2.932562272426243,3.121773372468846
-9.247564640501377,-2.932562272426243,3.1238894449417853
-9.247564640501377,-2.932562272426243,3.125555852014225
-9.247564640501377,-2.932562272426243,3.1270556183794205
-9.247564640501377,-2.932562272426243,3.1284054081080965
-9.247564640501377,-2.932562272426243,3.1297551978367726
-9.247564640501377,-2.932562272426243,3.1311049875654486
-9.247564640501377,-2.932562272426243,3.1321848193483897
-9.247564640501377,-2.932562272426243,3.1330216889801688
-9.247564640501377,-2.932562272426243,3.133858558611948
-9.247564640501377,-2.932562272426243,3.134528054317371
-9.247564640501377,-2.932562272426243,3.135130600452252
-9.247564640501377,-2.932562272426243,3.135733146587133
-9.247564640501377,-2.932562272426243,3.136275438108526
-9.247564640501377,-2.932562272426243,3.1367032458642914
-9.247564640501377,-2.932562272426243,3.13708827284448
-9.247564640501377,-2.932562272426243,3.1374347971266503
-9.247564640501377,-2.932562272426243,3.1377813214088204
-9.247564640501377,-2.932562272426243,3.1380585408345563
-9.247564640501377,-2.932562272426243,3.138335760260292
-9.247564640501377,-2.932562272426243,3.138557535800881
-9.247564640501377,-2.932562272426243,3.138757133787411
-9.247564640501377,-2.932562272426243,3.138936771975288
-9.247564640501377,-2.932562272426243,3.139098446344377
-9.247564640501377,-2.932562272426243,3.1392439532765577
-9.247564640501377,-2.932562272426243,3.13937490951552
-9.247564640501377,-2.932562272426243,3.139505865754482
-9.247564640501377,-2.932562272426243,3.1396237263695483
-9.247564640501377,-2.932562272426243,3.1397415869846146
-9.247564640501377,-2.932562272426243,2.982661954305125
-9.247564640501377,-2.932562272426243,2.841290284893584
-9.247564640501377,-2.932562272426243,2.7140557824231974
-9.247564640501377,-2.932562272426243,2.586821279952811
-9.247564640501377,-2.932562272426243,2.485033677976501
-9.247564640501377,-2.932562272426243,2.3832460760001917
-9.247564640501377,-2.932562272426243,2.281458474023882
-9.247564640501377,-2.932562272426243,2.2102071526404656
-9.247564640501377,-2.932562272426243,2.1460809633953914
-9.247564640501377,-2.932562272426243,2.0883673930748237
-9.247564640501377,-2.932562272426243,2.0364251797863138
-9.247564640501377,-2.932562272426243,1.984482966497803
-9.247564640501377,-2.932562272426243,1.9325407532092922
-9.247564640501377,-2.932562272426243,1.8857927612496335
-9.247564640501377,-2.932562272426243,1.849433211947675
-9.247564640501377,-2.932562272426243,1.8130736626457178
-9.247564640501377,-2.932562272426243,1.785024867469922
-9.247564640501377,-2.932562272426243,1.7606120272243222
-9.247564640501377,-2.932562272426243,1.7414453505208618
-9.247564640501377,-2.932562272426243,1.7222786738174019
-9.247564640501377,-2.932562272426243,1.7050286647842872
-9.247564640501377,-2.932562272426243,1.69142032432483
-9.247564640501377,-2.932562272426243,1.6791728179113188
-9.247564640501377,-2.932562272426243,1.668150062139159
-9.247564640501377,-2.932562272426243,1.6582295819442148
-9.247564640501377,-2.932562272426243,1.6483091017492704
-9.247564640501377,-2.932562272426243,1.6403727175933152
-9.247564640501377,-2.932562272426243,1.6332299718529562
-9.247564640501377,-2.932562272426243,1.6260872261125958
-9.247564640501377,-2.932562272426243,1.6203730295203076
-9.247564640501377,-2.932562272426243,1.6146588329280203
-9.247564640501377,-2.932562272426243,1.61008747565419
-9.247564640501377,-2.932562272426243,1.6059732541077432
-9.247564640501377,-2.932562272426243,1.6022704547159403
-9.247564640501377,-2.932562272426243,1.5989379352633184
-9.247564640501377,-2.932562272426243,1.595605415810696
-9.247564640501377,-2.932562272426243,1.592939400248598
-9.247564640501377,-2.932562272426243,1.5905399862427105
-9.247564640501377,-2.932562272426243,1.5883805136374107
-9.247564640501377,-2.932562272426243,1.5864369882926412
-9.247564640501377,-2.932562272426243,1.584687815482349
-9.247564640501377,-2.932562272426243,1.583113559953086
-9.247564640501377,-2.932562272426243,1.5815393044238233
-9.247564640501377,-2.932562272426243,1.5802799000004124
-9.247564640501377,-2.932562272426243,1.579020495577002
-9.247564640501377,-2.932562272426243,1.5780129720382736
-9.247564640501377,-2.932562272426243,1.5771062008534182
-9.247564640501377,-2.932562272426243,1.5762901067870483
-9.247564640501377,-2.932562272426243,1.5755556221273153
-9.247564640501377,-2.932562272426243,1.5748211374675825
-9.247564640501377,-2.932562272426243,1.574233549739796
-9.247564640501377,-2.932562272426243,1.57364596201201
-9.247564640501377,-2.932562272426243,1.57317589182978
-9.247564640501377,-2.932562272426243,1.572705821647551
-9.247564640501377,-2.932562272426243,1.572329765501768
-9.247564640501377,-2.932562272426243,1.571991314970563
-9.247564640501377,-2.932562272426243,1.5716867094924787
-9.247564640501377,-2.932562272426243,1.5714125645622026
-9.247564640501377,-2.932562272426243,1.5711384196319265
-9.247564640501377,-2.932562272426243,1.5709191036877057
-9.247564640501377,-2.932562272426243,1.570699787743485
-9.247564640501377,-2.932562272426243,1.570480471799264
-9.247564640501377,-2.932562272426243,1.5703269506383095
-9.247564640501377,-2.932562272426243,1.5701887815934503
-9.247564640501377,-2.932562272426243,1.5700644294530772
-9.247564640501377,-2.932562272426243,1.5699525125267413
-9.247564640501377,-2.932562272426243,1.5698517872930384
-9.247517413533306,-2.882562294730113,1.5698517872930384
-9.247470186565234,-2.832562317033983,1.5698517872930384
-9.247422959597163,-2.782562339337853,1.5698517872930384
-9.247375732629092,-2.732562361641723,1.5698517872930384
-9.24732850566102,-2.682562383945593,1.5698517872930384
-9.247304892176984,-2.657562395097528,1.5698517872930384
-9.247281278692949,-2.632562406249463,1.5698517872930384
-9.247262387905721,-2.612562415171011,1.5698517872930384
-9.247243497118493,-2.592562424092559,1.5698517872930384
-9.247226495409988,-2.5745624321219522,1.5698517872930384
-9.247209493701483,-2.5565624401513456,1.5698517872930384
-9.247197781413401,-2.5441624456827054,1.5698517872930384
-9.24718606912532,-2.5317624512140653,1.5698517872930384
-9.247175528066046,-2.520602456192289,1.5698517872930384
-9.247164987006773,-2.509442461170513,1.5698517872930384
-9.247157725388162,-2.501754464599956,1.5698517872930384
-9.24715046376955,-2.494066468029399,1.5698517872930384
-9.247144654474662,-2.4879160707729535,1.5698517872930384
-9.247138845179773,-2.481765673516508,1.5698517872930384
-9.247134197743863,-2.476845355711352,1.5698517872930384
-9.247129550307953,-2.4719250379061957,1.5698517872930384
-9.247125832359224,-2.4679887836620704,1.5698517872930384
-9.247122114410494,-2.464052529417945,1.5698517872930384
-9.247119140051511,-2.460903526022645,1.5698517872930384
-9.247116165692528,-2.457754522627345,1.5698517872930384
-9.247113488769443,-2.454920419571575,1.5698517872930384
-9.247110811846358,-2.4520863165158047,1.5698517872930384
-9.24710870005148,-2.4498505241051416,1.5698517872930384
-9.247106588256603,-2.4476147316944785,1.5698517872930384
-9.247104955333521,-2.445885928830459,1.5698517872930384
-9.247103322410439,-2.444157125966439,1.5698517872930384
-9.247102227251462,-2.4429976629162895,1.5698517872930384
-9.247101132092485,-2.44183819986614,1.5698517872930384
-9.247100187553123,-2.4408382003122173,1.5698517872930384
-9.24709924301376,-2.439838200758295,1.5698517872930384
-9.247098298474398,-2.4388382012043723,1.5698517872930384
-9.247097353935036,-2.43783820165045,1.5698517872930384
-9.247096409395674,-2.4368382020965274,1.5698517872930384
-9.247095464856312,-2.435838202542605,1.5698517872930384
-9.24709452031695,-2.4348382029886824,1.5698517872930384
-9.24709452031695,-2.4348382029886824,1.726931419972528
-9.24709452031695,-2.4348382029886824,1.8840110526520182
-9.24709452031695,-2.4348382029886824,2.0410906853315085
-9.24709452031695,-2.4348382029886824,2.1981703180109973
-9.24709452031695,-2.4348382029886824,2.3552499506904874
-9.24709452031695,-2.4348382029886824,2.5123295833699766
-9.24709452031695,-2.4348382029886824,2.6694092160494662
-9.24709452031695,-2.4348382029886824,2.826488848728956
-9.24709452031695,-2.4348382029886824,2.9835684814084455
-9.24709452031695,-2.4348382029886824,3.140648114087935
-9.24709452031695,-2.4348382029886824,-2.9854575604121614
-9.24709452031695,-2.4348382029886824,-2.8283779277326717
-9.24709452031695,-2.4348382029886824,-2.671298295053182
-9.24709452031695,-2.4348382029886824,-2.5142186623736924
-9.24709452031695,-2.4348382029886824,-2.357139029694203
-9.24709452031695,-2.4348382029886824,-2.200059397014713
-9.24709452031695,-2.4348382029886824,-2.0429797643352234
-9.24709452031695,-2.4348382029886824,-1.8859001316557342
-9.24709452031695,-2.4348382029886824,-1.728820498976244
-9.24709452031695,-2.4348382029886824,-1.5717408662967547
-9.24709452031695,-2.4348382029886824,-1.4146612336172653
-9.24709452031695,-2.4348382029886824,-1.2732895642057243
-9.24709452031695,-2.4348382029886824,-1.1319178947941837
-9.24709452031695,-2.4348382029886824,-0.9905462253826426
-9.24709452031695,-2.4348382029886824,-0.8915860567945642
-9.24709452031695,-2.4348382029886824,-0.7926258882064856
-9.24709452031695,-2.4348382029886824,-0.7134577533360229
-9.24709452031695,-2.4348382029886824,-0.63428961846556
-9.24709452031695,-2.4348382029886824,-0.57095511056919
-9.24709452031695,-2.4348382029886824,-0.5076206026728193
-9.24709452031695,-2.4348382029886824,-0.45061954556608624
-9.24709452031695,-2.4348382029886824,-0.40565204495966345
-9.24709452031695,-2.4348382029886824,-0.3606845443532405
-9.24709452031695,-2.4348382029886824,-0.3247105438681024
-9.24709452031695,-2.4348382029886824,-0.2923339434314777
-9.24709452031695,-2.4348382029886824,-0.2631950030385156
-9.24709452031695,-2.4348382029886824,-0.2369699566848497
-9.24709452031695,-2.4348382029886824,-0.2133674149665505
-9.24709452031695,-2.4348382029886824,-0.18976487324825128
-9.24709452031695,-2.4348382029886824,-0.1685225857017819
-9.24709452031695,-2.4348382029886824,-0.14964055232714255
-9.24709452031695,-2.4348382029886824,-0.13288274770715008
-9.24709452031695,-2.4348382029886824,-0.11968892688662082
-9.24709452031695,-2.4348382029886824,-0.10649510606609155
-9.24709452031695,-2.4348382029886824,-0.09594004940966822
-9.24709452031695,-2.4348382029886824,-0.08538499275324479
-9.24709452031695,-2.4348382029886824,-0.07482993609682147
-9.24709452031695,-2.4348382029886824,-0.06744139643732507
-9.24709452031695,-2.4348382029886824,-0.06079171074377827
-9.24709452031695,-2.4348382029886824,-0.05480699361958618
-9.24709452031695,-2.4348382029886824,-0.04942074820781332
-9.24709452031695,-2.4348382029886824,-0.044573127337217806
-9.24709452031695,-2.4348382029886824,-0.040210268553681795
-9.24709452031695,-2.4348382029886824,-0.03584740977014581
-9.24709452031695,-2.4348382029886824,-0.03235712274331698
-9.24709452031695,-2.4348382029886824,-0.02886683571648814
-9.24709452031695,-2.4348382029886824,-0.026074606095025092
-9.24709452031695,-2.4348382029886824,-0.02328237647356204
-9.24709452031695,-2.4348382029886824,-0.020769369814245327
-9.24709452031695,-2.4348382029886824,-0.018786886783006582
-9.24709452031695,-2.4348382029886824,-0.017002652054891716
-9.24709452031695,-2.4348382029886824,-0.015396840799588314
-9.24709452031695,-2.4348382029886824,-0.013951610669815286
-9.24709452031695,-2.4348382029886824,-0.012650903553019543
-9.24709452031695,-2.4348382029886824,-0.011480267147903334
-9.24709452031695,-2.4348382029886824,-0.010309630742787125
-9.24709452031695,-2.4348382029886824,-0.00913899433767092
-9.24709452031695,-2.4348382029886824,-0.008319548854089554
-9.24709452031695,-2.4348382029886824,-0.00758204791886633
-9.24709452031695,-2.4348382029886824,-0.006844546983643111
-9.24709452031695,-2.4348382029886824,-0.006254546235464574
-9.24709452031695,-2.4348382029886824,-0.005723545562103853
-9.24709452031695,-2.4348382029886824,-0.005192544888743131
-9.24709452031695,-2.4348382029886824,-0.00466154421538241
-9.24709452031695,-2.4348382029886824,-0.004130543542021688
-9.24709452031695,-2.4348382029886824,-0.003599542868660966
-9.24709452031695,-2.4348382029886824,-0.0033340425319806533
-9.24709452031695,-2.4348382029886824,-0.0030950922289683944
-9.24709452031695,-2.4348382029886824,-0.0028800369562573406
-9.24709452031695,-2.4348382029886824,-0.00268648721081738
-9.24709452031695,-2.4348382029886824,-0.0024929374653774226
-9.24709452031695,-2.4348382029886824,-0.0023187426944814896
-9.24709452031695,-2.4348382029886824,-0.002181322375219136
-9.24709452031695,-2.4348382029886824,-0.0020576440878829483
-9.24709452031695,-2.4348382029886824,-0.0019339658005467603
-9.24709452031695,-2.4348382029886824,-0.1590135984800365
-9.24709452031695,-2.4348382029886824,-0.31609323115952603
-9.24709452031695,-2.4348382029886824,-0.47317286383901586
-9.24709452031695,-2.4348382029886824,-0.6302524965185055
-9.24709452031695,-2.4348382029886824,-0.787332129197995
-9.24709452031695,-2.4348382029886824,-0.944411761877485
-9.24709452031695,-2.4348382029886824,-1.1014913945569746
-9.24709452031695,-2.4348382029886824,-1.258571027236464
-9.24709452031695,-2.4348382029886824,-1.415650659915954
-9.24709452031695,-2.4348382029886824,-1.5727302925954434
-9.24709452031695,-2.4348382029886824,-1.7298099252749328
-9.24709452031695,-2.4348382029886824,-1.8868895579544227
-9.24709452031695,-2.4348382029886824,-2.043969190633913
-9.24709452031695,-2.4348382029886824,-2.201048823313402
-9.24709452031695,-2.4348382029886824,-2.3581284559928917
-9.24709452031695,-2.4348382029886824,-2.5152080886723813
-9.24709452031695,-2.4348382029886824,-2.672287721351871
-9.24709452031695,-2.4348382029886824,-2.8293673540313606
-9.24709452031695,-2.4348382029886824,-2.9864469867108503
-9.24709452031695,-2.4348382029886824,3.1396586877892463
-9.24709452031695,-2.4348382029886824,2.9825790551097566
-9.24709452031695,-2.4348382029886824,2.825499422430267
-9.24709452031695,-2.4348382029886824,2.6998357162866755
-9.24709452031695,-2.4348382029886824,2.586738380757443
-9.24709452031695,-2.4348382029886824,2.4736410452282103
-9.24709452031695,-2.4348382029886824,2.3831631768048243
-9.24709452031695,-2.4348382029886824,2.301733095223777
-9.24709452031695,-2.4348382029886824,2.2203030136427295
-9.24709452031695,-2.4348382029886824,2.1551589483778915
-9.24709452031695,-2.4348382029886824,2.096529289639538
-9.24709452031695,-2.4348382029886824,2.0437625967750193
-9.24709452031695,-2.4348382029886824,1.9962725731969517
-9.24709452031695,-2.4348382029886824,1.948782549618886
-9.24709452031695,-2.4348382029886824,1.9060415283986254
-9.24709452031695,-2.4348382029886824,1.8680495095361722
-9.24709452031695,-2.4348382029886824,1.8381307946819894
-9.24709452031695,-2.4348382029886824,1.811203951313226
-9.24709452031695,-2.4348382029886824,1.7869697922813381
-9.24709452031695,-2.4348382029886824,1.7651590491526388
-9.24709452031695,-2.4348382029886824,1.7433483060239403
-9.24709452031695,-2.4348382029886824,1.7258997115209815
-9.24709452031695,-2.4348382029886824,1.7084511170180225
-9.24709452031695,-2.4348382029886824,1.6910025225150638
-9.24709452031695,-2.4348382029886824,1.6787885063629922
-9.24709452031695,-2.4348382029886824,1.6677958918261278
-9.24709452031695,-2.4348382029886824,1.6579025387429502
-9.24709452031695,-2.4348382029886824,1.64899852096809
-9.24709452031695,-2.4348382029886824,1.6400945031932295
-9.24709452031695,-2.4348382029886824,1.6320808871958559
-9.24709452031695,-2.4348382029886824,1.625759034575705
-9.24709452031695,-2.4348382029886824,1.6200693672175703
-9.24709452031695,-2.4348382029886824,1.6143796998594346
-9.24709452031695,-2.4348382029886824,1.6098279659729258
-9.24709452031695,-2.4348382029886824,1.6057314054750687
-9.24709452031695,-2.4348382029886824,1.601634844977211
-9.24709452031695,-2.4348382029886824,1.5979479405291395
-9.24709452031695,-2.4348382029886824,1.5950393825756601
-9.24709452031695,-2.4348382029886824,1.5924216804175293
-9.24709452031695,-2.4348382029886824,1.590065748475211
-9.24709452031695,-2.4348382029886824,1.5879454097271248
-9.24709452031695,-2.4348382029886824,1.5858250709790391
-9.24709452031695,-2.4348382029886824,1.5841287999805698
-9.24709452031695,-2.4348382029886824,1.5824325289821009
-9.24709452031695,-2.4348382029886824,1.5807362579836324
-9.24709452031695,-2.4348382029886824,1.5790399869851632
-9.24709452031695,-2.4348382029886824,1.5778525972862347
-9.24709452031695,-2.4348382029886824,1.5766652075873067
-9.24709452031695,-2.4348382029886824,1.575766183958118
-9.24709452031695,-2.4348382029886824,1.575075801661741
-9.24709452031695,-2.4348382029886824,1.5743854193653646
-9.24709452031695,-2.4348382029886824,1.5738331135282628
-9.24709452031695,-2.4348382029886824,1.5733360382748716
-9.24709452031695,-2.4348382029886824,1.57283896302148
-9.24709452031695,-2.4348382029886824,1.5724413028187676
-9.24709452031695,-2.4348382029886824,1.5720834086363256
-9.24709452031695,-2.4348382029886824,1.5717255144538842
-9.24709452031695,-2.4348382029886824,1.5714391991079306
-9.24709452031695,-2.4348382029886824,1.5711815152965722
-9.24709452031695,-2.4348382029886824,1.5709495998663503
-9.24709452031695,-2.4348382029886824,1.5707176844361284
-9.24709452031695,-2.4348382029886824,1.5704857690059058
-9.24709452031695,-2.4348382029886824,1.5703234282047507
-9.24709452031695,-2.4348382029886824,1.5701610874035954
-9.24709452031695,-2.4348382029886824,1.5699987466024392
-9.24709452031695,-2.4348382029886824,1.5698851080416307
-9.24709452031695,-2.4348382029886824,1.5697828333369022
-9.247043845652724,-2.384838228667905,1.5697828333369022
-9.2469931709885,-2.3348382543471273,1.5697828333369022
-9.24695263125712,-2.2948382748905054,1.5697828333369022
-9.24691209152574,-2.2548382954338835,1.5697828333369022
-9.246875605767498,-2.2188383139229235,1.5697828333369022
-9.246839120009255,-2.1828383324119636,1.5697828333369022
-9.2468139853758,-2.158038345148858,1.5697828333369022
-9.246788850742345,-2.133238357885752,1.5697828333369022
-9.246766229572234,-2.110918369348957,1.5697828333369022
-9.246743608402124,-2.088598380812162,1.5697828333369022
-9.246728024929382,-2.0732223887090364,1.5697828333369022
-9.24671244145664,-2.057846396605911,1.5697828333369022
-9.246699974678446,-2.0455456029234105,1.5697828333369022
-9.246687507900251,-2.03324480924091,1.5697828333369022
-9.246676287799877,-2.02217409492666,1.5697828333369022
-9.246665067699503,-2.01110338061241,1.5697828333369022
-9.246657338297023,-2.0034768885292595,1.5697828333369022
-9.246649608894543,-1.9958503964461094,1.5697828333369022
-9.24664342537256,-1.9897492027795893,1.5697828333369022
-9.246637241850575,-1.9836480091130693,1.5697828333369022
-9.246632295032988,-1.9787670541798532,1.5697828333369022
-9.246627348215402,-1.9738860992466372,1.5697828333369022
-9.246623390761332,-1.9699813353000641,1.5697828333369022
-9.246619433307263,-1.9660765713534911,1.5697828333369022
-9.246616267344008,-1.9629527601962329,1.5697828333369022
-9.246613101380753,-1.9598289490389746,1.5697828333369022
-9.246610252013822,-1.9570175189974421,1.5697828333369022
-9.246607402646891,-1.9542060889559096,1.5697828333369022
-9.246605439749672,-1.9522693260384094,1.5697828333369022
-9.246603476852453,-1.9503325631209092,1.5697828333369022
-9.246601906534679,-1.948783152786909,1.5697828333369022
-9.246600336216904,-1.947233742452909,1.5697828333369022
-9.246599079962683,-1.9459942141857087,1.5697828333369022
-9.246597823708463,-1.9447546859185085,1.5697828333369022
-9.246596810215179,-1.943754686432093,1.5697828333369022
-9.246595796721895,-1.9427546869456773,1.5697828333369022
-9.24659478322861,-1.9417546874592617,1.5697828333369022
-9.246593769735327,-1.9407546879728461,1.5697828333369022
-9.246592756242043,-1.9397546884864305,1.5697828333369022
-9.246592756242043,-1.9397546884864305,1.726862466016392
-9.246592756242043,-1.9397546884864305,1.8839420986958817
-9.246592756242043,-1.9397546884864305,2.009605804839473
-9.246592756242043,-1.9397546884864305,2.1352695109830657
-9.246592756242043,-1.9397546884864305,2.260933217126657
-9.246592756242043,-1.9397546884864305,2.3865969232702495
-9.246592756242043,-1.9397546884864305,2.4745615175707636
-9.246592756242043,-1.9397546884864305,2.541163281826867
-9.246592756242043,-1.9397546884864305,2.607765046082971
-9.246592756242043,-1.9397546884864305,2.667706633913464
-9.246592756242043,-1.9397546884864305,2.7209880453183466
-9.246592756242043,-1.9397546884864305,2.76827529794018
-9.246592756242043,-1.9397546884864305,2.805505684159342
-9.246592756242043,-1.9397546884864305,2.839013031756588
-9.246592756242043,-1.9397546884864305,2.869169644594109
-9.246592756242043,-1.9397546884864305,2.896310596147878
-9.246592756242043,-1.9397546884864305,2.9234515477016467
-9.246592756242043,-1.9397546884864305,2.945164308944662
-9.246592756242043,-1.9397546884864305,2.964705794063376
-9.246592756242043,-1.9397546884864305,2.9842472791820898
-9.246592756242043,-1.9397546884864305,3.001834615788932
-9.246592756242043,-1.9397546884864305,3.0157090702232185
-9.246592756242043,-1.9397546884864305,3.0281960792140765
-9.246592756242043,-1.9397546884864305,3.0394343873058487
-9.246592756242043,-1.9397546884864305,3.0495488645884437
-9.246592756242043,-1.9397546884864305,3.058651894142779
-9.246592756242043,-1.9397546884864305,3.0668446207416813
-9.246592756242043,-1.9397546884864305,3.0750373473405834
-9.246592756242043,-1.9397546884864305,3.0832300739394856
-9.246592756242043,-1.9397546884864305,3.088964982558717
-9.246592756242043,-1.9397546884864305,3.094126400316025
-9.246592756242043,-1.9397546884864305,3.0987716762976025
-9.246592756242043,-1.9397546884864305,3.102952424681022
-9.246592756242043,-1.9397546884864305,3.1067150982260996
-9.246592756242043,-1.9397546884864305,3.110477771771177
-9.246592756242043,-1.9397546884864305,3.113864177961747
-9.246592756242043,-1.9397546884864305,3.116874316797809
-9.246592756242043,-1.9397546884864305,3.119244801131208
-9.246592756242043,-1.9397546884864305,3.121378237031267
-9.246592756242043,-1.9397546884864305,3.12329832934132
-9.246592756242043,-1.9397546884864305,3.125218421651373
-9.246592756242043,-1.9397546884864305,3.1267544954994158
-9.246592756242043,-1.9397546884864305,3.128136961962654
-9.246592756242043,-1.9397546884864305,3.1293811817795687
-9.246592756242043,-1.9397546884864305,3.1305009796147916
-9.246592756242043,-1.9397546884864305,3.131508797666492
-9.246592756242043,-1.9397546884864305,3.1325166157181927
-9.246592756242043,-1.9397546884864305,3.1333228701595535
-9.246592756242043,-1.9397546884864305,3.134048499156778
-9.246592756242043,-1.9397546884864305,3.13470156525428
-9.246592756242043,-1.9397546884864305,3.1352893247420317
-9.246592756242043,-1.9397546884864305,3.1358183082810083
-9.246592756242043,-1.9397546884864305,3.136294393466087
-9.246592756242043,-1.9397546884864305,3.136770478651166
-9.246592756242043,-1.9397546884864305,3.1371513467992296
-9.246592756242043,-1.9397546884864305,3.137532214947293
-9.246592756242043,-1.9397546884864305,3.1378369094657437
-9.246592756242043,-1.9397546884864305,3.138111134532349
-9.246592756242043,-1.9397546884864305,3.138357937092294
-9.246592756242043,-1.9397546884864305,3.138604739652239
-9.246592756242043,-1.9397546884864305,3.138802181700195
-9.246592756242043,-1.9397546884864305,3.1389798795433554
-9.246592756242043,-1.9397546884864305,3.1391398076022
-9.246592756242043,-1.9397546884864305,3.1392997356610444
-9.246592756242043,-1.9397546884864305,3.13942767810812
-9.246592756242043,-1.9397546884864305,3.1395428263104876
-9.246592756242043,-1.9397546884864305,3.1396464596926186
-9.246592756242043,-1.9397546884864305,2.982566827013129
-9.246592756242043,-1.9397546884864305,2.8254871943336393
-9.246592756242043,-1.9397546884864305,2.6998234881900474
-9.246592756242043,-1.9397546884864305,2.5741597820464555
-9.246592756242043,-1.9397546884864305,2.461062446517223
-9.246592756242043,-1.9397546884864305,2.371841215155273
-9.246592756242043,-1.9397546884864305,2.291542106929518
-9.246592756242043,-1.9397546884864305,2.219272909526338
-9.246592756242043,-1.9397546884864305,2.1470037121231584
-9.246592756242043,-1.9397546884864305,2.0891883542006155
-9.246592756242043,-1.9397546884864305,2.0313729962780713
-9.246592756242043,-1.9397546884864305,1.9793391741477817
-9.246592756242043,-1.9397546884864305,1.9382902700227758
-9.246592756242043,-1.9397546884864305,1.89724136589777
-9.246592756242043,-1.9397546884864305,1.864402242597765
-9.246592756242043,-1.9397546884864305,1.8348470316277607
-9.246592756242043,-1.9397546884864305,1.8082473417547564
-9.246592756242043,-1.9397546884864305,1.7843076208690536
-9.246592756242043,-1.9397546884864305,1.7603678999833496
-9.246592756242043,-1.9397546884864305,1.7412161232747867
-9.246592756242043,-1.9397546884864305,1.7220643465662244
-9.246592756242043,-1.9397546884864305,1.7048277475285174
-9.246592756242043,-1.9397546884864305,1.6912299860654387
-9.246592756242043,-1.9397546884864305,1.678992000748666
-9.246592756242043,-1.9397546884864305,1.6679778139635724
-9.246592756242043,-1.9397546884864305,1.6580650458569872
-9.246592756242043,-1.9397546884864305,1.6481522777504016
-9.246592756242043,-1.9397546884864305,1.6382395096438171
-9.246592756242043,-1.9397546884864305,1.6303092951585487
-9.246592756242043,-1.9397546884864305,1.623370357483939
-9.246592756242043,-1.9397546884864305,1.6172244412578567
-9.246592756242043,-1.9397546884864305,1.6117724187992353
-9.246592756242043,-1.9397546884864305,1.6069349879632215
-9.246592756242043,-1.9397546884864305,1.6031265024566712
-9.246592756242043,-1.9397546884864305,1.599698865500777
-9.246592756242043,-1.9397546884864305,1.596271228544882
-9.246592756242043,-1.9397546884864305,1.5928435915889867
-9.246592756242043,-1.9397546884864305,1.5904442457198602
-9.246592756242043,-1.9397546884864305,1.5882848344376461
-9.246592756242043,-1.9397546884864305,1.586341364283654
-9.246592756242043,-1.9397546884864305,1.5845922411450608
-9.246592756242043,-1.9397546884864305,1.5830180303203265
-9.246592756242043,-1.9397546884864305,1.5816012405780664
-9.246592756242043,-1.9397546884864305,1.5803261298100322
-9.246592756242043,-1.9397546884864305,1.5791785301188008
-9.246592756242043,-1.9397546884864305,1.57803093042757
-9.246592756242043,-1.9397546884864305,1.576998090705462
-9.246592756242043,-1.9397546884864305,1.5761832949246877
-9.246592756242043,-1.9397546884864305,1.5753684991439139
-9.246592756242043,-1.9397546884864305,1.5747166625192943
-9.246592756242043,-1.9397546884864305,1.5740648258946761
-9.246592756242043,-1.9397546884864305,1.5735433565949801
-9.246592756242043,-1.9397546884864305,1.5730740342252545
-9.246592756242043,-1.9397546884864305,1.5726516440925007
-9.246592756242043,-1.9397546884864305,1.5722292539597482
-9.246592756242043,-1.9397546884864305,1.5718913418535456
-9.246592756242043,-1.9397546884864305,1.571587220957963
-9.246592756242043,-1.9397546884864305,1.5713135121519393
-9.246592756242043,-1.9397546884864305,1.5710398033459152
-9.246592756242043,-1.9397546884864305,1.570793465420493
-9.246592756242043,-1.9397546884864305,1.5705991321682162
-9.246592756242043,-1.9397546884864305,1.5704242322411666
-9.246592756242043,-1.9397546884864305,1.5702668223068224
-9.246592756242043,-1.9397546884864305,1.5701251533659124
-9.246592756242043,-1.9397546884864305,1.5699976513190934
-9.246592756242043,-1.9397546884864305,1.5698828994769563
-9.246592756242043,-1.9397546884864305,1.569768147634819
-9.246592756242043,-1.9397546884864305,1.5696648709768957
-9.246536183463213,-1.8897547204912337,1.5696648709768957
-9.246479610684384,-1.839754752496037,1.5696648709768957
-9.24643435246132,-1.7997547780998795,1.5696648709768957
-9.246389094238255,-1.759754803703722,1.5696648709768957
-9.246348361837498,-1.7237548267471805,1.5696648709768957
-9.24630762943674,-1.687754849790639,1.5696648709768957
-9.246275496098365,-1.6593548679693673,1.5696648709768957
-9.246243362759989,-1.6309548861480956,1.5696648709768957
-9.246221729329365,-1.6118348983867323,1.5696648709768957
-9.246200095898741,-1.592714910625369,1.5696648709768957
-9.24618062581118,-1.5755069216401423,1.5696648709768957
-9.246161155723618,-1.5582989326549155,1.5696648709768957
-9.24614774299663,-1.5464445402428704,1.5696648709768957
-9.246134330269642,-1.5345901478308253,1.5696648709768957
-9.246123600088053,-1.5251066339011892,1.5696648709768957
-9.246112869906463,-1.515623119971553,1.5696648709768957
-9.246104285761191,-1.5080363088278441,1.5696648709768957
-9.24609570161592,-1.5004494976841352,1.5696648709768957
-9.246087975885175,-1.4936213676547971,1.5696648709768957
-9.24608025015443,-1.4867932376254591,1.5696648709768957
-9.246073382838212,-1.480723788710492,1.5696648709768957
-9.246066515521994,-1.474654339795525,1.5696648709768957
-9.24606256681517,-1.4711644066694187,1.5696648709768957
-9.246058618108345,-1.4676744735433125,1.5696648709768957
-9.246055459142884,-1.4648825270424275,1.5696648709768957
-9.246052300177423,-1.4620905805415425,1.5696648709768957
-9.246049773005055,-1.4598570233408346,1.5696648709768957
-9.246047245832687,-1.4576234661401266,1.5696648709768957
-9.246045224094793,-1.4558366203795603,1.5696648709768957
-9.2460432023569,-1.454049774618994,1.5696648709768957
-9.246041584966584,-1.452620298010541,1.5696648709768957
-9.246039967576268,-1.4511908214020879,1.5696648709768957
-9.246038673664016,-1.4500472401153255,1.5696648709768957
-9.246037509142988,-1.4490180169572393,1.5696648709768957
-9.246036344621961,-1.4479887937991531,1.5696648709768957
-9.246035213166385,-1.4469887944392492,1.5696648709768957
-9.246034081710809,-1.4459887950793453,1.5696648709768957
-9.246032950255232,-1.4449887957194414,1.5696648709768957
-9.246031818799656,-1.4439887963595375,1.5696648709768957
-9.246031818799656,-1.4439887963595375,1.7267445036563847
-9.246031818799656,-1.4439887963595375,1.8838241363358756
-9.246031818799656,-1.4439887963595375,2.0409037690153644
-9.246031818799656,-1.4439887963595375,2.197983401694854
-9.246031818799656,-1.4439887963595375,2.3550630343743437
-9.246031818799656,-1.4439887963595375,2.5121426670538334
-9.246031818799656,-1.4439887963595375,2.669222299733323
-9.246031818799656,-1.4439887963595375,2.8263019324128127
-9.246031818799656,-1.4439887963595375,2.9833815650923023
-9.246031818799656,-1.4439887963595375,3.140461197771792
-9.246031818799656,-1.4439887963595375,-2.9856444767283046
-9.246031818799656,-1.4439887963595375,-2.828564844048815
-9.246031818799656,-1.4439887963595375,-2.6714852113693253
-9.246031818799656,-1.4439887963595375,-2.5144055786898356
-9.246031818799656,-1.4439887963595375,-2.3573259460103464
-9.246031818799656,-1.4439887963595375,-2.2002463133308563
-9.246031818799656,-1.4439887963595375,-2.0431666806513666
-9.246031818799656,-1.4439887963595375,-1.8860870479718777
-9.246031818799656,-1.4439887963595375,-1.7290074152923878
-9.246031818799656,-1.4439887963595375,-1.571927782612898
-9.246031818799656,-1.4439887963595375,-1.4148481499334078
-9.246031818799656,-1.4439887963595375,-1.2577685172539186
-9.246031818799656,-1.4439887963595375,-1.1163968478423778
-9.246031818799656,-1.4439887963595375,-0.9750251784308372
-9.246031818799656,-1.4439887963595375,-0.8336535090192967
-9.246031818799656,-1.4439887963595375,-0.6922818396077555
-9.246031818799656,-1.4439887963595375,-0.6231668012287801
-9.246031818799656,-1.4439887963595375,-0.5540517628498047
-9.246031818799656,-1.4439887963595375,-0.4849367244708291
-9.246031818799656,-1.4439887963595375,-0.42964469376764886
-9.246031818799656,-1.4439887963595375,-0.38679336997268404
-9.246031818799656,-1.4439887963595375,-0.3482271785572157
-9.246031818799656,-1.4439887963595375,-0.3135176062832941
-9.246031818799656,-1.4439887963595375,-0.2788080340093726
-9.246031818799656,-1.4439887963595375,-0.2510403761902355
-9.246031818799656,-1.4439887963595375,-0.22327271837109813
-9.246031818799656,-1.4439887963595375,-0.20105859211578853
-9.246031818799656,-1.4439887963595375,-0.1810658784860097
-9.246031818799656,-1.4439887963595375,-0.16307243621920886
-9.246031818799656,-1.4439887963595375,-0.14507899395240806
-9.246031818799656,-1.4439887963595375,-0.12888489591228725
-9.246031818799656,-1.4439887963595375,-0.11449014209884657
-9.246031818799656,-1.4439887963595375,-0.10009538828540591
-9.246031818799656,-1.4439887963595375,-0.09019899503866537
-9.246031818799656,-1.4439887963595375,-0.08129224111659886
-9.246031818799656,-1.4439887963595375,-0.07238548719453232
-9.246031818799656,-1.4439887963595375,-0.06526008405687918
-9.246031818799656,-1.4439887963595375,-0.05884722123299131
-9.246031818799656,-1.4439887963595375,-0.05243435840910346
-9.246031818799656,-1.4439887963595375,-0.04730406814999318
-9.246031818799656,-1.4439887963595375,-0.042686806916793954
-9.246031818799656,-1.4439887963595375,-0.038531271806914597
-9.246031818799656,-1.4439887963595375,-0.03479129020802324
-9.246031818799656,-1.4439887963595375,-0.03142530676902101
-9.246031818799656,-1.4439887963595375,-0.02839592167391896
-9.246031818799656,-1.4439887963595375,-0.025366536578816903
-9.246031818799656,-1.4439887963595375,-0.022943028502735243
-9.246031818799656,-1.4439887963595375,-0.020761871234261788
-9.246031818799656,-1.4439887963595375,-0.01879882969263565
-9.246031818799656,-1.4439887963595375,-0.016835788151009515
-9.246031818799656,-1.4439887963595375,-0.015265354917708598
-9.246031818799656,-1.4439887963595375,-0.013694921684407684
-9.246031818799656,-1.4439887963595375,-0.012438575097766998
-9.246031818799656,-1.4439887963595375,-0.011307863169790414
-9.246031818799656,-1.4439887963595375,-0.010290222434611439
-9.246031818799656,-1.4439887963595375,-0.009374345772950416
-9.246031818799656,-1.4439887963595375,-0.008550056777455432
-9.246031818799656,-1.4439887963595375,-0.007725767781960449
-9.246031818799656,-1.4439887963595375,-0.006983907686014954
-9.246031818799656,-1.4439887963595375,-0.006398662499213526
-9.246031818799656,-1.4439887963595375,-0.005871941831092224
-9.246031818799656,-1.4439887963595375,-0.005345221162970919
-9.246031818799656,-1.4439887963595375,-0.0049238446284738755
-9.246031818799656,-1.4439887963595375,-0.004544605747426557
-9.246031818799656,-1.4439887963595375,-0.004165366866379238
-9.246031818799656,-1.4439887963595375,-0.003824051873436698
-9.246031818799656,-1.4439887963595375,-0.003520660768598843
-9.246031818799656,-1.4439887963595375,-0.003251401163055291
-9.246031818799656,-1.4439887963595375,-0.0030124806679954646
-9.246031818799656,-1.4439887963595375,-0.002824378182996046
-9.246031818799656,-1.4439887963595375,-0.0026550859464965593
-9.246031818799656,-1.4439887963595375,-0.002485793709997072
-9.246031818799656,-1.4439887963595375,-0.0023334306971474652
-9.246031818799656,-1.4439887963595375,-0.002213233209232787
-9.246031818799656,-1.4439887963595375,-0.0021050554701096263
-9.246031818799656,-1.4439887963595375,-0.1591846881495993
-9.246031818799656,-1.4439887963595375,-0.316264320829089
-9.246031818799656,-1.4439887963595375,-0.47334395350857866
-9.246031818799656,-1.4439887963595375,-0.6304235861880685
-9.246031818799656,-1.4439887963595375,-0.7875032188675583
-9.246031818799656,-1.4439887963595375,-0.9445828515470478
-9.246031818799656,-1.4439887963595375,-1.1016624842265372
-9.246031818799656,-1.4439887963595375,-1.2587421169060269
-9.246031818799656,-1.4439887963595375,-1.415821749585517
-9.246031818799656,-1.4439887963595375,-1.5729013822650062
-9.246031818799656,-1.4439887963595375,-1.7299810149444963
-9.246031818799656,-1.4439887963595375,-1.8870606476239855
-9.246031818799656,-1.4439887963595375,-2.0441402803034756
-9.246031818799656,-1.4439887963595375,-2.201219912982965
-9.246031818799656,-1.4439887963595375,-2.3582995456624545
-9.246031818799656,-1.4439887963595375,-2.515379178341944
-9.246031818799656,-1.4439887963595375,-2.672458811021434
-9.246031818799656,-1.4439887963595375,-2.8295384437009234
-9.246031818799656,-1.4439887963595375,-2.986618076380413
-9.246031818799656,-1.4439887963595375,3.1394875981196835
-9.246031818799656,-1.4439887963595375,2.982407965440194
-9.246031818799656,-1.4439887963595375,2.841036296028653
-9.246031818799656,-1.4439887963595375,2.6996646266171123
-9.246031818799656,-1.4439887963595375,2.5865672910878796
-9.246031818799656,-1.4439887963595375,2.484779689111571
-9.246031818799656,-1.4439887963595375,2.3931708473328923
-9.246031818799656,-1.4439887963595375,2.310722889732081
-9.246031818799656,-1.4439887963595375,2.2365197278913516
-9.246031818799656,-1.4439887963595375,2.169736882234695
-9.246031818799656,-1.4439887963595375,2.109632321143704
-9.246031818799656,-1.4439887963595375,2.049527760052713
-9.246031818799656,-1.4439887963595375,1.9894231989617222
-9.246031818799656,-1.4439887963595375,1.9413395500889294
-9.246031818799656,-1.4439887963595375,1.9040747222125156
-9.246031818799656,-1.4439887963595375,1.8705363771237413
-9.246031818799656,-1.4439887963595375,1.8369980320349693
-9.246031818799656,-1.4439887963595375,1.810167355963951
-9.246031818799656,-1.4439887963595375,1.7860197475000343
-9.246031818799656,-1.4439887963595375,1.7642868998825103
-9.246031818799656,-1.4439887963595375,1.7447273370267382
-9.246031818799656,-1.4439887963595375,1.7251677741709652
-9.246031818799656,-1.4439887963595375,1.7095201238863473
-9.246031818799656,-1.4439887963595375,1.695437238630191
-9.246031818799656,-1.4439887963595375,1.682762641899651
-9.246031818799656,-1.4439887963595375,1.6713555048421644
-9.246031818799656,-1.4439887963595375,1.6599483677846782
-9.246031818799656,-1.4439887963595375,1.6508226581386891
-9.246031818799656,-1.4439887963595375,1.6426095194572985
-9.246031818799656,-1.4439887963595375,1.634396380775909
-9.246031818799656,-1.4439887963595375,1.6261832420945181
-9.246031818799656,-1.4439887963595375,1.6179701034131286
-9.246031818799656,-1.4439887963595375,1.6097569647317378
-9.246031818799656,-1.4439887963595375,1.6015438260503478
-9.246031818799656,-1.4439887963595375,1.5933306873689574
-9.246031818799656,-1.4439887963595375,1.5851175486875675
-9.246031818799656,-1.4439887963595375,1.582653607083151
-9.246031818799656,-1.4439887963595375,1.581257373507314
-9.246031818799656,-1.4439887963595375,1.5798611399314784
-9.246031818799656,-1.4439887963595375,1.578744153070809
-9.246031818799656,-1.4439887963595375,1.577738864896206
-9.246031818799656,-1.4439887963595375,1.5767335767216049
-9.246031818799656,-1.4439887963595375,1.5758288173644626
-9.246031818799656,-1.4439887963595375,1.575115062760495
-9.246031818799656,-1.4439887963595375,1.5744726836169238
-9.246031818799656,-1.4439887963595375,1.5738945423877095
-9.246031818799656,-1.4439887963595375,1.5733742152814172
-9.246031818799656,-1.4439887963595375,1.572905920885754
-9.246031818799656,-1.4439887963595375,1.5724844559296578
-9.246031818799656,-1.4439887963595375,1.5720629909735613
-9.246031818799656,-1.4439887963595375,1.571683672513074
-9.246031818799656,-1.4439887963595375,1.5713844323942452
-9.246031818799656,-1.4439887963595375,1.5711151162872994
-9.246031818799656,-1.4439887963595375,1.5708727317910478
-9.246031818799656,-1.4439887963595375,1.570630347294797
-9.246031818799656,-1.4439887963595375,1.5704122012481703
-9.246031818799656,-1.4439887963595375,1.5702182936511693
-9.246031818799656,-1.4439887963595375,1.5700243860541685
-9.246031818799656,-1.4439887963595375,1.5698910745812305
-9.246031818799656,-1.4439887963595375,1.5697577631082924
-9.246031818799656,-1.4439887963595375,1.5696511139299412
-9.245974558168925,-1.3939888291473466,1.5696511139299412
-9.245917297538194,-1.3439888619351557,1.5696511139299412
-9.245871489033608,-1.303988888165403,1.5696511139299412
-9.245825680529022,-1.2639889143956502,1.5696511139299412
-9.245779872024436,-1.2239889406258975,1.5696511139299412
-9.24573406351985,-1.1839889668561447,1.5696511139299412
-9.245706578417098,-1.159988982594293,1.5696511139299412
-9.245679093314346,-1.1359889983324414,1.5696511139299412
-9.245657105232144,-1.1167890109229601,1.5696511139299412
-9.245635117149943,-1.0975890235134789,1.5696511139299412
-9.245615327875962,-1.0803090348449458,1.5696511139299412
-9.24559553860198,-1.0630290461764127,1.5696511139299412
-9.245581905991017,-1.0511250539825343,1.5696511139299412
-9.245568273380053,-1.039221061788656,1.5696511139299412
-9.245557367291282,-1.0296978680335531,1.5696511139299412
-9.24554646120251,-1.0201746742784503,1.5696511139299412
-9.245536645722616,-1.0116037998988578,1.5696511139299412
-9.245526830242722,-1.0030329255192654,1.5696511139299412
-9.245520068467684,-0.9971285453911016,1.5696511139299412
-9.245513306692645,-0.9912241652629379,1.5696511139299412
-9.245507897272615,-0.9865006611604069,1.5696511139299412
-9.245502487852585,-0.9817771570578759,1.5696511139299412
-9.245498160316561,-0.9779983537758512,1.5696511139299412
-9.245493832780538,-0.9742195504938265,1.5696511139299412
-9.245489937998116,-0.9708186275400041,1.5696511139299412
-9.245486043215694,-0.9674177045861818,1.5696511139299412
-9.245483360143359,-0.9650748465513265,1.5696511139299412
-9.245480677071024,-0.9627319885164711,1.5696511139299412
-9.245478530613155,-0.9608577020885868,1.5696511139299412
-9.245476384155287,-0.9589834156607024,1.5696511139299412
-9.245474452343206,-0.9572965578756066,1.5696511139299412
-9.245472520531125,-0.9556097000905108,1.5696511139299412
-9.245471189727247,-0.9544476425052225,1.5696511139299412
-9.24546985892337,-0.9532855849199342,1.5696511139299412
-9.24546866119988,-0.9522397330931748,1.5696511139299412
-9.245467515987265,-0.951239733748931,1.5696511139299412
-9.24546637077465,-0.9502397344046872,1.5696511139299412
-9.245465225562036,-0.9492397350604435,1.5696511139299412
-9.245464080349421,-0.9482397357161997,1.5696511139299412
-9.245464080349421,-0.9482397357161997,1.7267307466094308
-9.245464080349421,-0.9482397357161997,1.8681024160209716
-9.245464080349421,-0.9482397357161997,1.995336918491359
-9.245464080349421,-0.9482397357161997,2.1098479707147058
-9.245464080349421,-0.9482397357161997,2.212907917715719
-9.245464080349421,-0.9482397357161997,2.3056618700166305
-9.245464080349421,-0.9482397357161997,2.3891404270874514
-9.245464080349421,-0.9482397357161997,2.4642711284511907
-9.245464080349421,-0.9482397357161997,2.5394018298149295
-9.245464080349421,-0.9482397357161997,2.614532531178668
-9.245464080349421,-0.9482397357161997,2.6821501624060327
-9.245464080349421,-0.9482397357161997,2.7497677936333975
-9.245464080349421,-0.9482397357161997,2.7888357583425414
-9.245464080349421,-0.9482397357161997,2.823996926580771
-9.245464080349421,-0.9482397357161997,2.8556419779951776
-9.245464080349421,-0.9482397357161997,2.8841225242681436
-9.245464080349421,-0.9482397357161997,2.909755015913813
-9.245464080349421,-0.9482397357161997,2.9353875075594824
-9.245464080349421,-0.9482397357161997,2.9584567500405847
-9.245464080349421,-0.9482397357161997,2.97665581910901
-9.245464080349421,-0.9482397357161997,2.993034981270593
-9.245464080349421,-0.9482397357161997,3.0077762272160173
-9.245464080349421,-0.9482397357161997,3.0210433485668995
-9.245464080349421,-0.9482397357161997,3.0343104699177816
-9.245464080349421,-0.9482397357161997,3.0462508791335754
-9.245464080349421,-0.9482397357161997,3.0568645762142808
-9.245464080349421,-0.9482397357161997,3.0652228626653364
-9.245464080349421,-0.9482397357161997,3.0727453204712867
-9.245464080349421,-0.9482397357161997,3.080267778277237
-9.245464080349421,-0.9482397357161997,3.0877902360831873
-9.245464080349421,-0.9482397357161997,3.093055956547352
-9.245464080349421,-0.9482397357161997,3.0977951049651007
-9.245464080349421,-0.9482397357161997,3.1020603385410745
-9.245464080349421,-0.9482397357161997,3.1058990487594507
-9.245464080349421,-0.9482397357161997,3.109353887955989
-9.245464080349421,-0.9482397357161997,3.1128087271525278
-9.245464080349421,-0.9482397357161997,3.115918082429413
-9.245464080349421,-0.9482397357161997,3.118681953786644
-9.245464080349421,-0.9482397357161997,3.1211348896161866
-9.245464080349421,-0.9482397357161997,3.123066144727052
-9.245464080349421,-0.9482397357161997,3.1248042743268303
-9.245464080349421,-0.9482397357161997,3.126368590966631
-9.245464080349421,-0.9482397357161997,3.1279329076064317
-9.245464080349421,-0.9482397357161997,3.1294972242462324
-9.245464080349421,-0.9482397357161997,3.130592245894093
-9.245464080349421,-0.9482397357161997,3.1315777653771675
-9.245464080349421,-0.9482397357161997,3.132563284860242
-9.245464080349421,-0.9482397357161997,3.1334502523950087
-9.245464080349421,-0.9482397357161997,3.1341499712279917
-9.245464080349421,-0.9482397357161997,3.1347797181776764
-9.245464080349421,-0.9482397357161997,3.1353464904323927
-9.245464080349421,-0.9482397357161997,3.135913262687109
-9.245464080349421,-0.9482397357161997,3.136480034941825
-9.245464080349421,-0.9482397357161997,3.136933452745598
-9.245464080349421,-0.9482397357161997,3.1372848515435217
-9.245464080349421,-0.9482397357161997,3.1376011104616532
-9.245464080349421,-0.9482397357161997,3.1378857434879714
-9.245464080349421,-0.9482397357161997,3.1381703765142897
-9.245464080349421,-0.9482397357161997,3.1383980829353444
-9.245464080349421,-0.9482397357161997,3.138625789356399
-9.245464080349421,-0.9482397357161997,3.138853495777454
-9.245464080349421,-0.9482397357161997,3.139012890272192
-9.245464080349421,-0.9482397357161997,3.1391563453174567
-9.245464080349421,-0.9482397357161997,3.1392854548581948
-9.245464080349421,-0.9482397357161997,3.139401653444859
-9.245464080349421,-0.9482397357161997,3.139506232172857
-9.245464080349421,-0.9482397357161997,3.1396108109008547
-9.245464080349421,-0.9482397357161997,2.982531178221365
-9.245464080349421,-0.9482397357161997,2.8254515455418754
-9.245464080349421,-0.9482397357161997,2.6997878393982835
-9.245464080349421,-0.9482397357161997,2.574124133254692
-9.245464080349421,-0.9482397357161997,2.4735931683398182
-9.245464080349421,-0.9482397357161997,2.373062203424945
-9.245464080349421,-0.9482397357161997,2.292637431493046
-9.245464080349421,-0.9482397357161997,2.2122126595611475
-9.245464080349421,-0.9482397357161997,2.139830364822439
-9.245464080349421,-0.9482397357161997,2.0827287767507907
-9.245464080349421,-0.9482397357161997,2.025627188679143
-9.245464080349421,-0.9482397357161997,1.9742357594146598
-9.245464080349421,-0.9482397357161997,1.9336936318837892
-9.245464080349421,-0.9482397357161997,1.8931515043529195
-9.245464080349421,-0.9482397357161997,1.8526093768220493
-9.245464080349421,-0.9482397357161997,1.82422988755044
-9.245464080349421,-0.9482397357161997,1.7986883472059918
-9.245464080349421,-0.9482397357161997,1.7757009608959884
-9.245464080349421,-0.9482397357161997,1.7550123132169853
-9.245464080349421,-0.9482397357161997,1.7363925303058823
-9.245464080349421,-0.9482397357161997,1.7177727473947801
-9.245464080349421,-0.9482397357161997,1.7028769210658963
-9.245464080349421,-0.9482397357161997,1.6894706773699035
-9.245464080349421,-0.9482397357161997,1.676064433673909
-9.245464080349421,-0.9482397357161997,1.6653394387171148
-9.245464080349421,-0.9482397357161997,1.655686943255999
-9.245464080349421,-0.9482397357161997,1.6460344477948832
-9.245464080349421,-0.9482397357161997,1.6373472018798794
-9.245464080349421,-0.9482397357161997,1.630493930102487
-9.245464080349421,-0.9482397357161997,1.624325985502834
-9.245464080349421,-0.9482397357161997,1.6187748353631464
-9.245464080349421,-0.9482397357161997,1.6132236852234585
-9.245464080349421,-0.9482397357161997,1.6082276500977397
-9.245464080349421,-0.9482397357161997,1.6037867299859898
-9.245464080349421,-0.9482397357161997,1.59934580987424
-9.245464080349421,-0.9482397357161997,1.5962926772974115
-9.245464080349421,-0.9482397357161997,1.593544857978266
-9.245464080349421,-0.9482397357161997,1.590797038659121
-9.245464080349421,-0.9482397357161997,1.5880492193399756
-9.245464080349421,-0.9482397357161997,1.5853014000208305
-9.245464080349421,-0.9482397357161997,1.5836527084293432
-9.245464080349421,-0.9482397357161997,1.5820040168378557
-9.245464080349421,-0.9482397357161997,1.5806850635646659
-9.245464080349421,-0.9482397357161997,1.579498005618795
-9.245464080349421,-0.9482397357161997,1.5784296534675113
-9.245464080349421,-0.9482397357161997,1.577361301316228
-9.245464080349421,-0.9482397357161997,1.576506619595201
-9.245464080349421,-0.9482397357161997,1.5756519378741738
-9.245464080349421,-0.9482397357161997,1.5749681924973522
-9.245464080349421,-0.9482397357161997,1.5743528216582123
-9.245464080349421,-0.9482397357161997,1.5737989879029874
-9.245464080349421,-0.9482397357161997,1.573245154147762
-9.245464080349421,-0.9482397357161997,1.5727467037680587
-9.245464080349421,-0.9482397357161997,1.5723036367638783
-9.245464080349421,-0.9482397357161997,1.5719547214980862
-9.245464080349421,-0.9482397357161997,1.5716058062322937
-9.245464080349421,-0.9482397357161997,1.5712917824930812
-9.245464080349421,-0.9482397357161997,1.5710126502804482
-9.245464080349421,-0.9482397357161997,1.5707928336629984
-9.245464080349421,-0.9482397357161997,1.5705730170455499
-9.245464080349421,-0.9482397357161997,1.5703971637515908
-9.245464080349421,-0.9482397357161997,1.5702213104576315
-9.245464080349421,-0.9482397357161997,1.5700630424930684
-9.245464080349421,-0.9482397357161997,1.5699223598579006
-9.245464080349421,-0.9482397357161997,1.5697816772227338
-9.245413347879518,-0.8982397614540414,1.5697816772227338
-9.245367688656605,-0.8532397846180989,1.5697816772227338
-9.245322029433693,-0.8082398077821564,1.5697816772227338
-9.245285502055362,-0.7722398263134024,1.5697816772227338
-9.24524897467703,-0.7362398448446483,1.5697816772227338
-9.245216100036533,-0.7038398615227697,1.5697816772227338
-9.245183225396035,-0.671439878200891,1.5697816772227338
-9.245160578421471,-0.6491198896902636,1.5697816772227338
-9.245137931446907,-0.6267999011796361,1.5697816772227338
-9.245119813867255,-0.6089439103711342,1.5697816772227338
-9.245101696287604,-0.5910879195626322,1.5697816772227338
-9.245083578707952,-0.5732319287541302,1.5697816772227338
-9.245070896402195,-0.5607327351881788,1.5697816772227338
-9.245058214096439,-0.5482335416222274,1.5697816772227338
-9.245048068251833,-0.5382341867694662,1.5697816772227338
-9.245037922407228,-0.5282348319167051,1.5697816772227338
-9.245029805731544,-0.5202353480344961,1.5697816772227338
-9.24502168905586,-0.5122358641522872,1.5697816772227338
-9.245015195715313,-0.50583627704652,1.5697816772227338
-9.245008702374765,-0.4994366899407529,1.5697816772227338
-9.245003507702327,-0.4943170202561392,1.5697816772227338
-9.244998313029889,-0.4891973505715255,1.5697816772227338
-9.244994157291938,-0.48510161482383457,1.5697816772227338
-9.244990001553987,-0.4810058790761436,1.5697816772227338
-9.244986676963627,-0.47772929047799084,1.5697816772227338
-9.244983684832302,-0.47478036073965335,1.5697816772227338
-9.244980692700977,-0.47183143100131586,1.5697816772227338
-9.244978298995917,-0.4694722872106459,1.5697816772227338
-9.244975905290858,-0.4671131434199759,1.5697816772227338
-9.244973750956305,-0.4649899140083729,1.5697816772227338
-9.244972051425712,-0.46331492191699725,1.5697816772227338
-9.24497035189512,-0.4616399298256216,1.5697816772227338
-9.244968992270646,-0.460299936152521,1.5697816772227338
-9.244967632646173,-0.45895994247942046,1.5697816772227338
-9.244966544946594,-0.45788794754094003,1.5697816772227338
-9.244965457247016,-0.4568159526024596,1.5697816772227338
-9.244964442597619,-0.45581595311721645,1.5697816772227338
-9.244963427948221,-0.4548159536319733,1.5697816772227338
-9.244962413298824,-0.45381595414673015,1.5697816772227338
-9.244961398649426,-0.452815954661487,1.5697816772227338
-9.244961398649426,-0.452815954661487,1.7268613099022236
-9.244961398649426,-0.452815954661487,1.883940942581713
-9.244961398649426,-0.452815954661487,2.0410205752612027
-9.244961398649426,-0.452815954661487,2.1981002079406924
-9.244961398649426,-0.452815954661487,2.3551798406201825
-9.244961398649426,-0.452815954661487,2.5122594732996717
-9.244961398649426,-0.452815954661487,2.6693391059791614
-9.244961398649426,-0.452815954661487,2.826418738658651
-9.244961398649426,-0.452815954661487,2.9834983713381407
-9.244961398649426,-0.452815954661487,3.1405780040176303
-9.244961398649426,-0.452815954661487,-2.9855276704824663
-9.244961398649426,-0.452815954661487,-2.8284480378029766
-9.244961398649426,-0.452815954661487,-2.671368405123487
-9.244961398649426,-0.452815954661487,-2.5142887724439973
-9.244961398649426,-0.452815954661487,-2.3572091397645076
-9.244961398649426,-0.452815954661487,-2.200129507085018
-9.244961398649426,-0.452815954661487,-2.043049874405529
-9.244961398649426,-0.452815954661487,-1.8859702417260382
-9.244961398649426,-0.452815954661487,-1.728890609046549
-9.244961398649426,-0.452815954661487,-1.5718109763670598
-9.244961398649426,-0.452815954661487,-1.4147313436875695
-9.244961398649426,-0.452815954661487,-1.25765171100808
-9.244961398649426,-0.452815954661487,-1.1162800415965395
-9.244961398649426,-0.452815954661487,-0.9749083721849987
-9.244961398649426,-0.452815954661487,-0.8775189999237152
-9.244961398649426,-0.452815954661487,-0.7801296276624315
-9.244961398649426,-0.452815954661487,-0.6924791926272764
-9.244961398649426,-0.452815954661487,-0.6233327383217648
-9.244961398649426,-0.452815954661487,-0.5611009294468043
-9.244961398649426,-0.452815954661487,-0.49886912057184435
-9.244961398649426,-0.452815954661487,-0.4490836734718764
-9.244961398649426,-0.452815954661487,-0.404276771081905
-9.244961398649426,-0.452815954661487,-0.36395055893093065
-9.244961398649426,-0.452815954661487,-0.32765696799505395
-9.244961398649426,-0.452815954661487,-0.2949927361527648
-9.244961398649426,-0.452815954661487,-0.26232850431047566
-9.244961398649426,-0.452815954661487,-0.23619711883664438
-9.244961398649426,-0.452815954661487,-0.21267887191019624
-9.244961398649426,-0.452815954661487,-0.18916062498374817
-9.244961398649426,-0.452815954661487,-0.1703460274425896
-9.244961398649426,-0.452815954661487,-0.15341288965554703
-9.244961398649426,-0.452815954661487,-0.1381730656472086
-9.244961398649426,-0.452815954661487,-0.1229332416388702
-9.244961398649426,-0.452815954661487,-0.11074138243219943
-9.244961398649426,-0.452815954661487,-0.09854952322552873
-9.244961398649426,-0.452815954661487,-0.08879603586019216
-9.244961398649426,-0.452815954661487,-0.0790425484948556
-9.244961398649426,-0.452815954661487,-0.07026440986605266
-9.244961398649426,-0.452815954661487,-0.06246161997378339
-9.244961398649426,-0.452815954661487,-0.05553664394439439
-9.244961398649426,-0.452815954661487,-0.04939194690423236
-9.244961398649426,-0.452815954661487,-0.04393974746700924
-9.244961398649426,-0.452815954661487,-0.039647237677524656
-9.244961398649426,-0.452815954661487,-0.03578397886698845
-9.244961398649426,-0.452815954661487,-0.0323070459375059
-9.244961398649426,-0.452815954661487,-0.029177806300971616
-9.244961398649426,-0.452815954661487,-0.026048566664437327
-9.244961398649426,-0.452815954661487,-0.023232250991556447
-9.244961398649426,-0.452815954661487,-0.020415935318675568
-9.244961398649426,-0.452815954661487,-0.018194175176736216
-9.244961398649426,-0.452815954661487,-0.01625404660208496
-9.244961398649426,-0.452815954661487,-0.014313918027433696
-9.244961398649426,-0.452815954661487,-0.012789978324441509
-9.244961398649426,-0.452815954661487,-0.011612445449213608
-9.244961398649426,-0.452815954661487,-0.010434912573985704
-9.244961398649426,-0.452815954661487,-0.009257379698757803
-9.244961398649426,-0.452815954661487,-0.00843310668609831
-9.244961398649426,-0.452815954661487,-0.007691260974704765
-9.244961398649426,-0.452815954661487,-0.007023599834450549
-9.244961398649426,-0.452815954661487,-0.00635593869419633
-9.244961398649426,-0.452815954661487,-0.005821809781993015
-9.244961398649426,-0.452815954661487,-0.005341093761010042
-9.244961398649426,-0.452815954661487,-0.004860377740027068
-9.244961398649426,-0.452815954661487,-0.004427733321142394
-9.244961398649426,-0.452815954661487,-0.004086424946244471
-9.244961398649426,-0.452815954661487,-0.0037792474088363024
-9.244961398649426,-0.452815954661487,-0.00350278762516899
-9.244961398649426,-0.452815954661487,-0.00325397381986834
-9.244961398649426,-0.452815954661487,-0.003005160014567689
-9.244961398649426,-0.452815954661487,-0.002756346209267039
-9.244961398649426,-0.452815954661487,-0.002582176545556602
-9.244961398649426,-0.452815954661487,-0.002408006881846166
-9.244961398649426,-0.452815954661487,-0.0022686711508777993
-9.244961398649426,-0.452815954661487,-0.002143268993006317
-9.244961398649426,-0.452815954661487,-0.002030407050921964
-9.244961398649426,-0.452815954661487,-0.0019288313030460561
-9.244961398649426,-0.452815954661487,-0.0018272555551701476
-9.244961398649426,-0.452815954661487,-0.15890688823465984
-9.244961398649426,-0.452815954661487,-0.3159865209141496
-9.244961398649426,-0.452815954661487,-0.4730661535936391
-9.244961398649426,-0.452815954661487,-0.630145786273129
-9.244961398649426,-0.452815954661487,-0.7872254189526188
-9.244961398649426,-0.452815954661487,-0.9443050516321082
-9.244961398649426,-0.452815954661487,-1.1013846843115978
-9.244961398649426,-0.452815954661487,-1.2584643169910874
-9.244961398649426,-0.452815954661487,-1.4155439496705777
-9.244961398649426,-0.452815954661487,-1.572623582350067
-9.244961398649426,-0.452815954661487,-1.729703215029557
-9.244961398649426,-0.452815954661487,-1.8867828477090463
-9.244961398649426,-0.452815954661487,-2.043862480388535
-9.244961398649426,-0.452815954661487,-2.2009421130680256
-9.244961398649426,-0.452815954661487,-2.358021745747515
-9.244961398649426,-0.452815954661487,-2.515101378427005
-9.244961398649426,-0.452815954661487,-2.672181011106495
-9.244961398649426,-0.452815954661487,-2.829260643785984
-9.244961398649426,-0.452815954661487,-2.986340276465474
-9.244961398649426,-0.452815954661487,3.1397653980346227
-9.244961398649426,-0.452815954661487,2.982685765355133
-9.244961398649426,-0.452815954661487,2.8413140959435923
-9.244961398649426,-0.452815954661487,2.7140795934732056
-9.244961398649426,-0.452815954661487,2.5995685412498575
-9.244961398649426,-0.452815954661487,2.4965085942488443
-9.244961398649426,-0.452815954661487,2.4037546419479328
-9.244961398649426,-0.452815954661487,2.3110006896470203
-9.244961398649426,-0.452815954661487,2.2367975278062904
-9.244961398649426,-0.452815954661487,2.1700146821496347
-9.244961398649426,-0.452815954661487,2.1099101210586437
-9.244961398649426,-0.452815954661487,2.049805559967652
-9.244961398649426,-0.452815954661487,2.0017219110948603
-9.244961398649426,-0.452815954661487,1.9536382622220676
-9.244961398649426,-0.452815954661487,1.9151713431238335
-9.244961398649426,-0.452815954661487,1.8767044240255992
-9.244961398649426,-0.452815954661487,1.845930888747012
-9.244961398649426,-0.452815954661487,1.8151573534684249
-9.244961398649426,-0.452815954661487,1.7905385252455548
-9.244961398649426,-0.452815954661487,1.7683815798449722
-9.244961398649426,-0.452815954661487,1.7484403289844477
-9.244961398649426,-0.452815954661487,1.7284990781239238
-9.244961398649426,-0.452815954661487,1.7125460774355037
-9.244961398649426,-0.452815954661487,1.696593076747084
-9.244961398649426,-0.452815954661487,1.6838306761963477
-9.244961398649426,-0.452815954661487,1.6723445157006858
-9.244961398649426,-0.452815954661487,1.66200697125459
-9.244961398649426,-0.452815954661487,1.6527031812531037
-9.244961398649426,-0.452815954661487,1.6443297702517656
-9.244961398649426,-0.452815954661487,1.6367937003505622
-9.244961398649426,-0.452815954661487,1.6300112374394782
-9.244961398649426,-0.452815954661487,1.6239070208195028
-9.244961398649426,-0.452815954661487,1.617802804199528
-9.244961398649426,-0.452815954661487,1.612919430903548
-9.244961398649426,-0.452815954661487,1.608036057607568
-9.244961398649426,-0.452815954661487,1.6041293589707835
-9.244961398649426,-0.452815954661487,1.600613330197678
-9.244961398649426,-0.452815954661487,1.5974489043018827
-9.244961398649426,-0.452815954661487,1.594600920995667
-9.244961398649426,-0.452815954661487,1.5920377360200733
-9.244961398649426,-0.452815954661487,1.589474551044479
-9.244961398649426,-0.452815954661487,1.5871676845664449
-9.244961398649426,-0.452815954661487,1.584860818088409
-9.244961398649426,-0.452815954661487,1.583040956755737
-9.244961398649426,-0.452815954661487,1.5816337682041361
-9.244961398649426,-0.452815954661487,1.580367298507695
-9.244961398649426,-0.452815954661487,1.579100828811254
-9.244961398649426,-0.452815954661487,1.5778343591148132
-9.244961398649426,-0.452815954661487,1.57682118335766
-9.244961398649426,-0.452815954661487,1.5760359721458668
-9.244961398649426,-0.452815954661487,1.575329282055253
-9.244961398649426,-0.452815954661487,1.5746225919646386
-9.244961398649426,-0.452815954661487,1.5740572398921475
-9.244961398649426,-0.452815954661487,1.5735484230269055
-9.244961398649426,-0.452815954661487,1.5730904878481873
-9.244961398649426,-0.452815954661487,1.5726325526694693
-9.244961398649426,-0.452815954661487,1.5722662045264952
-9.244961398649426,-0.452815954661487,1.571899856383521
-9.244961398649426,-0.452815954661487,1.5716067778691412
-9.244961398649426,-0.452815954661487,1.5713136993547618
-9.244961398649426,-0.452815954661487,1.571079236543258
-9.244961398649426,-0.452815954661487,1.5708682200129054
-9.244961398649426,-0.452815954661487,1.5706783051355875
-9.244961398649426,-0.452815954661487,1.5705073817460011
-9.244961398649426,-0.452815954661487,1.5703364583564154
-9.244961398649426,-0.452815954661487,1.570199719644746
-9.244961398649426,-0.452815954661487,1.570076654804244
-9.244961398649426,-0.452815954661487,1.5699658964477925
-9.244919877136843,-0.40281597190185003,1.5699658964477925
-9.244878355624259,-0.35281598914221307,1.5699658964477925
-9.244845138414192,-0.3128160029345035,1.5699658964477925
-9.244811921204125,-0.27281601672679395,1.5699658964477925
-9.244785347436071,-0.2408160277606263,1.5699658964477925
-9.244761431044823,-0.2120160376910754,1.5699658964477925
-9.244737514653576,-0.18321604762152452,1.5699658964477925
-9.244718381540578,-0.16017605556588382,1.5699658964477925
-9.24469924842758,-0.13713606351024313,1.5699658964477925
-9.244683941937181,-0.11870406986573057,1.5699658964477925
-9.244668635446782,-0.100272076221218,1.5699658964477925
-9.244656390254463,-0.08552648130560796,1.5699658964477925
-9.244645369581376,-0.07225544588155891,1.5699658964477925
-9.244634348908289,-0.058984410457509864,1.5699658964477925
-9.244625532369819,-0.04836758211827063,1.5699658964477925
-9.244616715831349,-0.03775075377903139,1.5699658964477925
-9.244608780946725,-0.02819560827371608,1.5699658964477925
-9.244600846062102,-0.01864046276840077,1.5699658964477925
-9.244595379808251,-0.012058029198072445,1.5699658964477925
-9.2445899135544,-0.0054755956277441195,1.5699658964477925
-9.244585540551318,-0.00020964877148145836,1.5699658964477925
-9.244581167548237,0.005056298084781203,1.5699658964477925
-9.244577669145771,0.00926905556979133,1.5699658964477925
-9.244574170743306,0.013481813054801459,1.5699658964477925
-9.244571022181088,0.017273294791310574,1.5699658964477925
-9.24456787361887,0.02106477652781969,1.5699658964477925
-9.244565704609341,0.02367668616852597,1.5699658964477925
-9.244563535599813,0.02628859580923225,1.5699658964477925
-9.24456180039219,0.02837812352179727,1.5699658964477925
-9.244560065184569,0.030467651234362292,1.5699658964477925
-9.244558503497709,0.03234822617567081,1.5699658964477925
-9.244556941810849,0.03422880111697933,1.5699658964477925
-9.244555865982123,0.035524308298769645,1.5699658964477925
-9.244554790153398,0.03681981548055996,1.5699658964477925
-9.244553929490417,0.03785622122599221,1.5699658964477925
-9.244553068827436,0.03889262697142447,1.5699658964477925
-9.244552238397185,0.03989262662661721,1.5699658964477925
-9.244551407966934,0.04089262628180995,1.5699658964477925
-9.244550577536684,0.041892625937002693,1.5699658964477925
-9.244549747106433,0.042892625592195435,1.5699658964477925
-9.244548916676182,0.04389262524738818,1.5699658964477925
-9.244548916676182,0.04389262524738818,1.7270455291272826
-9.244548916676182,0.04389262524738818,1.8684171985388227
-9.244548916676182,0.04389262524738818,2.009788867950364
-9.244548916676182,0.04389262524738818,2.122886203479596
-9.244548916676182,0.04389262524738818,2.2246738054559057
-9.244548916676182,0.04389262524738818,2.326461407432215
-9.244548916676182,0.04389262524738818,2.407891489013263
-9.244548916676182,0.04389262524738818,2.481178562436205
-9.244548916676182,0.04389262524738818,2.5471369285168537
-9.244548916676182,0.04389262524738818,2.6064994579894374
-9.244548916676182,0.04389262524738818,2.6599257345147627
-9.244548916676182,0.04389262524738818,2.708009383387555
-9.244548916676182,0.04389262524738818,2.7512846673730684
-9.244548916676182,0.04389262524738818,2.7902324229600306
-9.244548916676182,0.04389262524738818,2.8291801785469928
-9.244548916676182,0.04389262524738818,2.8603383830165625
-9.244548916676182,0.04389262524738818,2.8914965874861323
-9.244548916676182,0.04389262524738818,2.916423151061788
-9.244548916676182,0.04389262524738818,2.938857058279878
-9.244548916676182,0.04389262524738818,2.959047574776159
-9.244548916676182,0.04389262524738818,2.977219039622812
-9.244548916676182,0.04389262524738818,2.995390504469465
-9.244548916676182,0.04389262524738818,3.0099276763467873
-9.244548916676182,0.04389262524738818,3.0230111310363776
-9.244548916676182,0.04389262524738818,3.036094585725968
-9.244548916676182,0.04389262524738818,3.0478696949465993
-9.244548916676182,0.04389262524738818,3.0571589477762084
-9.244548916676182,0.04389262524738818,3.0655192753228566
-9.244548916676182,0.04389262524738818,3.073879602869505
-9.244548916676182,0.04389262524738818,3.0805678649068233
-9.244548916676182,0.04389262524738818,3.087256126944142
-9.244548916676182,0.04389262524738818,3.0926067365739964
-9.244548916676182,0.04389262524738818,3.0974222852408655
-9.244548916676182,0.04389262524738818,3.1022378339077346
-9.244548916676182,0.04389262524738818,3.10609027284123
-9.244548916676182,0.04389262524738818,3.109557467881376
-9.244548916676182,0.04389262524738818,3.1126779434175074
-9.244548916676182,0.04389262524738818,3.1154863714000256
-9.244548916676182,0.04389262524738818,3.118013956584292
-9.244548916676182,0.04389262524738818,3.120288783250132
-9.244548916676182,0.04389262524738818,3.1225636099159715
-9.244548916676182,0.04389262524738818,3.124383471248643
-9.244548916676182,0.04389262524738818,3.1262033325813148
-9.244548916676182,0.04389262524738818,3.1276592216474524
-9.244548916676182,0.04389262524738818,3.12911511071359
-9.244548916676182,0.04389262524738818,3.1302798219665
-9.244548916676182,0.04389262524738818,3.131328062094119
-9.244548916676182,0.04389262524738818,3.1322714782089762
-9.244548916676182,0.04389262524738818,3.1331205527123474
-9.244548916676182,0.04389262524738818,3.1339696272157185
-9.244548916676182,0.04389262524738818,3.1347337942687528
-9.244548916676182,0.04389262524738818,3.135336637166146
-9.244548916676182,0.04389262524738818,3.1358791957738004
-9.244548916676182,0.04389262524738818,3.136367498520689
-9.244548916676182,0.04389262524738818,3.136855801267578
-9.244548916676182,0.04389262524738818,3.137246443465089
-9.244548916676182,0.04389262524738818,3.1376370856626
-9.244548916676182,0.04389262524738818,3.13798866364036
-9.244548916676182,0.04389262524738818,3.13834024161812
-9.244548916676182,0.04389262524738818,3.138582439780577
-9.244548916676182,0.04389262524738818,3.138800418126788
-9.244548916676182,0.04389262524738818,3.138996598638378
-9.244548916676182,0.04389262524738818,3.139192779149968
-9.244548916676182,0.04389262524738818,3.1393497235592402
-9.244548916676182,0.04389262524738818,3.1395066679685124
-9.244548916676182,0.04389262524738818,3.13963222349593
-9.244548916676182,0.04389262524738818,3.139745223470606
-9.244548916676182,0.04389262524738818,3.139846923447814
-9.244548916676182,0.04389262524738818,2.9827672907683245
-9.244548916676182,0.04389262524738818,2.825687658088835
-9.244548916676182,0.04389262524738818,2.700023951945243
-9.244548916676182,0.04389262524738818,2.5869266164160103
-9.244548916676182,0.04389262524738818,2.485139014439701
-9.244548916676182,0.04389262524738818,2.393530172661023
-9.244548916676182,0.04389262524738818,2.311082215060213
-9.244548916676182,0.04389262524738818,2.236879053219483
-9.244548916676182,0.04389262524738818,2.1700962075628265
-9.244548916676182,0.04389262524738818,2.1099916464718356
-9.244548916676182,0.04389262524738818,2.0498870853808446
-9.244548916676182,0.04389262524738818,2.0018034365080517
-9.244548916676182,0.04389262524738818,1.9537197876352592
-9.244548916676182,0.04389262524738818,1.915252868537025
-9.244548916676182,0.04389262524738818,1.8767859494387913
-9.244548916676182,0.04389262524738818,1.8421657222503802
-9.244548916676182,0.04389262524738818,1.8075454950619696
-9.244548916676182,0.04389262524738818,1.783696005221064
-9.244548916676182,0.04389262524738818,1.7622314643642494
-9.244548916676182,0.04389262524738818,1.7429133775931163
-9.244548916676182,0.04389262524738818,1.7255270994990963
-9.244548916676182,0.04389262524738818,1.7081408214050764
-9.244548916676182,0.04389262524738818,1.6924931711204583
-9.244548916676182,0.04389262524738818,1.6801489136737044
-9.244548916676182,0.04389262524738818,1.669039081971626
-9.244548916676182,0.04389262524738818,1.659040233439755
-9.244548916676182,0.04389262524738818,1.650041269761071
-9.244548916676182,0.04389262524738818,1.641042306082387
-9.244548916676182,0.04389262524738818,1.6329432387715717
-9.244548916676182,0.04389262524738818,1.6265539745597064
-9.244548916676182,0.04389262524738818,1.6201647103478407
-9.244548916676182,0.04389262524738818,1.6150532989783488
-9.244548916676182,0.04389262524738818,1.6099418876088563
-9.244548916676182,0.04389262524738818,1.6058527585132623
-9.244548916676182,0.04389262524738818,1.602172542327228
-9.244548916676182,0.04389262524738818,1.5988603477597971
-9.244548916676182,0.04389262524738818,1.595879372649109
-9.244548916676182,0.04389262524738818,1.59319649504949
-9.244548916676182,0.04389262524738818,1.5907819052098326
-9.244548916676182,0.04389262524738818,1.588608774354141
-9.244548916676182,0.04389262524738818,1.5866529565840188
-9.244548916676182,0.04389262524738818,1.584697138813896
-9.244548916676182,0.04389262524738818,1.5831324845977985
-9.244548916676182,0.04389262524738818,1.5817242958033102
-9.244548916676182,0.04389262524738818,1.580316107008822
-9.244548916676182,0.04389262524738818,1.5791895559732319
-9.244548916676182,0.04389262524738818,1.5781756600412
-9.244548916676182,0.04389262524738818,1.5771617641091686
-9.244548916676182,0.04389262524738818,1.5763506473635438
-9.244548916676182,0.04389262524738818,1.5755395306179187
-9.244548916676182,0.04389262524738818,1.5748906372214189
-9.244548916676182,0.04389262524738818,1.5742417438249185
-9.244548916676182,0.04389262524738818,1.5735928504284185
-9.244548916676182,0.04389262524738818,1.5729439570319188
-9.244548916676182,0.04389262524738818,1.5724248423147176
-9.244548916676182,0.04389262524738818,1.572035506276818
-9.244548916676182,0.04389262524738818,1.5716461702389177
-9.244548916676182,0.04389262524738818,1.5713866128803178
-9.244548916676182,0.04389262524738818,1.571153011257578
-9.244548916676182,0.04389262524738818,1.5709427697971123
-9.244548916676182,0.04389262524738818,1.5707535524826919
-9.244548916676182,0.04389262524738818,1.570583256899715
-9.244548916676182,0.04389262524738818,1.5704299908750352
-9.244548916676182,0.04389262524738818,1.5702920514528231
-9.244548916676182,0.04389262524738818,1.5701679059728328
-9.244548916676182,0.04389262524738818,1.5700561750408413
-9.244548916676182,0.04389262524738818,1.5699556172020486
-9.244548916676182,0.04389262524738818,1.5698550593632559
-9.244501853311549,0.09389260309778037,1.5698550593632559
-9.244454789946916,0.14389258094817256,1.5698550593632559
-9.244407726582283,0.19389255879856476,1.5698550593632559
-9.244374782227041,0.2288925432938393,1.5698550593632559
-9.244341837871799,0.2638925277891138,1.5698550593632559
-9.244315482387604,0.29189251538533345,1.5698550593632559
-9.244289126903409,0.3198925029815531,1.5698550593632559
-9.244262771419214,0.3478924905777727,1.5698550593632559
-9.244236415935019,0.37589247817399235,1.5698550593632559
-9.244217967096082,0.3954924694913461,1.5698550593632559
-9.244199518257146,0.4150924608086998,1.5698550593632559
-9.244187394734416,0.42797245510296084,1.5698550593632559
-9.244175271211686,0.44085244939722185,1.5698550593632559
-9.24416436004123,0.45244444426205677,1.5698550593632559
-9.244153448870774,0.4640364391268917,1.5698550593632559
-9.244145932286681,0.47202203558933353,1.5698550593632559
-9.244139167360998,0.4792090724055312,1.5698550593632559
-9.244132402435316,0.4863961092217288,1.5698550593632559
-9.24412699049477,0.49214573867468697,1.5698550593632559
-9.244121578554225,0.4978953681276451,1.5698550593632559
-9.244116707807732,0.5030700346353074,1.5698550593632559
-9.244112378255295,0.5076697381976739,1.5698550593632559
-9.244108048702858,0.5122694417600404,1.5698550593632559
-9.244105072135557,0.5154317379591674,1.5698550593632559
-9.244102095568257,0.5185940341582944,1.5698550593632559
-9.244099119000957,0.5217563303574214,1.5698550593632559
-9.244096142433657,0.5249186265565484,1.5698550593632559
-9.244094356493276,0.5268160042760246,1.5698550593632559
-9.244092570552896,0.5287133819955008,1.5698550593632559
-9.244091141800592,0.5302312841710817,1.5698550593632559
-9.244089713048288,0.5317491863466626,1.5698550593632559
-9.244088570046445,0.5329635080871273,1.5698550593632559
-9.244087427044603,0.5341778298275921,1.5698550593632559
-9.24408648577731,0.5351778293845999,1.5698550593632559
-9.244085544510016,0.5361778289416077,1.5698550593632559
-9.244084603242722,0.5371778284986155,1.5698550593632559
-9.244083661975429,0.5381778280556233,1.5698550593632559
-9.244082720708136,0.5391778276126311,1.5698550593632559
-9.244081779440842,0.5401778271696389,1.5698550593632559
-9.244081779440842,0.5401778271696389,1.7269346920427457
-9.244081779440842,0.5401778271696389,1.8840143247222356
-9.244081779440842,0.5401778271696389,2.041093957401725
-9.244081779440842,0.5401778271696389,2.1981735900812147
-9.244081779440842,0.5401778271696389,2.355253222760705
-9.244081779440842,0.5401778271696389,2.512332855440194
-9.244081779440842,0.5401778271696389,2.6694124881196837
-9.244081779440842,0.5401778271696389,2.8264921207991733
-9.244081779440842,0.5401778271696389,2.983571753478663
-9.244081779440842,0.5401778271696389,3.1406513861581526
-9.244081779440842,0.5401778271696389,-2.985454288341944
-9.244081779440842,0.5401778271696389,-2.8283746556624543
-9.244081779440842,0.5401778271696389,-2.6712950229829646
-9.244081779440842,0.5401778271696389,-2.514215390303475
-9.244081779440842,0.5401778271696389,-2.3571357576239853
-9.244081779440842,0.5401778271696389,-2.2000561249444957
-9.244081779440842,0.5401778271696389,-2.042976492265007
-9.244081779440842,0.5401778271696389,-1.885896859585517
-9.244081779440842,0.5401778271696389,-1.7288172269060267
-9.244081779440842,0.5401778271696389,-1.5717375942265368
-9.244081779440842,0.5401778271696389,-1.4146579615470474
-9.244081779440842,0.5401778271696389,-1.2732862921355066
-9.244081779440842,0.5401778271696389,-1.1460517896651201
-9.244081779440842,0.5401778271696389,-1.0188172871947332
-9.244081779440842,0.5401778271696389,-0.917029685218424
-9.244081779440842,0.5401778271696389,-0.815242083242115
-9.244081779440842,0.5401778271696389,-0.7338120016610673
-9.244081779440842,0.5401778271696389,-0.6523819200800197
-9.244081779440842,0.5401778271696389,-0.5872378548151819
-9.244081779440842,0.5401778271696389,-0.5286081960768274
-9.244081779440842,0.5401778271696389,-0.47584150321230867
-9.244081779440842,0.5401778271696389,-0.42307481034779004
-9.244081779440842,0.5401778271696389,-0.3755847867697232
-9.244081779440842,0.5401778271696389,-0.3381204348359148
-9.244081779440842,0.5401778271696389,-0.30440251809548724
-9.244081779440842,0.5401778271696389,-0.27068460135505984
-9.244081779440842,0.5401778271696389,-0.24371026796271797
-9.244081779440842,0.5401778271696389,-0.21943336790961002
-9.244081779440842,0.5401778271696389,-0.19758415786181313
-9.244081779440842,0.5401778271696389,-0.17573494781401608
-9.244081779440842,0.5401778271696389,-0.1582555797757784
-9.244081779440842,0.5401778271696389,-0.14252414854136464
-9.244081779440842,0.5401778271696389,-0.12836586043039214
-9.244081779440842,0.5401778271696389,-0.11562340113051701
-9.244081779440842,0.5401778271696389,-0.10288094183064171
-9.244081779440842,0.5401778271696389,-0.0926869743907416
-9.244081779440842,0.5401778271696389,-0.08249300695084144
-9.244081779440842,0.5401778271696389,-0.07433783299892126
-9.244081779440842,0.5401778271696389,-0.06618265904700107
-9.244081779440842,0.5401778271696389,-0.05965851988546492
-9.244081779440842,0.5401778271696389,-0.05378679464008248
-9.244081779440842,0.5401778271696389,-0.048502241919238256
-9.244081779440842,0.5401778271696389,-0.04374614447047848
-9.244081779440842,0.5401778271696389,-0.039465656766594644
-9.244081779440842,0.5401778271696389,-0.03561321783309914
-9.244081779440842,0.5401778271696389,-0.03214602279295327
-9.244081779440842,0.5401778271696389,-0.029025547256821996
-9.244081779440842,0.5401778271696389,-0.025905071720690714
-9.244081779440842,0.5401778271696389,-0.02340869129178563
-9.244081779440842,0.5401778271696389,-0.02091231086288055
-9.244081779440842,0.5401778271696389,-0.01866556847686597
-9.244081779440842,0.5401778271696389,-0.01666846413374189
-9.244081779440842,0.5401778271696389,-0.015095744463531662
-9.244081779440842,0.5401778271696389,-0.013680296760342532
-9.244081779440842,0.5401778271696389,-0.012264849057153407
-9.244081779440842,0.5401778271696389,-0.011132490894602066
-9.244081779440842,0.5401778271696389,-0.010000132732050717
-9.244081779440842,0.5401778271696389,-0.008981010385754521
-9.244081779440842,0.5401778271696389,-0.00807512385571345
-9.244081779440842,0.5401778271696389,-0.0073617382133061345
-9.244081779440842,0.5401778271696389,-0.0066483525708988175
-9.244081779440842,0.5401778271696389,-0.006077644056972949
-9.244081779440842,0.5401778271696389,-0.005506935543047076
-9.244081779440842,0.5401778271696389,-0.0049932978805137425
-9.244081779440842,0.5401778271696389,-0.004588094835626408
-9.244081779440842,0.5401778271696389,-0.004223412095227758
-9.244081779440842,0.5401778271696389,-0.003895197628868982
-9.244081779440842,0.5401778271696389,-0.003599804609146075
-9.244081779440842,0.5401778271696389,-0.0033339508913954275
-9.244081779440842,0.5401778271696389,-0.003094682545419926
-9.244081779440842,0.5401778271696389,-0.0028793410340419343
-9.244081779440842,0.5401778271696389,-0.002663999522663942
-9.244081779440842,0.5401778271696389,-0.0024917263135615484
-9.244081779440842,0.5401778271696389,-0.0023366804253694344
-9.244081779440842,0.5401778271696389,-0.00218163453717732
-9.244081779440842,0.5401778271696389,-0.0020420932378043366
-9.244081779440842,0.5401778271696389,-0.0019180565272505857
-9.244081779440842,0.5401778271696389,-0.15899768920674026
-9.244081779440842,0.5401778271696389,-0.31607732188622994
-9.244081779440842,0.5401778271696389,-0.4731569545657196
-9.244081779440842,0.5401778271696389,-0.6302365872452091
-9.244081779440842,0.5401778271696389,-0.7873162199246988
-9.244081779440842,0.5401778271696389,-0.9443958526041882
-9.244081779440842,0.5401778271696389,-1.1014754852836783
-9.244081779440842,0.5401778271696389,-1.2585551179631682
-9.244081779440842,0.5401778271696389,-1.4156347506426579
-9.244081779440842,0.5401778271696389,-1.5727143833221473
-9.244081779440842,0.5401778271696389,-1.7297940160016372
-9.244081779440842,0.5401778271696389,-1.886873648681127
-9.244081779440842,0.5401778271696389,-2.0439532813606163
-9.244081779440842,0.5401778271696389,-2.2010329140401055
-9.244081779440842,0.5401778271696389,-2.358112546719595
-9.244081779440842,0.5401778271696389,-2.515192179399085
-9.244081779440842,0.5401778271696389,-2.6722718120785744
-9.244081779440842,0.5401778271696389,-2.829351444758064
-9.244081779440842,0.5401778271696389,-2.9864310774375538
-9.244081779440842,0.5401778271696389,3.139674597062543
-9.244081779440842,0.5401778271696389,2.982594964383053
-9.244081779440842,0.5401778271696389,2.8255153317035635
-9.244081779440842,0.5401778271696389,2.6841436622920227
-9.244081779440842,0.5401778271696389,2.572617123089585
-9.244081779440842,0.5401778271696389,2.472243237807391
-9.244081779440842,0.5401778271696389,2.3819067410534163
-9.244081779440842,0.5401778271696389,2.300603893974839
-9.244081779440842,0.5401778271696389,2.2274313316041203
-9.244081779440842,0.5401778271696389,2.1615760254704726
-9.244081779440842,0.5401778271696389,2.10230624995019
-9.244081779440842,0.5401778271696389,2.0489634519819355
-9.244081779440842,0.5401778271696389,2.000954933810507
-9.244081779440842,0.5401778271696389,1.9577472674562202
-9.244081779440842,0.5401778271696389,1.9145396011019349
-9.244081779440842,0.5401778271696389,1.8799734680185058
-9.244081779440842,0.5401778271696389,1.845407334935077
-9.244081779440842,0.5401778271696389,1.8177544284683345
-9.244081779440842,0.5401778271696389,1.7928668126482652
-9.244081779440842,0.5401778271696389,1.7704679584102034
-9.244081779440842,0.5401778271696389,1.7503089895959474
-9.244081779440842,0.5401778271696389,1.7301500207816924
-9.244081779440842,0.5401778271696389,1.7120069488488614
-9.244081779440842,0.5401778271696389,1.6938638769160315
-9.244081779440842,0.5401778271696389,1.6795510090579102
-9.244081779440842,0.5401778271696389,1.6652381411997887
-9.244081779440842,0.5401778271696389,1.6556021541065742
-9.244081779440842,0.5401778271696389,1.64596616701336
-9.244081779440842,0.5401778271696389,1.6372937786294672
-9.244081779440842,0.5401778271696389,1.6295849889548961
-9.244081779440842,0.5401778271696389,1.621876199280325
-9.244081779440842,0.5401778271696389,1.6158055274115994
-9.244081779440842,0.5401778271696389,1.6111128016972043
-9.244081779440842,0.5401778271696389,1.6068893485542481
-9.244081779440842,0.5401778271696389,1.603088240725588
-9.244081779440842,0.5401778271696389,1.599667243679794
-9.244081779440842,0.5401778271696389,1.596588346338579
-9.244081779440842,0.5401778271696389,1.5935094489973645
-9.244081779440842,0.5401778271696389,1.5910463311243928
-9.244081779440842,0.5401778271696389,1.588829525038718
-9.244081779440842,0.5401778271696389,1.5868343995616108
-9.244081779440842,0.5401778271696389,1.5848392740845034
-9.244081779440842,0.5401778271696389,1.5832431737028185
-9.244081779440842,0.5401778271696389,1.5818066833593007
-9.244081779440842,0.5401778271696389,1.5805138420501352
-9.244081779440842,0.5401778271696389,1.5793502848718863
-9.244081779440842,0.5401778271696389,1.5783030834114629
-9.244081779440842,0.5401778271696389,1.5772558819510387
-9.244081779440842,0.5401778271696389,1.576313400636657
-9.244081779440842,0.5401778271696389,1.5755698875997557
-9.244081779440842,0.5401778271696389,1.5748263745628543
-9.244081779440842,0.5401778271696389,1.5742315641333333
-9.244081779440842,0.5401778271696389,1.573636753703813
-9.244081779440842,0.5401778271696389,1.573160905360196
-9.244081779440842,0.5401778271696389,1.5727326418509409
-9.244081779440842,0.5401778271696389,1.5723043783416863
-9.244081779440842,0.5401778271696389,1.5719617675342823
-9.244081779440842,0.5401778271696389,1.5716191567268787
-9.244081779440842,0.5401778271696389,1.5713108070002144
-9.244081779440842,0.5401778271696389,1.5710675533269578
-9.244081779440842,0.5401778271696389,1.570848625021027
-9.244081779440842,0.5401778271696389,1.5706296967150957
-9.244081779440842,0.5401778271696389,1.5704545540703507
-9.244081779440842,0.5401778271696389,1.5702794114256058
-9.244081779440842,0.5401778271696389,1.5701392973098098
-9.244081779440842,0.5401778271696389,1.5699991831940137
-9.244081779440842,0.5401778271696389,1.569887091901377
-9.244081779440842,0.5401778271696389,1.569786209738004
-9.244031273596587,0.5901778016612294,1.569786209738004
-9.243980767752332,0.6401777761528198,1.569786209738004
-9.243940363076927,0.6801777557460922,1.569786209738004
-9.243903998869063,0.7161777373800373,1.569786209738004
-9.2438676346612,0.7521777190139824,1.569786209738004
-9.243838543294908,0.7809777043211386,1.569786209738004
-9.243812361065245,0.806897691097579,1.569786209738004
-9.243786178835583,0.8328176778740195,1.569786209738004
-9.243765233051853,0.8535536672951719,1.569786209738004
-9.243744287268123,0.8742896567163243,1.569786209738004
-9.24372753064114,0.8908784482532462,1.569786209738004
-9.243710774014156,0.9074672397901682,1.569786209738004
-9.24369569304987,0.9223971521733979,1.569786209738004
-9.243680612085585,0.9373270645566276,1.569786209738004
-9.243670222976855,0.9476121153095192,1.569786209738004
-9.243660872778998,0.9568686609871216,1.569786209738004
-9.24365152258114,0.9661252066647241,1.569786209738004
-9.243644042422856,0.973530443206806,1.569786209738004
-9.243636562264571,0.980935679748888,1.569786209738004
-9.243630578137942,0.9868598689825535,1.569786209738004
-9.243624594011314,0.9927840582162191,1.569786209738004
-9.243619806710011,0.9975234096031516,1.569786209738004
-9.24361501940871,1.002262760990084,1.569786209738004
-9.243610232107407,1.0070021123770165,1.569786209738004
-9.243606880996495,1.0103196583478693,1.569786209738004
-9.243603529885583,1.013637204318722,1.569786209738004
-9.243600513885761,1.0166229956924895,1.569786209738004
-9.24359749788594,1.019608787066257,1.569786209738004
-9.243595118597192,1.0219642447055624,1.569786209738004
-9.243592739308443,1.0243197023448678,1.569786209738004
-9.243591137477427,1.0259054893189354,1.569786209738004
-9.24358953564641,1.027491276293003,1.569786209738004
-9.243588254181597,1.0287599058722572,1.569786209738004
-9.243586972716784,1.0300285354515113,1.569786209738004
-9.243585947544934,1.0310434391149146,1.569786209738004
-9.243584922373085,1.0320583427783179,1.569786209738004
-9.2435839122562,1.0330583422681496,1.569786209738004
-9.243582902139316,1.0340583417579814,1.569786209738004
-9.243581892022432,1.0350583412478132,1.569786209738004
-9.243580881905547,1.036058340737645,1.569786209738004
-9.243579871788663,1.0370583402274767,1.569786209738004
-9.243578861671779,1.0380583397173084,1.569786209738004
-9.243578861671779,1.0380583397173084,1.7268658424174936
-9.243578861671779,1.0380583397173084,1.8682375118290342
-9.243578861671779,1.0380583397173084,1.995472014299421
-9.243578861671779,1.0380583397173084,2.1099830665227697
-9.243578861671779,1.0380583397173084,2.2244941187461174
-9.243578861671779,1.0380583397173084,2.3161029605247956
-9.243578861671779,1.0380583397173084,2.4077118023034743
-9.243578861671779,1.0380583397173084,2.490159759904284
-9.243578861671779,1.0380583397173084,2.5552020375671463
-9.243578861671779,1.0380583397173084,2.6202443152300074
-9.243578861671779,1.0380583397173084,2.6787823651265827
-9.243578861671779,1.0380583397173084,2.7249623822672144
-9.243578861671779,1.0380583397173084,2.771142399407846
-9.243578861671779,1.0380583397173084,2.8080864131203516
-9.243578861671779,1.0380583397173084,2.8413360254616067
-9.243578861671779,1.0380583397173084,2.874585637802862
-9.243578861671779,1.0380583397173084,2.904510288909991
-9.243578861671779,1.0380583397173084,2.9281175136722823
-9.243578861671779,1.0380583397173084,2.9517247384345735
-9.243578861671779,1.0380583397173084,2.9729712407206352
-9.243578861671779,1.0380583397173084,2.9897323703018617
-9.243578861671779,1.0380583397173084,3.006493499883088
-9.243578861671779,1.0380583397173084,3.0199024035480693
-9.243578861671779,1.0380583397173084,3.0319704168465527
-9.243578861671779,1.0380583397173084,3.0428316288151875
-9.243578861671779,1.0380583397173084,3.052606719586959
-9.243578861671779,1.0380583397173084,3.061404301281553
-9.243578861671779,1.0380583397173084,3.0693221248066878
-9.243578861671779,1.0380583397173084,3.076448165979309
-9.243578861671779,1.0380583397173084,3.0828616030346683
-9.243578861671779,1.0380583397173084,3.0892750400900275
-9.243578861671779,1.0380583397173084,3.0956884771453868
-9.243578861671779,1.0380583397173084,3.100177883084138
-9.243578861671779,1.0380583397173084,3.1042183484290145
-9.243578861671779,1.0380583397173084,3.1078547672394032
-9.243578861671779,1.0380583397173084,3.111491186049792
-9.243578861671779,1.0380583397173084,3.114400321098103
-9.243578861671779,1.0380583397173084,3.1170185426415826
-9.243578861671779,1.0380583397173084,3.119636764185062
-9.243578861671779,1.0380583397173084,3.121731341419846
-9.243578861671779,1.0380583397173084,3.1236164609311516
-9.243578861671779,1.0380583397173084,3.125501580442457
-9.243578861671779,1.0380583397173084,3.1270096760515016
-9.243578861671779,1.0380583397173084,3.128517771660546
-9.243578861671779,1.0380583397173084,3.129724248147782
-9.243578861671779,1.0380583397173084,3.1309307246350175
-9.243578861671779,1.0380583397173084,3.131895905824806
-9.243578861671779,1.0380583397173084,3.1328610870145943
-9.243578861671779,1.0380583397173084,3.133633231966425
-9.243578861671779,1.0380583397173084,3.1343281624230723
-9.243578861671779,1.0380583397173084,3.13502309287972
-9.243578861671779,1.0380583397173084,3.135579037245038
-9.243578861671779,1.0380583397173084,3.136079387173824
-9.243578861671779,1.0380583397173084,3.1365797371026103
-9.243578861671779,1.0380583397173084,3.1369800170456394
-9.243578861671779,1.0380583397173084,3.1373402689943655
-9.243578861671779,1.0380583397173084,3.137664495748219
-9.243578861671779,1.0380583397173084,3.137956299826687
-9.243578861671779,1.0380583397173084,3.1382189234973086
-9.243578861671779,1.0380583397173084,3.1384552848008678
-9.243578861671779,1.0380583397173084,3.138668009974071
-9.243578861671779,1.0380583397173084,3.138859462629954
-9.243578861671779,1.0380583397173084,3.1390317700202486
-9.243578861671779,1.0380583397173084,3.139186846671514
-9.243578861671779,1.0380583397173084,3.1393264156576524
-9.243578861671779,1.0380583397173084,3.139452027745177
-9.243578861671779,1.0380583397173084,3.1395650786239497
-9.243578861671779,1.0380583397173084,3.1396781295027223
-9.243578861671779,1.0380583397173084,2.9825984968232326
-9.243578861671779,1.0380583397173084,2.841226827411692
-9.243578861671779,1.0380583397173084,2.713992324941305
-9.243578861671779,1.0380583397173084,2.599481272717957
-9.243578861671779,1.0380583397173084,2.496421325716944
-9.243578861671779,1.0380583397173084,2.3933613787159307
-9.243578861671779,1.0380583397173084,2.3109134211151203
-9.243578861671779,1.0380583397173084,2.2367102592743913
-9.243578861671779,1.0380583397173084,2.1625070974336613
-9.243578861671779,1.0380583397173084,2.1031445679610776
-9.243578861671779,1.0380583397173084,2.043782038488494
-9.243578861671779,1.0380583397173084,1.9962920149104275
-9.243578861671779,1.0380583397173084,1.9535509936901674
-9.243578861671779,1.0380583397173084,1.9150840745919324
-9.243578861671779,1.0380583397173084,1.8804638474035227
-9.243578861671779,1.0380583397173084,1.8493056429339532
-9.243578861671779,1.0380583397173084,1.8212632589113398
-9.243578861671779,1.0380583397173084,1.7960251132909886
-9.243578861671779,1.0380583397173084,1.7733107822326724
-9.243578861671779,1.0380583397173084,1.7505964511743561
-9.243578861671779,1.0380583397173084,1.732424986327703
-9.243578861671779,1.0380583397173084,1.7160706679657156
-9.243578861671779,1.0380583397173084,1.7013517814399264
-9.243578861671779,1.0380583397173084,1.688104783566716
-9.243578861671779,1.0380583397173084,1.6761824854808272
-9.243578861671779,1.0380583397173084,1.6642601873949383
-9.243578861671779,1.0380583397173084,1.6535301191176384
-9.243578861671779,1.0380583397173084,1.6439922806489267
-9.243578861671779,1.0380583397173084,1.6355274490079459
-9.243578861671779,1.0380583397173084,1.6288628843779334
-9.243578861671779,1.0380583397173084,1.6228647762109225
-9.243578861671779,1.0380583397173084,1.6174664788606128
-9.243578861671779,1.0380583397173084,1.6126080112453343
-9.243578861671779,1.0380583397173084,1.6077495436300553
-9.243578861671779,1.0380583397173084,1.6033769227763044
-9.243578861671779,1.0380583397173084,1.5999274107694568
-9.243578861671779,1.0380583397173084,1.5968228499632935
-9.243578861671779,1.0380583397173084,1.5940287452377464
-9.243578861671779,1.0380583397173084,1.5912346405122
-9.243578861671779,1.0380583397173084,1.5889993567317624
-9.243578861671779,1.0380583397173084,1.5867640729513248
-9.243578861671779,1.0380583397173084,1.5847523175489313
-9.243578861671779,1.0380583397173084,1.5827405621465376
-9.243578861671779,1.0380583397173084,1.5809523351221875
-9.243578861671779,1.0380583397173084,1.5797452818807511
-9.243578861671779,1.0380583397173084,1.5786589339634594
-9.243578861671779,1.0380583397173084,1.5776812208378956
-9.243578861671779,1.0380583397173084,1.5768012790248889
-9.243578861671779,1.0380583397173084,1.5760093313931822
-9.243578861671779,1.0380583397173084,1.575296578524647
-9.243578861671779,1.0380583397173084,1.574655100942965
-9.243578861671779,1.0380583397173084,1.574077771119451
-9.243578861671779,1.0380583397173084,1.5735581742782887
-9.243578861671779,1.0380583397173084,1.5730905371212416
-9.243578861671779,1.0380583397173084,1.5726696636799002
-9.243578861671779,1.0380583397173084,1.5722487902385596
-9.243578861671779,1.0380583397173084,1.5719120914854854
-9.243578861671779,1.0380583397173084,1.5715753927324128
-9.243578861671779,1.0380583397173084,1.5712386939793395
-9.243578861671779,1.0380583397173084,1.5710030048521881
-9.243578861671779,1.0380583397173084,1.5707673157250364
-9.243578861671779,1.0380583397173084,1.5705551955105999
-9.243578861671779,1.0380583397173084,1.5703878562303228
-9.243578861671779,1.0380583397173084,1.5702205169500456
-9.243578861671779,1.0380583397173084,1.5700699115977956
-9.243578861671779,1.0380583397173084,1.5699360401735736
-9.243578861671779,1.0380583397173084,1.5698021687493513
-9.24352915377769,1.088058315008555,1.5698021687493513
-9.243479445883601,1.1380582902998015,1.5698021687493513
-9.24343470877892,1.1830582680619235,1.5698021687493513
-9.24338997167424,1.2280582458240454,1.5698021687493513
-9.243354679069437,1.2635582282808304,1.5698021687493513
-9.243319386464634,1.2990582107376154,1.5698021687493513
-9.243295626091259,1.3229581989268313,1.5698021687493513
-9.243271865717883,1.3468581871160472,1.5698021687493513
-9.243252857419183,1.3659781776674198,1.5698021687493513
-9.243233849120482,1.3850981682187924,1.5698021687493513
-9.243218642481523,1.4003941606598906,1.5698021687493513
-9.243203435842563,1.415690153100989,1.5698021687493513
-9.243191270531396,1.4279269470538674,1.5698021687493513
-9.243179105220229,1.4401637410067458,1.5698021687493513
-9.243169372971295,1.4499531761690487,1.5698021687493513
-9.24315964072236,1.4597426113313516,1.5698021687493513
-9.243151854923214,1.467574159461194,1.5698021687493513
-9.243144069124067,1.4754057075910363,1.5698021687493513
-9.24313784048475,1.48167094609491,1.5698021687493513
-9.243131611845431,1.4879361845987837,1.5698021687493513
-9.243126628933977,1.4929483754018829,1.5698021687493513
-9.243121646022523,1.497960566204982,1.5698021687493513
-9.243116663111069,1.502972757008081,1.5698021687493513
-9.243112676781905,1.5069825096505602,1.5698021687493513
-9.243109587376804,1.5100900679484817,1.5698021687493513
-9.243106497971702,1.513197626246403,1.5698021687493513
-9.243103717507111,1.5159944287145324,1.5698021687493513
-9.24310093704252,1.5187912311826617,1.5698021687493513
-9.243099021611357,1.5207179173273728,1.5698021687493513
-9.243097106180194,1.522644603472084,1.5698021687493513
-9.243095573835264,1.524185952387853,1.5698021687493513
-9.243094041490334,1.5257273013036219,1.5698021687493513
-9.243092662379897,1.527114515327814,1.5698021687493513
-9.243091283269461,1.5285017293520062,1.5698021687493513
-9.24309028911158,1.5295017288578312,1.5698021687493513
-9.243089294953698,1.5305017283636562,1.5698021687493513
-9.243088300795817,1.5315017278694811,1.5698021687493513
-9.243087306637936,1.532501727375306,1.5698021687493513
-9.243086312480054,1.533501726881131,1.5698021687493513
-9.243085318322173,1.534501726386956,1.5698021687493513
-9.243085318322173,1.534501726386956,1.726881801428841
-9.243085318322173,1.534501726386956,1.8839614341083306
-9.243085318322173,1.534501726386956,2.0410410667878205
-9.243085318322173,1.534501726386956,2.19812069946731
-9.243085318322173,1.534501726386956,2.3552003321468
-9.243085318322173,1.534501726386956,2.5122799648262895
-9.243085318322173,1.534501726386956,2.669359597505779
-9.243085318322173,1.534501726386956,2.8264392301852688
-9.243085318322173,1.534501726386956,2.9835188628647584
-9.243085318322173,1.534501726386956,3.140598495544248
-9.243085318322173,1.534501726386956,-2.9855071789558485
-9.243085318322173,1.534501726386956,-2.828427546276359
-9.243085318322173,1.534501726386956,-2.671347913596869
-9.243085318322173,1.534501726386956,-2.5142682809173795
-9.243085318322173,1.534501726386956,-2.35718864823789
-9.243085318322173,1.534501726386956,-2.2001090155584
-9.243085318322173,1.534501726386956,-2.0430293828789097
-9.243085318322173,1.534501726386956,-1.8859497501994211
-9.243085318322173,1.534501726386956,-1.7288701175199317
-9.243085318322173,1.534501726386956,-1.5717904848404411
-9.243085318322173,1.534501726386956,-1.414710852160952
-9.243085318322173,1.534501726386956,-1.2733391827494114
-9.243085318322173,1.534501726386956,-1.1461046802790245
-9.243085318322173,1.534501726386956,-1.0315936280556766
-9.243085318322173,1.534501726386956,-0.9285336810546636
-9.243085318322173,1.534501726386956,-0.8357797287537516
-9.243085318322173,1.534501726386956,-0.7523011716829311
-9.243085318322173,1.534501726386956,-0.6688226146121103
-9.243085318322173,1.534501726386956,-0.593691913248372
-9.243085318322173,1.534501726386956,-0.5185612118846333
-9.243085318322173,1.534501726386956,-0.46680450650072464
-9.243085318322173,1.534501726386956,-0.4150478011168157
-9.243085318322173,1.534501726386956,-0.37364243680968856
-9.243085318322173,1.534501726386956,-0.3363776089332743
-9.243085318322173,1.534501726386956,-0.3028392638445014
-9.243085318322173,1.534501726386956,-0.26930091875572837
-9.243085318322173,1.534501726386956,-0.24247024268470987
-9.243085318322173,1.534501726386956,-0.21832263422079348
-9.243085318322173,1.534501726386956,-0.19658978660326865
-9.243085318322173,1.534501726386956,-0.17703022374749636
-9.243085318322173,1.534501726386956,-0.15747066089172393
-9.243085318322173,1.534501726386956,-0.14182301060710611
-9.243085318322173,1.534501726386956,-0.12617536032248827
-9.243085318322173,1.534501726386956,-0.11209247506633215
-9.243085318322173,1.534501726386956,-0.10098264336425335
-9.243085318322173,1.534501726386956,-0.0898728116621746
-9.243085318322173,1.534501726386956,-0.08098494630051171
-9.243085318322173,1.534501726386956,-0.0720970809388488
-9.243085318322173,1.534501726386956,-0.06409800211335215
-9.243085318322173,1.534501726386956,-0.056098923287855436
-9.243085318322173,1.534501726386956,-0.0505884467636244
-9.243085318322173,1.534501726386956,-0.04562901789181641
-9.243085318322173,1.534501726386956,-0.04066958902000844
-9.243085318322173,1.534501726386956,-0.03620610303538131
-9.243085318322173,1.534501726386956,-0.03174261705075421
-9.243085318322173,1.534501726386956,-0.028667771150233286
-9.243085318322173,1.534501726386956,-0.02559292524971236
-9.243085318322173,1.534501726386956,-0.02313304852929566
-9.243085318322173,1.534501726386956,-0.020919159480920643
-9.243085318322173,1.534501726386956,-0.018926659337383116
-9.243085318322173,1.534501726386956,-0.017133409208199335
-9.243085318322173,1.534501726386956,-0.015340159079015562
-9.243085318322173,1.534501726386956,-0.013726233962750184
-9.243085318322173,1.534501726386956,-0.012112308846484792
-9.243085318322173,1.534501726386956,-0.01100049376639085
-9.243085318322173,1.534501726386956,-0.009999860194306263
-9.243085318322173,1.534501726386956,-0.008999226622221678
-9.243085318322173,1.534501726386956,-0.008198719764554043
-9.243085318322173,1.534501726386956,-0.007478263592653116
-9.243085318322173,1.534501726386956,-0.006829853037942321
-9.243085318322173,1.534501726386956,-0.0062462835387026095
-9.243085318322173,1.534501726386956,-0.005721070989386816
-9.243085318322173,1.534501726386956,-0.005195858440071022
-9.243085318322173,1.534501726386956,-0.004723167145686828
-9.243085318322173,1.534501726386956,-0.004350266235672693
-9.243085318322173,1.534501726386956,-0.003977365325658556
-9.243085318322173,1.534501726386956,-0.0036417545066458347
-9.243085318322173,1.534501726386956,-0.003343433778634526
-9.243085318322173,1.534501726386956,-0.00307867413252441
-9.243085318322173,1.534501726386956,-0.0028702225238265155
-9.243085318322173,1.534501726386956,-0.002661770915128621
-9.243085318322173,1.534501726386956,-0.0024533193064307287
-9.243085318322173,1.534501726386956,-0.002307403180342153
-9.243085318322173,1.534501726386956,-0.0021760786668624343
-9.243085318322173,1.534501726386956,-0.0020447541533827164
-9.243085318322173,1.534501726386956,-0.0019396945425989623
-9.243085318322173,1.534501726386956,-0.15901932722208864
-9.243085318322173,1.534501726386956,-0.3160989599015783
-9.243085318322173,1.534501726386956,-0.4731785925810681
-9.243085318322173,1.534501726386956,-0.6302582252605576
-9.243085318322173,1.534501726386956,-0.7873378579400471
-9.243085318322173,1.534501726386956,-0.9444174906195368
-9.243085318322173,1.534501726386956,-1.1014971232990265
-9.243085318322173,1.534501726386956,-1.2585767559785164
-9.243085318322173,1.534501726386956,-1.415656388658006
-9.243085318322173,1.534501726386956,-1.5727360213374957
-9.243085318322173,1.534501726386956,-1.7298156540169856
-9.243085318322173,1.534501726386956,-1.8868952866964745
-9.243085318322173,1.534501726386956,-2.043974919375964
-9.243085318322173,1.534501726386956,-2.2010545520554543
-9.243085318322173,1.534501726386956,-2.358134184734944
-9.243085318322173,1.534501726386956,-2.515213817414433
-9.243085318322173,1.534501726386956,-2.672293450093923
-9.243085318322173,1.534501726386956,-2.8293730827734125
-9.243085318322173,1.534501726386956,-2.986452715452902
-9.243085318322173,1.534501726386956,3.1396529590471944
-9.243085318322173,1.534501726386956,2.982573326367705
-9.243085318322173,1.534501726386956,2.825493693688215
-9.243085318322173,1.534501726386956,2.6998299875446232
-9.243085318322173,1.534501726386956,2.5741662814010313
-9.243085318322173,1.534501726386956,2.4610689458717987
-9.243085318322173,1.534501726386956,2.3718477145098484
-9.243085318322173,1.534501726386956,2.2915486062840933
-9.243085318322173,1.534501726386956,2.211249498058338
-9.243085318322173,1.534501726386956,2.1309503898325834
-9.243085318322173,1.534501726386956,2.0747410140745544
-9.243085318322173,1.534501726386956,2.0185316383165257
-9.243085318322173,1.534501726386956,1.9735641377101034
-9.243085318322173,1.534501726386956,1.9330933871643228
-9.243085318322173,1.534501726386956,1.8966697116731202
-9.243085318322173,1.534501726386956,1.8638884037310375
-9.243085318322173,1.534501726386956,1.8343852265831637
-9.243085318322173,1.534501726386956,1.8078323671500771
-9.243085318322173,1.534501726386956,1.783934793660299
-9.243085318322173,1.534501726386956,1.7600372201705212
-9.243085318322173,1.534501726386956,1.740919161378698
-9.243085318322173,1.534501726386956,1.7237129084660592
-9.243085318322173,1.534501726386956,1.7065066555534187
-9.243085318322173,1.534501726386956,1.6927416532233062
-9.243085318322173,1.534501726386956,1.6803531511262058
-9.243085318322173,1.534501726386956,1.6692034992388147
-9.243085318322173,1.534501726386956,1.659168812540163
-9.243085318322173,1.534501726386956,1.6501375945113768
-9.243085318322173,1.534501726386956,1.6411063764825902
-9.243085318322173,1.534501726386956,1.6338814020595605
-9.243085318322173,1.534501726386956,1.6273789250788344
-9.243085318322173,1.534501726386956,1.620876448098108
-9.243085318322173,1.534501726386956,1.6156744665135274
-9.243085318322173,1.534501726386956,1.6109926830874044
-9.243085318322173,1.534501726386956,1.6067790780038935
-9.243085318322173,1.534501726386956,1.6029868334287336
-9.243085318322173,1.534501726386956,1.5991945888535741
-9.243085318322173,1.534501726386956,1.5961607931934463
-9.243085318322173,1.534501726386956,1.5934303770993314
-9.243085318322173,1.534501726386956,1.5909730026146283
-9.243085318322173,1.534501726386956,1.5885156281299244
-9.243085318322173,1.534501726386956,1.5865497285421621
-9.243085318322173,1.534501726386956,1.5845838289543992
-9.243085318322173,1.534501726386956,1.5830111092841892
-9.243085318322173,1.534501726386956,1.5815956615809998
-9.243085318322173,1.534501726386956,1.5803217586481293
-9.243085318322173,1.534501726386956,1.5791752460085466
-9.243085318322173,1.534501726386956,1.5781433846329216
-9.243085318322173,1.534501726386956,1.5772147093948592
-9.243085318322173,1.534501726386956,1.576286034156797
-9.243085318322173,1.534501726386956,1.575450226442541
-9.243085318322173,1.534501726386956,1.574707286252091
-9.243085318322173,1.534501726386956,1.5741222208521115
-9.243085318322173,1.534501726386956,1.5735371554521322
-9.243085318322173,1.534501726386956,1.5730105965921515
-9.243085318322173,1.534501726386956,1.5725425442721672
-9.243085318322173,1.534501726386956,1.5721271478381824
-9.243085318322173,1.534501726386956,1.5717117514041965
-9.243085318322173,1.534501726386956,1.5714262394890068
-9.243085318322173,1.534501726386956,1.5711692787653355
-9.243085318322173,1.534501726386956,1.5709380141140317
-9.243085318322173,1.534501726386956,1.570706749462728
-9.243085318322173,1.534501726386956,1.5705217377416854
-9.243085318322173,1.534501726386956,1.5703552271927461
-9.243085318322173,1.534501726386956,1.570188716643807
-9.243085318322173,1.534501726386956,1.5700222060948688
-9.243085318322173,1.534501726386956,1.5698889976557175
-9.243085318322173,1.534501726386956,1.5697724402714608
-9.243085318322173,1.534501726386956,1.5696558828872031
-9.24302829613915,1.5845016938716519,1.5696558828872031
-9.242971273956126,1.6345016613563477,1.5696558828872031
-9.242914251773103,1.6845016288410435,1.5696558828872031
-9.242874336244986,1.7195016060803305,1.5696558828872031
-9.24283442071687,1.7545015833196176,1.5696558828872031
-9.242798496741564,1.786001562834976,1.5696558828872031
-9.242762572766258,1.8175015423503342,1.5696558828872031
-9.242737825138827,1.8392015282386922,1.5696558828872031
-9.242713077511395,1.8609015141270502,1.5696558828872031
-9.24269327940945,1.8782615028377365,1.5696558828872031
-9.242673481307504,1.895621491548423,1.5696558828872031
-9.242657642825947,1.9095094825169723,1.5696558828872031
-9.24264180434439,1.9233974734855215,1.5696558828872031
-9.242627549710988,1.9358966653572156,1.5696558828872031
-9.242613295077588,1.9483958572289097,1.5696558828872031
-9.242600624292342,1.959506250003749,1.5696558828872031
-9.242587953507096,1.9706166427785883,1.5696558828872031
-9.242579400727054,1.9781161579016049,1.5696558828872031
-9.242570847947013,1.9856156730246215,1.5696558828872031
-9.242565272801505,1.9905042458455509,1.5696558828872031
-9.242559697655997,1.9953928186664802,1.5696558828872031
-9.242554680025039,1.9997925342053167,1.5696558828872031
-9.242549662394081,2.004192249744153,1.5696558828872031
-9.242546205803865,2.007223164893129,1.5696558828872031
-9.24254274921365,2.010254080042105,1.5696558828872031
-9.242539292623434,2.013284995191081,1.5696558828872031
-9.242535836033218,2.016315910340057,1.5696558828872031
-9.24253376207909,2.018134459429443,1.5696558828872031
-9.242531688124961,2.0199530085188284,1.5696558828872031
-9.242529821566245,2.0215897026992757,1.5696558828872031
-9.24252795500753,2.023226396879723,1.5696558828872031
-9.24252666915597,2.0243538973151423,1.5696558828872031
-9.24252538330441,2.0254813977505615,1.5696558828872031
-9.242524242860748,2.0264813971002553,1.5696558828872031
-9.242523102417087,2.027481396449949,1.5696558828872031
-9.242521961973425,2.028481395799643,1.5696558828872031
-9.242520821529764,2.029481395149337,1.5696558828872031
-9.242519681086103,2.0304813944990308,1.5696558828872031
-9.242518540642441,2.0314813938487246,1.5696558828872031
-9.242518540642441,2.0314813938487246,1.7267355155666917
-9.242518540642441,2.0314813938487246,1.8838151482461825
-9.242518540642441,2.0314813938487246,2.040894780925672
-9.242518540642441,2.0314813938487246,2.1508505238013145
-9.242518540642441,2.0314813938487246,2.260806266676957
-9.242518540642441,2.0314813938487246,2.3707620095525996
-9.242518540642441,2.0314813938487246,2.4477310295655497
-9.242518540642441,2.0314813938487246,2.5247000495784997
-9.242518540642441,2.0314813938487246,2.60166906959145
-9.242518540642441,2.0314813938487246,2.655547383600515
-9.242518540642441,2.0314813938487246,2.70942569760958
-9.242518540642441,2.0314813938487246,2.763304011618645
-9.242518540642441,2.0314813938487246,2.80101883142499
-9.242518540642441,2.0314813938487246,2.8387336512313355
-9.242518540642441,2.0314813938487246,2.868905507076412
-9.242518540642441,2.0314813938487246,2.899077362921488
-9.242518540642441,2.0314813938487246,2.9232148475975492
-9.242518540642441,2.0314813938487246,2.9473523322736104
-9.242518540642441,2.0314813938487246,2.9714898169496715
-9.242518540642441,2.0314813938487246,2.9883860562229145
-9.242518540642441,2.0314813938487246,3.0052822954961576
-9.242518540642441,2.0314813938487246,3.018799286914752
-9.242518540642441,2.0314813938487246,3.0323162783333464
-9.242518540642441,2.0314813938487246,3.044481570610081
-9.242518540642441,2.0314813938487246,3.056646862886816
-9.242518540642441,2.0314813938487246,3.067460456021691
-9.242518540642441,2.0314813938487246,3.074759631387732
-9.242518540642441,2.0314813938487246,3.081328889217169
-9.242518540642441,2.0314813938487246,3.0878981470466056
-9.242518540642441,2.0314813938487246,3.093153553310155
-9.242518540642441,2.0314813938487246,3.0984089595737045
-9.242518540642441,2.0314813938487246,3.103664365837254
-9.242518540642441,2.0314813938487246,3.1083942314744486
-9.242518540642441,2.0314813938487246,3.113124097111643
-9.242518540642441,2.0314813938487246,3.1158569083686887
-9.242518540642441,2.0314813938487246,3.1183164385000297
-9.242518540642441,2.0314813938487246,3.1207759686313707
-9.242518540642441,2.0314813938487246,3.123235498762712
-9.242518540642441,2.0314813938487246,3.125695028894053
-9.242518540642441,2.0314813938487246,3.128154559025394
-9.242518540642441,2.0314813938487246,3.1293843240910646
-9.242518540642441,2.0314813938487246,3.1306140891567353
-9.242518540642441,2.0314813938487246,3.131597901209272
-9.242518540642441,2.0314813938487246,3.132483332056555
-9.242518540642441,2.0314813938487246,3.133280219819109
-9.242518540642441,2.0314813938487246,3.133997418805408
-9.242518540642441,2.0314813938487246,3.134714617791707
-9.242518540642441,2.0314813938487246,3.1352883769807462
-9.242518540642441,2.0314813938487246,3.1358047602508816
-9.242518540642441,2.0314813938487246,3.136321143521017
-9.242518540642441,2.0314813938487246,3.1367342501371254
-9.242518540642441,2.0314813938487246,3.1371060460916227
-9.242518540642441,2.0314813938487246,3.1374406624506705
-9.242518540642441,2.0314813938487246,3.1377418171738136
-9.242518540642441,2.0314813938487246,3.138012856424642
-9.242518540642441,2.0314813938487246,3.138256791750388
-9.242518540642441,2.0314813938487246,3.1384763335435593
-9.242518540642441,2.0314813938487246,3.1386739211574133
-9.242518540642441,2.0314813938487246,3.138851750009882
-9.242518540642441,2.0314813938487246,3.139029578862351
-9.242518540642441,2.0314813938487246,3.1391896248295725
-9.242518540642441,2.0314813938487246,3.139315883314825
-9.242518540642441,2.0314813938487246,3.1394295159515524
-9.242518540642441,2.0314813938487246,3.1395431485882797
-9.242518540642441,2.0314813938487246,2.98246351590879
-9.242518540642441,2.0314813938487246,2.8253838832293003
-9.242518540642441,2.0314813938487246,2.6840122138177596
-9.242518540642441,2.0314813938487246,2.5583485076741677
-9.242518540642441,2.0314813938487246,2.44682196847173
-9.242518540642441,2.0314813938487246,2.3478617998836513
-9.242518540642441,2.0314813938487246,2.269950302074625
-9.242518540642441,2.0314813938487246,2.1920388042655983
-9.242518540642441,2.0314813938487246,2.114127306456571
-9.242518540642441,2.0314813938487246,2.0362158086475444
-9.242518540642441,2.0314813938487246,1.9816777601812257
-9.242518540642441,2.0314813938487246,1.93493086149581
-9.242518540642441,2.0314813938487246,1.8983124575255672
-9.242518540642441,2.0314813938487246,1.8616940535553246
-9.242518540642441,2.0314813938487246,1.8323993303791302
-9.242518540642441,2.0314813938487246,1.8031046072029357
-9.242518540642441,2.0314813938487246,1.7796688286619804
-9.242518540642441,2.0314813938487246,1.7585766279751212
-9.242518540642441,2.0314813938487246,1.7395936473569469
-9.242518540642441,2.0314813938487246,1.7225089648005907
-9.242518540642441,2.0314813938487246,1.7071327504998697
-9.242518540642441,2.0314813938487246,1.693294157629221
-9.242518540642441,2.0314813938487246,1.6808394240456372
-9.242518540642441,2.0314813938487246,1.6683846904620536
-9.242518540642441,2.0314813938487246,1.6571754302368285
-9.242518540642441,2.0314813938487246,1.648332569392484
-9.242518540642441,2.0314813938487246,1.6403739946325735
-9.242518540642441,2.0314813938487246,1.6324154198726637
-9.242518540642441,2.0314813938487246,1.6260485600647352
-9.242518540642441,2.0314813938487246,1.6196817002568076
-9.242518540642441,2.0314813938487246,1.6145882124104651
-9.242518540642441,2.0314813938487246,1.6100040733487568
-9.242518540642441,2.0314813938487246,1.6054199342870483
-9.242518540642441,2.0314813938487246,1.6012942091315114
-9.242518540642441,2.0314813938487246,1.5976268978821446
-9.242518540642441,2.0314813938487246,1.5947388902732686
-9.242518540642441,2.0314813938487246,1.5921396834252797
-9.242518540642441,2.0314813938487246,1.58980039726209
-9.242518540642441,2.0314813938487246,1.58769503971522
-9.242518540642441,2.0314813938487246,1.5858002179230357
-9.242518540642441,2.0314813938487246,1.5840948783100703
-9.242518540642441,2.0314813938487246,1.5825600726584017
-9.242518540642441,2.0314813938487246,1.5811787475718997
-9.242518540642441,2.0314813938487246,1.579797422485398
-9.242518540642441,2.0314813938487246,1.5785542299075461
-9.242518540642441,2.0314813938487246,1.5775734890961297
-9.242518540642441,2.0314813938487246,1.576690822365855
-9.242518540642441,2.0314813938487246,1.5758964223086078
-9.242518540642441,2.0314813938487246,1.5751020222513605
-9.242518540642441,2.0314813938487246,1.5743870621998377
-9.242518540642441,2.0314813938487246,1.5737515421540402
-9.242518540642441,2.0314813938487246,1.573251070117975
-9.242518540642441,2.0314813938487246,1.572750598081909
-9.242518540642441,2.0314813938487246,1.5723502204530566
-9.242518540642441,2.0314813938487246,1.5719898805870889
-9.242518540642441,2.0314813938487246,1.5716655747077188
-9.242518540642441,2.0314813938487246,1.5713412688283477
-9.242518540642441,2.0314813938487246,1.5710493935369139
-9.242518540642441,2.0314813938487246,1.5707575182454807
-9.242518540642441,2.0314813938487246,1.5705564486002708
-9.242518540642441,2.0314813938487246,1.5703754859195815
-9.242518540642441,2.0314813938487246,1.5702126195069621
-9.242518540642441,2.0314813938487246,1.5700660397356034
-9.242518540642441,2.0314813938487246,1.569919459964246
-9.242518540642441,2.0314813938487246,1.5698021961471598
-9.242518540642441,2.0314813938487246,1.569696658711782
-9.242463557249367,2.08148136361698,1.569696658711782
-9.242408573856293,2.131481333385236,1.569696658711782
-9.24235359046322,2.1814813031534914,1.569696658711782
-9.242315102088067,2.2164812819912703,1.569696658711782
-9.242276613712916,2.251481260829049,1.569696658711782
-9.242241974175279,2.2829812417830504,1.569696658711782
-9.242207334637643,2.3144812227370517,1.569696658711782
-9.242180007891285,2.339331207711875,1.569696658711782
-9.242152681144928,2.364181192686698,1.569696658711782
-9.24213155102697,2.3833961810686386,1.569696658711782
-9.242110420909013,2.402611169450579,1.569696658711782
-9.242094136477487,2.4174196604968436,1.569696658711782
-9.242077852045961,2.432228151543108,1.569696658711782
-9.242066937512535,2.4421534455419254,1.569696658711782
-9.242056022979108,2.4520787395407426,1.569696658711782
-9.242046199899026,2.461011504139678,1.569696658711782
-9.242038450580294,2.4680584628788385,1.569696658711782
-9.242030701261562,2.475105421617999,1.569696658711782
-9.242023726874704,2.481447684483243,1.569696658711782
-9.242016752487846,2.4877899473484875,1.569696658711782
-9.242011250471545,2.4927932880532913,1.569696658711782
-9.242006996095562,2.4966620684010903,1.569696658711782
-9.242002741719578,2.5005308487488893,1.569696658711782
-9.241998912781192,2.5040127510619086,1.569696658711782
-9.241995892174243,2.506759585108846,1.569696658711782
-9.241992871567295,2.5095064191557834,1.569696658711782
-9.241990455081735,2.511703886393333,1.569696658711782
-9.241988038596176,2.513901353630883,1.569696658711782
-9.24198610540773,2.5156593274209227,1.569696658711782
-9.241984172219283,2.5174173012109624,1.569696658711782
-9.241982625668525,2.518823680242994,1.569696658711782
-9.241981233772844,2.520089421371823,1.569696658711782
-9.241979841877162,2.5213551625006514,1.569696658711782
-9.241978449981481,2.52262090362948,1.569696658711782
-9.241977336464936,2.523633496532543,1.569696658711782
-9.241976236797075,2.524633495927908,1.569696658711782
-9.241975137129215,2.5256334953232735,1.569696658711782
-9.241974037461354,2.526633494718639,1.569696658711782
-9.241974037461354,2.526633494718639,1.7267762913912716
-9.241974037461354,2.526633494718639,1.8838559240707613
-9.241974037461354,2.526633494718639,2.040935556750251
-9.241974037461354,2.526633494718639,2.19801518942974
-9.241974037461354,2.526633494718639,2.3550948221092303
-9.241974037461354,2.526633494718639,2.5121744547887195
-9.241974037461354,2.526633494718639,2.669254087468209
-9.241974037461354,2.526633494718639,2.826333720147699
-9.241974037461354,2.526633494718639,2.9834133528271884
-9.241974037461354,2.526633494718639,3.140492985506678
-9.241974037461354,2.526633494718639,-2.9856126889934185
-9.241974037461354,2.526633494718639,-2.828533056313929
-9.241974037461354,2.526633494718639,-2.671453423634439
-9.241974037461354,2.526633494718639,-2.5143737909549495
-9.241974037461354,2.526633494718639,-2.35729415827546
-9.241974037461354,2.526633494718639,-2.20021452559597
-9.241974037461354,2.526633494718639,-2.043134892916481
-9.241974037461354,2.526633494718639,-1.886055260236991
-9.241974037461354,2.526633494718639,-1.7289756275575017
-9.241974037461354,2.526633494718639,-1.5718959948780116
-9.241974037461354,2.526633494718639,-1.4148163621985224
-9.241974037461354,2.526633494718639,-1.2734446927869811
-9.241974037461354,2.526633494718639,-1.1462101903165942
-9.241974037461354,2.526633494718639,-1.0316991380932468
-9.241974037461354,2.526633494718639,-0.9286391910922333
-9.241974037461354,2.526633494718639,-0.8358852387913216
-9.241974037461354,2.526633494718639,-0.7431312864904097
-9.241974037461354,2.526633494718639,-0.659652729419589
-9.241974037461354,2.526633494718639,-0.5937974232859414
-9.241974037461354,2.526633494718639,-0.5345276477656588
-9.241974037461354,2.526633494718639,-0.4752578722453759
-9.241974037461354,2.526633494718639,-0.4278420518291499
-9.241974037461354,2.526633494718639,-0.38042623141292387
-9.241974037461354,2.526633494718639,-0.3424935750799428
-9.241974037461354,2.526633494718639,-0.30456091874696184
-9.241974037461354,2.526633494718639,-0.26662826241398085
-9.241974037461354,2.526633494718639,-0.24007540298089416
-9.241974037461354,2.526633494718639,-0.21352254354780742
-9.241974037461354,2.526633494718639,-0.18696968411472076
-9.241974037461354,2.526633494718639,-0.16838268251156013
-9.241974037461354,2.526633494718639,-0.1516543810687155
-9.241974037461354,2.526633494718639,-0.13492607962587097
-9.241974037461354,2.526633494718639,-0.11987060832731081
-9.241974037461354,2.526633494718639,-0.10648796717303516
-9.241974037461354,2.526633494718639,-0.09461087314861555
-9.241974037461354,2.526633494718639,-0.08407204323962343
-9.241974037461354,2.526633494718639,-0.07472092273307329
-9.241974037461354,2.526633494718639,-0.06642368521742234
-9.241974037461354,2.526633494718639,-0.0590615597524265
-9.241974037461354,2.526633494718639,-0.05326537058549535
-9.241974037461354,2.526633494718639,-0.047469181418564196
-9.241974037461354,2.526633494718639,-0.04225261116832612
-9.241974037461354,2.526633494718639,-0.03813731685980492
-9.241974037461354,2.526633494718639,-0.03443355198213588
-9.241974037461354,2.526633494718639,-0.031100163592233693
-9.241974037461354,2.526633494718639,-0.02810011404132173
-9.241974037461354,2.526633494718639,-0.025400069445500995
-9.241974037461354,2.526633494718639,-0.022970029309262365
-9.241974037461354,2.526633494718639,-0.020539989173023746
-9.241974037461354,2.526633494718639,-0.018352953050408936
-9.241974037461354,2.526633494718639,-0.016627624553679523
-9.241974037461354,2.526633494718639,-0.015074828906623023
-9.241974037461354,2.526633494718639,-0.013677312824272174
-9.241974037461354,2.526633494718639,-0.012419548350156387
-9.241974037461354,2.526633494718639,-0.011287560323452154
-9.241974037461354,2.526633494718639,-0.010155572296747925
-9.241974037461354,2.526633494718639,-0.009249981875384618
-9.241974037461354,2.526633494718639,-0.00834439145402131
-9.241974037461354,2.526633494718639,-0.00761991911693059
-9.241974037461354,2.526633494718639,-0.006967894013549015
-9.241974037461354,2.526633494718639,-0.006381071420505581
-9.241974037461354,2.526633494718639,-0.005852931086766469
-9.241974037461354,2.526633494718639,-0.00537760478640128
-9.241974037461354,2.526633494718639,-0.004902278486036092
-9.241974037461354,2.526633494718639,-0.004522017445743877
-9.241974037461354,2.526633494718639,-0.0041797825094809175
-9.241974037461354,2.526633494718639,-0.0038717710668442927
-9.241974037461354,2.526633494718639,-0.003563759624207666
-9.241974037461354,2.526633494718639,-0.0032865493258346537
-9.241974037461354,2.526633494718639,-0.003009339027461644
-9.241974037461354,2.526633494718639,-0.0028183719330269444
-9.241974037461354,2.526633494718639,-0.002646501548035735
-9.241974037461354,2.526633494718639,-0.002491818201543649
-9.241974037461354,2.526633494718639,-0.002352603189700741
-9.241974037461354,2.526633494718639,-0.002227309679042154
-9.241974037461354,2.526633494718639,-0.0021145455194493848
-9.241974037461354,2.526633494718639,-0.0020017813598566156
-9.241974037461354,2.526633494718639,-0.0019002936162231243
-9.241974037461354,2.526633494718639,-0.15897992629571278
-9.241974037461354,2.526633494718639,-0.31605955897520255
-9.241974037461354,2.526633494718639,-0.4731391916546921
-9.241974037461354,2.526633494718639,-0.630218824334182
-9.241974037461354,2.526633494718639,-0.7872984570136718
-9.241974037461354,2.526633494718639,-0.9443780896931613
-9.241974037461354,2.526633494718639,-1.101457722372651
-9.241974037461354,2.526633494718639,-1.2585373550521406
-9.241974037461354,2.526633494718639,-1.4156169877316302
-9.241974037461354,2.526633494718639,-1.57269662041112
-9.241974037461354,2.526633494718639,-1.7297762530906091
-9.241974037461354,2.526633494718639,-1.8868558857700992
-9.241974037461354,2.526633494718639,-2.043935518449589
-9.241974037461354,2.526633494718639,-2.201015151129078
-9.241974037461354,2.526633494718639,-2.3580947838085677
-9.241974037461354,2.526633494718639,-2.5151744164880574
-9.241974037461354,2.526633494718639,-2.672254049167547
-9.241974037461354,2.526633494718639,-2.8293336818470367
-9.241974037461354,2.526633494718639,-2.9864133145265264
-9.241974037461354,2.526633494718639,3.13969235997357
-9.241974037461354,2.526633494718639,2.9826127272940806
-9.241974037461354,2.526633494718639,2.825533094614591
-9.241974037461354,2.526633494718639,2.699869388470999
-9.241974037461354,2.526633494718639,2.574205682327407
-9.241974037461354,2.526633494718639,2.4611083467981745
-9.241974037461354,2.526633494718639,2.371887115436224
-9.241974037461354,2.526633494718639,2.282665884074274
-9.241974037461354,2.526633494718639,2.202366775848519
-9.241974037461354,2.526633494718639,2.130989790758959
-9.241974037461354,2.526633494718639,2.0596128056693996
-9.241974037461354,2.526633494718639,1.9882358205798392
-9.241974037461354,2.526633494718639,1.946301841839722
-9.241974037461354,2.526633494718639,1.9043678630996057
-9.241974037461354,2.526633494718639,1.8666272822335015
-9.241974037461354,2.526633494718639,1.8368541573280182
-9.241974037461354,2.526633494718639,1.807081032422535
-9.241974037461354,2.526633494718639,1.78326253249815
-9.241974037461354,2.526633494718639,1.761825882566202
-9.241974037461354,2.526633494718639,1.7425328976274488
-9.241974037461354,2.526633494718639,1.725169211182572
-9.241974037461354,2.526633494718639,1.709541893382182
-9.241974037461354,2.526633494718639,1.6939145755817921
-9.241974037461354,2.526633494718639,1.6798499895614412
-9.241974037461354,2.526633494718639,1.6673481353211292
-9.241974037461354,2.526633494718639,1.6575029251068831
-9.241974037461354,2.526633494718639,1.6486422359140627
-9.241974037461354,2.526633494718639,1.640667615640524
-9.241974037461354,2.526633494718639,1.6334904573943387
-9.241974037461354,2.526633494718639,1.6263132991481544
-9.241974037461354,2.526633494718639,1.6205715725512055
-9.241974037461354,2.526633494718639,1.6154040186139522
-9.241974037461354,2.526633494718639,1.6107532200704253
-9.241974037461354,2.526633494718639,1.6065675013812495
-9.241974037461354,2.526633494718639,1.6023817826920745
-9.241974037461354,2.526633494718639,1.5990332077407348
-9.241974037461354,2.526633494718639,1.5960194902845286
-9.241974037461354,2.526633494718639,1.5933071445739428
-9.241974037461354,2.526633494718639,1.5908660334344158
-9.241974037461354,2.526633494718639,1.5886690334088418
-9.241974037461354,2.526633494718639,1.5864720333832671
-9.241974037461354,2.526633494718639,1.5844947333602508
-9.241974037461354,2.526633494718639,1.5829348633420932
-9.241974037461354,2.526633494718639,1.5815309803257511
-9.241974037461354,2.526633494718639,1.5802674856110432
-9.241974037461354,2.526633494718639,1.579130340367807
-9.241974037461354,2.526633494718639,1.5779931951245696
-9.241974037461354,2.526633494718639,1.5769697644056564
-9.241974037461354,2.526633494718639,1.5759463336867428
-9.241974037461354,2.526633494718639,1.5752413036359363
-9.241974037461354,2.526633494718639,1.5745362735851287
-9.241974037461354,2.526633494718639,1.5739017465394027
-9.241974037461354,2.526633494718639,1.5734011752033301
-9.241974037461354,2.526633494718639,1.572950661000865
-9.241974037461354,2.526633494718639,1.572545198218645
-9.241974037461354,2.526633494718639,1.5721802817146484
-9.241974037461354,2.526633494718639,1.5718518568610504
-9.241974037461354,2.526633494718639,1.5715234320074531
-9.241974037461354,2.526633494718639,1.5711950071538556
-9.241974037461354,2.526633494718639,1.5709651097563375
-9.241974037461354,2.526633494718639,1.5707352123588192
-9.241974037461354,2.526633494718639,1.5705512944408047
-9.241974037461354,2.526633494718639,1.5703673765227901
-9.241974037461354,2.526633494718639,1.5702202421883786
-9.241974037461354,2.526633494718639,1.570087821287408
-9.241974037461354,2.526633494718639,1.5699554003864373
-9.241974037461354,2.526633494718639,1.5698494636656612
-9.241974037461354,2.526633494718639,1.5697435269448847
-9.241921397478578,2.5766334670089535,1.5697435269448847
-9.241868757495801,2.626633439299268,1.5697435269448847
-9.241816117513025,2.6766334115895827,1.5697435269448847
-9.241763477530249,2.7266333838798973,1.5697435269448847
-9.241710837547473,2.776633356170212,1.5697435269448847
-9.241679253557807,2.8066333395444003,1.5697435269448847
-9.241647669568142,2.8366333229185887,1.5697435269448847
-9.241621349576754,2.861633309063746,1.5697435269448847
-9.241595029585365,2.8866332952089033,1.5697435269448847
-9.241580290390187,2.9006332874501912,1.5697435269448847
-9.24156555119501,2.914633279691479,1.5697435269448847
-9.241553759838867,2.9258332734845096,1.5697435269448847
-9.241541968482725,2.93703326727754,1.5697435269448847
-9.241531356262197,2.9471132616912676,1.5697435269448847
-9.241520744041669,2.957193256104995,1.5697435269448847
-9.241513433400861,2.964137252256674,1.5697435269448847
-9.241506122760054,2.9710812484083524,1.5697435269448847
-9.241500274247407,2.9766364453296954,1.5697435269448847
-9.24149442573476,2.9821916422510384,1.5697435269448847
-9.241489746924644,2.9866357997881128,1.5697435269448847
-9.241485068114528,2.991079957325187,1.5697435269448847
-9.241481325066434,2.994635283354847,1.5697435269448847
-9.24147758201834,2.9981906093845065,1.5697435269448847
-9.241474213275056,3.0013904028112,1.5697435269448847
-9.241470844531772,3.004590196237894,1.5697435269448847
-9.241468523841954,3.0067944983762827,1.5697435269448847
-9.241466203152136,3.0089988005146715,1.5697435269448847
-9.2414641145313,3.0109826724392215,1.5697435269448847
-9.241462025910465,3.0129665443637714,1.5697435269448847
-9.241460378220694,3.014531598882028,1.5697435269448847
-9.241458730530923,3.016096653400284,1.5697435269448847
-9.241457456472212,3.0173068152742597,1.5697435269448847
-9.2414561824135,3.018516977148235,1.5697435269448847
-9.241455129613845,3.0195169765940415,1.5697435269448847
-9.24145407681419,3.020516976039848,1.5697435269448847
-9.241453024014534,3.021516975485654,1.5697435269448847
-9.241451971214879,3.0225169749314604,1.5697435269448847
-9.241451971214879,3.0225169749314604,1.7268231596243748
-9.241451971214879,3.0225169749314604,1.8681948290359152
-9.241451971214879,3.0225169749314604,1.9954293315063016
-9.241451971214879,3.0225169749314604,2.1099403837296498
-9.241451971214879,3.0225169749314604,2.224451435952998
-9.241451971214879,3.0225169749314604,2.3160602777316766
-9.241451971214879,3.0225169749314604,2.3985082353324865
-9.241451971214879,3.0225169749314604,2.4727113971732164
-9.241451971214879,3.0225169749314604,2.5394942428298726
-9.241451971214879,3.0225169749314604,2.5995988039208635
-9.241451971214879,3.0225169749314604,2.659703365011855
-9.241451971214879,3.0225169749314604,2.707787013884647
-9.241451971214879,3.0225169749314604,2.7558706627574394
-9.241451971214879,3.0225169749314604,2.7943375818556735
-9.241451971214879,3.0225169749314604,2.828957809044084
-9.241451971214879,3.0225169749314604,2.860116013513654
-9.241451971214879,3.0225169749314604,2.888158397536267
-9.241451971214879,3.0225169749314604,2.9133965431566184
-9.241451971214879,3.0225169749314604,2.936110874214935
-9.241451971214879,3.0225169749314604,2.9565537721674193
-9.241451971214879,3.0225169749314604,2.9749523803246554
-9.241451971214879,3.0225169749314604,2.991511127666168
-9.241451971214879,3.0225169749314604,3.0080698750076804
-9.241451971214879,3.0225169749314604,3.0213168728808903
-9.241451971214879,3.0225169749314604,3.0332391709667794
-9.241451971214879,3.0225169749314604,3.04396923924408
-9.241451971214879,3.0225169749314604,3.05362630069365
-9.241451971214879,3.0225169749314604,3.06328336214322
-9.241451971214879,3.0225169749314604,3.071009011302876
-9.241451971214879,3.0225169749314604,3.078734660462532
-9.241451971214879,3.0225169749314604,3.084915179790257
-9.241451971214879,3.0225169749314604,3.0904776471852093
-9.241451971214879,3.0225169749314604,3.0954838678406666
-9.241451971214879,3.0225169749314604,3.100490088496124
-9.241451971214879,3.0225169749314604,3.10449506502049
-9.241451971214879,3.0225169749314604,3.1080995438924193
-9.241451971214879,3.0225169749314604,3.1117040227643487
-9.241451971214879,3.0225169749314604,3.114587605861892
-9.241451971214879,3.0225169749314604,3.1171828306496807
-9.241451971214879,3.0225169749314604,3.1195185329586907
-9.241451971214879,3.0225169749314604,3.1216206650368
-9.241451971214879,3.0225169749314604,3.123722797114909
-9.241451971214879,3.0225169749314604,3.1254045027773962
-9.241451971214879,3.0225169749314604,3.1269180378736348
-9.241451971214879,3.0225169749314604,3.1282802194602493
-9.241451971214879,3.0225169749314604,3.1295061828882025
-9.241451971214879,3.0225169749314604,3.1307321463161557
-9.241451971214879,3.0225169749314604,3.1318355134013136
-9.241451971214879,3.0225169749314604,3.1327059474351606
-9.241451971214879,3.0225169749314604,3.1334893380656226
-9.241451971214879,3.0225169749314604,3.1341943896330386
-9.241451971214879,3.0225169749314604,3.134828936043713
-9.241451971214879,3.0225169749314604,3.13540002781332
-9.241451971214879,3.0225169749314604,3.1359711195829267
-9.241451971214879,3.0225169749314604,3.1365422113525336
-9.241451971214879,3.0225169749314604,3.1369419755912586
-9.241451971214879,3.0225169749314604,3.1373417398299837
-9.241451971214879,3.0225169749314604,3.1376615512209636
-9.241451971214879,3.0225169749314604,3.1379813626119435
-9.241451971214879,3.0225169749314604,3.1383011740029234
-9.241451971214879,3.0225169749314604,3.1385250419766093
-9.241451971214879,3.0225169749314604,3.1387265231529264
-9.241451971214879,3.0225169749314604,3.138907856211612
-9.241451971214879,3.0225169749314604,3.139071055964429
-9.241451971214879,3.0225169749314604,3.1392179357419643
-9.241451971214879,3.0225169749314604,3.1393648155194995
-9.241451971214879,3.0225169749314604,3.1394823193415275
-9.241451971214879,3.0225169749314604,3.1395880727813528
-9.241451971214879,3.0225169749314604,2.982508440101863
-9.241451971214879,3.0225169749314604,2.8254288074223735
-9.241451971214879,3.0225169749314604,2.6840571380108327
-9.241451971214879,3.0225169749314604,2.542685468599292
-9.241451971214879,3.0225169749314604,2.445296096338008
-9.241451971214879,3.0225169749314604,2.347906724076725
-9.241451971214879,3.0225169749314604,2.2699952262676977
-9.241451971214879,3.0225169749314604,2.1998748782395734
-9.241451971214879,3.0225169749314604,2.129754530211449
-9.241451971214879,3.0225169749314604,2.0666462169861384
-9.241451971214879,3.0225169749314604,2.003537903760826
-9.241451971214879,3.0225169749314604,1.9474416253383267
-9.241451971214879,3.0225169749314604,1.9095766374031393
-9.241451971214879,3.0225169749314604,1.8717116494679524
-9.241451971214879,3.0225169749314604,1.837633160326284
-9.241451971214879,3.0225169749314604,1.8107490188923017
-9.241451971214879,3.0225169749314604,1.7865532916017168
-9.241451971214879,3.0225169749314604,1.762357564311132
-9.241451971214879,3.0225169749314604,1.740581409749606
-9.241451971214879,3.0225169749314604,1.7234024433732915
-9.241451971214879,3.0225169749314604,1.7079413736346072
-9.241451971214879,3.0225169749314604,1.692480303895924
-9.241451971214879,3.0225169749314604,1.6801114481049768
-9.241451971214879,3.0225169749314604,1.6677425923140303
-9.241451971214879,3.0225169749314604,1.6578475076812729
-9.241451971214879,3.0225169749314604,1.6479524230485156
-9.241451971214879,3.0225169749314604,1.6400363553423094
-9.241451971214879,3.0225169749314604,1.6329118944067245
-9.241451971214879,3.0225169749314604,1.6264998795646974
-9.241451971214879,3.0225169749314604,1.6207290662068732
-9.241451971214879,3.0225169749314604,1.6155353341848313
-9.241451971214879,3.0225169749314604,1.61034160216279
-9.241451971214879,3.0225169749314604,1.6056672433429529
-9.241451971214879,3.0225169749314604,1.601512257725319
-9.241451971214879,3.0225169749314604,1.5973572721076852
-9.241451971214879,3.0225169749314604,1.593202286490052
-9.241451971214879,3.0225169749314604,1.589047300872418
-9.241451971214879,3.0225169749314604,1.5848923152547847
-9.241451971214879,3.0225169749314604,1.5828667597661885
-9.241451971214879,3.0225169749314604,1.5814592583882157
-9.241451971214879,3.0225169749314604,1.580051757010242
-9.241451971214879,3.0225169749314604,1.5789257559078635
-9.241451971214879,3.0225169749314604,1.5777997548054845
-9.241451971214879,3.0225169749314604,1.576786353813344
-9.241451971214879,3.0225169749314604,1.5759868930306549
-9.241451971214879,3.0225169749314604,1.5751874322479664
-9.241451971214879,3.0225169749314604,1.574547863621815
-9.241451971214879,3.0225169749314604,1.5739722518582793
-9.241451971214879,3.0225169749314604,1.573454201271097
-9.241451971214879,3.0225169749314604,1.5729879557426334
-9.241451971214879,3.0225169749314604,1.5725217102141689
-9.241451971214879,3.0225169749314604,1.5721020892385515
-9.241451971214879,3.0225169749314604,1.571771054913342
-9.241451971214879,3.0225169749314604,1.5714400205881318
-9.241451971214879,3.0225169749314604,1.5711751931279645
-9.241451971214879,3.0225169749314604,1.570910365667797
-9.241451971214879,3.0225169749314604,1.5706720209536464
-9.241451971214879,3.0225169749314604,1.5704336762394953
-9.241451971214879,3.0225169749314604,1.5702456487427767
-9.241451971214879,3.0225169749314604,1.5700576212460575
-9.241451971214879,3.0225169749314604,1.569912230970425
-9.241451971214879,3.0225169749314604,1.569785643444465
-9.241451971214879,3.0225169749314604,1.569659055918505
-9.241395107683317,3.0725169425968377,1.569659055918505
-9.241338244151756,3.122516910262215,1.569659055918505
-9.241292753326507,3.162516884394517,1.569659055918505
-9.241247262501258,3.2025168585268187,1.569659055918505
-9.241206320758533,3.2385168352458904,1.569659055918505
-9.241165379015808,3.274516811964962,1.569659055918505
-9.241137174704154,3.2993167959269893,1.569659055918505
-9.2411089703925,3.3241167798890165,1.569659055918505
-9.241086406943175,3.3439567670586383,1.569659055918505
-9.241063843493851,3.36379675422826,1.569659055918505
-9.241041280044527,3.383636741397882,1.569659055918505
-9.24102548563,3.397524732416617,1.569659055918505
-9.241009691215474,3.411412723435352,1.569659055918505
-9.240993896800948,3.425300714454087,1.569659055918505
-9.24098284071078,3.4350223081672016,1.569659055918505
-9.240971784620612,3.444743901880316,1.569659055918505
-9.240962939748478,3.4525211768508077,1.569659055918505
-9.240954094876344,3.4602984518212994,1.569659055918505
-9.24094525000421,3.468075726791791,1.569659055918505
-9.240936405132075,3.4758530017622826,1.569659055918505
-9.24092756025994,3.4836302767327743,1.569659055918505
-9.240918715387807,3.491407551703266,1.569659055918505
-9.240909870515672,3.4991848266737575,1.569659055918505
-9.240906332566817,3.5022957366619543,1.569659055918505
-9.240902794617963,3.505406646650151,1.569659055918505
-9.240900494951207,3.507428738142479,1.569659055918505
-9.240898195284451,3.5094508296348073,1.569659055918505
-9.240896709345932,3.5107574118298497,1.569659055918505
-9.240895223407414,3.512063994024892,1.569659055918505
-9.240893886062747,3.5132399180004303,1.569659055918505
-9.24089254871808,3.5144158419759686,1.569659055918505
-9.240891411447448,3.515415841329276,1.569659055918505
-9.240890274176817,3.5164158406825834,1.569659055918505
-9.240889136906185,3.517415840035891,1.569659055918505
-9.240887999635554,3.518415839389198,1.569659055918505
-9.240887999635554,3.518415839389198,1.7267386885979945
-9.240887999635554,3.518415839389198,1.8838183212774846
-9.240887999635554,3.518415839389198,2.040897953956974
-9.240887999635554,3.518415839389198,2.1979775866364637
-9.240887999635554,3.518415839389198,2.3550572193159534
-9.240887999635554,3.518415839389198,2.5121368519954435
-9.240887999635554,3.518415839389198,2.6692164846749327
-9.240887999635554,3.518415839389198,2.8262961173544223
-9.240887999635554,3.518415839389198,2.983375750033912
-9.240887999635554,3.518415839389198,3.1404553827134016
-9.240887999635554,3.518415839389198,-2.985650291786695
-9.240887999635554,3.518415839389198,-2.8285706591072053
-9.240887999635554,3.518415839389198,-2.6714910264277156
-9.240887999635554,3.518415839389198,-2.514411393748226
-9.240887999635554,3.518415839389198,-2.3573317610687368
-9.240887999635554,3.518415839389198,-2.200252128389247
-9.240887999635554,3.518415839389198,-2.0431724957097575
-9.240887999635554,3.518415839389198,-1.8860928630302667
-9.240887999635554,3.518415839389198,-1.7290132303507773
-9.240887999635554,3.518415839389198,-1.5719335976712885
-9.240887999635554,3.518415839389198,-1.4148539649917986
-9.240887999635554,3.518415839389198,-1.2577743323123085
-9.240887999635554,3.518415839389198,-1.1006946996328193
-9.240887999635554,3.518415839389198,-0.990738956757176
-9.240887999635554,3.518415839389198,-0.8917787881690978
-9.240887999635554,3.518415839389198,-0.7928186195810193
-9.240887999635554,3.518415839389198,-0.6938584509929407
-9.240887999635554,3.518415839389198,-0.6245863329812855
-9.240887999635554,3.518415839389198,-0.5553142149696306
-9.240887999635554,3.518415839389198,-0.49296930875914113
-9.240887999635554,3.518415839389198,-0.43755161434981715
-9.240887999635554,3.518415839389198,-0.38836841056154203
-9.240887999635554,3.518415839389198,-0.34964529659302696
-9.240887999635554,3.518415839389198,-0.3147944940213634
-9.240887999635554,3.518415839389198,-0.2799436914496998
-9.240887999635554,3.518415839389198,-0.24857796913520264
-9.240887999635554,3.518415839389198,-0.21721224682070528
-9.240887999635554,3.518415839389198,-0.1956047492262738
-9.240887999635554,3.518415839389198,-0.1761580013912856
-9.240887999635554,3.518415839389198,-0.1586559283397961
-9.240887999635554,3.518415839389198,-0.14115385528830657
-9.240887999635554,3.518415839389198,-0.125401989541966
-9.240887999635554,3.518415839389198,-0.10965012379562555
-9.240887999635554,3.518415839389198,-0.0987988385037021
-9.240887999635554,3.518415839389198,-0.0879475532117786
-9.240887999635554,3.518415839389198,-0.07818139644904747
-9.240887999635554,3.518415839389198,-0.06950036821550874
-9.240887999635554,3.518415839389198,-0.060819339981969915
-9.240887999635554,3.518415839389198,-0.05485113307141205
-9.240887999635554,3.518415839389198,-0.048882926160854184
-9.240887999635554,3.518415839389198,-0.044108360632407875
-9.240887999635554,3.518415839389198,-0.03981125165680617
-9.240887999635554,3.518415839389198,-0.035943853578764645
-9.240887999635554,3.518415839389198,-0.03246319530852725
-9.240887999635554,3.518415839389198,-0.029330602865313582
-9.240887999635554,3.518415839389198,-0.026198010422099908
-9.240887999635554,3.518415839389198,-0.023691936467529012
-9.240887999635554,3.518415839389198,-0.021436469908415218
-9.240887999635554,3.518415839389198,-0.01918100334930143
-9.240887999635554,3.518415839389198,-0.01715108344609897
-9.240887999635554,3.518415839389198,-0.01512116354289652
-9.240887999635554,3.518415839389198,-0.01372277427624596
-9.240887999635554,3.518415839389198,-0.012464223936260491
-9.240887999635554,3.518415839389198,-0.01133152863027351
-9.240887999635554,3.518415839389198,-0.010312102854885295
-9.240887999635554,3.518415839389198,-0.009394619657035844
-9.240887999635554,3.518415839389198,-0.00856888477897139
-9.240887999635554,3.518415839389198,-0.007743149900906936
-9.240887999635554,3.518415839389198,-0.007082561998455371
-9.240887999635554,3.518415839389198,-0.006421974096003809
-9.240887999635554,3.518415839389198,-0.005827444983797362
-9.240887999635554,3.518415839389198,-0.005358427573056671
-9.240887999635554,3.518415839389198,-0.004889410162315988
-9.240887999635554,3.518415839389198,-0.004514196233723499
-9.240887999635554,3.518415839389198,-0.004138982305131012
-9.240887999635554,3.518415839389198,-0.0038012897693978005
-9.240887999635554,3.518415839389198,-0.0035011186265237705
-9.240887999635554,3.518415839389198,-0.0032347167372231106
-9.240887999635554,3.518415839389198,-0.002968314847922449
-9.240887999635554,3.518415839389198,-0.0027319300729091523
-9.240887999635554,3.518415839389198,-0.0025488256757560074
-9.240887999635554,3.518415839389198,-0.002389359756104222
-9.240887999635554,3.518415839389198,-0.0022641508681329097
-9.240887999635554,3.518415839389198,-0.002151462868958759
-9.240887999635554,3.518415839389198,-0.0020387748697846073
-9.240887999635554,3.518415839389198,-0.0019373556705277906
-9.240887999635554,3.518415839389198,-0.0018359364712709756
-9.240887999635554,3.518415839389198,-0.15891556915076066
-9.240887999635554,3.518415839389198,-0.31599520183025037
-9.240887999635554,3.518415839389198,-0.4730748345097401
-9.240887999635554,3.518415839389198,-0.6301544671892298
-9.240887999635554,3.518415839389198,-0.7872340998687193
-9.240887999635554,3.518415839389198,-0.9443137325482089
-9.240887999635554,3.518415839389198,-1.1013933652276988
-9.240887999635554,3.518415839389198,-1.2584729979071887
-9.240887999635554,3.518415839389198,-1.415552630586678
-9.240887999635554,3.518415839389198,-1.5726322632661676
-9.240887999635554,3.518415839389198,-1.7297118959456577
-9.240887999635554,3.518415839389198,-1.8867915286251464
-9.240887999635554,3.518415839389198,-2.043871161304637
-9.240887999635554,3.518415839389198,-2.2009507939841266
-9.240887999635554,3.518415839389198,-2.358030426663616
-9.240887999635554,3.518415839389198,-2.5151100593431055
-9.240887999635554,3.518415839389198,-2.672189692022595
-9.240887999635554,3.518415839389198,-2.829269324702085
-9.240887999635554,3.518415839389198,-2.9863489573815745
-9.240887999635554,3.518415839389198,3.139756717118522
-9.240887999635554,3.518415839389198,2.9826770844390325
-9.240887999635554,3.518415839389198,2.8413054150274917
-9.240887999635554,3.518415839389198,2.714070912557105
-9.240887999635554,3.518415839389198,2.5868364100867183
-9.240887999635554,3.518415839389198,2.4596019076163316
-9.240887999635554,3.518415839389198,2.370537755887061
-9.240887999635554,3.518415839389198,2.2903800193307173
-9.240887999635554,3.518415839389198,2.2102222827743736
-9.240887999635554,3.518415839389198,2.146096093529299
-9.240887999635554,3.518415839389198,2.088382523208732
-9.240887999635554,3.518415839389198,2.0306689528881643
-9.240887999635554,3.518415839389198,1.9844980966317105
-9.240887999635554,3.518415839389198,1.9383272403752572
-9.240887999635554,3.518415839389198,1.9013905553700934
-9.240887999635554,3.518415839389198,1.8644538703649307
-9.240887999635554,3.518415839389198,1.8349045223608007
-9.240887999635554,3.518415839389198,1.808310109157083
-9.240887999635554,3.518415839389198,1.7817156959533653
-9.240887999635554,3.518415839389198,1.7577807240700196
-9.240887999635554,3.518415839389198,1.7388986906953807
-9.240887999635554,3.518415839389198,1.7200166573207407
-9.240887999635554,3.518415839389198,1.7049110306210291
-9.240887999635554,3.518415839389198,1.691315966591289
-9.240887999635554,3.518415839389198,1.6777209025615485
-9.240887999635554,3.518415839389198,1.6668448513377563
-9.240887999635554,3.518415839389198,1.6570564052363432
-9.240887999635554,3.518415839389198,1.6482468037450713
-9.240887999635554,3.518415839389198,1.640318162402927
-9.240887999635554,3.518415839389198,1.6331823851949967
-9.240887999635554,3.518415839389198,1.6267601857078593
-9.240887999635554,3.518415839389198,1.6203379862207223
-9.240887999635554,3.518415839389198,1.6145580066822989
-9.240887999635554,3.518415839389198,1.609420247092589
-9.240887999635554,3.518415839389198,1.6042824875028796
-9.240887999635554,3.518415839389198,1.59914472791317
-9.240887999635554,3.518415839389198,1.5961262941542154
-9.240887999635554,3.518415839389198,1.5931078603952602
-9.240887999635554,3.518415839389198,1.5903912700122016
-9.240887999635554,3.518415839389198,1.5879765230050378
-9.240887999635554,3.518415839389198,1.5860749097368971
-9.240887999635554,3.518415839389198,1.58436345779557
-9.240887999635554,3.518415839389198,1.5826520058542424
-9.240887999635554,3.518415839389198,1.5812828443011804
-9.240887999635554,3.518415839389198,1.580050598903425
-9.240887999635554,3.518415839389198,1.578941578045445
-9.240887999635554,3.518415839389198,1.5779434592732628
-9.240887999635554,3.518415839389198,1.5770451523782996
-9.240887999635554,3.518415839389198,1.5762366761728321
-9.240887999635554,3.518415839389198,1.575428199967364
-9.240887999635554,3.518415839389198,1.5747814190029905
-9.240887999635554,3.518415839389198,1.5741993161350543
-9.240887999635554,3.518415839389198,1.5736172132671176
-9.240887999635554,3.518415839389198,1.5730933206859747
-9.240887999635554,3.518415839389198,1.5726800276497397
-9.240887999635554,3.518415839389198,1.5723080639171287
-9.240887999635554,3.518415839389198,1.5719732965577786
-9.240887999635554,3.518415839389198,1.5716720059343634
-9.240887999635554,3.518415839389198,1.5714008443732892
-9.240887999635554,3.518415839389198,1.5711296828122157
-9.240887999635554,3.518415839389198,1.5708585212511417
-9.240887999635554,3.518415839389198,1.5706687081583905
-9.240887999635554,3.518415839389198,1.5704788950656388
-9.240887999635554,3.518415839389198,1.5703080632821622
-9.240887999635554,3.518415839389198,1.5701732959863082
-9.240887999635554,3.518415839389198,1.5700520054200404
-9.240887999635554,3.518415839389198,1.5699428439103986
-9.24084532549651,3.5684158211783736,1.5699428439103986
-9.240802651357466,3.618415802967549,1.5699428439103986
-9.24076851204623,3.658415788398889,1.5699428439103986
-9.240734372734995,3.698415773830229,1.5699428439103986
-9.240707061286006,3.7304157621753014,1.5699428439103986
-9.240679749837017,3.7624157505203737,1.5699428439103986
-9.240657900677826,3.7880157411964315,1.5699428439103986
-9.240636051518635,3.8136157318724893,1.5699428439103986
-9.240618572191282,3.8340957244133356,1.5699428439103986
-9.24060109286393,3.854575716954182,1.5699428439103986
-9.240587109402048,3.8709597109868588,1.5699428439103986
-9.240573125940166,3.8873437050195356,1.5699428439103986
-9.24056193917066,3.9004509002456773,1.5699428439103986
-9.240550752401155,3.913558095471819,1.5699428439103986
-9.24054180298555,3.924043851652732,1.5699428439103986
-9.240532853569945,3.934529607833645,1.5699428439103986
-9.240525694037462,3.9429182127783755,1.5699428439103986
-9.240518534504979,3.951306817723106,1.5699428439103986
-9.240512806878991,3.9580177016788904,1.5699428439103986
-9.240507079253003,3.964728585634675,1.5699428439103986
-9.240501924389616,3.970768381194881,1.5699428439103986
-9.240496769526228,3.976808176755087,1.5699428439103986
-9.240493218398116,3.9809689248076734,1.5699428439103986
-9.240489667270005,3.9851296728602597,1.5699428439103986
-9.240486826367516,3.9884582713023287,1.5699428439103986
-9.240483985465026,3.9917868697443977,1.5699428439103986
-9.240481712743035,3.994449748498053,1.5699428439103986
-9.240479440021044,3.997112627251708,1.5699428439103986
-9.240477167299053,3.999775506005363,1.5699428439103986
-9.24047534912146,4.001905809008288,1.5699428439103986
-9.240473530943868,4.004036112011212,1.5699428439103986
-9.240472303673993,4.005474066538186,1.5699428439103986
-9.240471076404118,4.00691202106516,1.5699428439103986
-9.240470094588218,4.008062384686739,1.5699428439103986
-9.240469112772319,4.009212748308318,1.5699428439103986
-9.240468259289537,4.010212747944101,1.5699428439103986
-9.240467405806756,4.011212747579885,1.5699428439103986
-9.240466552323975,4.012212747215668,1.5699428439103986
-9.240465698841193,4.013212746851451,1.5699428439103986
-9.240464845358412,4.014212746487234,1.5699428439103986
-9.24046399187563,4.015212746123018,1.5699428439103986
-9.24046399187563,4.015212746123018,1.7270224765898887
-9.24046399187563,4.015212746123018,1.8841021092693782
-9.24046399187563,4.015212746123018,2.0097658154129703
-9.24046399187563,4.015212746123018,2.1228631509422025
-9.24046399187563,4.015212746123018,2.224650752918512
-9.24046399187563,4.015212746123018,2.31625959469719
-9.24046399187563,4.015212746123018,2.398707552298
-9.24046399187563,4.015212746123018,2.4729107141387296
-9.24046399187563,4.015212746123018,2.5396935597953862
-9.24046399187563,4.015212746123018,2.599798120886377
-9.24046399187563,4.015212746123018,2.659902681977368
-9.24046399187563,4.015212746123018,2.720007243068359
-9.24046399187563,4.015212746123018,2.768090891941152
-9.24046399187563,4.015212746123018,2.8053557198175665
-9.24046399187563,4.015212746123018,2.838894064906339
-9.24046399187563,4.015212746123018,2.8690785754862347
-9.24046399187563,4.015212746123018,2.8962446350081406
-9.24046399187563,4.015212746123018,2.920694088577856
-9.24046399187563,4.015212746123018,2.9426985967905996
-9.24046399187563,4.015212746123018,2.962502654182069
-9.24046399187563,4.015212746123018,2.9823067115735387
-9.24046399187563,4.015212746123018,2.9981499574867145
-9.24046399187563,4.015212746123018,3.0139932033998904
-9.24046399187563,4.015212746123018,3.026667800130431
-9.24046399187563,4.015212746123018,3.0380749371879174
-9.24046399187563,4.015212746123018,3.049482074245404
-9.24046399187563,4.015212746123018,3.0608892113028903
-9.24046399187563,4.015212746123018,3.0688742072431308
-9.24046399187563,4.015212746123018,3.0768592031833712
-9.24046399187563,4.015212746123018,3.0832471999355637
-9.24046399187563,4.015212746123018,3.088996397012537
-9.24046399187563,4.015212746123018,3.09474559408951
-9.24046399187563,4.015212746123018,3.0993449517510885
-9.24046399187563,4.015212746123018,3.103944309412667
-9.24046399187563,4.015212746123018,3.1076237955419295
-9.24046399187563,4.015212746123018,3.111303281671192
-9.24046399187563,4.015212746123018,3.1142468705746023
-9.24046399187563,4.015212746123018,3.1168961005876716
-9.24046399187563,4.015212746123018,3.119280407599434
-9.24046399187563,4.015212746123018,3.12142628391002
-9.24046399187563,4.015212746123018,3.123572160220606
-9.24046399187563,4.015212746123018,3.1255034489001337
-9.24046399187563,4.015212746123018,3.1274347375796614
-9.24046399187563,4.015212746123018,3.1291514386281305
-9.24046399187563,4.015212746123018,3.1308681396765996
-9.24046399187563,4.015212746123018,3.1325848407250687
-9.24046399187563,4.015212746123018,3.1334002737230913
-9.24046399187563,4.015212746123018,3.134215706721114
-9.24046399187563,4.015212746123018,3.134949596419334
-9.24046399187563,4.015212746123018,3.1356834861175544
-9.24046399187563,4.015212746123018,3.1362624435461504
-9.24046399187563,4.015212746123018,3.1368414009747463
-9.24046399187563,4.015212746123018,3.1372311779478013
-9.24046399187563,4.015212746123018,3.1376209549208562
-9.24046399187563,4.015212746123018,3.138010731893911
-9.24046399187563,4.015212746123018,3.13828357577505
-9.24046399187563,4.015212746123018,3.1385564196561884
-9.24046399187563,4.015212746123018,3.138774694761099
-9.24046399187563,4.015212746123018,3.1389711423555187
-9.24046399187563,4.015212746123018,3.1391675899499383
-9.24046399187563,4.015212746123018,3.139324748025474
-9.24046399187563,4.015212746123018,3.1394661902934557
-9.24046399187563,4.015212746123018,3.1396076325614377
-9.24046399187563,4.015212746123018,3.1397207863758236
-9.24046399187563,4.015212746123018,3.1398339401902096
-9.24046399187563,4.015212746123018,2.98275430751072
-9.24046399187563,4.015212746123018,2.841382638099179
-9.24046399187563,4.015212746123018,2.7141481356287924
-9.24046399187563,4.015212746123018,2.5996370834054443
-9.24046399187563,4.015212746123018,2.485126031182096
-9.24046399187563,4.015212746123018,2.370614978958748
-9.24046399187563,4.015212746123018,2.27900613718007
-9.24046399187563,4.015212746123018,2.208009284801594
-9.24046399187563,4.015212746123018,2.144112117660966
-9.24046399187563,4.015212746123018,2.0866046672344014
-9.24046399187563,4.015212746123018,2.034847961850492
-9.24046399187563,4.015212746123018,1.9882669270049742
-9.24046399187563,4.015212746123018,1.9463439956440078
-9.24046399187563,4.015212746123018,1.9086133574191388
-9.24046399187563,4.015212746123018,1.8746557830167563
-9.24046399187563,4.015212746123018,1.840698208614374
-9.24046399187563,4.015212746123018,1.813532149092468
-9.24046399187563,4.015212746123018,1.7890826955227521
-9.24046399187563,4.015212746123018,1.7670781873100085
-9.24046399187563,4.015212746123018,1.7472741299185381
-9.24046399187563,4.015212746123018,1.727470072527069
-9.24046399187563,4.015212746123018,1.7116268266138936
-9.24046399187563,4.015212746123018,1.695783580700718
-9.24046399187563,4.015212746123018,1.6831089839701776
-9.24046399187563,4.015212746123018,1.6717018469126907
-9.24046399187563,4.015212746123018,1.6614354235609534
-9.24046399187563,4.015212746123018,1.6521956425443896
-9.24046399187563,4.015212746123018,1.6429558615278252
-9.24046399187563,4.015212746123018,1.6346400586129175
-9.24046399187563,4.015212746123018,1.6280798140911572
-9.24046399187563,4.015212746123018,1.6215195695693967
-9.24046399187563,4.015212746123018,1.6149593250476362
-9.24046399187563,4.015212746123018,1.6103671538824038
-9.24046399187563,4.015212746123018,1.6062341998336944
-9.24046399187563,4.015212746123018,1.6021012457849853
-9.24046399187563,4.015212746123018,1.598794882546018
-9.24046399187563,4.015212746123018,1.5958191556309476
-9.24046399187563,4.015212746123018,1.5928434287158768
-9.24046399187563,4.015212746123018,1.590165274492314
-9.24046399187563,4.015212746123018,1.5880525083826136
-9.24046399187563,4.015212746123018,1.5861510188838832
-9.24046399187563,4.015212746123018,1.5844396783350265
-9.24046399187563,4.015212746123018,1.5828994718410547
-9.24046399187563,4.015212746123018,1.5815132859964807
-9.24046399187563,4.015212746123018,1.580127100151907
-9.24046399187563,4.015212746123018,1.578740914307333
-9.24046399187563,4.015212746123018,1.577770584216131
-9.24046399187563,4.015212746123018,1.5768972871340492
-9.24046399187563,4.015212746123018,1.5760239900519672
-9.24046399187563,4.015212746123018,1.5753253523863022
-9.24046399187563,4.015212746123018,1.574696578487203
-9.24046399187563,4.015212746123018,1.5740678045881042
-9.24046399187563,4.015212746123018,1.573564785468825
-9.24046399187563,4.015212746123018,1.5731120682614737
-9.24046399187563,4.015212746123018,1.5726593510541225
-9.24046399187563,4.015212746123018,1.5722971772882415
-9.24046399187563,4.015212746123018,1.5719712208989487
-9.24046399187563,4.015212746123018,1.571677860148585
-9.24046399187563,4.015212746123018,1.5714138354732583
-9.24046399187563,4.015212746123018,1.5711498107979311
-9.24046399187563,4.015212746123018,1.570912188590137
-9.24046399187563,4.015212746123018,1.5707247310706542
-9.24046399187563,4.015212746123018,1.57055601930312
-9.24046399187563,4.015212746123018,1.5704041787123388
-9.24046399187563,4.015212746123018,1.5702675221806366
-9.24046399187563,4.015212746123018,1.5701308656489346
-9.24046399187563,4.015212746123018,1.5700215404235722
-9.24042525256094,4.06521273111567,1.5700215404235722
-9.240386513246248,4.1152127161083225,1.5700215404235722
-9.240355521794497,4.1552127041024445,1.5700215404235722
-9.240324530342745,4.195212692096566,1.5700215404235722
-9.240293538890993,4.235212680090688,1.5700215404235722
-9.240271844874767,4.263212671686574,1.5700215404235722
-9.240250150858541,4.29121266328246,1.5700215404235722
-9.24023279564556,4.313612656559168,1.5700215404235722
-9.24021544043258,4.336012649835876,1.5700215404235722
-9.240201556262194,4.353932644457243,1.5700215404235722
-9.240189060508849,4.370060639616473,1.5700215404235722
-9.240176564755503,4.386188634775704,1.5700215404235722
-9.240166568152825,4.3990910309030875,1.5700215404235722
-9.240156571550147,4.411993427030471,1.5700215404235722
-9.240148574268005,4.422315343932379,1.5700215404235722
-9.240140576985864,4.432637260834286,1.5700215404235722
-9.240132579703722,4.442959177736194,1.5700215404235722
-9.240126981606224,4.450184519567529,1.5700215404235722
-9.240121943318474,4.456687327215731,1.5700215404235722
-9.240116905030725,4.4631901348639325,1.5700215404235722
-9.240112874400525,4.468392380982493,1.5700215404235722
-9.240108843770326,4.473594627101054,1.5700215404235722
-9.240105619266167,4.477756423995903,1.5700215404235722
-9.240102394762008,4.481918220890751,1.5700215404235722
-9.240099492708264,4.485663838096116,1.5700215404235722
-9.24009659065452,4.48940945530148,1.5700215404235722
-9.240094591461942,4.4919897693762865,1.5700215404235722
-9.240092592269363,4.494570083451093,1.5700215404235722
-9.240090593076784,4.497150397525899,1.5700215404235722
-9.24008919364198,4.498956617378264,1.5700215404235722
-9.240087794207176,4.500762837230629,1.5700215404235722
-9.24008653471585,4.502388435097757,1.5700215404235722
-9.24008554111714,4.503670851192935,1.5700215404235722
-9.240084547518428,4.504953267288114,1.5700215404235722
-9.240083653279587,4.506107441773775,1.5700215404235722
-9.240082759040746,4.507261616259436,1.5700215404235722
-9.240081984254452,4.508261615959289,1.5700215404235722
-9.240081209468158,4.509261615659142,1.5700215404235722
-9.240080434681865,4.510261615358995,1.5700215404235722
-9.24007965989557,4.511261615058848,1.5700215404235722
-9.24007965989557,4.511261615058848,1.727101173103062
-9.24007965989557,4.511261615058848,1.884180805782551
-9.24007965989557,4.511261615058848,2.0412604384620416
-9.24007965989557,4.511261615058848,2.1983400711415313
-9.24007965989557,4.511261615058848,2.355419703821021
-9.24007965989557,4.511261615058848,2.51249933650051
-9.24007965989557,4.511261615058848,2.66957896918
-9.24007965989557,4.511261615058848,2.8266586018594895
-9.24007965989557,4.511261615058848,2.983738234538979
-9.24007965989557,4.511261615058848,3.140817867218469
-9.24007965989557,4.511261615058848,-2.985287807281628
-9.24007965989557,4.511261615058848,-2.828208174602138
-9.24007965989557,4.511261615058848,-2.6711285419226485
-9.24007965989557,4.511261615058848,-2.514048909243159
-9.24007965989557,4.511261615058848,-2.356969276563669
-9.24007965989557,4.511261615058848,-2.1998896438841795
-9.24007965989557,4.511261615058848,-2.04281001120469
-9.24007965989557,4.511261615058848,-1.8857303785252004
-9.24007965989557,4.511261615058848,-1.7286507458457112
-9.24007965989557,4.511261615058848,-1.571571113166221
-9.24007965989557,4.511261615058848,-1.4144914804867317
-9.24007965989557,4.511261615058848,-1.2574118478072418
-9.24007965989557,4.511261615058848,-1.1317481416636501
-9.24007965989557,4.511261615058848,-1.0060844355200584
-9.24007965989557,4.511261615058848,-0.8929870999908257
-9.24007965989557,4.511261615058848,-0.779889764461593
-9.24007965989557,4.511261615058848,-0.7019782666525662
-9.24007965989557,4.511261615058848,-0.631857918624442
-9.24007965989557,4.511261615058848,-0.5617375705963179
-9.24007965989557,4.511261615058848,-0.4916172225681937
-9.24007965989557,4.511261615058848,-0.44253297894850685
-9.24007965989557,4.511261615058848,-0.3934487353288197
-9.24007965989557,4.511261615058848,-0.3492729160711015
-9.24007965989557,4.511261615058848,-0.314423103101124
-9.24007965989557,4.511261615058848,-0.2795732901311462
-9.24007965989557,4.511261615058848,-0.251693439755164
-9.24007965989557,4.511261615058848,-0.22660157441677992
-9.24007965989557,4.511261615058848,-0.20401889561223452
-9.24007965989557,4.511261615058848,-0.18143621680768895
-9.24007965989557,4.511261615058848,-0.16337007376405252
-9.24007965989557,4.511261615058848,-0.14530393072041606
-9.24007965989557,4.511261615058848,-0.12723778767677957
-9.24007965989557,4.511261615058848,-0.11459148754623406
-9.24007965989557,4.511261615058848,-0.10320981742874309
-9.24007965989557,4.511261615058848,-0.09296631432300123
-9.24007965989557,4.511261615058848,-0.0837471615278336
-9.24007965989557,4.511261615058848,-0.07544992401218267
-9.24007965989557,4.511261615058848,-0.06715268649653174
-9.24007965989557,4.511261615058848,-0.06051489648401105
-9.24007965989557,4.511261615058848,-0.05454088547274236
-9.24007965989557,4.511261615058848,-0.04916427556260054
-9.24007965989557,4.511261615058848,-0.04432532664347296
-9.24007965989557,4.511261615058848,-0.03997027261625812
-9.24007965989557,4.511261615058848,-0.03605072399176478
-9.24007965989557,4.511261615058848,-0.0325231302297207
-9.24007965989557,4.511261615058848,-0.029348295843881086
-9.24007965989557,4.511261615058848,-0.02649094489662546
-9.24007965989557,4.511261615058848,-0.023919329044095335
-9.24007965989557,4.511261615058848,-0.02134771319156521
-9.24007965989557,4.511261615058848,-0.019290420509541138
-9.24007965989557,4.511261615058848,-0.01743885709571943
-9.24007965989557,4.511261615058848,-0.015772450023279934
-9.24007965989557,4.511261615058848,-0.014272683658084354
-9.24007965989557,4.511261615058848,-0.012922893929408355
-9.24007965989557,4.511261615058848,-0.011708083173599955
-9.24007965989557,4.511261615058848,-0.010493272417791554
-9.24007965989557,4.511261615058848,-0.009278461661983154
-9.24007965989557,4.511261615058848,-0.008428094132917232
-9.24007965989557,4.511261615058848,-0.007577726603851309
-9.24007965989557,4.511261615058848,-0.006812395827692003
-9.24007965989557,4.511261615058848,-0.006132101804439308
-9.24007965989557,4.511261615058848,-0.00559637026112779
-9.24007965989557,4.511261615058848,-0.005114211872147436
-9.24007965989557,4.511261615058848,-0.004680269322065087
-9.24007965989557,4.511261615058848,-0.0042897210269910325
-9.24007965989557,4.511261615058848,-0.003938227561424355
-9.24007965989557,4.511261615058848,-0.003621883442414381
-9.24007965989557,4.511261615058848,-0.0033371737353053398
-9.24007965989557,4.511261615058848,-0.003080934998907258
-9.24007965989557,4.511261615058848,-0.0028503201361489484
-9.24007965989557,4.511261615058848,-0.002619705273390635
-9.24007965989557,4.511261615058848,-0.002435213383184008
-9.24007965989557,4.511261615058848,-0.002250721492977378
-9.24007965989557,4.511261615058848,-0.002103127980812095
-9.24007965989557,4.511261615058848,-0.0019702938198632894
-9.24007965989557,4.511261615058848,-0.0018374596589144853
-9.24007965989557,4.511261615058848,-0.0017311923301554818
-9.24007965989557,4.511261615058848,-0.001624925001396477
-9.140079791914605,4.511099122630215,-0.001624925001396477
-9.04007992393364,4.5109366302015825,-0.001624925001396477
-8.940080055952674,4.51077413777295,-0.001624925001396477
-8.840080187971708,4.5106116453443175,-0.001624925001396477
-8.740080319990742,4.510449152915685,-0.001624925001396477
-8.640080452009776,4.510286660487052,-0.001624925001396477
-8.54008058402881,4.51012416805842,-0.001624925001396477
-8.440080716047845,4.509961675629787,-0.001624925001396477
-8.34008084806688,4.509799183201155,-0.001624925001396477
-8.240080980085914,4.509636690772522,-0.001624925001396477
-8.140081112104948,4.50947419834389,-0.001624925001396477
-8.040081244123982,4.509311705915257,-0.001624925001396477
-7.9400813761430165,4.509149213486625,-0.001624925001396477
-7.840081508162051,4.508986721057992,-0.001624925001396477
-7.740081640181085,4.50882422862936,-0.001624925001396477
-7.640081772200119,4.508661736200727,-0.001624925001396477
-7.540081904219154,4.5084992437720945,-0.001624925001396477
-7.440082036238188,4.508336751343462,-0.001624925001396477
-7.340082168257222,4.5081742589148295,-0.001624925001396477
-7.340082168257222,4.5081742589148295,-0.15870455768088615
-7.340082168257222,4.5081742589148295,-0.31578419036037575
-7.340082168257222,4.5081742589148295,-0.47286382303986546
-7.340082168257222,4.5081742589148295,-0.6299434557193553
-7.340082168257222,4.5081742589148295,-0.7870230883988447
-7.340082168257222,4.5081742589148295,-0.9441027210783346
-7.340082168257222,4.5081742589148295,-1.101182353757824
-7.340082168257222,4.5081742589148295,-1.258261986437314
-7.340082168257222,4.5081742589148295,-1.4153416191168033
-7.340082168257222,4.5081742589148295,-1.5724212517962928
-7.340082168257222,4.5081742589148295,-1.7295008844757827
-7.340082168257222,4.5081742589148295,-1.8865805171552725
-7.340082168257222,4.5081742589148295,-2.0436601498347624
-7.340082168257222,4.5081742589148295,-2.2007397825142516
-7.340082168257222,4.5081742589148295,-2.3578194151937417
-7.340082168257222,4.5081742589148295,-2.5148990478732314
-7.340082168257222,4.5081742589148295,-2.6719786805527206
-7.340082168257222,4.5081742589148295,-2.8290583132322102
-7.340082168257222,4.5081742589148295,-2.9861379459117
-7.340082168257222,4.5081742589148295,3.1399677285883967
-7.340082168257222,4.5081742589148295,2.982888095908907
-7.340082168257222,4.5081742589148295,2.8415164264973662
-7.340082168257222,4.5081742589148295,2.7142819240269795
-7.340082168257222,4.5081742589148295,2.5997708718036314
-7.340082168257222,4.5081742589148295,2.4967109248026182
-7.340082168257222,4.5081742589148295,2.4039569725017063
-7.340082168257222,4.5081742589148295,2.3204784154308857
-7.340082168257222,4.5081742589148295,2.236999858360065
-7.340082168257222,4.5081742589148295,2.153521301289245
-7.340082168257222,4.5081742589148295,2.0950863113396703
-7.340082168257222,4.5081742589148295,2.036651321390096
-7.340082168257222,4.5081742589148295,1.9899033294304362
-7.340082168257222,4.5081742589148295,1.947830136666743
-7.340082168257222,4.5081742589148295,1.9099642631794185
-7.340082168257222,4.5081742589148295,1.8758849770408266
-7.340082168257222,4.5081742589148295,1.8418056909022342
-7.340082168257222,4.5081742589148295,1.8145422619913607
-7.340082168257222,4.5081742589148295,1.7872788330804876
-7.340082168257222,4.5081742589148295,1.7600154041696139
-7.340082168257222,4.5081742589148295,1.7382046610409154
-7.340082168257222,4.5081742589148295,1.7163939179122165
-7.340082168257222,4.5081742589148295,1.7016716663003448
-7.340082168257222,4.5081742589148295,1.6884216398496597
-7.340082168257222,4.5081742589148295,1.675171613398976
-7.340082168257222,4.5081742589148295,1.6619215869482917
-7.340082168257222,4.5081742589148295,1.652646568432812
-7.340082168257222,4.5081742589148295,1.644299051768881
-7.340082168257222,4.5081742589148295,1.6367862867713432
-7.340082168257222,4.5081742589148295,1.6292735217738046
-7.340082168257222,4.5081742589148295,1.6225120332760206
-7.340082168257222,4.5081742589148295,1.617177970127768
-7.340082168257222,4.5081742589148295,1.6123773132943415
-7.340082168257222,4.5081742589148295,1.6080567221442572
-7.340082168257222,4.5081742589148295,1.6041681901091813
-7.340082168257222,4.5081742589148295,1.6006685112776136
-7.340082168257222,4.5081742589148295,1.5975188003292018
-7.340082168257222,4.5081742589148295,1.594684060475632
-7.340082168257222,4.5081742589148295,1.5921327946074184
-7.340082168257222,4.5081742589148295,1.589836655326027
-7.340082168257222,4.5081742589148295,1.5877701299727738
-7.340082168257222,4.5081742589148295,1.5859102571548467
-7.340082168257222,4.5081742589148295,1.5842363716187116
-7.340082168257222,4.5081742589148295,1.5825624860825775
-7.340082168257222,4.5081742589148295,1.5812233776536697
-7.340082168257222,4.5081742589148295,1.5800181800676527
-7.340082168257222,4.5081742589148295,1.5788129824816353
-7.340082168257222,4.5081742589148295,1.5778488244128221
-7.340082168257222,4.5081742589148295,1.5768846663440086
-7.340082168257222,4.5081742589148295,1.5760169240820763
-7.340082168257222,4.5081742589148295,1.5751491818201437
-7.340082168257222,4.5081742589148295,1.574464629591286
-7.340082168257222,4.5081742589148295,1.5739353068115072
-7.340082168257222,4.5081742589148295,1.5734589163097064
-7.340082168257222,4.5081742589148295,1.5730301648580858
-7.340082168257222,4.5081742589148295,1.5726442885516274
-7.340082168257222,4.5081742589148295,1.572296999875815
-7.340082168257222,4.5081742589148295,1.571949711200002
-7.340082168257222,4.5081742589148295,1.5716718802593517
-7.340082168257222,4.5081742589148295,1.5714218324127665
-7.340082168257222,4.5081742589148295,1.5711717845661815
-7.340082168257222,4.5081742589148295,1.5709467415042553
-7.340082168257222,4.5081742589148295,1.5707692075331792
-7.340082168257222,4.5081742589148295,1.5705916735621042
-7.340082168257222,4.5081742589148295,1.5704141395910287
-7.340082168257222,4.5081742589148295,1.5702366056199528
-7.340082168257222,4.5081742589148295,1.570130085237308
-7.340082168257222,4.5081742589148295,1.5700235648546623
-7.340043530164056,4.558174243985805,1.5700235648546623
-7.3400048920708905,4.608174229056781,1.5700235648546623
-7.339966253977725,4.658174214127756,1.5700235648546623
-7.339939207312509,4.693174203677439,1.5700235648546623
-7.339912160647293,4.728174193227122,1.5700235648546623
-7.33989052331512,4.756174184866868,1.5700235648546623
-7.339868885982947,4.784174176506614,1.5700235648546623
-7.3398515761172085,4.806574169818411,1.5700235648546623
-7.33983426625147,4.8289741631302086,1.5700235648546623
-7.339816956385732,4.851374156442006,1.5700235648546623
-7.339804839479715,4.8670541517602635,1.5700235648546623
-7.339792722573698,4.882734147078521,1.5700235648546623
-7.339783029048884,4.895278143333127,1.5700235648546623
-7.33977333552407,4.907822139587733,1.5700235648546623
-7.339763641999256,4.920366135842339,1.5700235648546623
-7.339755887179405,4.930401332846023,1.5700235648546623
-7.339748132359554,4.940436529849708,1.5700235648546623
-7.33974212237417,4.948213807527564,1.5700235648546623
-7.339736112388786,4.95599108520542,1.5700235648546623
-7.339732079882463,4.961209387647336,1.5700235648546623
-7.33972804737614,4.966427690089252,1.5700235648546623
-7.339724821371083,4.970602332042785,1.5700235648546623
-7.339721595366025,4.974776973996318,1.5700235648546623
-7.339719014561979,4.978116687559144,1.5700235648546623
-7.339716433757933,4.98145640112197,1.5700235648546623
-7.339714369114696,4.984128171972231,1.5700235648546623
-7.339712304471459,4.9867999428224925,1.5700235648546623
-7.339710652756869,4.988937359502701,1.5700235648546623
-7.339709001042279,4.99107477618291,1.5700235648546623
-7.3397076796706076,4.992784709527077,1.5700235648546623
-7.339706358298936,4.994494642871245,1.5700235648546623
-7.339705301201598,4.9958625895465785,1.5700235648546623
-7.339704244104261,4.997230536221912,1.5700235648546623
-7.339703187006923,4.998598482897246,1.5700235648546623
-7.3397024142450595,4.999598482598666,1.5700235648546623
-7.339701641483196,5.000598482300085,1.5700235648546623
-7.339700868721333,5.001598482001505,1.5700235648546623
-7.339700095959469,5.0025984817029245,1.5700235648546623
-7.339699323197606,5.003598481404344,1.5700235648546623
-7.339698550435743,5.004598481105764,1.5700235648546623
-7.339698550435743,5.004598481105764,1.7271031975341522
-7.339698550435743,5.004598481105764,1.8684748669456919
-7.339698550435743,5.004598481105764,2.009846536357233
-7.339698550435743,5.004598481105764,2.13708103882762
-7.339698550435743,5.004598481105764,2.2374549241098145
-7.339698550435743,5.004598481105764,2.3277914208637887
-7.339698550435743,5.004598481105764,2.4181279176177632
-7.339698550435743,5.004598481105764,2.4994307646963407
-7.339698550435743,5.004598481105764,2.5807336117749173
-7.339698550435743,5.004598481105764,2.644872524470239
-7.339698550435743,5.004598481105764,2.709011437165561
-7.339698550435743,5.004598481105764,2.7521922826139606
-7.339698550435743,5.004598481105764,2.7953731280623604
-7.339698550435743,5.004598481105764,2.8299178044210804
-7.339698550435743,5.004598481105764,2.8644624807798005
-7.339698550435743,5.004598481105764,2.8990071571385205
-7.339698550435743,5.004598481105764,2.9300973658613683
-7.339698550435743,5.004598481105764,2.961187574584216
-7.339698550435743,5.004598481105764,2.982259827163035
-7.339698550435743,5.004598481105764,2.9981158336116875
-7.339698550435743,5.004598481105764,3.012386239415475
-7.339698550435743,5.004598481105764,3.0252296046388834
-7.339698550435743,5.004598481105764,3.0367886333399507
-7.339698550435743,5.004598481105764,3.048347662041018
-7.339698550435743,5.004598481105764,3.057594885001872
-7.339698550435743,5.004598481105764,3.0659173856666406
-7.339698550435743,5.004598481105764,3.0734076362649323
-7.339698550435743,5.004598481105764,3.0801488618033948
-7.339698550435743,5.004598481105764,3.086215964788011
-7.339698550435743,5.004598481105764,3.091676357474166
-7.339698550435743,5.004598481105764,3.096590710891705
-7.339698550435743,5.004598481105764,3.1010136289674906
-7.339698550435743,5.004598481105764,3.105436547043276
-7.339698550435743,5.004598481105764,3.1098594651190616
-7.339698550435743,5.004598481105764,3.114282383194847
-7.339698550435743,5.004598481105764,3.1187053012706327
-7.339698550435743,5.004598481105764,3.1209167603085253
-7.339698550435743,5.004598481105764,3.123128219346418
-7.339698550435743,5.004598481105764,3.1248973865767318
-7.339698550435743,5.004598481105764,3.1264896370840143
-7.339698550435743,5.004598481105764,3.128081887591297
-7.339698550435743,5.004598481105764,3.129355687997123
-7.339698550435743,5.004598481105764,3.1305021083623665
-7.339698550435743,5.004598481105764,3.1315338866910856
-7.339698550435743,5.004598481105764,3.132462487186933
-7.339698550435743,5.004598481105764,3.1332982276331953
-7.339698550435743,5.004598481105764,3.1341339680794578
-7.339698550435743,5.004598481105764,3.134802560436468
-7.339698550435743,5.004598481105764,3.135404293557777
-7.339698550435743,5.004598481105764,3.1359458533669553
-7.339698550435743,5.004598481105764,3.1364874131761336
-7.339698550435743,5.004598481105764,3.136974817004394
-7.339698550435743,5.004598481105764,3.137408064851736
-7.339698550435743,5.004598481105764,3.1377492475315183
-7.339698550435743,5.004598481105764,3.1380563119433225
-7.339698550435743,5.004598481105764,3.1383633763551266
-7.339698550435743,5.004598481105764,3.1386397343257504
-7.339698550435743,5.004598481105764,3.1388577500581314
-7.339698550435743,5.004598481105764,3.1390757657905124
-7.339698550435743,5.004598481105764,3.1392937815228934
-7.339698550435743,5.004598481105764,3.13944639253556
-7.339698550435743,5.004598481105764,3.13958374244696
-7.339698550435743,5.004598481105764,3.13970735736722
-7.339698550435743,5.004598481105764,3.1398186107954538
-7.339698550435743,5.004598481105764,3.1399298642236877
-7.43969841219235,5.004764759965751,3.1399298642236877
-7.539698273948958,5.004931038825739,3.1399298642236877
-7.639698135705566,5.005097317685727,3.1399298642236877
-7.739697997462174,5.005263596545714,3.1399298642236877
-7.839697859218782,5.005429875405702,3.1399298642236877
-7.939697720975389,5.00559615426569,3.1399298642236877
-8.039697582731998,5.005762433125677,3.1399298642236877
-8.139697444488606,5.005928711985665,3.1399298642236877
-8.239697306245214,5.006094990845653,3.1399298642236877
-8.339697168001821,5.00626126970564,3.1399298642236877
-8.43969702975843,5.006427548565628,3.1399298642236877
-8.539696891515037,5.006593827425616,3.1399298642236877
-8.639696753271645,5.006760106285603,3.1399298642236877
-8.739696615028253,5.006926385145591,3.1399298642236877
-8.83969647678486,5.007092664005579,3.1399298642236877
-8.939696338541468,5.007258942865566,3.1399298642236877
-9.039696200298076,5.007425221725554,3.1399298642236877
-9.139696062054684,5.007591500585542,3.1399298642236877
-9.239695923811292,5.007757779445529,3.1399298642236877
-9.239695923811292,5.007757779445529,2.982850231544198
-9.239695923811292,5.007757779445529,2.8414785621326573
-9.239695923811292,5.007757779445529,2.7142440596622706
-9.239695923811292,5.007757779445529,2.587009557191884
-9.239695923811292,5.007757779445529,2.4852219552155748
-9.239695923811292,5.007757779445529,2.3834343532392657
-9.239695923811292,5.007757779445529,2.3020042716582183
-9.239695923811292,5.007757779445529,2.220574190077171
-9.239695923811292,5.007757779445529,2.155430124812333
-9.239695923811292,5.007757779445529,2.0968004660739785
-9.239695923811292,5.007757779445529,2.0440337732094602
-9.239695923811292,5.007757779445529,1.9965437496313936
-9.239695923811292,5.007757779445529,1.949053726053326
-9.239695923811292,5.007757779445529,1.9015637024752596
-9.239695923811292,5.007757779445529,1.868320685970613
-9.239695923811292,5.007757779445529,1.8384019711164306
-9.239695923811292,5.007757779445529,1.8084832562622484
-9.239695923811292,5.007757779445529,1.7845482843789024
-9.239695923811292,5.007757779445529,1.7606133124955565
-9.239695923811292,5.007757779445529,1.7414653349888802
-9.239695923811292,5.007757779445529,1.7223173574822035
-9.239695923811292,5.007757779445529,1.7069989754768624
-9.239695923811292,5.007757779445529,1.691680593471521
-9.239695923811292,5.007757779445529,1.6794258878672481
-9.239695923811292,5.007757779445529,1.6683966528234027
-9.239695923811292,5.007757779445529,1.6573674177795568
-9.239695923811292,5.007757779445529,1.6463381827357113
-9.239695923811292,5.007757779445529,1.6375147947006348
-9.239695923811292,5.007757779445529,1.6306766689734502
-9.239695923811292,5.007757779445529,1.6245223558189839
-9.239695923811292,5.007757779445529,1.618983473979965
-9.239695923811292,5.007757779445529,1.6139984803248477
-9.239695923811292,5.007757779445529,1.6090134866697303
-9.239695923811292,5.007757779445529,1.6050254917456364
-9.239695923811292,5.007757779445529,1.601436296313952
-9.239695923811292,5.007757779445529,1.5978471008822677
-9.239695923811292,5.007757779445529,1.5946168249937511
-9.239695923811292,5.007757779445529,1.5917454686484036
-9.239695923811292,5.007757779445529,1.5894842755264427
-9.239695923811292,5.007757779445529,1.5874492017166772
-9.239695923811292,5.007757779445529,1.5854141279069123
-9.239695923811292,5.007757779445529,1.5835825614781232
-9.239695923811292,5.007757779445529,1.581750995049335
-9.239695923811292,5.007757779445529,1.5804892492872806
-9.239695923811292,5.007757779445529,1.5793536781014317
-9.239695923811292,5.007757779445529,1.5783316640341676
-9.239695923811292,5.007757779445529,1.5773096499669035
-9.239695923811292,5.007757779445529,1.5763898373063654
-9.239695923811292,5.007757779445529,1.5756642073186085
-9.239695923811292,5.007757779445529,1.5749385773308509
-9.239695923811292,5.007757779445529,1.574285510341869
-9.239695923811292,5.007757779445529,1.573632443352887
-9.239695923811292,5.007757779445529,1.5731172460615797
-9.239695923811292,5.007757779445529,1.57266735546917
-9.239695923811292,5.007757779445529,1.5723139736651324
-9.239695923811292,5.007757779445529,1.5719959300414983
-9.239695923811292,5.007757779445529,1.5717096907802273
-9.239695923811292,5.007757779445529,1.571423451518957
-9.239695923811292,5.007757779445529,1.5711944601099401
-9.239695923811292,5.007757779445529,1.570988367841825
-9.239695923811292,5.007757779445529,1.5707822755737104
-9.239695923811292,5.007757779445529,1.570596792532407
-9.239695923811292,5.007757779445529,1.5704504670220454
-9.239695923811292,5.007757779445529,1.570304141511684
-9.239695923811292,5.007757779445529,1.5701724485523587
-9.239695923811292,5.007757779445529,1.5700407555930334
-9.239695923811292,5.007757779445529,1.727120388272523
-9.239695923811292,5.007757779445529,1.8684920576840638
-9.239695923811292,5.007757779445529,1.9957265601544503
-9.239695923811292,5.007757779445529,2.110237612377799
-9.239695923811292,5.007757779445529,2.2247486646011465
-9.239695923811292,5.007757779445529,2.32780861160216
-9.239695923811292,5.007757779445529,2.4091114586807367
-9.239695923811292,5.007757779445529,2.482284021051456
-9.239695923811292,5.007757779445529,2.5554565834221754
-9.239695923811292,5.007757779445529,2.621311889555823
-9.239695923811292,5.007757779445529,2.68716719568947
-9.239695923811292,5.007757779445529,2.732534184359316
-9.239695923811292,5.007757779445529,2.777901173029162
-9.239695923811292,5.007757779445529,2.823268161699008
-9.239695923811292,5.007757779445529,2.8550250537679003
-9.239695923811292,5.007757779445529,2.8836062566299034
-9.239695923811292,5.007757779445529,2.9093293392057062
-9.239695923811292,5.007757779445529,2.935052421781509
-9.239695923811292,5.007757779445529,2.955630887842151
-9.239695923811292,5.007757779445529,2.974151507296729
-9.239695923811292,5.007757779445529,2.9908200648058494
-9.239695923811292,5.007757779445529,3.0058217665640576
-9.239695923811292,5.007757779445529,3.020823468322266
-9.239695923811292,5.007757779445529,3.0328248297288325
-9.239695923811292,5.007757779445529,3.0436260549947423
-9.239695923811292,5.007757779445529,3.053347157734061
-9.239695923811292,5.007757779445529,3.062096150199448
-9.239695923811292,5.007757779445529,3.0699702434182963
-9.239695923811292,5.007757779445529,3.0778443366371446
-9.239695923811292,5.007757779445529,3.085718429855993
-9.239695923811292,5.007757779445529,3.091230295109187
-9.239695923811292,5.007757779445529,3.0967421603623806
-9.239695923811292,5.007757779445529,3.1011516525649356
-9.239695923811292,5.007757779445529,3.1055611447674907
-9.239695923811292,5.007757779445529,3.1090887385295347
-9.239695923811292,5.007757779445529,3.1126163322915787
-9.239695923811292,5.007757779445529,3.115438407301214
-9.239695923811292,5.007757779445529,3.1179782748098854
-9.239695923811292,5.007757779445529,3.12026415556769
-9.239695923811292,5.007757779445529,3.1225500363254945
-9.239695923811292,5.007757779445529,3.1246073290075187
-9.239695923811292,5.007757779445529,3.126664621689543
-9.239695923811292,5.007757779445529,3.1280818677593816
-9.239695923811292,5.007757779445529,3.1293573892222364
-9.239695923811292,5.007757779445529,3.1305053585388056
-9.239695923811292,5.007757779445529,3.1315385309237183
-9.239695923811292,5.007757779445529,3.132468386070139
-9.239695923811292,5.007757779445529,3.1333052557019183
-9.239695923811292,5.007757779445529,3.1341421253336974
-9.239695923811292,5.007757779445529,3.1349789949654765
-9.239695923811292,5.007757779445529,3.1355648037077217
-9.239695923811292,5.007757779445529,3.136150612449967
-9.239695923811292,5.007757779445529,3.136677840317988
-9.239695923811292,5.007757779445529,3.137093764524982
-9.239695923811292,5.007757779445529,3.1375096887319764
-9.239695923811292,5.007757779445529,3.1378424280975716
-9.239695923811292,5.007757779445529,3.1381418935266074
-9.239695923811292,5.007757779445529,3.1384413589556432
-9.239695923811292,5.007757779445529,3.1386809312988717
-9.239695923811292,5.007757779445529,3.1389205036421
-9.239695923811292,5.007757779445529,3.1391600759853286
-9.239695923811292,5.007757779445529,3.139327776625589
-9.239695923811292,5.007757779445529,3.139478707201823
-9.239695923811292,5.007757779445529,3.1396145447204336
-9.239695923811292,5.007757779445529,3.1397503822390442
-9.239695923811292,5.007757779445529,3.1398590522539327
-9.239695923811292,5.007757779445529,3.139967722268821
-9.239695923811292,5.007757779445529,-2.9861379522312754
-9.239695923811292,5.007757779445529,-2.8447662828197346
-9.239695923811292,5.007757779445529,-2.717531780349348
-9.239695923811292,5.007757779445529,-2.603020728126
-9.239695923811292,5.007757779445529,-2.4999607811249867
-9.239695923811292,5.007757779445529,-2.4072068288240747
-9.239695923811292,5.007757779445529,-2.323728271753254
-9.239695923811292,5.007757779445529,-2.240249714682434
-9.239695923811292,5.007757779445529,-2.173466869025777
-9.239695923811292,5.007757779445529,-2.113362307934786
-9.239695923811292,5.007757779445529,-2.0592682029528935
-9.239695923811292,5.007757779445529,-2.010583508469192
-9.239695923811292,5.007757779445529,-1.9667672834338592
-9.239695923811292,5.007757779445529,-1.9229510583985268
-9.239695923811292,5.007757779445529,-1.8791348333631939
-9.239695923811292,5.007757779445529,-1.8440818533349288
-9.239695923811292,5.007757779445529,-1.8169157938130225
-9.239695923811292,5.007757779445529,-1.7897497342911164
-9.239695923811292,5.007757779445529,-1.7680168866735915
-9.239695923811292,5.007757779445529,-1.7484573238178194
-9.239695923811292,5.007757779445529,-1.7308537172476237
-9.239695923811292,5.007757779445529,-1.7150104713344485
-9.239695923811292,5.007757779445529,-1.7007515500125905
-9.239695923811292,5.007757779445529,-1.687918520822918
-9.239695923811292,5.007757779445529,-1.6763687945522128
-9.239695923811292,5.007757779445529,-1.6659740409085788
-9.239695923811292,5.007757779445529,-1.6566187626293076
-9.239695923811292,5.007757779445529,-1.648199012177964
-9.239695923811292,5.007757779445529,-1.63977926172662
-9.239695923811292,5.007757779445529,-1.6330434613655445
-9.239695923811292,5.007757779445529,-1.6269812410405768
-9.239695923811292,5.007757779445529,-1.6215252427481055
-9.239695923811292,5.007757779445529,-1.6166148442848824
-9.239695923811292,5.007757779445529,-1.6117044458216585
-9.239695923811292,5.007757779445529,-1.6072850872047575
-9.239695923811292,5.007757779445529,-1.6037987042958683
-9.239695923811292,5.007757779445529,-1.6006609596778683
-9.239695923811292,5.007757779445529,-1.597523215059868
-9.239695923811292,5.007757779445529,-1.5950130193654681
-9.239695923811292,5.007757779445529,-1.5925028236710679
-9.239695923811292,5.007757779445529,-1.5899926279766678
-9.239695923811292,5.007757779445529,-1.5882354909905878
-9.239695923811292,5.007757779445529,-1.586478354004508
-9.239695923811292,5.007757779445529,-1.5850726444156442
-9.239695923811292,5.007757779445529,-1.583807505785666
-9.239695923811292,5.007757779445529,-1.5826688810186862
-9.239695923811292,5.007757779445529,-1.5816441187284043
-9.239695923811292,5.007757779445529,-1.5807218326671502
-9.239695923811292,5.007757779445529,-1.5797995466058972
-9.239695923811292,5.007757779445529,-1.5790617177568942
-9.239695923811292,5.007757779445529,-1.5783976717927912
-9.239695923811292,5.007757779445529,-1.5777336258286885
-9.239695923811292,5.007757779445529,-1.5772023890574067
-9.239695923811292,5.007757779445529,-1.576724275963253
-9.239695923811292,5.007757779445529,-1.5762939741785147
-9.239695923811292,5.007757779445529,-1.5759067025722497
-9.239695923811292,5.007757779445529,-1.5755581581266112
-9.239695923811292,5.007757779445529,-1.5752096136809737
-9.239695923811292,5.007757779445529,-1.5749307781244626
-9.239695923811292,5.007757779445529,-1.574651942567952
-9.239695923811292,5.007757779445529,-1.5744009905670924
-9.239695923811292,5.007757779445529,-1.5741779221218843
-9.239695923811292,5.007757779445529,-1.5740022557212827
-9.239695923811292,5.007757779445529,-1.5738265893206806
-9.239695923811292,5.007757779445529,-1.5736684895601398
-9.239695923811292,5.007757779445529,-1.5735437664157117
-9.239695923811292,5.007757779445529,-1.573419043271285
-9.239695923811292,5.007757779445529,-1.5732943201268577
-9.239945722884698,4.907758091443902,-1.5732943201268577
-9.240195521958105,4.807758403442274,-1.5732943201268577
-9.240445321031512,4.707758715440646,-1.5732943201268577
-9.240695120104919,4.607759027439019,-1.5732943201268577
-9.240944919178325,4.507759339437391,-1.5732943201268577
-9.241194718251732,4.4077596514357635,-1.5732943201268577
-9.241444517325139,4.307759963434136,-1.5732943201268577
-9.241694316398545,4.207760275432508,-1.5732943201268577
-9.241944115471952,4.107760587430881,-1.5732943201268577
-9.242193914545359,4.007760899429253,-1.5732943201268577
-9.242443713618766,3.907761211427625,-1.5732943201268577
-9.242693512692172,3.807761523425997,-1.5732943201268577
-9.242943311765579,3.707761835424369,-1.5732943201268577
-9.243193110838986,3.607762147422741,-1.5732943201268577
-9.243442909912392,3.5077624594211128,-1.5732943201268577
-9.2436927089858,3.4077627714194847,-1.5732943201268577
-9.243942508059206,3.3077630834178566,-1.5732943201268577
-9.244192307132613,3.2077633954162286,-1.5732943201268577
-9.24444210620602,3.1077637074146005,-1.5732943201268577
-9.244691905279426,3.0077640194129724,-1.5732943201268577
-9.244941704352833,2.9077643314113444,-1.5732943201268577
-9.24519150342624,2.8077646434097163,-1.5732943201268577
-9.245441302499646,2.7077649554080883,-1.5732943201268577
-9.245691101573053,2.60776526740646,-1.5732943201268577
-9.24594090064646,2.507765579404832,-1.5732943201268577
-9.246190699719866,2.407765891403204,-1.5732943201268577
-9.246440498793273,2.307766203401576,-1.5732943201268577
-9.24669029786668,2.207766515399948,-1.5732943201268577
-9.246940096940087,2.10776682739832,-1.5732943201268577
-9.247189896013493,2.007767139396692,-1.5732943201268577
-9.2474396950869,1.907767451395064,-1.5732943201268577
-9.247689494160307,1.8077677633934361,-1.5732943201268577
-9.247939293233713,1.7077680753918083,-1.5732943201268577
-9.24818909230712,1.6077683873901805,-1.5732943201268577
-9.248438891380527,1.5077686993885526,-1.5732943201268577
-9.248688690453934,1.4077690113869248,-1.5732943201268577
-9.24893848952734,1.307769323385297,-1.5732943201268577
-9.249188288600747,1.207769635383669,-1.5732943201268577
-9.249438087674154,1.1077699473820413,-1.5732943201268577
-9.24968788674756,1.0077702593804134,-1.5732943201268577
-9.249937685820967,0.9077705713787855,-1.5732943201268577
-9.250187484894374,0.8077708833771575,-1.5732943201268577
-9.25043728396778,0.7077711953755296,-1.5732943201268577
-9.250687083041187,0.6077715073739016,-1.5732943201268577
-9.250936882114594,0.5077718193722737,-1.5732943201268577
-9.251186681188,0.4077721313706457,-1.5732943201268577
-9.251436480261408,0.30777244336901777,-1.5732943201268577
-9.251686279334814,0.20777275536738984,-1.5732943201268577
-9.251936078408221,0.10777306736576192,-1.5732943201268577
-9.252185877481628,0.007773379364133998,-1.5732943201268577
-9.252435676555034,-0.09222630863749393,-1.5732943201268577
-9.252685475628441,-0.19222599663912185,-1.5732943201268577
-9.252935274701848,-0.29222568464074977,-1.5732943201268577
-9.253185073775255,-0.39222537264237767,-1.5732943201268577
-9.253434872848661,-0.4922250606440056,-1.5732943201268577
-9.253684671922068,-0.5922247486456336,-1.5732943201268577
-9.253934470995475,-0.6922244366472615,-1.5732943201268577
-9.254184270068881,-0.7922241246488895,-1.5732943201268577
-9.254434069142288,-0.8922238126505174,-1.5732943201268577
-9.254683868215695,-0.9922235006521454,-1.5732943201268577
-9.254933667289102,-1.0922231886537732,-1.5732943201268577
-9.255183466362508,-1.192222876655401,-1.5732943201268577
-9.255433265435915,-1.292222564657029,-1.5732943201268577
-9.255683064509322,-1.3922222526586567,-1.5732943201268577
-9.255932863582728,-1.4922219406602846,-1.5732943201268577
-9.256182662656135,-1.5922216286619124,-1.5732943201268577
-9.256432461729542,-1.6922213166635403,-1.5732943201268577
-9.256682260802949,-1.792221004665168,-1.5732943201268577
-9.256932059876355,-1.892220692666796,-1.5732943201268577
-9.257181858949762,-1.9922203806684238,-1.5732943201268577
-9.257431658023169,-2.0922200686700516,-1.5732943201268577
-9.257681457096576,-2.1922197566716797,-1.5732943201268577
-9.257931256169982,-2.2922194446733077,-1.5732943201268577
-9.258181055243389,-2.392219132674936,-1.5732943201268577
-9.258430854316796,-2.492218820676564,-1.5732943201268577
-9.258680653390202,-2.592218508678192,-1.5732943201268577
-9.25893045246361,-2.69221819667982,-1.5732943201268577
-9.259180251537016,-2.792217884681448,-1.5732943201268577
-9.259430050610423,-2.892217572683076,-1.5732943201268577
-9.25967984968383,-2.992217260684704,-1.5732943201268577
-9.259929648757236,-3.0922169486863322,-1.5732943201268577
-9.260179447830643,-3.1922166366879603,-1.5732943201268577
-9.26042924690405,-3.2922163246895884,-1.5732943201268577
-9.260679045977456,-3.3922160126912164,-1.5732943201268577
-9.260928845050863,-3.4922157006928445,-1.5732943201268577
-9.26117864412427,-3.5922153886944725,-1.5732943201268577
-9.261428443197676,-3.6922150766961006,-1.5732943201268577
-9.261678242271083,-3.7922147646977287,-1.5732943201268577
-9.26192804134449,-3.8922144526993567,-1.5732943201268577
-9.262177840417896,-3.992214140700985,-1.5732943201268577
-9.262427639491303,-4.092213828702612,-1.5732943201268577
-9.26267743856471,-4.19221351670424,-1.5732943201268577
-9.262927237638117,-4.292213204705868,-1.5732943201268577
-9.263177036711523,-4.392212892707495,-1.5732943201268577
-9.26342683578493,-4.492212580709123,-1.5732943201268577
-9.263676634858337,-4.5922122687107505,-1.5732943201268577
-9.263926433931744,-4.692211956712378,-1.5732943201268577
-9.26417623300515,-4.792211644714006,-1.5732943201268577
-9.264426032078557,-4.892211332715633,-1.5732943201268577
-9.264675831151964,-4.992211020717261,-1.5732943201268577
-9.26492563022537,-5.092210708718889,-1.5732943201268577
-9.26492563022537,-5.092210708718889,-1.7303739528063475
-9.26492563022537,-5.092210708718889,-1.8717456222178885
-9.26492563022537,-5.092210708718889,-1.9989801246882746
-9.26492563022537,-5.092210708718889,-2.126214627158661
-9.26492563022537,-5.092210708718889,-2.22800222913497
-9.26492563022537,-5.092210708718889,-2.3196110709136484
-9.26492563022537,-5.092210708718889,-2.4020590285144587
-9.26492563022537,-5.092210708718889,-2.484506986115269
-9.26492563022537,-5.092210708718889,-2.5504653521959177
-9.26492563022537,-5.092210708718889,-2.6098278816685014
-9.26492563022537,-5.092210708718889,-2.6632541581938267
-9.26492563022537,-5.092210708718889,-2.716680434719152
-9.26492563022537,-5.092210708718889,-2.759421455939412
-9.26492563022537,-5.092210708718889,-2.797888375037646
-9.26492563022537,-5.092210708718889,-2.832508602226057
-9.26492563022537,-5.092210708718889,-2.8636668066956266
-9.26492563022537,-5.092210708718889,-2.8917091907182395
-9.26492563022537,-5.092210708718889,-2.916947336338591
-9.26492563022537,-5.092210708718889,-2.9396616673969076
-9.26492563022537,-5.092210708718889,-2.960104565349392
-9.26492563022537,-5.092210708718889,-2.978503173506628
-9.26492563022537,-5.092210708718889,-2.996901781663864
-9.26492563022537,-5.092210708718889,-3.011620668189653
-9.26492563022537,-5.092210708718889,-3.024867666062863
-9.26492563022537,-5.092210708718889,-3.036789964148752
-9.26492563022537,-5.092210708718889,-3.0475200324260525
-9.26492563022537,-5.092210708718889,-3.0571770938756226
-9.26492563022537,-5.092210708718889,-3.0668341553251928
-9.26492563022537,-5.092210708718889,-3.074559804484849
-9.26492563022537,-5.092210708718889,-3.082285453644505
-9.26492563022537,-5.092210708718889,-3.0884659729722297
-9.26492563022537,-5.092210708718889,-3.094028440367182
-9.26492563022537,-5.092210708718889,-3.0995909077621344
-9.26492563022537,-5.092210708718889,-3.104040881678096
-9.26492563022537,-5.092210708718889,-3.108045858202462
-9.26492563022537,-5.092210708718889,-3.1116503370743915
-9.26492563022537,-5.092210708718889,-3.1148943680591277
-9.26492563022537,-5.092210708718889,-3.11781399594539
-9.26492563022537,-5.092210708718889,-3.1204416610430266
-9.26492563022537,-5.092210708718889,-3.122806559630899
-9.26492563022537,-5.092210708718889,-3.1249349683599847
-9.26492563022537,-5.092210708718889,-3.126850536216162
-9.26492563022537,-5.092210708718889,-3.128766104072339
-9.26492563022537,-5.092210708718889,-3.1304901151428983
-9.26492563022537,-5.092210708718889,-3.1320225694278396
-9.26492563022537,-5.092210708718889,-3.1332293771772313
-9.26492563022537,-5.092210708718889,-3.1343155041516835
-9.26492563022537,-5.092210708718889,-3.1352930184286905
-9.26492563022537,-5.092210708718889,-3.1361727812779967
-9.26492563022537,-5.092210708718889,-3.1369645678423725
-9.26492563022537,-5.092210708718889,-3.137677175750311
-9.26492563022537,-5.092210708718889,-3.138318522867455
-9.26492563022537,-5.092210708718889,-3.1389598699845993
-9.26492563022537,-5.092210708718889,-3.1395370823900293
-9.26492563022537,-5.092210708718889,-3.140050160083745
-9.26492563022537,-5.092210708718889,-3.140454208767546
-9.26492563022537,-5.092210708718889,-3.1408178525829666
-9.26492563022537,-5.092210708718889,-3.1411451320168453
-9.26492563022537,-5.092210708718889,-3.141439683507336
-9.26492563022537,-5.092210708718889,3.1414805273308084
-9.26492563022537,-5.092210708718889,3.1412154309893667
-9.26492563022537,-5.092210708718889,3.140976844282069
-9.26492563022537,-5.092210708718889,3.140788625879645
-9.26492563022537,-5.092210708718889,3.1406004074772214
