-9.45,-5.45,0.0
-9.399999999999999,-5.45,0.0
-9.349999999999998,-5.45,0.0
-9.309999999999999,-5.45,0.0
-9.27,-5.45,0.0
-9.238,-5.45,0.0
-9.206,-5.45,0.0
-9.180399999999999,-5.45,0.0
-9.154799999999998,-5.45,0.0
-9.134319999999999,-5.45,0.0
-9.11384,-5.45,0.0
-9.097456,-5.45,0.0
-9.081071999999999,-5.45,0.0
-9.067964799999999,-5.45,0.0
-9.054857599999998,-5.45,0.0
-9.043061119999999,-5.45,0.0
-9.03126464,-5.45,0.0
-9.023138176,-5.45,0.0
-9.015011712,-5.45,0.0
-9.0085105408,-5.45,0.0
-9.0020093696,-5.45,0.0
-8.996158315519999,-5.45,0.0
-8.990307261439998,-5.45,0.0
-8.985691429887998,-5.45,0.0
-8.981075598335998,-5.45,0.0
-8.977968038502398,-5.45,0.0
-8.974860478668798,-5.45,0.0
-8.972374430801919,-5.45,0.0
-8.96988838293504,-5.45,0.0
-8.967650939854847,-5.45,0.0
-8.965413496774655,-5.45,0.0
-8.96387214709719,-5.45,0.0
-8.962330797419725,-5.45,0.0
-8.961097717677752,-5.45,0.0
-8.95986463793578,-5.45,0.0
-8.95886463793578,-5.45,0.0
-8.957864637935781,-5.45,0.0
-8.956864637935782,-5.45,0.0
-8.955864637935782,-5.45,0.0
-8.954864637935783,-5.45,0.0
-8.904864637935782,-5.45,0.0
-8.854864637935782,-5.45,0.0
-8.809864637935782,-5.45,0.0
-8.764864637935782,-5.45,0.0
-8.733864637935781,-5.45,0.0
-8.70286463793578,-5.45,0.0
-8.678064637935782,-5.45,0.0
-8.653264637935782,-5.45,0.0
-8.633424637935782,-5.45,0.0
-8.613584637935782,-5.45,0.0
-8.597712637935782,-5.45,0.0
-8.581840637935782,-5.45,0.0
-8.569143037935783,-5.45,0.0
-8.556445437935784,-5.45,0.0
-8.545017597935784,-5.45,0.0
-8.533589757935784,-5.45,0.0
-8.525717245935784,-5.45,0.0
-8.517844733935783,-5.45,0.0
-8.511546724335783,-5.45,0.0
-8.505248714735783,-5.45,0.0
-8.500210307055783,-5.45,0.0
-8.495171899375782,-5.45,0.0
-8.491141173231782,-5.45,0.0
-8.487110447087781,-5.45,0.0
-8.483885866172582,-5.45,0.0
-8.480661285257382,-5.45,0.0
-8.477759162433703,-5.45,0.0
-8.474857039610022,-5.45,0.0
-8.47256758716023,-5.45,0.0
-8.470278134710437,-5.45,0.0
-8.468278894543014,-5.45,0.0
-8.46627965437559,-5.45,0.0
-8.46513815273161,-5.45,0.0
-8.46399665108763,-5.45,0.0
-8.46299665108763,-5.45,0.0
-8.461996651087631,-5.45,0.0
-8.460996651087632,-5.45,0.0
-8.459996651087632,-5.45,0.0
-8.458996651087633,-5.45,0.0
-8.457996651087633,-5.45,0.0
-8.407996651087633,-5.45,0.0
-8.357996651087632,-5.45,0.0
-8.307996651087631,-5.45,0.0
-8.25799665108763,-5.45,0.0
-8.20799665108763,-5.45,0.0
-8.157996651087629,-5.45,0.0
-8.107996651087628,-5.45,0.0
-8.057996651087628,-5.45,0.0
-8.047996651087628,-5.45,0.0
-8.037996651087628,-5.45,0.0
-8.029996651087629,-5.45,0.0
-8.02199665108763,-5.45,0.0
-8.01559665108763,-5.45,0.0
-8.009196651087631,-5.45,0.0
-8.00343665108763,-5.45,0.0
-7.997676651087631,-5.45,0.0
-7.993708651087632,-5.45,0.0
-7.989740651087632,-5.45,0.0
-7.986566251087632,-5.45,0.0
-7.9833918510876325,-5.45,0.0
-7.9808523310876325,-5.45,0.0
-7.9783128110876325,-5.45,0.0
-7.9762811950876324,-5.45,0.0
-7.974249579087632,-5.45,0.0
-7.972421124687632,-5.45,0.0
-7.970592670287632,-5.45,0.0
-7.969150222927633,-5.45,0.0
-7.967707775567633,-5.45,0.0
-7.966448173647633,-5.45,0.0
-7.965188571727633,-5.45,0.0
-7.964188571727632,-5.45,0.0
-7.963188571727632,-5.45,0.0
-7.962188571727632,-5.45,0.0
-7.961188571727631,-5.45,0.0
-7.911188571727632,-5.45,0.0
-7.861188571727632,-5.45,0.0
-7.821188571727632,-5.45,0.0
-7.781188571727632,-5.45,0.0
-7.749188571727632,-5.45,0.0
-7.717188571727632,-5.45,0.0
-7.688388571727631,-5.45,0.0
-7.659588571727631,-5.45,0.0
-7.6397485717276306,-5.45,0.0
-7.61990857172763,-5.45,0.0
-7.60403657172763,-5.45,0.0
-7.5881645717276305,-5.45,0.0
-7.57546697172763,-5.45,0.0
-7.56276937172763,-5.45,0.0
-7.55261129172763,-5.45,0.0
-7.54245321172763,-5.45,0.0
-7.53432674772763,-5.45,0.0
-7.52620028372763,-5.45,0.0
-7.51969911252763,-5.45,0.0
-7.51319794132763,-5.45,0.0
-7.50799700436763,-5.45,0.0
-7.502796067407631,-5.45,0.0
-7.498115224143631,-5.45,0.0
-7.4934343808796315,-5.45,0.0
-7.489741715638032,-5.45,0.0
-7.486049050396432,-5.45,0.0
-7.483563002529552,-5.45,0.0
-7.48132555944936,-5.45,0.0
-7.479088116369168,-5.45,0.0
-7.477298161905014,-5.45,0.0
-7.475687202887276,-5.45,0.0
-7.474076243869537,-5.45,0.0
-7.472787476655347,-5.45,0.0
-7.471498709441156,-5.45,0.0
-7.470467695669804,-5.45,0.0
-7.4694366818984514,-5.45,0.0
-7.468436681898451,-5.45,0.0
-7.467436681898451,-5.45,0.0
-7.4664366818984504,-5.45,0.0
-7.46543668189845,-5.45,0.0
-7.41543668189845,-5.45,0.0
-7.3654366818984505,-5.45,0.0
-7.32543668189845,-5.45,0.0
-7.28543668189845,-5.45,0.0
-7.25343668189845,-5.45,0.0
-7.22143668189845,-5.45,0.0
-7.19263668189845,-5.45,0.0
-7.16383668189845,-5.45,0.0
-7.14111668189845,-5.45,0.0
-7.11839668189845,-5.45,0.0
-7.1008286818984505,-5.45,0.0
-7.083260681898451,-5.45,0.0
-7.06972148189845,-5.45,0.0
-7.05618228189845,-5.45,0.0
-7.04710772189845,-5.45,0.0
-7.03803316189845,-5.45,0.0
-7.03077351389845,-5.45,0.0
-7.02351386589845,-5.45,0.0
-7.01770614749845,-5.45,0.0
-7.0118984290984505,-5.45,0.0
-7.00725225437845,-5.45,0.0
-7.00260607965845,-5.45,0.0
-6.99888913988245,-5.45,0.0
-6.99517220010645,-5.45,0.0
-6.99145526033045,-5.45,0.0
-6.98773832055445,-5.45,0.0
-6.98550815668885,-5.45,0.0
-6.98327799282325,-5.45,0.0
-6.98149386173077,-5.45,0.0
-6.97970973063829,-5.45,0.0
-6.978282425764306,-5.45,0.0
-6.976855120890321,-5.45,0.0
-6.975713276991134,-5.45,0.0
-6.974571433091946,-5.45,0.0
-6.973571433091946,-5.45,0.0
-6.972571433091946,-5.45,0.0
-6.971571433091945,-5.45,0.0
-6.970571433091945,-5.45,0.0
-6.969571433091945,-5.45,0.0
-6.968571433091944,-5.45,0.0
-6.9185714330919446,-5.45,0.0
-6.868571433091945,-5.45,0.0
-6.828571433091945,-5.45,0.0
-6.788571433091945,-5.45,0.0
-6.756571433091945,-5.45,0.0
-6.724571433091945,-5.45,0.0
-6.695771433091944,-5.45,0.0
-6.666971433091944,-5.45,0.0
-6.6471314330919435,-5.45,0.0
-6.627291433091943,-5.45,0.0
-6.609435433091943,-5.45,0.0
-6.591579433091943,-5.45,0.0
-6.579278633091943,-5.45,0.0
-6.566977833091943,-5.45,0.0
-6.557137193091942,-5.45,0.0
-6.547296553091942,-5.45,0.0
-6.539424041091943,-5.45,0.0
-6.531551529091943,-5.45,0.0
-6.525253519491943,-5.45,0.0
-6.518955509891943,-5.45,0.0
-6.513917102211943,-5.45,0.0
-6.508878694531943,-5.45,0.0
-6.504847968387943,-5.45,0.0
-6.500817242243943,-5.45,0.0
-6.497592661328743,-5.45,0.0
-6.494368080413543,-5.45,0.0
-6.491788415681383,-5.45,0.0
-6.489208750949223,-5.45,0.0
-6.487145019163496,-5.45,0.0
-6.485081287377768,-5.45,0.0
-6.483430301949186,-5.45,0.0
-6.481779316520604,-5.45,0.0
-6.480458528177738,-5.45,0.0
-6.479137739834871,-5.45,0.0
-6.477949030326292,-5.45,0.0
-6.476760320817713,-5.45,0.0
-6.475703690143421,-5.45,0.0
-6.474647059469128,-5.45,0.0
-6.473647059469128,-5.45,0.0
-6.472647059469128,-5.45,0.0
-6.422647059469128,-5.45,0.0
-6.372647059469128,-5.45,0.0
-6.332647059469128,-5.45,0.0
-6.292647059469128,-5.45,0.0
-6.260647059469128,-5.45,0.0
-6.228647059469128,-5.45,0.0
-6.203047059469128,-5.45,0.0
-6.177447059469128,-5.45,0.0
-6.156967059469128,-5.45,0.0
-6.136487059469128,-5.45,0.0
-6.120103059469128,-5.45,0.0
-6.103719059469127,-5.45,0.0
-6.090611859469127,-5.45,0.0
-6.077504659469127,-5.45,0.0
-6.067018899469127,-5.45,0.0
-6.056533139469127,-5.45,0.0
-6.046047379469127,-5.45,0.0
-6.035561619469127,-5.45,0.0
-6.028221587469127,-5.45,0.0
-6.020881555469127,-5.45,0.0
-6.016058105869127,-5.45,0.0
-6.011234656269127,-5.45,0.0
-6.007375896589127,-5.45,0.0
-6.003517136909127,-5.45,0.0
-6.000430129165127,-5.45,0.0
-5.997343121421127,-5.45,0.0
-5.994873515225927,-5.45,0.0
-5.992403909030727,-5.45,0.0
-5.9904282240745665,-5.45,0.0
-5.9884525391184065,-5.45,0.0
-5.986871991153478,-5.45,0.0
-5.98529144318855,-5.45,0.0
-5.983868950020115,-5.45,0.0
-5.98244645685168,-5.45,0.0
-5.98144645685168,-5.45,0.0
-5.98044645685168,-5.45,0.0
-5.979446456851679,-5.45,0.0
-5.978446456851679,-5.45,0.0
-5.977446456851679,-5.45,0.0
-5.976446456851678,-5.45,0.0
-5.926446456851679,-5.45,0.0
-5.876446456851679,-5.45,0.0
-5.836446456851679,-5.45,0.0
-5.800446456851679,-5.45,0.0
-5.76444645685168,-5.45,0.0
-5.735646456851679,-5.45,0.0
-5.706846456851679,-5.45,0.0
-5.683806456851679,-5.45,0.0
-5.660766456851679,-5.45,0.0
-5.642334456851679,-5.45,0.0
-5.623902456851679,-5.45,0.0
-5.609156856851679,-5.45,0.0
-5.594411256851679,-5.45,0.0
-5.5826147768516785,-5.45,0.0
-5.570818296851678,-5.45,0.0
-5.561381112851678,-5.45,0.0
-5.551943928851678,-5.45,0.0
-5.544394181651678,-5.45,0.0
-5.5368444344516785,-5.45,0.0
-5.529294687251679,-5.45,0.0
-5.524009864211679,-5.45,0.0
-5.518725041171678,-5.45,0.0
-5.5139687004356785,-5.45,0.0
-5.509212359699679,-5.45,0.0
-5.5059357694148785,-5.45,0.0
-5.502659179130078,-5.45,0.0
-5.499710247873758,-5.45,0.0
-5.496761316617438,-5.45,0.0
-5.494729830640862,-5.45,0.0
-5.492698344664286,-5.45,0.0
-5.491073155883026,-5.45,0.0
-5.489447967101765,-5.45,0.0
-5.488147816076756,-5.45,0.0
-5.486847665051747,-5.45,0.0
-5.48580754423174,-5.45,0.0
-5.484767423411733,-5.45,0.0
-5.483767423411733,-5.45,0.0
-5.482767423411732,-5.45,0.0
-5.481767423411732,-5.45,0.0
-5.480767423411732,-5.45,0.0
-5.430767423411732,-5.45,0.0
-5.380767423411732,-5.45,0.0
-5.340767423411732,-5.45,0.0
-5.300767423411732,-5.45,0.0
-5.268767423411732,-5.45,0.0
-5.236767423411732,-5.45,0.0
-5.211167423411732,-5.45,0.0
-5.185567423411732,-5.45,0.0
-5.165087423411732,-5.45,0.0
-5.144607423411732,-5.45,0.0
-5.124127423411732,-5.45,0.0
-5.103647423411732,-5.45,0.0
-5.091359423411732,-5.45,0.0
-5.079071423411732,-5.45,0.0
-5.069241023411732,-5.45,0.0
-5.059410623411732,-5.45,0.0
-5.051546303411731,-5.45,0.0
-5.043681983411731,-5.45,0.0
-5.037390527411731,-5.45,0.0
-5.031099071411732,-5.45,0.0
-5.0260659066117315,-5.45,0.0
-5.021032741811731,-5.45,0.0
-5.017006209971731,-5.45,0.0
-5.013382331315731,-5.45,0.0
-5.009758452659732,-5.45,0.0
-5.006859349734931,-5.45,0.0
-5.003960246810131,-5.45,0.0
-5.00164096447029,-5.45,0.0
-4.99932168213045,-5.45,0.0
-4.997234328024594,-5.45,0.0
-4.995146973918738,-5.45,0.0
-4.993709018868037,-5.45,0.0
-4.992414859322406,-5.45,0.0
-4.991120699776776,-5.45,0.0
-4.990085372140271,-5.45,0.0
-4.989050044503767,-5.45,0.0
-4.988050044503766,-5.45,0.0
-4.987050044503766,-5.45,0.0
-4.986050044503766,-5.45,0.0
-4.985050044503765,-5.45,0.0
-4.9350500445037655,-5.45,0.0
-4.885050044503766,-5.45,0.0
-4.845050044503766,-5.45,0.0
-4.805050044503766,-5.45,0.0
-4.769050044503766,-5.45,0.0
-4.740650044503766,-5.45,0.0
-4.712250044503765,-5.45,0.0
-4.6895300445037655,-5.45,0.0
-4.666810044503766,-5.45,0.0
-4.646362044503766,-5.45,0.0
-4.630230844503766,-5.45,0.0
-4.614099644503765,-5.45,0.0
-4.601194684503765,-5.45,0.0
-4.588289724503765,-5.45,0.0
-4.577965756503765,-5.45,0.0
-4.5676417885037655,-5.45,0.0
-4.559382614103765,-5.45,0.0
-4.551123439703765,-5.45,0.0
-4.544516100183765,-5.45,0.0
-4.537908760663765,-5.45,0.0
-4.532622889047765,-5.45,0.0
-4.5273370174317655,-5.45,0.0
-4.523108320138966,-5.45,0.0
-4.518879622846166,-5.45,0.0
-4.515496665011926,-5.45,0.0
-4.5121137071776865,-5.45,0.0
-4.509407340910294,-5.45,0.0
-4.506700974642902,-5.45,0.0
-4.504535881628988,-5.45,0.0
-4.502370788615075,-5.45,0.0
-4.5006387142039435,-5.45,0.0
-4.498906639792812,-5.45,0.0
-4.497520980263908,-5.45,0.0
-4.496135320735004,-5.45,0.0
-4.4950267931118795,-5.45,0.0
-4.493918265488755,-5.45,0.0
-4.492918265488755,-5.45,0.0
-4.491918265488755,-5.45,0.0
-4.490918265488754,-5.45,0.0
-4.489918265488754,-5.45,0.0
-4.439918265488754,-5.45,0.0
-4.394918265488754,-5.45,0.0
-4.349918265488754,-5.45,0.0
-4.313918265488754,-5.45,0.0
-4.277918265488754,-5.45,0.0
-4.249118265488754,-5.45,0.0
-4.220318265488753,-5.45,0.0
-4.1972782654887535,-5.45,0.0
-4.1742382654887535,-5.45,0.0
-4.155806265488754,-5.45,0.0
-4.137374265488754,-5.45,0.0
-4.122628665488754,-5.45,0.0
-4.107883065488753,-5.45,0.0
-4.096086585488753,-5.45,0.0
-4.084290105488753,-5.45,0.0
-4.074852921488753,-5.45,0.0
-4.0654157374887525,-5.45,0.0
-4.0569222718887525,-5.45,0.0
-4.048428806288753,-5.45,0.0
-4.042577752208753,-5.45,0.0
-4.036726698128753,-5.45,0.0
-4.032045854864753,-5.45,0.0
-4.027365011600754,-5.45,0.0
-4.023620336989554,-5.45,0.0
-4.019875662378354,-5.45,0.0
-4.016879922689394,-5.45,0.0
-4.0138841830004335,-5.45,0.0
-4.010888443311473,-5.45,0.0
-4.007892703622513,-5.45,0.0
-4.004896963933553,-5.45,0.0
-4.001901224244593,-5.45,0.0
-4.000702928369009,-5.45,0.0
-3.9995046324934247,-5.45,0.0
-3.998504632493425,-5.45,0.0
-3.997504632493425,-5.45,0.0
-3.996504632493425,-5.45,0.0
-3.995504632493425,-5.45,0.0
-3.9945046324934252,-5.45,0.0
-3.9935046324934254,-5.45,0.0
-3.9435046324934255,-5.45,0.0
-3.8935046324934257,-5.45,0.0
-3.8535046324934257,-5.45,0.0
-3.8135046324934256,-5.45,0.0
-3.7815046324934256,-5.45,0.0
-3.7495046324934256,-5.45,0.0
-3.7239046324934257,-5.45,0.0
-3.698304632493426,-5.45,0.0
-3.677824632493426,-5.45,0.0
-3.657344632493426,-5.45,0.0
-3.640960632493426,-5.45,0.0
-3.624576632493426,-5.45,0.0
-3.611469432493426,-5.45,0.0
-3.598362232493426,-5.45,0.0
-3.5878764724934262,-5.45,0.0
-3.5773907124934263,-5.45,0.0
-3.569002104493426,-5.45,0.0
-3.560613496493426,-5.45,0.0
-3.553902610093426,-5.45,0.0
-3.547191723693426,-5.45,0.0
-3.5411519259334256,-5.45,0.0
-3.5351121281734255,-5.45,0.0
-3.5309513786054256,-5.45,0.0
-3.526790629037426,-5.45,0.0
-3.5234620293830257,-5.45,0.0
-3.5201334297286255,-5.45,0.0
-3.5168048300742254,-5.45,0.0
-3.5144748103161456,-5.45,0.0
-3.5121447905580654,-5.45,0.0
-3.5102807747516014,-5.45,0.0
-3.5084167589451374,-5.45,0.0
-3.506925546299966,-5.45,0.0
-3.5054343336547946,-5.45,0.0
-3.504241363538658,-5.45,0.0
-3.503048393422521,-5.45,0.0
-3.502048393422521,-5.45,0.0
-3.501048393422521,-5.45,0.0
-3.5000483934225213,-5.45,0.0
-3.4990483934225214,-5.45,0.0
-3.4980483934225215,-5.45,0.0
-3.4480483934225217,-5.45,0.0
-3.398048393422522,-5.45,0.0
-3.358048393422522,-5.45,0.0
-3.318048393422522,-5.45,0.0
-3.2860483934225218,-5.45,0.0
-3.2540483934225217,-5.45,0.0
-3.228448393422522,-5.45,0.0
-3.202848393422522,-5.45,0.0
-3.179808393422522,-5.45,0.0
-3.156768393422522,-5.45,0.0
-3.133728393422522,-5.45,0.0
-3.1106883934225222,-5.45,0.0
-3.0876483934225223,-5.45,0.0
-3.0646083934225223,-5.45,0.0
-3.0415683934225224,-5.45,0.0
-3.0185283934225224,-5.45,0.0
-2.9980483934225224,-5.45,0.0
-2.9775683934225223,-5.45,0.0
-2.979616393422522,-5.45,0.0
-2.981664393422522,-5.45,0.0
-2.983507593422522,-5.45,0.0
-2.985350793422522,-5.45,0.0
-2.986620553422522,-5.45,0.0
-2.987890313422522,-5.45,0.0
-2.988906121422522,-5.45,0.0
-2.989921929422522,-5.45,0.0
-2.9909219294225218,-5.45,0.0
-2.9919219294225217,-5.45,0.0
-2.9929219294225216,-5.45,0.0
-2.9939219294225214,-5.45,0.0
-2.9439219294225216,-5.45,0.0
-2.893921929422522,-5.45,0.0
-2.848921929422522,-5.45,0.0
-2.803921929422522,-5.45,0.0
-2.772921929422522,-5.45,0.0
-2.7419219294225217,-5.45,0.0
-2.7171219294225217,-5.45,0.0
-2.692321929422522,-5.45,0.0
-2.6700019294225217,-5.45,0.0
-2.6476819294225216,-5.45,0.0
-2.6253619294225214,-5.45,0.0
-2.6030419294225213,-5.45,0.0
-2.5921299294225215,-5.45,0.0
-2.5812179294225217,-5.45,0.0
-2.5724883294225216,-5.45,0.0
-2.5646316894225216,-5.45,0.0
-2.5567750494225217,-5.45,0.0
-2.5504897374225215,-5.45,0.0
-2.5442044254225213,-5.45,0.0
-2.5391761758225213,-5.45,0.0
-2.5341479262225213,-5.45,0.0
-2.529622501582521,-5.45,0.0
-2.525097076942521,-5.45,0.0
-2.5219795621905208,-5.45,0.0
-2.518862047438521,-5.45,0.0
-2.516368035636921,-5.45,0.0
-2.5138740238353208,-5.45,0.0
-2.511878814394041,-5.45,0.0
-2.509883604952761,-5.45,0.0
-2.508287437399737,-5.45,0.0
-2.506691269846713,-5.45,0.0
-2.5054143358042937,-5.45,0.0
-2.5042650951661165,-5.45,0.0
-2.5031158545279393,-5.45,0.0
-2.5021158545279394,-5.45,0.0
-2.5011158545279395,-5.45,0.0
-2.5001158545279396,-5.45,0.0
-2.4991158545279397,-5.45,0.0
-2.49811585452794,-5.45,0.0
-2.44811585452794,-5.45,0.0
-2.39811585452794,-5.45,0.0
-2.35811585452794,-5.45,0.0
-2.31811585452794,-5.45,0.0
-2.28611585452794,-5.45,0.0
-2.25411585452794,-5.45,0.0
-2.22851585452794,-5.45,0.0
-2.2029158545279404,-5.45,0.0
-2.1798758545279404,-5.45,0.0
-2.1568358545279405,-5.45,0.0
-2.1409638545279406,-5.45,0.0
-2.1250918545279407,-5.45,0.0
-2.1123942545279406,-5.45,0.0
-2.0996966545279405,-5.45,0.0
-2.0895385745279405,-5.45,0.0
-2.0793804945279404,-5.45,0.0
-2.0702382225279403,-5.45,0.0
-2.0630259857279403,-5.45,0.0
-2.05581374892794,-5.45,0.0
-2.0500439594879403,-5.45,0.0
-2.0442741700479403,-5.45,0.0
-2.0396583384959404,-5.45,0.0
-2.0350425069439404,-5.45,0.0
-2.0313498417023403,-5.45,0.0
-2.0276571764607403,-5.45,0.0
-2.0243337777433004,-5.45,0.0
-2.0210103790258604,-5.45,0.0
-2.0187209265760684,-5.45,0.0
-2.0164314741262763,-5.45,0.0
-2.0143709669214633,-5.45,0.0
-2.0123104597166503,-5.45,0.0
-2.0102499525118374,-5.45,0.0
-2.0081894453070244,-5.45,0.0
-2.007182086229116,-5.45,0.0
-2.006174727151208,-5.45,0.0
-2.005174727151208,-5.45,0.0
-2.004174727151208,-5.45,0.0
-2.003174727151208,-5.45,0.0
-2.0021747271512083,-5.45,0.0
-1.9521747271512082,-5.45,0.0
-1.9021747271512082,-5.45,0.0
-1.8621747271512081,-5.45,0.0
-1.822174727151208,-5.45,0.0
-1.790174727151208,-5.45,0.0
-1.758174727151208,-5.45,0.0
-1.732574727151208,-5.45,0.0
-1.706974727151208,-5.45,0.0
-1.6864947271512079,-5.45,0.0
-1.6660147271512078,-5.45,0.0
-1.6496307271512078,-5.45,0.0
-1.6332467271512079,-5.45,0.0
-1.620139527151208,-5.45,0.0
-1.6070323271512081,-5.45,0.0
-1.5965465671512082,-5.45,0.0
-1.5860608071512083,-5.45,0.0
-1.5776721991512084,-5.45,0.0
-1.5692835911512084,-5.45,0.0
-1.5617338439512083,-5.45,0.0
-1.5541840967512082,-5.45,0.0
-1.5489831597912083,-5.45,0.0
-1.5437822228312084,-5.45,0.0
-1.5396214732632083,-5.45,0.0
-1.5354607236952083,-5.45,0.0
-1.5317160490840083,-5.45,0.0
-1.5279713744728083,-5.45,0.0
-1.5253917097406482,-5.45,0.0
-1.522812045008488,-5.45,0.0
-1.520490346749544,-5.45,0.0
-1.5181686484906,-5.45,0.0
-1.5165692563566608,-5.45,0.0
-1.5151298034361156,-5.45,0.0
-1.5136903505155703,-5.45,0.0
-1.5123948428870797,-5.45,0.0
-1.511099335258589,-5.45,0.0
-1.5100993352585892,-5.45,0.0
-1.5090993352585893,-5.45,0.0
-1.5080993352585894,-5.45,0.0
-1.5070993352585895,-5.45,0.0
-1.5060993352585896,-5.45,0.0
-1.4560993352585896,-5.45,0.0
-1.4060993352585895,-5.45,0.0
-1.3610993352585896,-5.45,0.0
-1.3160993352585897,-5.45,0.0
-1.2850993352585898,-5.45,0.0
-1.2540993352585899,-5.45,0.0
-1.2261993352585898,-5.45,0.0
-1.1982993352585898,-5.45,0.0
-1.1790793352585898,-5.45,0.0
-1.1598593352585898,-5.45,0.0
-1.1444833352585897,-5.45,0.0
-1.1291073352585896,-5.45,0.0
-1.1137313352585896,-5.45,0.0
-1.0983553352585895,-5.45,0.0
-1.0891297352585896,-5.45,0.0
-1.0799041352585896,-5.45,0.0
-1.0706785352585897,-5.45,0.0
-1.0642206152585896,-5.45,0.0
-1.0584084872585895,-5.45,0.0
-1.0525963592585894,-5.45,0.0
-1.0479466568585893,-5.45,0.0
-1.0432969544585893,-5.45,0.0
-1.0395771925385893,-5.45,0.0
-1.0358574306185893,-5.45,0.0
-1.0328816210825893,-5.45,0.0
-1.0299058115465893,-5.45,0.0
-1.0275251639177894,-5.45,0.0
-1.0251445162889894,-5.45,0.0
-1.0232399981859495,-5.45,0.0
-1.0213354800829095,-5.45,0.0
-1.0198118656004775,-5.45,0.0
-1.0182882511180456,-5.45,0.0
-1.0170693595320999,-5.45,0.0
-1.0158504679461542,-5.45,0.0
-1.014753465518803,-5.45,0.0
-1.013656463091452,-5.45,0.0
-1.012656463091452,-5.45,0.0
-1.0116564630914522,-5.45,0.0
-1.0106564630914523,-5.45,0.0
-1.0096564630914524,-5.45,0.0
-0.9596564630914524,-5.45,0.0
-0.9096564630914523,-5.45,0.0
-0.8646564630914523,-5.45,0.0
-0.8196564630914522,-5.45,0.0
-0.7886564630914522,-5.45,0.0
-0.7576564630914522,-5.45,0.0
-0.7328564630914522,-5.45,0.0
-0.7080564630914523,-5.45,0.0
-0.6882164630914523,-5.45,0.0
-0.6683764630914524,-5.45,0.0
-0.6525044630914524,-5.45,0.0
-0.6366324630914524,-5.45,0.0
-0.6239348630914524,-5.45,0.0
-0.6112372630914524,-5.45,0.0
-0.6010791830914525,-5.45,0.0
-0.5909211030914525,-5.45,0.0
-0.5827946390914525,-5.45,0.0
-0.5746681750914524,-5.45,0.0
-0.5681670038914524,-5.45,0.0
-0.5616658326914523,-5.45,0.0
-0.5564648957314523,-5.45,0.0
-0.5512639587714523,-5.45,0.0
-0.5465831155074523,-5.45,0.0
-0.5419022722434523,-5.45,0.0
-0.5386776913282524,-5.45,0.0
-0.5354531104130524,-5.45,0.0
-0.5325509875893725,-5.45,0.0
-0.5296488647656925,-5.45,0.0
-0.5273594123159004,-5.45,0.0
-0.5250699598661084,-5.45,0.0
-0.5235286101886428,-5.45,0.0
-0.5219872605111773,-5.45,0.0
-0.5207541807692048,-5.45,0.0
-0.5195211010272323,-5.45,0.0
-0.5185211010272323,-5.45,0.0
-0.5175211010272323,-5.45,0.0
-0.5165211010272323,-5.45,0.0
-0.5155211010272323,-5.45,0.0
-0.5145211010272323,-5.45,0.0
-0.5135211010272323,-5.45,0.0
-0.46352110102723226,-5.45,0.0
-0.4135211010272323,-5.45,0.0
-0.37352110102723224,-5.45,0.0
-0.33752110102723226,-5.45,0.0
-0.3015211010272323,-5.45,0.0
-0.2727211010272323,-5.45,0.0
-0.2439211010272323,-5.45,0.0
-0.2208811010272323,-5.45,0.0
-0.1978411010272323,-5.45,0.0
-0.1794091010272323,-5.45,0.0
-0.16097710102723228,-5.45,0.0
-0.14438830102723227,-5.45,0.0
-0.12779950102723225,-5.45,0.0
-0.11637166102723226,-5.45,0.0
-0.10494382102723226,-5.45,0.0
-0.09580154902723226,-5.45,0.0
-0.08665927702723225,-5.45,0.0
-0.07934545942723226,-5.45,0.0
-0.07276302358723226,-5.45,0.0
-0.06618058774723226,-5.45,0.0
-0.06091463907523226,-5.45,0.0
-0.055648690403232254,-5.45,0.0
-0.05143593146563225,-5.45,0.0
-0.04722317252803225,-5.45,0.0
-0.043852965377952254,-5.45,0.0
-0.040482758227872256,-5.45,0.0
-0.037786592507808255,-5.45,0.0
-0.03509042678774425,-5.45,0.0
-0.03293349421169305,-5.45,0.0
-0.030776561635641853,-5.45,0.0
-0.029051015574800894,-5.45,0.0
-0.027325469513959935,-5.45,0.0
-0.025945032665287165,-5.45,0.0
-0.024564595816614396,-5.45,0.0
-0.023460246337676183,-5.45,0.0
-0.02235589685873797,-5.45,0.0
-0.021251547379799757,-5.45,0.0
-0.020147197900861544,-5.45,0.0
-0.019147197900861543,-5.45,0.0
-0.018147197900861542,-5.45,0.0
-0.01714719790086154,-5.45,0.0
-0.01614719790086154,-5.45,0.0
0.03385280209913846,-5.45,0.0
0.08385280209913847,-5.45,0.0
0.12385280209913847,-5.45,0.0
0.1638528020991385,-5.45,0.0
0.1958528020991385,-5.45,0.0
0.2278528020991385,-5.45,0.0
0.2534528020991385,-5.45,0.0
0.2790528020991385,-5.45,0.0
0.30465280209913853,-5.45,0.0
0.33025280209913854,-5.45,0.0
0.3456128020991385,-5.45,0.0
0.3609728020991385,-5.45,0.0
0.37326080209913853,-5.45,0.0
0.38554880209913855,-5.45,0.0
0.39537920209913857,-5.45,0.0
0.4052096020991386,-5.45,0.0
0.41307392209913857,-5.45,0.0
0.42093824209913855,-5.45,0.0
0.4272296980991385,-5.45,0.0
0.4335211540991385,-5.45,0.0
0.4385543188991385,-5.45,0.0
0.4435874836991385,-5.45,0.0
0.4476140155391385,-5.45,0.0
0.4516405473791385,-5.45,0.0
0.4548617728511385,-5.45,0.0
0.4580829983231385,-5.45,0.0
0.4606599787007385,-5.45,0.0
0.4632369590783385,-5.45,0.0
0.4652985433804185,-5.45,0.0
0.46736012768249846,-5.45,0.0
0.46900939512416245,-5.45,0.0
0.47065866256582645,-5.45,0.0
0.47197807651915763,-5.45,0.0
0.4732974904724888,-5.45,0.0
0.4743530216351538,-5.45,0.0
0.4754085527978188,-5.45,0.0
0.4764085527978188,-5.45,0.0
0.4774085527978188,-5.45,0.0
0.4784085527978188,-5.45,0.0
0.4794085527978188,-5.45,0.0
0.5294085527978188,-5.45,0.0
0.5794085527978189,-5.45,0.0
0.6194085527978189,-5.45,0.0
0.659408552797819,-5.45,0.0
0.691408552797819,-5.45,0.0
0.723408552797819,-5.45,0.0
0.752208552797819,-5.45,0.0
0.7810085527978189,-5.45,0.0
0.8008485527978189,-5.45,0.0
0.8206885527978188,-5.45,0.0
0.8365605527978188,-5.45,0.0
0.8508453527978188,-5.45,0.0
0.8651301527978188,-5.45,0.0
0.8794149527978188,-5.45,0.0
0.8894143127978188,-5.45,0.0
0.8994136727978188,-5.45,0.0
0.9074131607978189,-5.45,0.0
0.9154126487978189,-5.45,0.0
0.921812239197819,-5.45,0.0
0.928211829597819,-5.45,0.0
0.933331501917819,-5.45,0.0
0.938451174237819,-5.45,0.0
0.942546912093819,-5.45,0.0
0.9466426499498191,-5.45,0.0
0.949919240234619,-5.45,0.0
0.953195830519419,-5.45,0.0
0.9558171027472591,-5.45,0.0
0.9584383749750991,-5.45,0.0
0.9605353927573711,-5.45,0.0
0.9626324105396431,-5.45,0.0
0.9643100247654607,-5.45,0.0
0.9659876389912783,-5.45,0.0
0.967497491794514,-5.45,0.0
0.9686885978948445,-5.45,0.0
0.969879703995175,-5.45,0.0
0.9709516994854724,-5.45,0.0
0.9720236949757699,-5.45,0.0
0.9730236949757699,-5.45,0.0
0.9740236949757699,-5.45,0.0
0.9750236949757699,-5.45,0.0
0.9760236949757699,-5.45,0.0
1.02602369497577,-5.45,0.0
1.07602369497577,-5.45,0.0
1.11602369497577,-5.45,0.0
1.15602369497577,-5.45,0.0
1.19202369497577,-5.45,0.0
1.2280236949757701,-5.45,0.0
1.2564236949757701,-5.45,0.0
1.28482369497577,-5.45,0.0
1.31322369497577,-5.45,0.0
1.3295036949757701,-5.45,0.0
1.3457836949757702,-5.45,0.0
1.3588076949757701,-5.45,0.0
1.37183169497577,-5.45,0.0
1.3822508949757701,-5.45,0.0
1.3926700949757702,-5.45,0.0
1.4010054549757702,-5.45,0.0
1.4093408149757702,-5.45,0.0
1.4160091029757702,-5.45,0.0
1.4220105621757702,-5.45,0.0
1.42801202137577,-5.45,0.0
1.43281318873577,-5.45,0.0
1.43761435609577,-5.45,0.0
1.4414552899837698,-5.45,0.0
1.44529622387177,-5.45,0.0
1.4487530643709698,-5.45,0.0
1.4522099048701698,-5.45,0.0
1.4549369679306499,-5.45,0.0
1.45766403099113,-5.45,0.0
1.46004541000169,-5.45,0.0
1.46242678901225,-5.45,0.0
1.463786479608602,-5.45,0.0
1.465146170204954,-5.45,0.0
1.4662339226820356,-5.45,0.0
1.4673216751591172,-5.45,0.0
1.468321675159117,-5.45,0.0
1.469321675159117,-5.45,0.0
1.4703216751591168,-5.45,0.0
1.4713216751591167,-5.45,0.0
1.5213216751591168,-5.45,0.0
1.5713216751591168,-5.45,0.0
1.6113216751591168,-5.45,0.0
1.6513216751591169,-5.45,0.0
1.683321675159117,-5.45,0.0
1.715321675159117,-5.45,0.0
1.740921675159117,-5.45,0.0
1.766521675159117,-5.45,0.0
1.7870016751591171,-5.45,0.0
1.8074816751591172,-5.45,0.0
1.8238656751591171,-5.45,0.0
1.840249675159117,-5.45,0.0
1.853356875159117,-5.45,0.0
1.8664640751591168,-5.45,0.0
1.8769498351591167,-5.45,0.0
1.8874355951591166,-5.45,0.0
1.8968727791591167,-5.45,0.0
1.9063099631591167,-5.45,0.0
1.9128111343591168,-5.45,0.0
1.9193123055591168,-5.45,0.0
1.9245132425191167,-5.45,0.0
1.9297141794791166,-5.45,0.0
1.9343950227431166,-5.45,0.0
1.9390758660071166,-5.45,0.0
1.9423004469223166,-5.45,0.0
1.9455250278375167,-5.45,0.0
1.9481046925696768,-5.45,0.0
1.9506843573018369,-5.45,0.0
1.9530060555607809,-5.45,0.0
1.955327753819725,-5.45,0.0
1.957649452078669,-5.45,0.0
1.959971150337613,-5.45,0.0
1.962292848596557,-5.45,0.0
1.964614546855501,-5.45,0.0
1.9656145468555009,-5.45,0.0
1.9666145468555007,-5.45,0.0
2.0166145468555006,-5.45,0.0
2.0666145468555004,-5.45,0.0
2.1066145468555004,-5.45,0.0
2.1466145468555005,-5.45,0.0
2.1786145468555005,-5.45,0.0
2.2106145468555005,-5.45,0.0
2.2426145468555005,-5.45,0.0
2.2746145468555006,-5.45,0.0
2.2938145468555007,-5.45,0.0
2.313014546855501,-5.45,0.0
2.3283745468555006,-5.45,0.0
2.3437345468555004,-5.45,0.0
2.3560225468555003,-5.45,0.0
2.3683105468555,-5.45,0.0
2.3781409468555004,-5.45,0.0
2.3879713468555006,-5.45,0.0
2.3958356668555005,-5.45,0.0
2.4036999868555005,-5.45,0.0
2.4099914428555005,-5.45,0.0
2.4162828988555005,-5.45,0.0
2.4213160636555005,-5.45,0.0
2.4263492284555004,-5.45,0.0
2.4303757602955005,-5.45,0.0
2.4344022921355006,-5.45,0.0
2.4376235176075007,-5.45,0.0
2.440844743079501,-5.45,0.0
2.4434217234571007,-5.45,0.0
2.4459987038347006,-5.45,0.0
2.4480602881367806,-5.45,0.0
2.4501218724388605,-5.45,0.0
2.4517711398805244,-5.45,0.0
2.4534204073221884,-5.45,0.0
2.4547398212755196,-5.45,0.0
2.456059235228851,-5.45,0.0
2.457114766391516,-5.45,0.0
2.458170297554181,-5.45,0.0
2.4591702975541807,-5.45,0.0
2.4601702975541806,-5.45,0.0
2.4611702975541805,-5.45,0.0
2.4621702975541804,-5.45,0.0
2.4631702975541803,-5.45,0.0
2.51317029755418,-5.45,0.0
2.56317029755418,-5.45,0.0
2.60317029755418,-5.45,0.0
2.64317029755418,-5.45,0.0
2.67917029755418,-5.45,0.0
2.71517029755418,-5.45,0.0
2.73997029755418,-5.45,0.0
2.76477029755418,-5.45,0.0
2.7846102975541798,-5.45,0.0
2.8044502975541796,-5.45,0.0
2.8203222975541795,-5.45,0.0
2.8361942975541794,-5.45,0.0
2.8488918975541795,-5.45,0.0
2.8615894975541796,-5.45,0.0
2.8717475775541796,-5.45,0.0
2.8819056575541797,-5.45,0.0
2.8900321215541798,-5.45,0.0
2.89815858555418,-5.45,0.0
2.90547240315418,-5.45,0.0
2.91278622075418,-5.45,0.0
2.92010003835418,-5.45,0.0
2.92741385595418,-5.45,0.0
2.93472767355418,-5.45,0.0
2.94204149115418,-5.45,0.0
2.94488575355418,-5.45,0.0
2.94671420795418,-5.45,0.0
2.94854266235418,-5.45,0.0
2.9500054258741804,-5.45,0.0
2.9514681893941805,-5.45,0.0
2.9526384002101804,-5.45,0.0
2.9538086110261803,-5.45,0.0
2.95480861102618,-5.45,0.0
2.95580861102618,-5.45,0.0
2.95680861102618,-5.45,0.0
2.95780861102618,-5.45,0.0
2.9588086110261798,-5.45,0.0
2.9598086110261796,-5.45,0.0
3.0098086110261795,-5.45,0.0
3.0598086110261793,-5.45,0.0
3.0998086110261793,-5.45,0.0
3.1398086110261794,-5.45,0.0
3.1758086110261794,-5.45,0.0
3.2118086110261794,-5.45,0.0
3.2402086110261794,-5.45,0.0
3.2686086110261794,-5.45,0.0
3.2877286110261794,-5.45,0.0
3.3068486110261794,-5.45,0.0
3.3221446110261796,-5.45,0.0
3.33744061102618,-5.45,0.0
3.34967741102618,-5.45,0.0
3.36191421102618,-5.45,0.0
3.37170365102618,-5.45,0.0
3.3814930910261802,-5.45,0.0
3.38932464302618,-5.45,0.0
3.39715619502618,-5.45,0.0
3.40342143662618,-5.45,0.0
3.40968667822618,-5.45,0.0
3.4146988715061797,-5.45,0.0
3.4197110647861795,-5.45,0.0
3.4237208194101796,-5.45,0.0
3.4277305740341797,-5.45,0.0
3.4309383777333795,-5.45,0.0
3.4338254010626597,-5.45,0.0
3.43671242439194,-5.45,0.0
3.4390220430553637,-5.45,0.0
3.4413316617187877,-5.45,0.0
3.443179356649527,-5.45,0.0
3.4450270515802663,-5.45,0.0
3.446505207524858,-5.45,0.0
3.447983363469449,-5.45,0.0
3.4493137038195814,-5.45,0.0
3.4506440441697137,-5.45,0.0
3.4516440441697136,-5.45,0.0
3.4526440441697135,-5.45,0.0
3.4536440441697134,-5.45,0.0
3.4546440441697133,-5.45,0.0
3.455644044169713,-5.45,0.0
3.456644044169713,-5.45,0.0
3.506644044169713,-5.45,0.0
3.5566440441697127,-5.45,0.0
3.5966440441697127,-5.45,0.0
3.6366440441697128,-5.45,0.0
3.668644044169713,-5.45,0.0
3.700644044169713,-5.45,0.0
3.7262440441697127,-5.45,0.0
3.7518440441697125,-5.45,0.0
3.7774440441697124,-5.45,0.0
3.803044044169712,-5.45,0.0
3.8184040441697125,-5.45,0.0
3.8337640441697127,-5.45,0.0
3.847588044169713,-5.45,0.0
3.861412044169713,-5.45,0.0
3.8709352441697127,-5.45,0.0
3.8804584441697125,-5.45,0.0
3.8880770041697126,-5.45,0.0
3.8956955641697126,-5.45,0.0
3.9017904121697127,-5.45,0.0
3.9078852601697127,-5.45,0.0
3.9127611385697127,-5.45,0.0
3.917637016969713,-5.45,0.0
3.921537719689713,-5.45,0.0
3.925438422409713,-5.45,0.0
3.928558984585713,-5.45,0.0
3.931679546761713,-5.45,0.0
3.934175996502513,-5.45,0.0
3.936672446243313,-5.45,0.0
3.938669606035953,-5.45,0.0
3.9406667658285928,-5.45,0.0
3.9422644936627047,-5.45,0.0
3.9438622214968166,-5.45,0.0
3.9451404037641065,-5.45,0.0
3.9464185860313963,-5.45,0.0
3.947441131845228,-5.45,0.0
3.948441131845228,-5.45,0.0
3.949441131845228,-5.45,0.0
3.9504411318452277,-5.45,0.0
3.9514411318452276,-5.45,0.0
3.9524411318452275,-5.45,0.0
3.9534411318452274,-5.45,0.0
4.003441131845228,-5.45,0.0
4.0534411318452275,-5.45,0.0
4.0934411318452275,-5.45,0.0
4.1334411318452275,-5.45,0.0
4.165441131845228,-5.45,0.0
4.197441131845228,-5.45,0.0
4.226241131845228,-5.45,0.0
4.255041131845228,-5.45,0.0
4.277761131845228,-5.45,0.0
4.300481131845228,-5.45,0.0
4.315777131845228,-5.45,0.0
4.331073131845228,-5.45,0.0
4.343309931845228,-5.45,0.0
4.355546731845228,-5.45,0.0
4.365336171845228,-5.45,0.0
4.3751256118452275,-5.45,0.0
4.383936107845227,-5.45,0.0
4.392746603845227,-5.45,0.0
4.398816056645227,-5.45,0.0
4.4048855094452275,-5.45,0.0
4.410954962245228,-5.45,0.0
4.415810524485228,-5.45,0.0
4.4206660867252285,-5.45,0.0
4.4249147036852285,-5.45,0.0
4.4291633206452286,-5.45,0.0
4.431591101765228,-5.45,0.0
4.434018882885228,-5.45,0.0
4.435961107781228,-5.45,0.0
4.437903332677228,-5.45,0.0
4.439457112594028,-5.45,0.0
4.441010892510828,-5.45,0.0
4.442253916444268,-5.45,0.0
4.443496940377708,-5.45,0.0
4.444496940377708,-5.45,0.0
4.4454969403777085,-5.45,0.0
4.446496940377709,-5.45,0.0
4.447496940377709,-5.45,0.0
4.4484969403777095,-5.45,0.0
4.44949694037771,-5.45,0.0
4.49949694037771,-5.45,0.0
4.5494969403777095,-5.45,0.0
4.594496940377709,-5.45,0.0
4.639496940377709,-5.45,0.0
4.670496940377709,-5.45,0.0
4.701496940377709,-5.45,0.0
4.726296940377709,-5.45,0.0
4.751096940377709,-5.45,0.0
4.770936940377709,-5.45,0.0
4.790776940377709,-5.45,0.0
4.806648940377709,-5.45,0.0
4.822520940377709,-5.45,0.0
4.835218540377709,-5.45,0.0
4.847916140377709,-5.45,0.0
4.859343980377709,-5.45,0.0
4.870771820377708,-5.45,0.0
4.879787116377709,-5.45,0.0
4.888802412377709,-5.45,0.0
4.895773394777709,-5.45,0.0
4.90274437717771,-5.45,0.0
4.907419633497709,-5.45,0.0
4.912094889817709,-5.45,0.0
4.915835094873709,-5.45,0.0
4.9195752999297095,-5.45,0.0
4.922941484480109,-5.45,0.0
4.926307669030509,-5.45,0.0
4.929673853580908,-5.45,0.0
4.933040038131308,-5.45,0.0
4.934685728355948,-5.45,0.0
4.936166849558124,-5.45,0.0
4.937647970760301,-5.45,0.0
4.938832867722041,-5.45,0.0
4.940017764683782,-5.45,0.0
4.9410177646837825,-5.45,0.0
4.942017764683783,-5.45,0.0
4.943017764683783,-5.45,0.0
4.9440177646837835,-5.45,0.0
4.945017764683784,-5.45,0.0
4.946017764683784,-5.45,0.0
4.996017764683784,-5.45,0.0
5.046017764683784,-5.45,0.0
5.086017764683784,-5.45,0.0
5.126017764683784,-5.45,0.0
5.158017764683784,-5.45,0.0
5.190017764683784,-5.45,0.0
5.215617764683784,-5.45,0.0
5.241217764683784,-5.45,0.0
5.261697764683784,-5.45,0.0
5.282177764683784,-5.45,0.0
5.298561764683784,-5.45,0.0
5.3149457646837845,-5.45,0.0
5.329691364683785,-5.45,0.0
5.344436964683785,-5.45,0.0
5.354595044683785,-5.45,0.0
5.364753124683785,-5.45,0.0
5.3728795886837855,-5.45,0.0
5.3810060526837855,-5.45,0.0
5.387507223883786,-5.45,0.0
5.394008395083786,-5.45,0.0
5.399209332043785,-5.45,0.0
5.404410269003785,-5.45,0.0
5.408571018571785,-5.45,0.0
5.4127317681397855,-5.45,0.0
5.4164764427509855,-5.45,0.0
5.4202211173621855,-5.45,0.0
5.423549717016585,-5.45,0.0
5.426878316670985,-5.45,0.0
5.4302069163253845,-5.45,0.0
5.433535515979784,-5.45,0.0
5.434783740850184,-5.45,0.0
5.436031965720584,-5.45,0.0
5.437031965720585,-5.45,0.0
5.438031965720585,-5.45,0.0
5.439031965720585,-5.45,0.0
5.440031965720586,-5.45,0.0
5.441031965720586,-5.45,0.0
5.442031965720586,-5.45,0.0
5.492031965720586,-5.45,0.0
5.542031965720586,-5.45,0.0
5.582031965720586,-5.45,0.0
5.622031965720586,-5.45,0.0
5.654031965720586,-5.45,0.0
5.686031965720586,-5.45,0.0
5.711631965720586,-5.45,0.0
5.737231965720586,-5.45,0.0
5.757711965720586,-5.45,0.0
5.778191965720586,-5.45,0.0
5.794575965720586,-5.45,0.0
5.810959965720587,-5.45,0.0
5.825705565720587,-5.45,0.0
5.840451165720587,-5.45,0.0
5.850609245720587,-5.45,0.0
5.8607673257205875,-5.45,0.0
5.8688937897205875,-5.45,0.0
5.877020253720588,-5.45,0.0
5.883521424920588,-5.45,0.0
5.890022596120588,-5.45,0.0
5.8958736502005875,-5.45,0.0
5.901724704280587,-5.45,0.0
5.905755430424588,-5.45,0.0
5.909786156568588,-5.45,0.0
5.913010737483788,-5.45,0.0
5.9162353183989875,-5.45,0.0
5.918814983131147,-5.45,0.0
5.921394647863307,-5.45,0.0
5.923458379649035,-5.45,0.0
5.925522111434763,-5.45,0.0
5.927379470041918,-5.45,0.0
5.929236828649072,-5.45,0.0
5.930516342356224,-5.45,0.0
5.931795856063376,-5.45,0.0
5.932819467029097,-5.45,0.0
5.933843077994817,-5.45,0.0
5.934843077994818,-5.45,0.0
5.935843077994818,-5.45,0.0
5.936843077994818,-5.45,0.0
5.937843077994819,-5.45,0.0
5.938843077994819,-5.45,0.0
5.939843077994819,-5.45,0.0
5.94084307799482,-5.45,0.0
5.94184307799482,-5.45,0.0
5.94284307799482,-5.45,0.0
5.943843077994821,-5.45,0.0
5.99384307799482,-5.45,0.0
6.04384307799482,-5.45,0.0
6.08884307799482,-5.45,0.0
6.13384307799482,-5.45,0.0
6.17884307799482,-5.45,0.0
6.22384307799482,-5.45,0.0
6.26884307799482,-5.45,0.0
6.31384307799482,-5.45,0.0
6.33134307799482,-5.45,0.0
6.34884307799482,-5.45,0.0
6.35834307799482,-5.45,0.0
6.36784307799482,-5.45,0.0
6.37639307799482,-5.45,0.0
6.384943077994819,-5.45,0.0
6.390833077994819,-5.45,0.0
6.396723077994819,-5.45,0.0
6.40143507799482,-5.45,0.0
6.40614707799482,-5.45,0.0
6.40991667799482,-5.45,0.0
6.41368627799482,-5.45,0.0
6.41670195799482,-5.45,0.0
6.41971763799482,-5.45,0.0
6.42243174999482,-5.45,0.0
6.42457288279482,-5.45,0.0
6.42671401559482,-5.45,0.0
6.42842692183482,-5.45,0.0
6.43013982807482,-5.45,0.0
6.43151015306682,-5.45,0.0
6.43288047805882,-5.45,0.0
6.43397673805242,-5.45,0.0
6.435072998046021,-5.45,0.0
6.436072998046021,-5.45,0.0
6.4370729980460215,-5.45,0.0
6.438072998046022,-5.45,0.0
6.439072998046022,-5.45,0.0
6.4400729980460225,-5.45,0.0
6.490072998046022,-5.45,0.0
6.540072998046022,-5.45,0.0
6.580072998046022,-5.45,0.0
6.620072998046022,-5.45,0.0
6.652072998046022,-5.45,0.0
6.684072998046022,-5.45,0.0
6.709672998046022,-5.45,0.0
6.735272998046022,-5.45,0.0
6.755752998046022,-5.45,0.0
6.776232998046022,-5.45,0.0
6.7926169980460225,-5.45,0.0
6.809000998046023,-5.45,0.0
6.822108198046023,-5.45,0.0
6.8352153980460235,-5.45,0.0
6.845701158046023,-5.45,0.0
6.856186918046023,-5.45,0.0
6.864575526046023,-5.45,0.0
6.872964134046023,-5.45,0.0
6.8805138812460225,-5.45,0.0
6.888063628446022,-5.45,0.0
6.893264565406022,-5.45,0.0
6.8984655023660215,-5.45,0.0
6.903146345630022,-5.45,0.0
6.907827188894022,-5.45,0.0
6.911519854135623,-5.45,0.0
6.9152125193772225,-5.45,0.0
6.917698567244102,-5.45,0.0
6.920184615110982,-5.45,0.0
6.922670662977861,-5.45,0.0
6.925156710844741,-5.45,0.0
6.92764275871162,-5.45,0.0
6.9301288065785,-5.45,0.0
6.9313718305119405,-5.45,0.0
6.932614854445381,-5.45,0.0
6.9336148544453815,-5.45,0.0
6.934614854445382,-5.45,0.0
6.935614854445382,-5.45,0.0
6.9366148544453825,-5.45,0.0
6.986614854445382,-5.45,0.0
7.036614854445382,-5.45,0.0
7.076614854445382,-5.45,0.0
7.116614854445382,-5.45,0.0
7.148614854445382,-5.45,0.0
7.180614854445382,-5.45,0.0
7.206214854445382,-5.45,0.0
7.231814854445382,-5.45,0.0
7.252294854445382,-5.45,0.0
7.272774854445382,-5.45,0.0
7.2891588544453825,-5.45,0.0
7.305542854445383,-5.45,0.0
7.321926854445383,-5.45,0.0
7.338310854445384,-5.45,0.0
7.348141254445384,-5.45,0.0
7.357971654445384,-5.45,0.0
7.365835974445384,-5.45,0.0
7.373700294445383,-5.45,0.0
7.379991750445383,-5.45,0.0
7.386283206445382,-5.45,0.0
7.391316371245383,-5.45,0.0
7.396349536045383,-5.45,0.0
7.400376067885383,-5.45,0.0
7.404402599725383,-5.45,0.0
7.408429131565383,-5.45,0.0
7.411247703853383,-5.45,0.0
7.414066276141383,-5.45,0.0
7.416321133971783,-5.45,0.0
7.418575991802183,-5.45,0.0
7.4206053638495435,-5.45,0.0
7.422634735896904,-5.45,0.0
7.424032747751752,-5.45,0.0
7.425430759606599,-5.45,0.0
7.426549169090478,-5.45,0.0
7.427667578574356,-5.45,0.0
7.428667578574356,-5.45,0.0
7.429667578574357,-5.45,0.0
7.430667578574357,-5.45,0.0
7.431667578574357,-5.45,0.0
7.481667578574357,-5.45,0.0
7.531667578574357,-5.45,0.0
7.571667578574357,-5.45,0.0
7.611667578574357,-5.45,0.0
7.643667578574357,-5.45,0.0
7.675667578574357,-5.45,0.0
7.701267578574357,-5.45,0.0
7.726867578574357,-5.45,0.0
7.747347578574357,-5.45,0.0
7.767827578574357,-5.45,0.0
7.784211578574357,-5.45,0.0
7.800595578574358,-5.45,0.0
7.813702778574358,-5.45,0.0
7.826809978574358,-5.45,0.0
7.837295738574358,-5.45,0.0
7.847781498574358,-5.45,0.0
7.856170106574358,-5.45,0.0
7.864558714574358,-5.45,0.0
7.871269600974357,-5.45,0.0
7.877980487374357,-5.45,0.0
7.883349196494357,-5.45,0.0
7.888717905614357,-5.45,0.0
7.893012872910357,-5.45,0.0
7.8973078402063575,-5.45,0.0
7.900743814043158,-5.45,0.0
7.904179787879958,-5.45,0.0
7.906928566949397,-5.45,0.0
7.909677346018837,-5.45,0.0
7.911876369274389,-5.45,0.0
7.914075392529941,-5.45,0.0
7.9160545134599385,-5.45,0.0
7.918033634389936,-5.45,0.0
7.919397028808378,-5.45,0.0
7.92076042322682,-5.45,0.0
7.921851138761574,-5.45,0.0
7.922941854296328,-5.45,0.0
7.923941854296328,-5.45,0.0
7.924941854296328,-5.45,0.0
7.925941854296329,-5.45,0.0
7.926941854296329,-5.45,0.0
7.927941854296329,-5.45,0.0
7.977941854296329,-5.45,0.0
8.02794185429633,-5.45,0.0
8.067941854296329,-5.45,0.0
8.107941854296328,-5.45,0.0
8.139941854296328,-5.45,0.0
8.171941854296328,-5.45,0.0
8.200741854296329,-5.45,0.0
8.229541854296329,-5.45,0.0
8.24938185429633,-5.45,0.0
8.26922185429633,-5.45,0.0
8.28509385429633,-5.45,0.0
8.30096585429633,-5.45,0.0
8.313663454296329,-5.45,0.0
8.326361054296328,-5.45,0.0
8.336519134296328,-5.45,0.0
8.346677214296328,-5.45,0.0
8.355819486296328,-5.45,0.0
8.364961758296328,-5.45,0.0
8.371259767896328,-5.45,0.0
8.376927976536328,-5.45,0.0
8.382596185176327,-5.45,0.0
8.387697572952327,-5.45,0.0
8.392798960728326,-5.45,0.0
8.396313250085127,-5.45,0.0
8.399827539441928,-5.45,0.0
8.402990399863048,-5.45,0.0
8.406153260284169,-5.45,0.0
8.408332119685385,-5.45,0.0
8.4105109790866,-5.45,0.0
8.412471952547696,-5.45,0.0
8.414432926008791,-5.45,0.0
8.415783818837545,-5.45,0.0
8.417134711666298,-5.45,0.0
8.4182154259293,-5.45,0.0
8.419296140192303,-5.45,0.0
8.420296140192303,-5.45,0.0
8.421296140192302,-5.45,0.0
8.422296140192302,-5.45,0.0
8.423296140192301,-5.45,0.0
8.473296140192302,-5.45,0.0
8.523296140192302,-5.45,0.0
8.563296140192302,-5.45,0.0
8.6032961401923,-5.45,0.0
8.6352961401923,-5.45,0.0
8.6672961401923,-5.45,0.0
8.692896140192302,-5.45,0.0
8.718496140192302,-5.45,0.0
8.744096140192303,-5.45,0.0
8.769696140192304,-5.45,0.0
8.785056140192303,-5.45,0.0
8.800416140192302,-5.45,0.0
8.812704140192302,-5.45,0.0
8.824992140192302,-5.45,0.0
8.834822540192302,-5.45,0.0
8.844652940192303,-5.45,0.0
8.852517260192302,-5.45,0.0
8.860381580192302,-5.45,0.0
8.866673036192301,-5.45,0.0
8.8729644921923,-5.45,0.0
8.877997656992301,-5.45,0.0
8.883030821792302,-5.45,0.0
8.8870573536323,-5.45,0.0
8.8910838854723,-5.45,0.0
8.8943051109443,-5.45,0.0
8.8975263364163,-5.45,0.0
8.900103316793901,-5.45,0.0
8.902680297171502,-5.45,0.0
8.904741881473582,-5.45,0.0
8.906803465775662,-5.45,0.0
8.908865050077742,-5.45,0.0
8.910926634379821,-5.45,0.0
8.91216358496107,-5.45,0.0
8.913400535542317,-5.45,0.0
8.914400535542317,-5.45,0.0
8.915400535542316,-5.45,0.0
8.916400535542316,-5.45,0.0
8.917400535542315,-5.45,0.0
8.918400535542315,-5.45,0.0
8.919400535542314,-5.45,0.0
8.969400535542315,-5.45,0.0
9.019400535542315,-5.45,0.0
9.064400535542315,-5.45,0.0
9.109400535542315,-5.45,0.0
9.140400535542316,-5.45,0.0
9.171400535542316,-5.45,0.0
9.202400535542317,-5.45,0.0
9.233400535542318,-5.45,0.0
9.252000535542317,-5.45,0.0
9.270600535542316,-5.45,0.0
9.285480535542316,-5.45,0.0
9.300360535542316,-5.45,0.0
9.312264535542315,-5.45,0.0
9.324168535542315,-5.45,0.0
9.333691735542315,-5.45,0.0
9.343214935542315,-5.45,0.0
9.350833495542314,-5.45,0.0
9.358452055542314,-5.45,0.0
9.364546903542314,-5.45,0.0
9.370641751542314,-5.45,0.0
9.375517629942314,-5.45,0.0
9.380393508342314,-5.45,0.0
9.384294211062313,-5.45,0.0
9.388194913782312,-5.45,0.0
9.391315475958313,-5.45,0.0
9.394436038134314,-5.45,0.0
9.397244544092715,-5.45,0.0
9.400053050051115,-5.45,0.0
9.401987798600235,-5.45,0.0
9.403922547149355,-5.45,0.0
9.40547034598865,-5.45,0.0
9.407018144827946,-5.45,0.0
9.408256383899383,-5.45,0.0
9.40949462297082,-5.45,0.0
9.410732862042257,-5.45,0.0
9.411971101113695,-5.45,0.0
9.412971101113694,-5.45,0.0
9.413971101113694,-5.45,0.0
9.414971101113693,-5.45,0.0
9.414971101113693,-5.45,0.1570796326794897
9.414971101113693,-5.45,0.3141592653589794
9.414971101113693,-5.45,0.4398229715025711
9.414971101113693,-5.45,0.5529203070318037
9.414971101113693,-5.45,0.6547079090081129
9.414971101113693,-5.45,0.7463167507867912
9.414971101113693,-5.45,0.8287647083876021
9.414971101113693,-5.45,0.9029678702283314
9.414971101113693,-5.45,0.969750715884988
9.414971101113693,-5.45,1.0298552769759788
9.414971101113693,-5.45,1.0839493819578703
9.414971101113693,-5.45,1.1326340764415732
9.414971101113693,-5.45,1.1764503014769054
9.414971101113693,-5.45,1.2158849040087043
9.414971101113693,-5.45,1.2513760462873238
9.414971101113693,-5.45,1.2833180743380812
9.414971101113693,-5.45,1.3152601023888384
9.414971101113693,-5.45,1.340813724829444
9.414971101113693,-5.45,1.36636734727005
9.414971101113693,-5.45,1.3868102452225348
9.414971101113693,-5.45,1.4052088533797706
9.414971101113693,-5.45,1.4236074615370071
9.414971101113693,-5.45,1.4383263480627961
9.414971101113693,-5.45,1.4515733459360058
9.414971101113693,-5.45,1.4634956440218951
9.414971101113693,-5.45,1.4742257122991953
9.414971101113693,-5.45,1.484955780576495
9.414971101113693,-5.45,1.4946128420260656
9.414971101113693,-5.45,1.5022311905029486
9.414971101113693,-5.45,1.5098495389798314
9.414971101113693,-5.45,1.5159442177613383
9.414971101113693,-5.45,1.5214294286646937
9.414971101113693,-5.45,1.5263661184777142
9.414971101113693,-5.45,1.5308091393094325
9.414971101113693,-5.45,1.5352521601411506
9.414971101113693,-5.45,1.5396951809728692
9.414971101113693,-5.45,1.544138201804588
9.414971101113693,-5.45,1.5485812226363063
9.414971101113693,-5.45,1.5530242434680244
9.414971101113693,-5.45,1.5574672642997422
9.414971101113693,-5.45,1.5592444726324304
9.414971101113693,-5.45,1.561021680965117
9.414971101113693,-5.45,1.5627988892978044
9.414971101113693,-5.45,1.564576097630492
9.414971101113693,-5.45,1.5651981205469319
9.414971101113693,-5.45,1.5657579411717286
9.414971101113693,-5.45,1.5662617797340455
9.414971101113693,-5.45,1.5667152344401307
9.414971101113693,-5.45,1.567123343675607
9.414971101113693,-5.45,1.5675314529110838
9.414971101113693,-5.45,1.5679395621465604
9.414971101113693,-5.45,1.568347671382037
9.414971101113693,-5.45,1.5685925369233225
9.414971101113693,-5.45,1.5688129159104807
9.414971101113693,-5.45,1.5690332948976378
9.414971101113693,-5.45,1.5692095980873633
9.414971101113693,-5.45,1.5693859012770894
9.414971101113693,-5.45,1.5695269438288701
9.414971101113693,-5.45,1.569653882125473
9.414971101113693,-5.45,1.5697681265924148
9.414971101113693,-5.45,1.5698709466126637
9.415017370116201,-5.400000021408211,1.5698709466126637
9.41506363911871,-5.350000042816421,1.5698709466126637
9.415105281220967,-5.305000062083811,1.5698709466126637
9.415146923323224,-5.2600000813512,1.5698709466126637
9.415179774315005,-5.224500096551029,1.5698709466126637
9.415212625306786,-5.189000111750858,1.5698709466126637
9.415234741889986,-5.165100121983983,1.5698709466126637
9.415256858473185,-5.141200132217107,1.5698709466126637
9.415278975056385,-5.117300142450231,1.5698709466126637
9.415301091639584,-5.093400152683356,1.5698709466126637
9.415314361589504,-5.07906015882323,1.5698709466126637
9.415327631539423,-5.064720164963105,1.5698709466126637
9.415338247499358,-5.053248169875005,1.5698709466126637
9.415348863459293,-5.0417761747869045,1.5698709466126637
9.415358417823235,-5.031451379207614,1.5698709466126637
9.415367972187177,-5.021126583628324,1.5698709466126637
9.41537550951873,-5.0129814671157735,1.5698709466126637
9.415383046850284,-5.004836350603223,1.5698709466126637
9.415388875012288,-4.998538225299856,1.5698709466126637
9.415394703174293,-4.992240099996489,1.5698709466126637
9.415400531336298,-4.985941974693122,1.5698709466126637
9.415406359498302,-4.979643849389755,1.5698709466126637
9.41540910266235,-4.97667948585899,1.5698709466126637
9.415411845826398,-4.973715122328225,1.5698709466126637
9.415414040357636,-4.971343631503613,1.5698709466126637
9.415416234888873,-4.968972140679001,1.5698709466126637
9.415417990513864,-4.967074948019311,1.5698709466126637
9.415419746138856,-4.965177755359622,1.5698709466126637
9.415421150638847,-4.96366000123187,1.5698709466126637
9.41542255513884,-4.962142247104118,1.5698709466126637
9.415423678738833,-4.960928043801917,1.5698709466126637
9.415424802338826,-4.959713840499716,1.5698709466126637
9.415425727718876,-4.95871384092788,1.5698709466126637
9.415426653098926,-4.9577138413560435,1.5698709466126637
9.415427578478976,-4.956713841784207,1.5698709466126637
9.415428503859026,-4.955713842212371,1.5698709466126637
9.415429429239076,-4.954713842640535,1.5698709466126637
9.415430354619126,-4.953713843068699,1.5698709466126637
9.415476623621634,-4.903713864476909,1.5698709466126637
9.415522892624143,-4.85371388588512,1.5698709466126637
9.415559907826148,-4.8137139030116884,1.5698709466126637
9.415596923028154,-4.773713920138257,1.5698709466126637
9.41563023670996,-4.7377139355521685,1.5698709466126637
9.415663550391766,-4.70171395096608,1.5698709466126637
9.41568649981701,-4.676913961584552,1.5698709466126637
9.415709449242254,-4.652113972203025,1.5698709466126637
9.41572780878245,-4.632273980697803,1.5698709466126637
9.415746168322645,-4.6124339891925805,1.5698709466126637
9.415760855954801,-4.596561995988403,1.5698709466126637
9.415775543586957,-4.580690002784226,1.5698709466126637
9.415788762455897,-4.566405208900466,1.5698709466126637
9.415801981324837,-4.552120415016707,1.5698709466126637
9.415812409543667,-4.540851299841741,1.5698709466126637
9.415821515875605,-4.531010664055151,1.5698709466126637
9.415830622207542,-4.5211700282685605,1.5698709466126637
9.415836864451208,-4.514424431156785,1.5698709466126637
9.415843106694874,-4.507678834045009,1.5698709466126637
9.415848100489807,-4.502282356355589,1.5698709466126637
9.41585309428474,-4.496885878666168,1.5698709466126637
9.415857089320687,-4.492568696514632,1.5698709466126637
9.415861084356633,-4.488251514363096,1.5698709466126637
9.41586428038539,-4.484797768641867,1.5698709466126637
9.415867476414148,-4.481344022920638,1.5698709466126637
9.41587035284003,-4.478235651771532,1.5698709466126637
9.41587322926591,-4.475127280622425,1.5698709466126637
9.41587521080374,-4.472985958275263,1.5698709466126637
9.41587719234157,-4.470844635928101,1.5698709466126637
9.415878975725617,-4.468917445815655,1.5698709466126637
9.415880759109664,-4.466990255703209,1.5698709466126637
9.415881987663118,-4.465662635847968,1.5698709466126637
9.415883216216573,-4.464335015992727,1.5698709466126637
9.415884199059336,-4.463272920108535,1.5698709466126637
9.4158851819021,-4.462210824224343,1.5698709466126637
9.41588610728215,-4.461210824652507,1.5698709466126637
9.4158870326622,-4.4602108250806705,1.5698709466126637
9.41588795804225,-4.459210825508834,1.5698709466126637
9.4158888834223,-4.458210825936998,1.5698709466126637
9.41588980880235,-4.457210826365162,1.5698709466126637
9.4158907341824,-4.456210826793326,1.5698709466126637
9.415937003184908,-4.406210848201536,1.5698709466126637
9.415983272187416,-4.356210869609747,1.5698709466126637
9.416020287389422,-4.316210886736315,1.5698709466126637
9.416057302591428,-4.276210903862884,1.5698709466126637
9.416086914753032,-4.244210917564138,1.5698709466126637
9.416116526914637,-4.212210931265393,1.5698709466126637
9.416140216643921,-4.186610942226396,1.5698709466126637
9.416163906373205,-4.1610109531874,1.5698709466126637
9.416182858156633,-4.140530961956204,1.5698709466126637
9.41620180994006,-4.120050970725007,1.5698709466126637
9.416216971366802,-4.103666977740049,1.5698709466126637
9.416232132793544,-4.087282984755092,1.5698709466126637
9.416244261934938,-4.074175790367126,1.5698709466126637
9.416256391076333,-4.06106859597916,1.5698709466126637
9.416266094389448,-4.050582840468787,1.5698709466126637
9.416275797702562,-4.040097084958415,1.5698709466126637
9.416283560353055,-4.031708480550116,1.5698709466126637
9.416291323003547,-4.023319876141818,1.5698709466126637
9.41629753312394,-4.016608992615179,1.5698709466126637
9.416303743244333,-4.009898109088541,1.5698709466126637
9.416308711340648,-4.00452940226723,1.5698709466126637
9.416313679436962,-3.999160695445919,1.5698709466126637
9.416317653914014,-3.99486572998887,1.5698709466126637
9.416321628391065,-3.9905707645318214,1.5698709466126637
9.416324807972707,-3.987134792166182,1.5698709466126637
9.416327987554348,-3.983698819800543,1.5698709466126637
9.416330531219662,-3.9809500419080317,1.5698709466126637
9.416333074884976,-3.9782012640155204,1.5698709466126637
9.416335109817227,-3.9760022417015115,1.5698709466126637
9.416337144749479,-3.9738032193875026,1.5698709466126637
9.41633877269528,-3.9720440015362954,1.5698709466126637
9.416340400641081,-3.9702847836850883,1.5698709466126637
9.416341702997721,-3.9688774094041226,1.5698709466126637
9.416342875118698,-3.9676107725512533,1.5698709466126637
9.416344047239674,-3.966344135698384,1.5698709466126637
9.416344984936455,-3.9653308262160887,1.5698709466126637
9.416345922633235,-3.9643175167337934,1.5698709466126637
9.416346848013285,-3.9633175171619577,1.5698709466126637
9.416347773393335,-3.962317517590122,1.5698709466126637
9.416348698773385,-3.9613175180182862,1.5698709466126637
9.416349624153435,-3.9603175184464505,1.5698709466126637
9.416395893155943,-3.910317539854661,1.5698709466126637
9.416442162158452,-3.8603175612628715,1.5698709466126637
9.416479177360458,-3.82031757838944,1.5698709466126637
9.416516192562463,-3.7803175955160087,1.5698709466126637
9.416545804724068,-3.7483176092172634,1.5698709466126637
9.416575416885673,-3.716317622918518,1.5698709466126637
9.416602067831118,-3.6875176352496473,1.5698709466126637
9.416628718776563,-3.6587176475807763,1.5698709466126637
9.416647078316759,-3.6388776560755542,1.5698709466126637
9.416665437856954,-3.619037664570332,1.5698709466126637
9.41668012548911,-3.6031656713661544,1.5698709466126637
9.416694813121266,-3.5872936781619766,1.5698709466126637
9.416706563226992,-3.5745960835986343,1.5698709466126637
9.416718313332717,-3.561898489035292,1.5698709466126637
9.416727713417297,-3.551740413384618,1.5698709466126637
9.416737113501876,-3.5415823377339444,1.5698709466126637
9.41674463356954,-3.5334558772134055,1.5698709466126637
9.416752153637203,-3.5253294166928666,1.5698709466126637
9.416758169691335,-3.5188282482764355,1.5698709466126637
9.416764185745466,-3.5123270798600044,1.5698709466126637
9.41676899858877,-3.5071261451268594,1.5698709466126637
9.416773811432074,-3.5019252103937144,1.5698709466126637
9.416778624275379,-3.4967242756605694,1.5698709466126637
9.416783437118683,-3.4915233409274244,1.5698709466126637
9.416786806108997,-3.487882686614223,1.5698709466126637
9.41679017509931,-3.484242032301022,1.5698709466126637
9.416793062805294,-3.481121471461135,1.5698709466126637
9.416795950511277,-3.478000910621248,1.5698709466126637
9.416798838217261,-3.474880349781361,1.5698709466126637
9.416801725923245,-3.471759788941474,1.5698709466126637
9.416802784748771,-3.470615583300182,1.5698709466126637
9.416803843574298,-3.46947137765889,1.5698709466126637
9.416804796517273,-3.468441592581727,1.5698709466126637
9.416805749460247,-3.4674118075045643,1.5698709466126637
9.416806674840297,-3.4664118079327286,1.5698709466126637
9.416807600220347,-3.465411808360893,1.5698709466126637
9.416808525600397,-3.464411808789057,1.5698709466126637
9.416809450980447,-3.4634118092172215,1.5698709466126637
9.416855719982955,-3.413411830625432,1.5698709466126637
9.416901988985463,-3.3634118520336425,1.5698709466126637
9.41693900418747,-3.323411869160211,1.5698709466126637
9.416976019389475,-3.2834118862867796,1.5698709466126637
9.41700563155108,-3.2514118999880344,1.5698709466126637
9.417035243712684,-3.219411913689289,1.5698709466126637
9.417058933441968,-3.193811924650293,1.5698709466126637
9.417082623171252,-3.1682119356112968,1.5698709466126637
9.41710157495468,-3.1477319443800997,1.5698709466126637
9.417120526738108,-3.1272519531489027,1.5698709466126637
9.41713568816485,-3.110867960163945,1.5698709466126637
9.417150849591591,-3.0944839671789874,1.5698709466126637
9.417164494875658,-3.0797383734925257,1.5698709466126637
9.417178140159725,-3.064992779806064,1.5698709466126637
9.417187540244305,-3.05483470415539,1.5698709466126637
9.417196000320427,-3.0456924360697837,1.5698709466126637
9.41720446039655,-3.0365501679841773,1.5698709466126637
9.417211228457447,-3.0292363535156923,1.5698709466126637
9.417217319712254,-3.0226539204940557,1.5698709466126637
9.417223410967061,-3.016071487472419,1.5698709466126637
9.417228283970907,-3.01080554105511,1.5698709466126637
9.417232669674368,-3.0060661892795317,1.5698709466126637
9.417237055377829,-3.0013268375039535,1.5698709466126637
9.417240563940599,-2.9975353560834908,1.5698709466126637
9.417244072503369,-2.993743874663028,1.5698709466126637
9.417247581066139,-2.9899523932425653,1.5698709466126637
9.417250037060077,-2.9872983562482416,1.5698709466126637
9.417252493054015,-2.984644319253918,1.5698709466126637
9.41725470344856,-2.9822556859590263,1.5698709466126637
9.417256913843104,-2.979867052664135,1.5698709466126637
9.417258436559345,-2.978221549727654,1.5698709466126637
9.417259959275587,-2.9765760467911733,1.5698709466126637
9.41726117744858,-2.9752596444419885,1.5698709466126637
9.417262395621574,-2.973943242092804,1.5698709466126637
9.417263370159969,-2.972890120213456,1.5698709466126637
9.417264344698363,-2.9718369983341084,1.5698709466126637
9.417265270078413,-2.9708369987622727,1.5698709466126637
9.417266195458463,-2.969836999190437,1.5698709466126637
9.417267120838513,-2.9688369996186013,1.5698709466126637
9.417268046218563,-2.9678370000467655,1.5698709466126637
9.417268971598613,-2.96683700047493,1.5698709466126637
9.417269896978663,-2.965837000903094,1.5698709466126637
9.417316165981171,-2.9158370223113046,1.5698709466126637
9.41736243498368,-2.865837043719515,1.5698709466126637
9.417399450185686,-2.8258370608460837,1.5698709466126637
9.417432763867492,-2.789837076259995,1.5698709466126637
9.417466077549298,-2.7538370916739066,1.5698709466126637
9.417492728494743,-2.7250371040050356,1.5698709466126637
9.417519379440188,-2.6962371163361647,1.5698709466126637
9.417540700196543,-2.6731971262010683,1.5698709466126637
9.417562020952898,-2.650157136065972,1.5698709466126637
9.417581209633619,-2.629421144944385,1.5698709466126637
9.41760039831434,-2.6086851538227984,1.5698709466126637
9.417615536051352,-2.5923267608268796,1.5698709466126637
9.417630673788365,-2.575968367830961,1.5698709466126637
9.417640865109902,-2.5649552525463846,1.5698709466126637
9.41765105643144,-2.5539421372618083,1.5698709466126637
9.41765920948867,-2.5451316450341475,1.5698709466126637
9.4176673625459,-2.5363211528064866,1.5698709466126637
9.417673884991684,-2.5292727590243578,1.5698709466126637
9.417680407437468,-2.522224365242229,1.5698709466126637
9.417685625394094,-2.516585650216526,1.5698709466126637
9.417690843350721,-2.510946935190823,1.5698709466126637
9.417695017716023,-2.5064359631702606,1.5698709466126637
9.417699192081324,-2.501924991149698,1.5698709466126637
9.417702531573566,-2.4983162135332484,1.5698709466126637
9.417705871065808,-2.4947074359167987,1.5698709466126637
9.4177085426596,-2.4918204138236386,1.5698709466126637
9.417711214253393,-2.4889333917304786,1.5698709466126637
9.417713351528427,-2.4866237740559507,1.5698709466126637
9.417715488803461,-2.484314156381423,1.5698709466126637
9.417717198623489,-2.4824664622418005,1.5698709466126637
9.417718908443517,-2.480618768102178,1.5698709466126637
9.41772044728154,-2.478955843376518,1.5698709466126637
9.417721986119565,-2.477292918650858,1.5698709466126637
9.417723046207982,-2.476147348284292,1.5698709466126637
9.417724106296399,-2.4750017779177265,1.5698709466126637
9.417725031676449,-2.4740017783458907,1.5698709466126637
9.417725957056499,-2.473001778774055,1.5698709466126637
9.417726882436549,-2.4720017792022193,1.5698709466126637
9.417727807816599,-2.4710017796303836,1.5698709466126637
9.417728733196649,-2.470001780058548,1.5698709466126637
9.417775002199157,-2.4200018014667584,1.5698709466126637
9.417821271201666,-2.370001822874969,1.5698709466126637
9.417862913303923,-2.3250018421423584,1.5698709466126637
9.41790455540618,-2.280001861409748,1.5698709466126637
9.417941570608185,-2.2400018785363165,1.5698709466126637
9.417978585810191,-2.200001895662885,1.5698709466126637
9.418003571071546,-2.173001907223319,1.5698709466126637
9.418028556332901,-2.1460019187837527,1.5698709466126637
9.41804734154792,-2.125701927475486,1.5698709466126637
9.41806612676294,-2.1054019361672194,1.5698709466126637
9.418078656408818,-2.0918619419645625,1.5698709466126637
9.418091186054697,-2.0783219477619057,1.5698709466126637
9.4181012097714,-2.0674899523997805,1.5698709466126637
9.418111233488103,-2.0566579570376553,1.5698709466126637
9.418119252461466,-2.047992360747955,1.5698709466126637
9.418127271434829,-2.0393267644582544,1.5698709466126637
9.418134488510855,-2.031527727797524,1.5698709466126637
9.418141705586882,-2.0237286911367938,1.5698709466126637
9.418146677350366,-2.01835602143718,1.5698709466126637
9.41815164911385,-2.012983351737566,1.5698709466126637
9.418155626524639,-2.0086852159778745,1.5698709466126637
9.418159603935427,-2.004387080218183,1.5698709466126637
9.418162785864057,-2.0009485716104303,1.5698709466126637
9.418165967792687,-1.9975100630026772,1.5698709466126637
9.41816851333559,-1.9947592561164749,1.5698709466126637
9.418171058878494,-1.9920084492302725,1.5698709466126637
9.418173349867107,-1.9895327230326905,1.5698709466126637
9.41817564085572,-1.9870569968351084,1.5698709466126637
9.418177219092321,-1.985351496565663,1.5698709466126637
9.418178797328922,-1.9836459962962174,1.5698709466126637
9.418180059918203,-1.982281596080661,1.5698709466126637
9.418181322507484,-1.9809171958651046,1.5698709466126637
9.418182332578908,-1.9798256756926595,1.5698709466126637
9.418183342650332,-1.9787341555202145,1.5698709466126637
9.418184268030382,-1.9777341559483788,1.5698709466126637
9.418185193410432,-1.976734156376543,1.5698709466126637
9.418186118790482,-1.9757341568047073,1.5698709466126637
9.418187044170532,-1.9747341572328716,1.5698709466126637
9.41823331317304,-1.924734178641082,1.5698709466126637
9.418279582175549,-1.8747342000492926,1.5698709466126637
9.418316597377554,-1.834734217175861,1.5698709466126637
9.41835361257956,-1.7947342343024293,1.5698709466126637
9.418383224741165,-1.762734248003684,1.5698709466126637
9.41841283690277,-1.7307342617049388,1.5698709466126637
9.418436526632053,-1.7051342726659426,1.5698709466126637
9.418460216361337,-1.6795342836269465,1.5698709466126637
9.418481537117692,-1.6564942934918498,1.5698709466126637
9.418502857874048,-1.6334543033567532,1.5698709466126637
9.418517545506203,-1.6175823101525757,1.5698709466126637
9.41853223313836,-1.601710316948398,1.5698709466126637
9.418543983244085,-1.5890127223850559,1.5698709466126637
9.41855573334981,-1.5763151278217138,1.5698709466126637
9.41856513343439,-1.5661570521710402,1.5698709466126637
9.418574533518969,-1.5559989765203666,1.5698709466126637
9.418582053586633,-1.5478725159998277,1.5698709466126637
9.418589573654296,-1.5397460554792888,1.5698709466126637
9.41859709372196,-1.5316195949587499,1.5698709466126637
9.418604613789624,-1.523493134438211,1.5698709466126637
9.418612133857287,-1.515366673917672,1.5698709466126637
9.41861589389112,-1.5113034436574027,1.5698709466126637
9.418619653924953,-1.5072402133971332,1.5698709466126637
9.418622661952018,-1.5039896291889177,1.5698709466126637
9.418625369176377,-1.5010641034015235,1.5698709466126637
9.418628076400736,-1.4981385776141294,1.5698709466126637
9.418630242180223,-1.495798156984214,1.5698709466126637
9.41863240795971,-1.4934577363542987,1.5698709466126637
9.418634140583299,-1.4915853998503665,1.5698709466126637
9.418635873206888,-1.4897130633464344,1.5698709466126637
9.41863725930576,-1.4882151941432886,1.5698709466126637
9.418638506794744,-1.4868671118604575,1.5698709466126637
9.41863975428373,-1.4855190295776264,1.5698709466126637
9.418640752274918,-1.4844405637513614,1.5698709466126637
9.418641750266106,-1.4833620979250963,1.5698709466126637
9.418642675646156,-1.4823620983532606,1.5698709466126637
9.418643601026206,-1.4813620987814249,1.5698709466126637
9.418644526406256,-1.4803620992095892,1.5698709466126637
9.418645451786306,-1.4793620996377534,1.5698709466126637
9.418691720788814,-1.429362121045964,1.5698709466126637
9.418737989791323,-1.3793621424541744,1.5698709466126637
9.418775004993329,-1.3393621595807428,1.5698709466126637
9.418812020195334,-1.2993621767073111,1.5698709466126637
9.418841632356939,-1.267362190408566,1.5698709466126637
9.418871244518543,-1.2353622041098207,1.5698709466126637
9.418894934247827,-1.2097622150708245,1.5698709466126637
9.418918623977111,-1.1841622260318283,1.5698709466126637
9.41893757576054,-1.1636822348006313,1.5698709466126637
9.418956527543967,-1.1432022435694342,1.5698709466126637
9.418971688970709,-1.1268182505844766,1.5698709466126637
9.41898685039745,-1.110434257599519,1.5698709466126637
9.418998979538845,-1.097327063211553,1.5698709466126637
9.41901110868024,-1.0842198688235871,1.5698709466126637
9.419020811993354,-1.0737341133132143,1.5698709466126637
9.419030515306469,-1.0632483578028415,1.5698709466126637
9.419038277956961,-1.0548597533945432,1.5698709466126637
9.419046040607453,-1.0464711489862448,1.5698709466126637
9.419052250727846,-1.0397602654596063,1.5698709466126637
9.41905846084824,-1.0330493819329678,1.5698709466126637
9.419063428944554,-1.027680675111657,1.5698709466126637
9.419068397040869,-1.022311968290346,1.5698709466126637
9.41907237151792,-1.0180170028332973,1.5698709466126637
9.419076345994972,-1.0137220373762486,1.5698709466126637
9.419079525576613,-1.0102860650106096,1.5698709466126637
9.419082705158255,-1.0068500926449706,1.5698709466126637
9.419085248823569,-1.0041013147524593,1.5698709466126637
9.419087792488883,-1.001352536859948,1.5698709466126637
9.419089827421134,-0.9991535145459391,1.5698709466126637
9.419091862353385,-0.9969544922319302,1.5698709466126637
9.419093490299186,-0.9951952743807231,1.5698709466126637
9.419094955450406,-0.9936119783146367,1.5698709466126637
9.419096420601626,-0.9920286822485502,1.5698709466126637
9.419097739237724,-0.9906037157890725,1.5698709466126637
9.419099057873822,-0.9891787493295947,1.5698709466126637
9.419099983253872,-0.9881787497577589,1.5698709466126637
9.419100908633922,-0.987178750185923,1.5698709466126637
9.419101834013972,-0.9861787506140872,1.5698709466126637
9.419102759394022,-0.9851787510422514,1.5698709466126637
9.419103684774072,-0.9841787514704156,1.5698709466126637
9.419104610154122,-0.9831787518985797,1.5698709466126637
9.41915087915663,-0.9331787733067902,1.5698709466126637
9.419197148159139,-0.8831787947150007,1.5698709466126637
9.419234163361144,-0.8431788118415692,1.5698709466126637
9.41927117856315,-0.8031788289681376,1.5698709466126637
9.419300790724755,-0.7711788426693924,1.5698709466126637
9.41933040288636,-0.7391788563706472,1.5698709466126637
9.419354092615643,-0.713578867331651,1.5698709466126637
9.419377782344927,-0.6879788782926548,1.5698709466126637
9.419396734128355,-0.6674988870614578,1.5698709466126637
9.419415685911783,-0.6470188958302607,1.5698709466126637
9.419430847338525,-0.6306349028453031,1.5698709466126637
9.419446008765266,-0.6142509098603455,1.5698709466126637
9.41945813790666,-0.6011437154723794,1.5698709466126637
9.419470267048055,-0.5880365210844134,1.5698709466126637
9.41947997036117,-0.5775507655740405,1.5698709466126637
9.419489673674285,-0.5670650100636676,1.5698709466126637
9.419497436324777,-0.5586764056553694,1.5698709466126637
9.41950519897527,-0.5502878012470711,1.5698709466126637
9.419511409095662,-0.5435769177204325,1.5698709466126637
9.419517619216055,-0.5368660341937939,1.5698709466126637
9.41952320832441,-0.5308262390198191,1.5698709466126637
9.419528797432765,-0.5247864438458443,1.5698709466126637
9.419532647707408,-0.5206256960593283,1.5698709466126637
9.419536497982051,-0.5164649482728123,1.5698709466126637
9.419539578201766,-0.5131363500435996,1.5698709466126637
9.41954265842148,-0.5098077518143869,1.5698709466126637
9.419545122597253,-0.5071448732310166,1.5698709466126637
9.419547586773025,-0.5044819946476464,1.5698709466126637
9.419549558113642,-0.5023516917809503,1.5698709466126637
9.41955152945426,-0.5002213889142542,1.5698709466126637
9.419553500794878,-0.49809108604755803,1.5698709466126637
9.419555077867372,-0.4963868437542011,1.5698709466126637
9.419556300098556,-0.4950660559768495,1.5698709466126637
9.41955752232974,-0.4937452681994979,1.5698709466126637
9.419558500114686,-0.4926886379776166,1.5698709466126637
9.419559477899632,-0.4916320077557353,1.5698709466126637
9.419560403279682,-0.4906320081838995,1.5698709466126637
9.419561328659732,-0.48963200861206374,1.5698709466126637
9.419562254039782,-0.48863200904022797,1.5698709466126637
9.419563179419832,-0.4876320094683922,1.5698709466126637
9.41960944842234,-0.4376320308766027,1.5698709466126637
9.419655717424849,-0.3876320522848132,1.5698709466126637
9.419692732626855,-0.3476320694113816,1.5698709466126637
9.41972974782886,-0.30763208653795,1.5698709466126637
9.419759359990465,-0.2756321002392047,1.5698709466126637
9.41978897215207,-0.24363211394045944,1.5698709466126637
9.419812661881354,-0.21803212490146323,1.5698709466126637
9.419836351610638,-0.19243213586246702,1.5698709466126637
9.419855303394066,-0.17195214463127004,1.5698709466126637
9.419874255177493,-0.15147215340007306,1.5698709466126637
9.419889416604235,-0.13508816041511548,1.5698709466126637
9.419904578030977,-0.11870416743015791,1.5698709466126637
9.419916707172371,-0.10559697304219184,1.5698709466126637
9.419928836313765,-0.09248977865422578,1.5698709466126637
9.41993853962688,-0.08200402314385294,1.5698709466126637
9.419948242939995,-0.0715182676334801,1.5698709466126637
9.419956005590487,-0.06312966322518182,1.5698709466126637
9.41996376824098,-0.05474105881688354,1.5698709466126637
9.419970754626423,-0.04719131484941509,1.5698709466126637
9.419977741011866,-0.03964157088194664,1.5698709466126637
9.41998255385517,-0.03444063614880171,1.5698709466126637
9.419987366698475,-0.02923970141565678,1.5698709466126637
9.419991216973118,-0.025078953629140834,1.5698709466126637
9.419995067247761,-0.02091820584262489,1.5698709466126637
9.41999853249494,-0.01717353283476054,1.5698709466126637
9.42000199774212,-0.01342885982689619,1.5698709466126637
9.4200043849124,-0.010849196199256304,1.5698709466126637
9.42000677208268,-0.008269532571616419,1.5698709466126637
9.420008681818903,-0.00620580166950451,1.5698709466126637
9.420010591555126,-0.004142070767392602,1.5698709466126637
9.420012119344104,-0.002491086045703076,1.5698709466126637
9.420013647133082,-0.0008401013240135495,1.5698709466126637
9.420014869364266,0.0004806864533380721,1.5698709466126637
9.42001609159545,0.0018014742306896937,1.5698709466126637
9.420017069380396,0.0028581044525709904,1.5698709466126637
9.420018047165343,0.003914734674452287,1.5698709466126637
9.420018972545392,0.004914734246288077,1.5698709466126637
9.420019897925442,0.005914733818123867,1.5698709466126637
9.420020823305492,0.006914733389959658,1.5698709466126637
9.420021748685542,0.007914732961795448,1.5698709466126637
9.42006801768805,0.057914711553584935,1.5698709466126637
9.42011428669056,0.10791469014537441,1.5698709466126637
9.420155928792816,0.15291467087798497,1.5698709466126637
9.420197570895073,0.19791465161059552,1.5698709466126637
9.420226257676628,0.228914638337505,1.5698709466126637
9.420254944458183,0.2599146250644145,1.5698709466126637
9.420277893883426,0.2847146144459421,1.5698709466126637
9.42030084330867,0.3095146038274697,1.5698709466126637
9.420319202848866,0.3293545953326918,1.5698709466126637
9.420337562389062,0.3491945868379139,1.5698709466126637
9.420352250021217,0.3650665800420915,1.5698709466126637
9.420366937653373,0.3809385732462692,1.5698709466126637
9.420378687759099,0.3936361678096113,1.5698709466126637
9.420390437864825,0.40633376237295343,1.5698709466126637
9.420401012959976,0.41776159747996133,1.5698709466126637
9.420411588055128,0.42918943258696923,1.5698709466126637
9.42042216315028,0.44061726769397713,1.5698709466126637
9.420428390706313,0.44734699281254847,1.5698709466126637
9.420434618262346,0.4540767179311198,1.5698709466126637
9.420439600307175,0.4594604980259769,1.5698709466126637
9.420444084147519,0.4643059001113482,1.5698709466126637
9.420448567987863,0.4691513021967195,1.5698709466126637
9.42045215506014,0.4730276238650166,1.5698709466126637
9.420455742132416,0.4769039455333137,1.5698709466126637
9.420458970497464,0.4803926350347811,1.5698709466126637
9.420462198862511,0.48388132453624844,1.5698709466126637
9.420464745683827,0.48663351292073936,1.5698709466126637
9.420467292505142,0.4893857013052303,1.5698709466126637
9.420469007125691,0.4912385830626763,1.5698709466126637
9.42047072174624,0.49309146482012234,1.5698709466126637
9.420472093442678,0.4945737702260791,1.5698709466126637
9.420473465139116,0.4960560756320359,1.5698709466126637
9.420474562496267,0.49724191995680134,1.5698709466126637
9.420475659853418,0.49842776428156677,1.5698709466126637
9.420476647474853,0.49949502417385566,1.5698709466126637
9.420477635096288,0.5005622840661446,1.5698709466126637
9.420478560476338,0.5015622836379804,1.5698709466126637
9.420479485856388,0.5025622832098162,1.5698709466126637
9.420480411236438,0.503562282781652,1.5698709466126637
9.420481336616488,0.5045622823534879,1.5698709466126637
9.420527605618997,0.5545622609452774,1.5698709466126637
9.420573874621505,0.6045622395370669,1.5698709466126637
9.42061088982351,0.6445622224104984,1.5698709466126637
9.420647905025517,0.68456220528393,1.5698709466126637
9.420677517187121,0.7165621915826752,1.5698709466126637
9.420707129348726,0.7485621778814204,1.5698709466126637
9.42073378029417,0.7773621655502911,1.5698709466126637
9.420760431239616,0.8061621532191618,1.5698709466126637
9.420781455874355,0.828882143491271,1.5698709466126637
9.420802480509094,0.8516021337633801,1.5698709466126637
9.42081663512234,0.8668981272141804,1.5698709466126637
9.420830789735588,0.8821941206649806,1.5698709466126637
9.420842113426186,0.8944309154256208,1.5698709466126637
9.420853437116785,0.906667710186261,1.5698709466126637
9.420862496069264,0.9164571459947732,1.5698709466126637
9.420871555021742,0.9262465818032855,1.5698709466126637
9.420878802183726,0.9340781304500951,1.5698709466126637
9.42088604934571,0.9419096790969048,1.5698709466126637
9.420891847075294,0.9481749180143526,1.5698709466126637
9.42089764480488,0.9544401569318004,1.5698709466126637
9.420902282988548,0.9594523480657586,1.5698709466126637
9.420906921172216,0.9644645391997169,1.5698709466126637
9.42091063171915,0.9684742921068834,1.5698709466126637
9.420914342266085,0.97248404501405,1.5698709466126637
9.420917310703633,0.9756918473397832,1.5698709466126637
9.42092027914118,0.9788996496655165,1.5698709466126637
9.42092265389122,0.9814658915261031,1.5698709466126637
9.420925028641259,0.9840321333866897,1.5698709466126637
9.42092692844129,0.986085126875159,1.5698709466126637
9.42092882824132,0.9881381203636284,1.5698709466126637
9.420930348081345,0.9897805151544038,1.5698709466126637
9.42093186792137,0.9914229099451792,1.5698709466126637
9.42093308379339,0.9927368257777995,1.5698709466126637
9.42093429966541,0.9940507416104198,1.5698709466126637
9.420935272363025,0.9951018742765161,1.5698709466126637
9.42093624506064,0.9961530069426123,1.5698709466126637
9.42093717044069,0.9971530065144482,1.5698709466126637
9.42093809582074,0.998153006086284,1.5698709466126637
9.42093902120079,0.9991530056581198,1.5698709466126637
9.42093994658084,1.0001530052299556,1.5698709466126637
9.420986215583348,1.0501529838217452,1.5698709466126637
9.421032484585856,1.1001529624135347,1.5698709466126637
9.421069499787862,1.1401529452869663,1.5698709466126637
9.421106514989868,1.180152928160398,1.5698709466126637
9.421136127151472,1.2121529144591432,1.5698709466126637
9.421165739313077,1.2441529007578884,1.5698709466126637
9.42118942904236,1.2697528897968846,1.5698709466126637
9.421213118771645,1.2953528788358808,1.5698709466126637
9.421232070555073,1.3158328700670778,1.5698709466126637
9.4212510223385,1.3363128612982749,1.5698709466126637
9.421268078943585,1.3547448534063522,1.5698709466126637
9.42128513554867,1.3731768455144295,1.5698709466126637
9.421296885654396,1.3858744400777716,1.5698709466126637
9.421308635760122,1.3985720346411137,1.5698709466126637
9.4213180358447,1.4087301102917873,1.5698709466126637
9.42132743592928,1.418888185942461,1.5698709466126637
9.421335896005402,1.4280304540280673,1.5698709466126637
9.421344356081525,1.4371727221136736,1.5698709466126637
9.421351030141576,1.444384955825652,1.5698709466126637
9.421357704201627,1.4515971895376305,1.5698709466126637
9.421362864848062,1.4571739730698503,1.5698709466126637
9.421368025494496,1.46275075660207,1.5698709466126637
9.421372002670282,1.4670486384098702,1.5698709466126637
9.421375979846067,1.4713465202176703,1.5698709466126637
9.421378645522053,1.4742271473106883,1.5698709466126637
9.42138104463044,1.4768197116944044,1.5698709466126637
9.421383443738828,1.4794122760781205,1.5698709466126637
9.421385363025538,1.4814863275850936,1.5698709466126637
9.421387282312248,1.4835603790920666,1.5698709466126637
9.421388817741615,1.485219620297645,1.5698709466126637
9.421390353170983,1.4868788615032236,1.5698709466126637
9.421391581514477,1.4882062544676862,1.5698709466126637
9.421392809857972,1.4895336474321488,1.5698709466126637
9.421393915367116,1.4907283011001653,1.5698709466126637
9.42139502087626,1.4919229547681818,1.5698709466126637
9.42139594625631,1.4929229543400175,1.5698709466126637
9.42139687163636,1.4939229539118533,1.5698709466126637
9.42139779701641,1.494922953483689,1.5698709466126637
9.421398722396459,1.4959229530555247,1.5698709466126637
9.421399647776509,1.4969229526273604,1.5698709466126637
9.421400573156559,1.4979229521991961,1.5698709466126637
9.421446842159067,1.5479229307909856,1.5698709466126637
9.421493111161576,1.5979229093827751,1.5698709466126637
9.421530126363582,1.6379228922562068,1.5698709466126637
9.421567141565587,1.6779228751296384,1.5698709466126637
9.421596753727192,1.7099228614283837,1.5698709466126637
9.421626365888796,1.741922847727129,1.5698709466126637
9.42165005561808,1.767522836766125,1.5698709466126637
9.421673745347364,1.7931228258051213,1.5698709466126637
9.421692697130792,1.8136028170363183,1.5698709466126637
9.42171164891422,1.8340828082675154,1.5698709466126637
9.421726810340962,1.850466801252473,1.5698709466126637
9.421741971767704,1.8668507942374306,1.5698709466126637
9.421754100909098,1.8799579886253965,1.5698709466126637
9.421766230050492,1.8930651830133625,1.5698709466126637
9.421775933363607,1.9035509385237352,1.5698709466126637
9.421785636676722,1.914036694034108,1.5698709466126637
9.421793399327214,1.9224252984424064,1.5698709466126637
9.421801161977706,1.9308139028507048,1.5698709466126637
9.4218073720981,1.9375247863773433,1.5698709466126637
9.421813582218492,1.9442356699039818,1.5698709466126637
9.421819792338885,1.9509465534306203,1.5698709466126637
9.421826002459278,1.9576574369572588,1.5698709466126637
9.421832212579671,1.9643683204838973,1.5698709466126637
9.421835317639868,1.9677237622472166,1.5698709466126637
9.421838422700064,1.9710792040105358,1.5698709466126637
9.421840906748221,1.9737635574211914,1.5698709466126637
9.421843390796377,1.976447910831847,1.5698709466126637
9.421845378034904,1.9785953935603713,1.5698709466126637
9.42184736527343,1.9807428762888957,1.5698709466126637
9.42184895506425,1.9824608624717153,1.5698709466126637
9.42185054485507,1.9841788486545349,1.5698709466126637
9.421851816687727,1.9855532376007905,1.5698709466126637
9.421853088520384,1.9869276265470461,1.5698709466126637
9.42185410598651,1.9880271377040506,1.5698709466126637
9.421855123452636,1.989126648861055,1.5698709466126637
9.421856048832685,1.9901266484328908,1.5698709466126637
9.421856974212735,1.9911266480047265,1.5698709466126637
9.421857899592785,1.9921266475765622,1.5698709466126637
9.421858824972835,1.993126647148398,1.5698709466126637
9.421905093975344,2.043126625740187,1.5698709466126637
9.421951362977852,2.0931266043319767,1.5698709466126637
9.421988378179858,2.133126587205408,1.5698709466126637
9.422025393381864,2.1731265700788396,1.5698709466126637
9.422055005543468,2.205126556377585,1.5698709466126637
9.422084617705073,2.23712654267633,1.5698709466126637
9.422108307434357,2.2627265317153262,1.5698709466126637
9.42213199716364,2.2883265207543224,1.5698709466126637
9.422150948947069,2.3088065119855194,1.5698709466126637
9.422169900730497,2.3292865032167165,1.5698709466126637
9.422185062157238,2.345670496201674,1.5698709466126637
9.42220022358398,2.3620544891866317,1.5698709466126637
9.422212352725374,2.3751616835745977,1.5698709466126637
9.422224481866769,2.3882688779625636,1.5698709466126637
9.422234185179883,2.3987546334729366,1.5698709466126637
9.422243888492998,2.4092403889833096,1.5698709466126637
9.42225165114349,2.4176289933916078,1.5698709466126637
9.422259413793983,2.426017597799906,1.5698709466126637
9.422265623914376,2.4327284813265444,1.5698709466126637
9.422271834034769,2.439439364853183,1.5698709466126637
9.422276802131083,2.444808071674494,1.5698709466126637
9.422281770227398,2.450176778495805,1.5698709466126637
9.42228574470445,2.454471743952854,1.5698709466126637
9.422289719181501,2.4587667094099026,1.5698709466126637
9.422293693658553,2.4630616748669514,1.5698709466126637
9.42229647579249,2.4660681506868856,1.5698709466126637
9.422299257926426,2.4690746265068197,1.5698709466126637
9.422301483633575,2.471479807162767,1.5698709466126637
9.422303709340724,2.473884987818714,1.5698709466126637
9.422305489906444,2.4758091323434717,1.5698709466126637
9.422307270472164,2.4777332768682294,1.5698709466126637
9.42230869492474,2.479272592488036,1.5698709466126637
9.422310119377315,2.4808119081078424,1.5698709466126637
9.422311401384633,2.482197292165668,1.5698709466126637
9.42231268339195,2.4835826762234934,1.5698709466126637
9.422313608772,2.484582675795329,1.5698709466126637
9.42231453415205,2.485582675367165,1.5698709466126637
9.4223154595321,2.4865826749390005,1.5698709466126637
9.42231638491215,2.4875826745108363,1.5698709466126637
9.4223173102922,2.488582674082672,1.5698709466126637
9.42231823567225,2.4895826736545077,1.5698709466126637
9.422364504674759,2.539582652246297,1.5698709466126637
9.422410773677267,2.5895826308380867,1.5698709466126637
9.422447788879273,2.629582613711518,1.5698709466126637
9.422484804081279,2.6695825965849496,1.5698709466126637
9.422514416242883,2.701582582883695,1.5698709466126637
9.422544028404488,2.73358256918244,1.5698709466126637
9.422567718133772,2.759182558221436,1.5698709466126637
9.422591407863056,2.7847825472604324,1.5698709466126637
9.422610359646484,2.8052625384916294,1.5698709466126637
9.422629311429912,2.8257425297228265,1.5698709466126637
9.422646368034997,2.8441745218309036,1.5698709466126637
9.422663424640081,2.8626065139389807,1.5698709466126637
9.422675174745807,2.875304108502323,1.5698709466126637
9.422686924851533,2.8880017030656653,1.5698709466126637
9.422696324936112,2.898159778716339,1.5698709466126637
9.422705725020691,2.908317854367013,1.5698709466126637
9.422713245088355,2.916444314887552,1.5698709466126637
9.422720765156019,2.9245707754080907,1.5698709466126637
9.42272678121015,2.931071943824522,1.5698709466126637
9.422732797264281,2.937573112240953,1.5698709466126637
9.422738211713,2.9434241638157412,1.5698709466126637
9.422743626161719,2.9492752153905295,1.5698709466126637
9.422748439005023,2.9544761501236745,1.5698709466126637
9.422753251848327,2.9596770848568195,1.5698709466126637
9.422758064691632,2.9648780195899644,1.5698709466126637
9.422762877534936,2.9700789543231094,1.5698709466126637
9.42276769037824,2.9752798890562544,1.5698709466126637
9.422772503221545,2.9804808237893994,1.5698709466126637
9.422773428601595,2.981480823361235,1.5698709466126637
9.422774353981644,2.982480822933071,1.5698709466126637
9.422775279361694,2.9834808225049065,1.5698709466126637
9.422776204741744,2.9844808220767423,1.5698709466126637
9.422777130121794,2.985480821648578,1.5698709466126637
9.422823399124303,3.0354808002403675,1.5698709466126637
9.422869668126811,3.085480778832157,1.5698709466126637
9.422906683328817,3.1254807617055884,1.5698709466126637
9.422943698530823,3.16548074457902,1.5698709466126637
9.422977012212629,3.2014807291651084,1.5698709466126637
9.423010325894435,3.237480713751197,1.5698709466126637
9.423033275319678,3.2622807031327246,1.5698709466126637
9.423053929802398,3.2846006935760994,1.5698709466126637
9.423074584285118,3.3069206840194743,1.5698709466126637
9.423091107871294,3.324776676374174,1.5698709466126637
9.42310763145747,3.3426326687288737,1.5698709466126637
9.42312085032641,3.3569174626126337,1.5698709466126637
9.42313406919535,3.3712022564963937,1.5698709466126637
9.423145966177396,3.3840585709917774,1.5698709466126637
9.423157863159442,3.396914885487161,1.5698709466126637
9.423166058858186,3.405771457695092,1.5698709466126637
9.42317425455693,3.414628029903023,1.5698709466126637
9.423180811115925,3.4217132876693683,1.5698709466126637
9.42318736767492,3.4287985454357135,1.5698709466126637
9.423193268578016,3.435175277425424,1.5698709466126637
9.423199169481112,3.4415520094151346,1.5698709466126637
9.423203824637998,3.4465825424292396,1.5698709466126637
9.423208479794884,3.4516130754433445,1.5698709466126637
9.423212079345772,3.455502881957068,1.5698709466126637
9.42321567889666,3.4593926884707913,1.5698709466126637
9.423218093021683,3.4620014803803594,1.5698709466126637
9.423220507146706,3.4646102722899275,1.5698709466126637
9.423222679859226,3.4669581850085387,1.5698709466126637
9.423224852571746,3.46930609772715,1.5698709466126637
9.42322634932926,3.4709235487110823,1.5698709466126637
9.423227846086775,3.4725409996950147,1.5698709466126637
9.423229043492785,3.4738349604821606,1.5698709466126637
9.423230240898796,3.4751289212693064,1.5698709466126637
9.423231198823604,3.476164089899023,1.5698709466126637
9.423232156748412,3.47719925852874,1.5698709466126637
9.423233082128462,3.4781992581005756,1.5698709466126637
9.423234007508512,3.4791992576724113,1.5698709466126637
9.423234932888562,3.480199257244247,1.5698709466126637
9.423235858268612,3.4811992568160828,1.5698709466126637
9.42328212727112,3.5311992354078723,1.5698709466126637
9.423328396273629,3.581199213999662,1.5698709466126637
9.423370038375886,3.6261991947322723,1.5698709466126637
9.423402889367667,3.6616991795324427,1.5698709466126637
9.423435740359448,3.697199164332613,1.5698709466126637
9.423462021152872,3.72559915217275,1.5698709466126637
9.423488301946296,3.7539991400128865,1.5698709466126637
9.423509326581035,3.7767191302849956,1.5698709466126637
9.423530351215774,3.7994391205571048,1.5698709466126637
9.423547170923566,3.817615112774792,1.5698709466126637
9.423563990631358,3.8357911049924795,1.5698709466126637
9.42357744639759,3.8503318987666293,1.5698709466126637
9.423590902163824,3.864872692540779,1.5698709466126637
9.423603012353434,3.877959406937514,1.5698709466126637
9.423615122543044,3.891046121334249,1.5698709466126637
9.423623465118109,3.900061413474222,1.5698709466126637
9.423631807693173,3.909076705614195,1.5698709466126637
9.423638481753224,3.916288939326173,1.5698709466126637
9.423645155813276,3.9235011730381513,1.5698709466126637
9.423650495061317,3.929270960007734,1.5698709466126637
9.423655834309358,3.9350407469773168,1.5698709466126637
9.423660639632596,3.9402335552499412,1.5698709466126637
9.423665444955834,3.9454263635225657,1.5698709466126637
9.423669235821944,3.9495229122709694,1.5698709466126637
9.423673026688054,3.953619461019373,1.5698709466126637
9.423675578848618,3.9563774191908334,1.5698709466126637
9.423678131009183,3.9591353773622937,1.5698709466126637
9.423680172737633,3.961341743899462,1.5698709466126637
9.423682214466083,3.9635481104366304,1.5698709466126637
9.423683847848844,3.965313203666365,1.5698709466126637
9.423685481231605,3.9670782968961,1.5698709466126637
9.423686951276089,3.968666880802861,1.5698709466126637
9.423688421320573,3.970255464709622,1.5698709466126637
9.423689434017884,3.9713498225120576,1.5698709466126637
9.423690446715195,3.972444180314493,1.5698709466126637
9.423691372095245,3.9734441798863287,1.5698709466126637
9.423692297475295,3.9744441794581644,1.5698709466126637
9.423693222855345,3.97544417903,1.5698709466126637
9.423694148235395,3.976444178601836,1.5698709466126637
9.423740417237903,4.026444157193625,1.5698709466126637
9.42378205934016,4.071444137926235,1.5698709466126637
9.423823701442418,4.116444118658846,1.5698709466126637
9.423857015124224,4.152444103244934,1.5698709466126637
9.42389032880603,4.188444087831023,1.5698709466126637
9.423916979751475,4.217244075499893,1.5698709466126637
9.42394363069692,4.246044063168764,1.5698709466126637
9.423964951453275,4.26908405330386,1.5698709466126637
9.42398627220963,4.292124043438957,1.5698709466126637
9.424003328814715,4.310556035547034,1.5698709466126637
9.4240203854198,4.328988027655111,1.5698709466126637
9.424034030703867,4.343733621341573,1.5698709466126637
9.424047675987934,4.358479215028035,1.5698709466126637
9.424058592215188,4.370275689977205,1.5698709466126637
9.424069508442441,4.382072164926374,1.5698709466126637
9.42407933304697,4.392688992380626,1.5698709466126637
9.4240891576515,4.403305819834879,1.5698709466126637
9.424095925712397,4.410619634303364,1.5698709466126637
9.424102693773294,4.41793344877185,1.5698709466126637
9.424108108222013,4.423784500346637,1.5698709466126637
9.424113522670732,4.429635551921425,1.5698709466126637
9.424117854229706,4.4343163931812555,1.5698709466126637
9.424122185788681,4.438997234441086,1.5698709466126637
9.42412565103586,4.4427419074489505,1.5698709466126637
9.424129116283039,4.446486580456815,1.5698709466126637
9.424131888480783,4.449482318863107,1.5698709466126637
9.424134660678527,4.452478057269399,1.5698709466126637
9.424136878436723,4.454874647994433,1.5698709466126637
9.424139096194919,4.457271238719466,1.5698709466126637
9.424141092177294,4.459428170371996,1.5698709466126637
9.424143088159669,4.461585102024525,1.5698709466126637
9.42414446316975,4.463070988274046,1.5698709466126637
9.424145700678823,4.464408285898615,1.5698709466126637
9.424146938187896,4.465745583523184,1.5698709466126637
9.424147928195154,4.466815421622838,1.5698709466126637
9.424148918202413,4.467885259722493,1.5698709466126637
9.424149843582462,4.468885259294329,1.5698709466126637
9.424150768962512,4.4698852588661655,1.5698709466126637
9.424151694342562,4.470885258438002,1.5698709466126637
9.424152619722612,4.471885258009838,1.5698709466126637
9.42419888872512,4.521885236601627,1.5698709466126637
9.42424515772763,4.571885215193417,1.5698709466126637
9.424282172929635,4.611885198066848,1.5698709466126637
9.42431918813164,4.65188518094028,1.5698709466126637
9.424352501813447,4.687885165526368,1.5698709466126637
9.424385815495253,4.723885150112457,1.5698709466126637
9.424408764920496,4.748685139493984,1.5698709466126637
9.42443171434574,4.773485128875512,1.5698709466126637
9.424450073885936,4.793325120380734,1.5698709466126637
9.424468433426131,4.813165111885956,1.5698709466126637
9.424483121058287,4.8290371050901335,1.5698709466126637
9.424497808690443,4.844909098294311,1.5698709466126637
9.424509558796169,4.857606692857653,1.5698709466126637
9.42452013389132,4.8690345279646605,1.5698709466126637
9.424530708986472,4.880462363071668,1.5698709466126637
9.424539169062594,4.889604631157275,1.5698709466126637
9.424547629138717,4.898746899242882,1.5698709466126637
9.424554397199614,4.906060713711367,1.5698709466126637
9.424561165260512,4.913374528179853,1.5698709466126637
9.42456657970923,4.919225579754641,1.5698709466126637
9.424571994157949,4.9250766313294285,1.5698709466126637
9.424576325716924,4.929757472589259,1.5698709466126637
9.424580657275898,4.934438313849089,1.5698709466126637
9.424584122523077,4.938182986856954,1.5698709466126637
9.424587241245538,4.941553192564031,1.5698709466126637
9.424590359967999,4.944923398271109,1.5698709466126637
9.424592854945969,4.947619562836771,1.5698709466126637
9.424595349923939,4.950315727402434,1.5698709466126637
9.424597345906314,4.952472659054964,1.5698709466126637
9.424599341888689,4.954629590707493,1.5698709466126637
9.424600938674589,4.956355136029517,1.5698709466126637
9.424602535460489,4.95808068135154,1.5698709466126637
9.42460381288921,4.95946111760916,1.5698709466126637
9.42460509031793,4.960841553866779,1.5698709466126637
9.424606112260907,4.961945902872874,1.5698709466126637
9.424607134203884,4.963050251878969,1.5698709466126637
9.424608059583933,4.964050251450805,1.5698709466126637
9.424608984963983,4.9650502510226415,1.5698709466126637
9.424609910344033,4.966050250594478,1.5698709466126637
9.424610835724083,4.967050250166314,1.5698709466126637
9.424611761104133,4.96805024973815,1.5698709466126637
9.424612686484183,4.969050249309986,1.5698709466126637
9.424612686484183,4.969050249309986,1.7269505792921531
9.424612686484183,4.969050249309986,1.8683222487036941
9.424612686484183,4.969050249309986,1.9955567511740804
9.424612686484183,4.969050249309986,2.1100678033974285
9.424612686484183,4.969050249309986,2.2131277503984417
9.424612686484183,4.969050249309986,2.3058817026993537
9.424612686484183,4.969050249309986,2.389360259770174
9.424612686484183,4.969050249309986,2.4728388168409947
9.424612686484183,4.969050249309986,2.5396216624976513
9.424612686484183,4.969050249309986,2.5997262235886422
9.424612686484183,4.969050249309986,2.659830784679633
9.424612686484183,4.969050249309986,2.707914433552426
9.424612686484183,4.969050249309986,2.7511897175379394
9.424612686484183,4.969050249309986,2.7901374731249016
9.424612686484183,4.969050249309986,2.8251904531531675
9.424612686484183,4.969050249309986,2.856738135178607
9.424612686484183,4.969050249309986,2.8851310490015023
9.424612686484183,4.969050249309986,2.9135239628243976
9.424612686484183,4.969050249309986,2.936238293882714
9.424612686484183,4.969050249309986,2.9566811918351985
9.424612686484183,4.969050249309986,2.9750797999924345
9.424612686484183,4.969050249309986,2.991638547333947
9.424612686484183,4.969050249309986,3.0081972946754596
9.424612686484183,4.969050249309986,3.0214442925486695
9.424612686484183,4.969050249309986,3.0333665906345586
9.424612686484183,4.969050249309986,3.0452888887204477
9.424612686484183,4.969050249309986,3.054826727189159
9.424612686484183,4.969050249309986,3.0634107818109992
9.424612686484183,4.969050249309986,3.0719948364328395
9.424612686484183,4.969050249309986,3.0788620801303117
9.424612686484183,4.969050249309986,3.0850425994580366
9.424612686484183,4.969050249309986,3.0912231187857615
9.424612686484183,4.969050249309986,3.096785586180714
9.424612686484183,4.969050249309986,3.1023480535756662
9.424612686484183,4.969050249309986,3.1079105209706186
9.424612686484183,4.969050249309986,3.113472988365571
9.424612686484183,4.969050249309986,3.1190354557605233
9.424612686484183,4.969050249309986,3.121198637525227
9.424612686484183,4.969050249309986,3.1233618192899306
9.424612686484183,4.969050249309986,3.1250923647016937
9.424612686484183,4.969050249309986,3.1266498555722806
9.424612686484183,4.969050249309986,3.1280515973558085
9.424612686484183,4.969050249309986,3.1293131649609838
9.424612686484183,4.969050249309986,3.1304485758056413
9.424612686484183,4.969050249309986,3.1314704455658333
9.424612686484183,4.969050249309986,3.132390128350006
9.424612686484183,4.969050249309986,3.1332178428557618
9.424612686484183,4.969050249309986,3.1339627859109416
9.424612686484183,4.969050249309986,3.1346332346606034
9.424612686484183,4.969050249309986,3.135236638535299
9.424612686484183,4.969050249309986,3.1357797020225253
9.424612686484183,4.969050249309986,3.136268459161029
9.424612686484183,4.969050249309986,3.1367083405856824
9.424612686484183,4.969050249309986,3.1371042338678703
9.424612686484183,4.969050249309986,3.1374605378218394
9.424612686484183,4.969050249309986,3.1377812113804113
9.424612686484183,4.969050249309986,3.1380698175831263
9.424612686484183,4.969050249309986,3.13832956316557
9.424612686484183,4.969050249309986,3.1385633341897687
9.424612686484183,4.969050249309986,3.138773728111548
9.424612686484183,4.969050249309986,3.1389630826411494
9.424612686484183,4.969050249309986,3.1391335017177906
9.424612686484183,4.969050249309986,3.1392868788867676
9.424612686484183,4.969050249309986,3.1394249183388467
9.424612686484183,4.969050249309986,3.139549153845718
9.424612686484183,4.969050249309986,3.139660965801902
9.424612686484183,4.969050249309986,3.139761596562468
9.374612770303406,4.969141802110193,3.139761596562468
9.324612854122629,4.9692333549104,3.139761596562468
9.274612937941852,4.9693249077106065,3.139761596562468
9.224613021761074,4.969416460510813,3.139761596562468
9.174613105580297,4.96950801331102,3.139761596562468
9.12461318939952,4.969599566111227,3.139761596562468
9.074613273218743,4.969691118911434,3.139761596562468
9.024613357037966,4.9697826717116405,3.139761596562468
8.974613440857189,4.969874224511847,3.139761596562468
8.96961344923911,4.969883379791868,3.139761596562468
8.964613457621033,4.969892535071888,3.139761596562468
8.96061346432657,4.9698998592959045,3.139761596562468
8.956613471032108,4.969907183519921,3.139761596562468
8.953413476396538,4.969913042899134,3.139761596562468
8.950533481224525,4.969918316340426,3.139761596562468
8.947653486052513,4.969923589781717,3.139761596562468
8.945349489914902,4.9699278085347505,3.139761596562468
8.94304549377729,4.969932027287784,3.139761596562468
8.941202296867203,4.9699354022902105,3.139761596562468
8.939359099957116,4.969938777292637,3.139761596562468
8.937884542429046,4.9699414772945785,3.139761596562468
8.936409984900976,4.96994417729652,3.139761596562468
8.935230338878519,4.969946337298072,3.139761596562468
8.934050692856061,4.969948497299625,3.139761596562468
8.933050694532445,4.969950328355629,3.139761596562468
8.93205069620883,4.9699521594116325,3.139761596562468
8.931050697885214,4.969953990467636,3.139761596562468
8.930050699561598,4.96995582152364,3.139761596562468
8.929050701237982,4.969957652579644,3.139761596562468
8.928050702914366,4.969959483635647,3.139761596562468
8.878050786733588,4.970051036435854,3.139761596562468
8.828050870552811,4.970142589236061,3.139761596562468
8.788050937608189,4.970215831476226,3.139761596562468
8.75205099795803,4.970281749492375,3.139761596562468
8.71605105830787,4.970347667508523,3.139761596562468
8.687251106587743,4.9704004019214425,3.139761596562468
8.658451154867615,4.970453136334362,3.139761596562468
8.635411193491512,4.970495323864697,3.139761596562468
8.61237123211541,4.970537511395033,3.139761596562468
8.591635266876917,4.970575480172335,3.139761596562468
8.570899301638425,4.970613448949637,3.139761596562468
8.556614525585243,4.9706396052184445,3.139761596562468
8.54232974953206,4.970665761487252,3.139761596562468
8.530901928689513,4.970686686502298,3.139761596562468
8.519474107846966,4.970707611517344,3.139761596562468
8.510331851172928,4.970724351529381,3.139761596562468
8.501189594498891,4.970741091541418,3.139761596562468
8.493875789159661,4.9707544835510475,3.139761596562468
8.486561983820431,4.970767875560677,3.139761596562468
8.480710939549047,4.970778589168381,3.139761596562468
8.474859895277662,4.970789302776085,3.139761596562468
8.470179059860556,4.970797873662248,3.139761596562468
8.465498224443449,4.97080644454841,3.139761596562468
8.461753556109763,4.9708133012573406,3.139761596562468
8.458008887776076,4.970820157966271,3.139761596562468
8.455013153109128,4.9708256433334155,3.139761596562468
8.45201741844218,4.97083112870056,3.139761596562468
8.449620830708621,4.970835516994275,3.139761596562468
8.447224242975063,4.97083990528799,3.139761596562468
8.445306972788215,4.970843415922962,3.139761596562468
8.443389702601367,4.970846926557934,3.139761596562468
8.44185588645189,4.970849735065912,3.139761596562468
8.440322070302413,4.970852543573891,3.139761596562468
8.439095017382831,4.970854790380273,3.139761596562468
8.43786796446325,4.970857037186656,3.139761596562468
8.436867966139634,4.97085886824266,3.139761596562468
8.435867967816018,4.9708606992986635,3.139761596562468
8.434867969492402,4.970862530354667,3.139761596562468
8.433867971168786,4.970864361410671,3.139761596562468
8.43286797284517,4.970866192466675,3.139761596562468
8.431867974521554,4.970868023522678,3.139761596562468
8.381868058340777,4.970959576322885,3.139761596562468
8.33186814216,4.971051129123092,3.139761596562468
8.291868209215377,4.971124371363257,3.139761596562468
8.251868276270754,4.971197613603422,3.139761596562468
8.215868336620595,4.971263531619571,3.139761596562468
8.187468384229913,4.971315533610088,3.139761596562468
8.15906843183923,4.9713675356006055,3.139761596562468
8.136348469926686,4.971409137193019,3.139761596562468
8.113628508014141,4.971450738785433,3.139761596562468
8.095452538484105,4.971484020059364,3.139761596562468
8.077276568954069,4.971517301333296,3.139761596562468
8.060918196377036,4.971547254479834,3.139761596562468
8.044559823800004,4.971577207626372,3.139761596562468
8.033290722691381,4.97159784201621,3.139761596562468
8.022021621582759,4.971618476406047,3.139761596562468
8.013006340695862,4.971634983917918,3.139761596562468
8.003991059808964,4.971651491429788,3.139761596562468
7.995877307010756,4.971666348190471,3.139761596562468
7.987763554212547,4.971681204951154,3.139761596562468
7.979649801414339,4.971696061711837,3.139761596562468
7.97153604861613,4.97171091847252,3.139761596562468
7.966757949746074,4.9717196674538116,3.139761596562468
7.961979850876018,4.971728416435103,3.139761596562468
7.958968747059794,4.971733929944068,3.139761596562468
7.95595764324357,4.971739443453033,3.139761596562468
7.953548760190591,4.971743854260205,3.139761596562468
7.951139877137612,4.971748265067377,3.139761596562468
7.949212770695229,4.971751793713114,3.139761596562468
7.9472856642528455,4.9717553223588515,3.139761596562468
7.945743979098939,4.971758145275442,3.139761596562468
7.9442022939450325,4.971760968192032,3.139761596562468
7.9429689458219075,4.971763226525304,3.139761596562468
7.9417355976987825,4.971765484858575,3.139761596562468
7.9407355993751665,4.971767315914579,3.139761596562468
7.9397356010515505,4.9717691469705825,3.139761596562468
7.9387356027279345,4.971770978026586,3.139761596562468
7.937735604404319,4.97177280908259,3.139761596562468
7.936735606080703,4.971774640138594,3.139761596562468
7.935735607757087,4.971776471194597,3.139761596562468
7.8857356915763095,4.971868023994804,3.139761596562468
7.835735775395532,4.971959576795011,3.139761596562468
7.7957358424509104,4.972032819035176,3.139761596562468
7.7557359095062886,4.972106061275341,3.139761596562468
7.723735963150591,4.972164655067474,3.139761596562468
7.691736016794893,4.972223248859607,3.139761596562468
7.666136059710335,4.972270123893313,3.139761596562468
7.640536102625777,4.9723169989270195,3.139761596562468
7.617496141249675,4.972359186457355,3.139761596562468
7.594456179873573,4.972401373987691,3.139761596562468
7.578584206481147,4.9724304365085885,3.139761596562468
7.562712233088721,4.972459499029486,3.139761596562468
7.55001465437478,4.972482749046204,3.139761596562468
7.537317075660839,4.972505999062922,3.139761596562468
7.527159012689687,4.972524599076297,3.139761596562468
7.517000949718534,4.972543199089672,3.139761596562468
7.508874499341612,4.972558079100372,3.139761596562468
7.50074804896469,4.972572959111072,3.139761596562468
7.494246888663152,4.972584863119631,3.139761596562468
7.488395844391769,4.972595576727335,3.139761596562468
7.482544800120385,4.972606290335039,3.139761596562468
7.477863964703277,4.972614861221202,3.139761596562468
7.47318312928617,4.972623432107365,3.139761596562468
7.469438460952484,4.972630288816295,3.139761596562468
7.465693792618799,4.972637145525225,3.139761596562468
7.46269805795185,4.97264263089237,3.139761596562468
7.459702323284901,4.972648116259514,3.139761596562468
7.457006162084648,4.972653053089944,3.139761596562468
7.454310000884394,4.972657989920374,3.139761596562468
7.452452645390886,4.972661390848003,3.139761596562468
7.450595289897377,4.972664791775633,3.139761596562468
7.44910940550257,4.972667512517736,3.139761596562468
7.447623521107763,4.97267023325984,3.139761596562468
7.446434813591918,4.972672409853523,3.139761596562468
7.445246106076073,4.972674586447206,3.139761596562468
7.444246107752457,4.97267641750321,3.139761596562468
7.443246109428841,4.972678248559213,3.139761596562468
7.442246111105225,4.972680079615217,3.139761596562468
7.441246112781609,4.972681910671221,3.139761596562468
7.440246114457993,4.9726837417272245,3.139761596562468
7.4392461161343775,4.972685572783228,3.139761596562468
7.3892461999536,4.972777125583435,3.139761596562468
7.339246283772823,4.972868678383642,3.139761596562468
7.299246350828201,4.972941920623807,3.139761596562468
7.2632464111780415,4.973007838639956,3.139761596562468
7.227246471527882,4.973073756656104,3.139761596562468
7.198446519807754,4.973126491069023,3.139761596562468
7.169646568087626,4.9731792254819425,3.139761596562468
7.146606606711524,4.973221413012278,3.139761596562468
7.123566645335422,4.973263600542614,3.139761596562468
7.10513467623454,4.973297350566883,3.139761596562468
7.086702707133658,4.973331100591151,3.139761596562468
7.071957131852953,4.973358100610566,3.139761596562468
7.0572115565722475,4.973385100629981,3.139761596562468
7.045415096347683,4.973406700645513,3.139761596562468
7.033618636123118,4.973428300661045,3.139761596562468
7.024181467943467,4.97344558067347,3.139761596562468
7.014744299763815,4.9734628606858955,3.139761596562468
7.007194565220094,4.973476684695836,3.139761596562468
6.999644830676373,4.973490508705776,3.139761596562468
6.993605043041396,4.973501567913728,3.139761596562468
6.987565255406419,4.97351262712168,3.139761596562468
6.982733425298437,4.9735214744880425,3.139761596562468
6.977901595190455,4.973530321854405,3.139761596562468
6.97403613110407,4.973537399747494,3.139761596562468
6.970557213426323,4.9735437698512746,3.139761596562468
6.967078295748577,4.973550139955055,3.139761596562468
6.964295161606379,4.973555236038079,3.139761596562468
6.961512027464181,4.973560332121103,3.139761596562468
6.959285520150424,4.973564408987523,3.139761596562468
6.957059012836666,4.973568485853942,3.139761596562468
6.955055156254284,4.97357215503372,3.139761596562468
6.953051299671902,4.973575824213498,3.139761596562468
6.9516708651373715,4.973578351870678,3.139761596562468
6.950290430602841,4.973580879527859,3.139761596562468
6.949186082975217,4.973582901653603,3.139761596562468
6.948081735347593,4.973584923779347,3.139761596562468
6.947081737023977,4.973586754835351,3.139761596562468
6.946081738700361,4.973588585891354,3.139761596562468
6.945081740376745,4.973590416947358,3.139761596562468
6.944081742053129,4.973592248003362,3.139761596562468
6.943081743729513,4.973594079059366,3.139761596562468
6.942081745405897,4.973595910115369,3.139761596562468
6.89208182922512,4.973687462915576,3.139761596562468
6.842081913044343,4.973779015715783,3.139761596562468
6.802081980099721,4.973852257955948,3.139761596562468
6.766082040449561,4.973918175972097,3.139761596562468
6.730082100799401,4.973984093988245,3.139761596562468
6.701282149079273,4.9740368284011645,3.139761596562468
6.6724821973591455,4.9740895628140835,3.139761596562468
6.643682245639018,4.974142297227003,3.139761596562468
6.61488229391889,4.974195031639922,3.139761596562468
6.5976023228868135,4.974226672287673,3.139761596562468
6.580322351854737,4.974258312935425,3.139761596562468
6.5664983750290755,4.9742836254536265,3.139761596562468
6.552674398203414,4.974308937971828,3.139761596562468
6.541615216742885,4.974329187986389,3.139761596562468
6.530556035282356,4.97434943800095,3.139761596562468
6.521708690113933,4.974365638012599,3.139761596562468
6.51286134494551,4.9743818380242475,3.139761596562468
6.505783468810772,4.9743947980335665,3.139761596562468
6.499413380289507,4.974406462041953,3.139761596562468
6.493043291768243,4.97441812605034,3.139761596562468
6.487310212099104,4.9744286236578885,3.139761596562468
6.481577132429966,4.974439121265437,3.139761596562468
6.477627677546782,4.974446352950637,3.139761596562468
6.473678222663598,4.974453584635837,3.139761596562468
6.470518658757051,4.974459369983997,3.139761596562468
6.4673590948505035,4.974465155332156,3.139761596562468
6.464831443725266,4.974469783610685,3.139761596562468
6.462303792600028,4.974474411889213,3.139761596562468
6.460281671699837,4.974478114512036,3.139761596562468
6.458259550799647,4.974481817134858,3.139761596562468
6.456439641989475,4.974485149495399,3.139761596562468
6.454619733179304,4.974488481855939,3.139761596562468
6.453366018221186,4.974490777482089,3.139761596562468
6.4521123032630685,4.974493073108238,3.139761596562468
6.451109331296574,4.974494909609159,3.139761596562468
6.450106359330079,4.974496746110079,3.139761596562468
6.449106361006463,4.974498577166083,3.139761596562468
6.448106362682847,4.974500408222086,3.139761596562468
6.4471063643592315,4.97450223927809,3.139761596562468
6.4461063660356155,4.974504070334094,3.139761596562468
6.396106449854838,4.9745956231343005,3.139761596562468
6.346106533674061,4.974687175934507,3.139761596562468
6.306106600729439,4.9747604181746725,3.139761596562468
6.266106667784817,4.974833660414838,3.139761596562468
6.23410672142912,4.974892254206971,3.139761596562468
6.202106775073422,4.974950847999104,3.139761596562468
6.176506817988864,4.97499772303281,3.139761596562468
6.150906860904306,4.975044598066516,3.139761596562468
6.13042689523666,4.9750820980934805,3.139761596562468
6.109946929569014,4.975119598120445,3.139761596562468
6.091514960468132,4.975153348144714,3.139761596562468
6.076974184844103,4.975179973163859,3.139761596562468
6.062433409220073,4.975206598183004,3.139761596562468
6.05080078872085,4.97522789819832,3.139761596562468
6.039168168221627,4.9752491982136355,3.139761596562468
6.029862071822248,4.975266238225888,3.139761596562468
6.0205559754228695,4.975283278238141,3.139761596562468
6.012180488663429,4.975298614249168,3.139761596562468
6.003805001903988,4.975313950260196,3.139761596562468
5.998035222136373,4.9753245150677925,3.139761596562468
5.992265442368758,4.975335079875389,3.139761596562468
5.987649618554666,4.9753435317214665,3.139761596562468
5.983495377121984,4.975351138382936,3.139761596562468
5.979341135689301,4.975358745044406,3.139761596562468
5.9760177425431555,4.975364830373581,3.139761596562468
5.97269434939701,4.975370915702757,3.139761596562468
5.970035634880093,4.975375783966098,3.139761596562468
5.967376920363176,4.975380652229439,3.139761596562468
5.965249948749642,4.975384546840111,3.139761596562468
5.963122977136109,4.975388441450783,3.139761596562468
5.961421399845283,4.9753915571393215,3.139761596562468
5.959719822554456,4.97539467282786,3.139761596562468
5.958358560721795,4.97539716537869,3.139761596562468
5.956997298889133,4.975399657929521,3.139761596562468
5.955908289423004,4.975401651970185,3.139761596562468
5.954819279956874,4.975403646010849,3.139761596562468
5.953819281633258,4.975405477066853,3.139761596562468
5.952819283309642,4.975407308122857,3.139761596562468
5.951819284986026,4.97540913917886,3.139761596562468
5.95081928666241,4.975410970234864,3.139761596562468
5.949819288338794,4.975412801290868,3.139761596562468
5.899819372158017,4.975504354091075,3.139761596562468
5.84981945597724,4.975595906891281,3.139761596562468
5.809819523032618,4.975669149131447,3.139761596562468
5.769819590087996,4.975742391371612,3.139761596562468
5.7338196504378365,4.9758083093877605,3.139761596562468
5.697819710787677,4.975874227403909,3.139761596562468
5.669419758396995,4.975926229394426,3.139761596562468
5.641019806006314,4.975978231384944,3.139761596562468
5.621899838058785,4.9760132411757425,3.139761596562468
5.602779870111256,4.976048250966541,3.139761596562468
5.587483895753232,4.97607625879918,3.139761596562468
5.572187921395209,4.976104266631819,3.139761596562468
5.5599511419087895,4.976126672897931,3.139761596562468
5.548938040371013,4.9761468385374314,3.139761596562468
5.537924938833236,4.976167004176932,3.139761596562468
5.529114457603015,4.976183136688532,3.139761596562468
5.5203039763727935,4.976199269200133,3.139761596562468
5.513255591388616,4.976212175209413,3.139761596562468
5.506207206404439,4.976225081218693,3.139761596562468
5.500568498417097,4.976235406026117,3.139761596562468
5.494929790429755,4.976245730833541,3.139761596562468
5.489854953241148,4.976255023160222,3.139761596562468
5.48478011605254,4.976264315486904,3.139761596562468
5.480776633381527,4.976271646100175,3.139761596562468
5.4776809826964765,4.976277314419451,3.139761596562468
5.474585332011426,4.976282982738727,3.139761596562468
5.472108811463385,4.976287517394148,3.139761596562468
5.469632290915344,4.976292052049569,3.139761596562468
5.467651074476912,4.976295679773906,3.139761596562468
5.4656698580384795,4.976299307498243,3.139761596562468
5.46388676324389,4.9763025724501455,3.139761596562468
5.4621036684493,4.976305837402048,3.139761596562468
5.460875314257472,4.976308086591136,3.139761596562468
5.459646960065644,4.976310335780225,3.139761596562468
5.458646961742028,4.9763121668362285,3.139761596562468
5.457646963418412,4.976313997892232,3.139761596562468
5.456646965094796,4.976315828948236,3.139761596562468
5.45564696677118,4.97631766000424,3.139761596562468
5.454646968447564,4.976319491060243,3.139761596562468
5.453646970123948,4.976321322116247,3.139761596562468
5.403647053943171,4.976412874916454,3.139761596562468
5.353647137762394,4.976504427716661,3.139761596562468
5.313647204817772,4.976577669956826,3.139761596562468
5.27364727187315,4.976650912196991,3.139761596562468
5.2416473255174525,4.976709505989124,3.139761596562468
5.212847373797325,4.976762240402043,3.139761596562468
5.184047422077197,4.976814974814962,3.139761596562468
5.161007460701095,4.976857162345298,3.139761596562468
5.137967499324993,4.976899349875634,3.139761596562468
5.119535530224111,4.976933099899902,3.139761596562468
5.101103561123229,4.976966849924171,3.139761596562468
5.086357985842524,4.976993849943586,3.139761596562468
5.071612410561818,4.977020849963001,3.139761596562468
5.059815950337254,4.977042449978533,3.139761596562468
5.048019490112689,4.977064049994064,3.139761596562468
5.0385823219330375,4.97708133000649,3.139761596562468
5.029145153753386,4.977098610018915,3.139761596562468
5.021595419209665,4.9771124340288555,3.139761596562468
5.014045684665944,4.977126258038796,3.139761596562468
5.008005897030967,4.977137317246748,3.139761596562468
5.0019661093959895,4.9771483764547,3.139761596562468
4.997134279288008,4.977157223821062,3.139761596562468
4.992302449180026,4.977166071187424,3.139761596562468
4.9884369850936405,4.977173149080514,3.139761596562468
4.984571521007255,4.977180226973603,3.139761596562468
4.9814791497381465,4.977185889288075,3.139761596562468
4.978386778469038,4.977191551602546,3.139761596562468
4.975912881453752,4.977196081454124,3.139761596562468
4.973438984438466,4.977200611305701,3.139761596562468
4.971459866826237,4.977204235186963,3.139761596562468
4.969480749214008,4.9772078590682245,3.139761596562468
4.967897455124224,4.977210758173234,3.139761596562468
4.966314161034441,4.977213657278243,3.139761596562468
4.965047525762614,4.977215976562251,3.139761596562468
4.963780890490788,4.977218295846258,3.139761596562468
4.962767582273326,4.977220151273464,3.139761596562468
4.961754274055864,4.97722200670067,3.139761596562468
4.960754275732248,4.977223837756673,3.139761596562468
4.959754277408632,4.977225668812677,3.139761596562468
4.958754279085016,4.977227499868681,3.139761596562468
4.9577542807614,4.9772293309246844,3.139761596562468
4.907754364580623,4.977320883724891,3.139761596562468
4.857754448399846,4.977412436525098,3.139761596562468
4.817754515455224,4.977485678765263,3.139761596562468
4.777754582510602,4.9775589210054285,3.139761596562468
4.745754636154905,4.977617514797561,3.139761596562468
4.713754689799207,4.977676108589694,3.139761596562468
4.688154732714649,4.9777229836234005,3.139761596562468
4.662554775630091,4.977769858657107,3.139761596562468
4.642074809962445,4.977807358684071,3.139761596562468
4.6215948442947985,4.977844858711036,3.139761596562468
4.603162875193917,4.977878608735304,3.139761596562468
4.584730906093035,4.977912358759573,3.139761596562468
4.572033327379094,4.977935608776291,3.139761596562468
4.559335748665153,4.977958858793009,3.139761596562468
4.547907927822606,4.977979783808055,3.139761596562468
4.536480106980059,4.978000708823101,3.139761596562468
4.528607608177415,4.978015123833466,3.139761596562468
4.520735109374772,4.978029538843831,3.139761596562468
4.514437110332657,4.978041070852123,3.139761596562468
4.508768911194753,4.978051449659587,3.139761596562468
4.50310071205685,4.97806182846705,3.139761596562468
4.498566152746528,4.978070131513021,3.139761596562468
4.494031593436206,4.9780784345589915,3.139761596562468
4.490403945987947,4.978085076995768,3.139761596562468
4.486776298539689,4.978091719432545,3.139761596562468
4.483874180581083,4.978097033381966,3.139761596562468
4.4809720626224765,4.978102347331387,3.139761596562468
4.478650368255591,4.978106598490924,3.139761596562468
4.476328673888706,4.978110849650461,3.139761596562468
4.474006979521821,4.978115100809998,3.139761596562468
4.471685285154936,4.978119351969536,3.139761596562468
4.4700600990981165,4.978122327781212,3.139761596562468
4.468434913041297,4.978125303592888,3.139761596562468
4.467204415026848,4.978127556707443,3.139761596562468
4.465973917012399,4.978129809821997,3.139761596562468
4.464973918688783,4.978131640878001,3.139761596562468
4.463973920365167,4.9781334719340045,3.139761596562468
4.462973922041551,4.978135302990008,3.139761596562468
4.461973923717935,4.978137134046012,3.139761596562468
4.411974007537158,4.978228686846219,3.139761596562468
4.361974091356381,4.9783202396464254,3.139761596562468
4.321974158411759,4.978393481886591,3.139761596562468
4.281974225467137,4.978466724126756,3.139761596562468
4.24997427911144,4.978525317918889,3.139761596562468
4.217974332755742,4.978583911711022,3.139761596562468
4.192374375671184,4.978630786744728,3.139761596562468
4.166774418586626,4.978677661778434,3.139761596562468
4.14629445291898,4.978715161805399,3.139761596562468
4.125814487251334,4.978752661832363,3.139761596562468
4.109430514717216,4.978782661853935,3.139761596562468
4.093046542183099,4.978812661875507,3.139761596562468
4.079939364155805,4.978836661892764,3.139761596562468
4.066832186128511,4.978860661910021,3.139761596562468
4.056346443706675,4.9788798619238275,3.139761596562468
4.04586070128484,4.978899061937634,3.139761596562468
4.037472107347372,4.978914421948678,3.139761596562468
4.029083513409904,4.978929781959723,3.139761596562468
4.022372638259929,4.978942069968559,3.139761596562468
4.0156617631099545,4.978954357977395,3.139761596562468
4.010293062989975,4.978964188384464,3.139761596562468
4.004924362869995,4.978974018791533,3.139761596562468
4.0006294027740115,4.9789818831171875,3.139761596562468
3.996334442678028,4.978989747442842,3.139761596562468
3.9928984746012413,4.978996038903366,3.139761596562468
3.9894625065244544,4.97900233036389,3.139761596562468
3.9867137320630253,4.979007363532309,3.139761596562468
3.983964957601596,4.979012396700728,3.139761596562468
3.9817659380324524,4.979016423235463,3.139761596562468
3.9795669184633087,4.979020449770198,3.139761596562468
3.977807702807994,4.979023670997987,3.139761596562468
3.976048487152679,4.979026892225775,3.139761596562468
3.9746411146284273,4.9790294692080055,3.139761596562468
3.9732337421041755,4.979032046190236,3.139761596562468
3.972107844084774,4.9790341077760205,3.139761596562468
3.9709819460653724,4.979036169361805,3.139761596562468
3.969968637847911,4.979038024789011,3.139761596562468
3.96895532963045,4.979039880216217,3.139761596562468
3.9679553313068343,4.97904171127222,3.139761596562468
3.966955332983219,4.979043542328224,3.139761596562468
3.916955416802441,4.979135095128431,3.139761596562468
3.8669555006216636,4.979226647928638,3.139761596562468
3.8269555676770417,4.979299890168803,3.139761596562468
3.78695563473242,4.979373132408968,3.139761596562468
3.754955688376722,4.979431726201101,3.139761596562468
3.7229557420210244,4.979490319993234,3.139761596562468
3.6973557849364664,4.97953719502694,3.139761596562468
3.6717558278519085,4.979584070060646,3.139761596562468
3.651275862184262,4.979621570087611,3.139761596562468
3.630795896516615,4.979659070114575,3.139761596562468
3.614411923982498,4.979689070136147,3.139761596562468
3.599666348701793,4.979716070155562,3.139761596562468
3.5849207734210875,4.979743070174977,3.139761596562468
3.5731243131965233,4.979764670190509,3.139761596562468
3.561327852971959,4.9797862702060405,3.139761596562468
3.550711038769851,4.979805710220019,3.139761596562468
3.540094224567743,4.979825150233997,3.139761596562468
3.529477410365635,4.979844590247975,3.139761596562468
3.5188605961635266,4.979864030261953,3.139761596562468
3.5082437819614185,4.979883470275931,3.139761596562468
3.4976269677593104,4.979902910289909,3.139761596562468
3.4870101535572022,4.979922350303887,3.139761596562468
3.476393339355094,4.9799417903178655,3.139761596562468
3.4753933410314786,4.979943621373869,3.139761596562468
3.474393342707863,4.979945452429873,3.139761596562468
3.4733933443842475,4.979947283485877,3.139761596562468
3.472393346060632,4.97994911454188,3.139761596562468
3.4713933477370165,4.979950945597884,3.139761596562468
3.470393349413401,4.979952776653888,3.139761596562468
3.4203934332326233,4.980044329454095,3.139761596562468
3.3703935170518458,4.980135882254301,3.139761596562468
3.330393584107224,4.980209124494467,3.139761596562468
3.290393651162602,4.980282366734632,3.139761596562468
3.2583937048069043,4.980340960526765,3.139761596562468
3.2263937584512066,4.980399554318898,3.139761596562468
3.2007938013666486,4.980446429352604,3.139761596562468
3.1751938442820906,4.98049330438631,3.139761596562468
3.154713878614444,4.980530804413275,3.139761596562468
3.1342339129467973,4.980568304440239,3.139761596562468
3.1178499404126803,4.980598304461811,3.139761596562468
3.103104365131975,4.980625304481226,3.139761596562468
3.0883587898512697,4.980652304500641,3.139761596562468
3.0765623296267055,4.9806739045161725,3.139761596562468
3.0647658694021414,4.980695504531704,3.139761596562468
3.0553287012224897,4.98071278454413,3.139761596562468
3.045891533042838,4.980730064556555,3.139761596562468
3.038341798499117,4.980743888566495,3.139761596562468
3.030792063955396,4.980757712576436,3.139761596562468
3.023997302866047,4.980770154185382,3.139761596562468
3.017202541776698,4.980782595794329,3.139761596562468
3.011842230250656,4.980792410841387,3.139761596562468
3.006481918724614,4.980802225888445,3.139761596562468
3.0028731456127153,4.980808833765196,3.139761596562468
2.9992643725008166,4.980815441641948,3.139761596562468
2.9963773540112975,4.980820727943349,3.139761596562468
2.9934903355217783,4.98082601424475,3.139761596562468
2.991180720730163,4.980830243285871,3.139761596562468
2.9891020674177096,4.98083404942288,3.139761596562468
2.987023414105256,4.980837855559889,3.139761596562468
2.9851526261240475,4.980841281083197,3.139761596562468
2.983281838142839,4.980844706606504,3.139761596562468
2.9819930730891175,4.9808470664114495,3.139761596562468
2.980704308035396,4.980849426216395,3.139761596562468
2.979673295992419,4.980851314060351,3.139761596562468
2.978642283949442,4.980853201904308,3.139761596562468
2.9776422856258264,4.980855032960312,3.139761596562468
2.976642287302211,4.9808568640163156,3.139761596562468
2.9756422889785954,4.980858695072319,3.139761596562468
2.97464229065498,4.980860526128323,3.139761596562468
2.9246423744742023,4.98095207892853,3.139761596562468
2.8746424582934247,4.9810436317287365,3.139761596562468
2.834642525348803,4.981116873968902,3.139761596562468
2.794642592404181,4.981190116209067,3.139761596562468
2.762642646048483,4.9812487100012,3.139761596562468
2.7306426996927855,4.981307303793333,3.139761596562468
2.7050427426082275,4.981354178827039,3.139761596562468
2.6794427855236695,4.981401053860745,3.139761596562468
2.658962819856023,4.98143855388771,3.139761596562468
2.6384828541883762,4.981476053914674,3.139761596562468
2.622098881654259,4.981506053936246,3.139761596562468
2.605714909120142,4.981536053957818,3.139761596562468
2.5926077310928486,4.981560053975075,3.139761596562468
2.579500553065555,4.981584053992332,3.139761596562468
2.56901481064372,4.981603254006139,3.139761596562468
2.5585290682218846,4.981622454019945,3.139761596562468
2.549091900042233,4.98163973403237,3.139761596562468
2.5396547318625813,4.981657014044796,3.139761596562468
2.533153571561044,4.981668918053355,3.139761596562468
2.5266524112595063,4.981680822061914,3.139761596562468
2.5214514830182764,4.981690345268762,3.139761596562468
2.5162505547770464,4.98169986847561,3.139761596562468
2.5115697193599393,4.981708439361773,3.139761596562468
2.5068888839428323,4.981717010247936,3.139761596562468
2.5036643084332697,4.981722914636181,3.139761596562468
2.500439732923707,4.981728819024427,3.139761596562468
2.4975376149651005,4.981734132973848,3.139761596562468
2.494635497006494,4.981739446923269,3.139761596562468
2.492636260190565,4.9817431076439815,3.139761596562468
2.4906370233746364,4.981746768364694,3.139761596562468
2.4890376339218934,4.981749696941264,3.139761596562468
2.4874382444691503,4.981752625517833,3.139761596562468
2.4861587329069557,4.981754968379089,3.139761596562468
2.484879221344761,4.9817573112403455,3.139761596562468
2.4838556120950055,4.98175918552935,3.139761596562468
2.48283200284525,4.981761059818355,3.139761596562468
2.4818320045216344,4.981762890874359,3.139761596562468
2.480832006198019,4.981764721930363,3.139761596562468
2.4798320078744034,4.981766552986366,3.139761596562468
2.478832009550788,4.98176838404237,3.139761596562468
2.4288320933700103,4.981859936842577,3.139761596562468
2.3788321771892327,4.981951489642784,3.139761596562468
2.338832244244611,4.982024731882949,3.139761596562468
2.298832311299989,4.982097974123114,3.139761596562468
2.266832364944291,4.982156567915247,3.139761596562468
2.2348324185885935,4.98221516170738,3.139761596562468
2.2060324668684657,4.982267896120299,3.139761596562468
2.177232515148338,4.982320630533218,3.139761596562468
2.1545125532357927,4.982362232125632,3.139761596562468
2.1317925913232476,4.982403833718045,3.139761596562468
2.116496616965224,4.982431841550684,3.139761596562468
2.102730240043003,4.98245704860006,3.139761596562468
2.088963863120782,4.982482255649436,3.139761596562468
2.077950761583005,4.982502421288936,3.139761596562468
2.066937660045228,4.982522586928437,3.139761596562468
2.0581271788150066,4.982538719440037,3.139761596562468
2.049316697584785,4.982554851951638,3.139761596562468
2.041387264477586,4.982569371212078,3.139761596562468
2.0334578313703866,4.982583890472518,3.139761596562468
2.0279953330076492,4.98259389262971,3.139761596562468
2.022532834644912,4.9826038947869025,3.139761596562468
2.018162835954722,4.9826118965126565,3.139761596562468
2.0137928372645324,4.9826198982384104,3.139761596562468
2.0102968383123803,4.982626299619014,3.139761596562468
2.006800839360228,4.982632700999617,3.139761596562468
2.0040040401985064,4.9826378221041,3.139761596562468
2.0012072410367847,4.982642943208583,3.139761596562468
1.9984104418750632,4.982648064313065,3.139761596562468
1.9956136427133417,4.982653185417548,3.139761596562468
1.993935563216309,4.982656258080238,3.139761596562468
1.9922574837192761,4.982659330742927,3.139761596562468
1.99091502012165,4.982661788873079,3.139761596562468
1.9895725565240236,4.982664247003231,3.139761596562468
1.9884985856459225,4.982666213507352,3.139761596562468
1.9874246147678214,4.982668180011474,3.139761596562468
1.9864246164442059,4.982670011067477,3.139761596562468
1.9854246181205903,4.982671842123481,3.139761596562468
1.9844246197969748,4.982673673179485,3.139761596562468
1.9834246214733593,4.982675504235488,3.139761596562468
1.9334247052925817,4.982767057035695,3.139761596562468
1.883424789111804,4.982858609835902,3.139761596562468
1.8434248561671822,4.982931852076067,3.139761596562468
1.8034249232225603,4.9830050943162325,3.139761596562468
1.7714249768668626,4.983063688108365,3.139761596562468
1.739425030511165,4.983122281900498,3.139761596562468
1.713825073426607,4.9831691569342045,3.139761596562468
1.688225116342049,4.983216031967911,3.139761596562468
1.6677451506744025,4.983253531994875,3.139761596562468
1.6472651850067561,4.98329103202184,3.139761596562468
1.6308812124726388,4.983321032043412,3.139761596562468
1.6144972399385216,4.983351032064983,3.139761596562468
1.6013900619112278,4.9833750320822405,3.139761596562468
1.588282883883934,4.983399032099498,3.139761596562468
1.5751757058566402,4.983423032116755,3.139761596562468
1.5620685278293465,4.983447032134012,3.139761596562468
1.5542042210129703,4.983461432144367,3.139761596562468
1.5463399141965941,4.9834758321547215,3.139761596562468
1.5400484687434932,4.983487352163005,3.139761596562468
1.5337570232903923,4.983498872171288,3.139761596562468
1.5287238669279115,4.983508088177915,3.139761596562468
1.5236907105654307,4.983517304184542,3.139761596562468
1.519664185475446,4.983524676989844,3.139761596562468
1.5156376603854613,4.983532049795145,3.139761596562468
1.5120137878044753,4.983538685319917,3.139761596562468
1.5083899152234892,4.983545320844688,3.139761596562468
1.5058934696676987,4.983549891983975,3.139761596562468
1.5033970241119081,4.983554463123261,3.139761596562468
1.5011502231116967,4.98355857714862,3.139761596562468
1.4989034221114852,4.9835626911739785,3.139761596562468
1.497130945766874,4.983565936682872,3.139761596562468
1.4953584694222628,4.983569182191766,3.139761596562468
1.4941651684465949,4.983571367196345,3.139761596562468
1.492971867470927,4.983573552200924,3.139761596562468
1.4919718691473114,4.983575383256928,3.139761596562468
1.4909718708236959,4.983577214312931,3.139761596562468
1.4899718725000803,4.983579045368935,3.139761596562468
1.4889718741764648,4.983580876424939,3.139761596562468
1.4879718758528493,4.9835827074809425,3.139761596562468
1.4869718775292338,4.983584538536946,3.139761596562468
1.4369719613484562,4.983676091337153,3.139761596562468
1.3869720451676786,4.98376764413736,3.139761596562468
1.3469721122230567,4.983840886377525,3.139761596562468
1.3069721792784348,4.98391412861769,3.139761596562468
1.274972232922737,4.983972722409823,3.139761596562468
1.2429722865670394,4.984031316201956,3.139761596562468
1.2173723294824814,4.984078191235662,3.139761596562468
1.1917723723979234,4.984125066269368,3.139761596562468
1.171292406730277,4.984162566296333,3.139761596562468
1.1508124410626306,4.9842000663232975,3.139761596562468
1.1344284685285133,4.984230066344869,3.139761596562468
1.118044495994396,4.984260066366441,3.139761596562468
1.1049373179671023,4.984284066383698,3.139761596562468
1.0918301399398085,4.984308066400955,3.139761596562468
1.080033679715244,4.984329666416487,3.139761596562468
1.0682372194906797,4.984351266432019,3.139761596562468
1.0589311230913012,4.984368306444272,3.139761596562468
1.0496250266919227,4.984385346456524,3.139761596562468
1.0433597955948763,4.984396818464774,3.139761596562468
1.03709456449783,4.984408290473023,3.139761596562468
1.0320823796201928,4.984417468079622,3.139761596562468
1.0270701947425556,4.984426645686221,3.139761596562468
1.0230604468404458,4.9844339877715,3.139761596562468
1.019050698938336,4.98444132985678,3.139761596562468
1.0158429006166483,4.984447203525003,3.139761596562468
1.0126351022949605,4.984453077193227,3.139761596562468
1.0100688636376103,4.984457776127806,3.139761596562468
1.00750262498026,4.984462475062386,3.139761596562468
1.00544963405438,4.984466234210049,3.139761596562468
1.0036019422210878,4.9844696174429455,3.139761596562468
1.0017542503877956,4.984473000675842,3.139761596562468
1.000276096921162,4.98447570726216,3.139761596562468
0.9987979434545282,4.9844784138484775,3.139761596562468
0.9976154206812213,4.984480579117531,3.139761596562468
0.9964328979079144,4.984482744386585,3.139761596562468
0.9954328995842989,4.984484575442589,3.139761596562468
0.9944329012606834,4.9844864064985925,3.139761596562468
0.9934329029370679,4.984488237554596,3.139761596562468
0.9924329046134523,4.9844900686106,3.139761596562468
0.9914329062898368,4.984491899666604,3.139761596562468
0.9904329079662213,4.984493730722607,3.139761596562468
0.9404329917854438,4.984585283522814,3.139761596562468
0.8904330756046663,4.984676836323021,3.139761596562468
0.8504331426600443,4.984750078563186,3.139761596562468
0.8104332097154223,4.984823320803351,3.139761596562468
0.7784332633597247,4.984881914595484,3.139761596562468
0.7464333170040272,4.984940508387617,3.139761596562468
0.7144333706483296,4.98499910217975,3.139761596562468
0.682433424292632,4.985057695971883,3.139761596562468
0.6632334564792134,4.9850928522471625,3.139761596562468
0.6440334886657948,4.985128008522442,3.139761596562468
0.6286735144150599,4.985156133542666,3.139761596562468
0.613313540164325,4.98518425856289,3.139761596562468
0.6010255607637371,4.985206758579069,3.139761596562468
0.5887375813631492,4.985229258595248,3.139761596562468
0.578907197842679,4.985247258608191,3.139761596562468
0.5700598526742557,4.98526345861984,3.139761596562468
0.5612125075058325,4.985279658631488,3.139761596562468
0.5541346313710939,4.985292618640807,3.139761596562468
0.5470567552363552,4.985305578650126,3.139761596562468
0.5413944543285644,4.985315946657582,3.139761596562468
0.5357321534207735,4.985326314665037,3.139761596562468
0.5312023126945408,4.985334609071001,3.139761596562468
0.526672471968308,4.9853429034769645,3.139761596562468
0.5230485993873218,4.985349539001736,3.139761596562468
0.5194247268063357,4.985356174526507,3.139761596562468
0.5165256287415467,4.985361482946325,3.139761596562468
0.5136265306767578,4.985366791366142,3.139761596562468
0.5113072522249267,4.985371038101996,3.139761596562468
0.5089879737730956,4.98537528483785,3.139761596562468
0.5071325510116307,4.985378682226533,3.139761596562468
0.5052771282501658,4.985382079615216,3.139761596562468
0.5037927900409939,4.985384797526162,3.139761596562468
0.5023084518318219,4.985387515437108,3.139761596562468
0.5011209812644843,4.985389689765865,3.139761596562468
0.4999335106971468,4.985391864094622,3.139761596562468
0.4989335123735313,4.985393695150626,3.139761596562468
0.49793351404991576,4.98539552620663,3.139761596562468
0.49693351572630023,4.9853973572626336,3.139761596562468
0.4959335174026847,4.985399188318637,3.139761596562468
0.4949335190790692,4.985401019374641,3.139761596562468
0.49393352075545366,4.985402850430645,3.139761596562468
0.4439336045746762,4.9854944032308515,3.139761596562468
0.3939336883938987,4.985585956031058,3.139761596562468
0.34893376383119895,4.985668353551245,3.139761596562468
0.3039338392684992,4.985750751071431,3.139761596562468
0.27293389123641715,4.9858075138075595,3.139761596562468
0.2450339380075433,4.985858600270075,3.139761596562468
0.21713398477866946,4.98590968673259,3.139761596562468
0.1948140221955704,4.985950555902603,3.139761596562468
0.17249405961247133,4.985991425072616,3.139761596562468
0.1546380895459921,4.986024120408626,3.139761596562468
0.13678211947951285,4.986056815744636,3.139761596562468
0.12071174641968152,4.986086241547045,3.139761596562468
0.10464137335985019,4.986115667349454,3.139761596562468
0.09357067191863305,4.98613593845778,3.139761596562468
0.08249997047741592,4.986156209566106,3.139761596562468
0.0725363391803205,4.986174453563599,3.139761596562468
0.06257270788322508,4.986192697561092,3.139761596562468
0.052609076586129656,4.986210941558586,3.139761596562468
0.04264544528903423,4.986229185556079,3.139761596562468
0.03777433665489869,4.986238104843742,3.139761596562468
0.03290322802076315,4.986247024131405,3.139761596562468
0.029006341113454716,4.986254159561536,3.139761596562468
0.025109454206146284,4.986261294991667,3.139761596562468
0.02199194468029954,4.986267003335772,3.139761596562468
0.018874435154452793,4.986272711679877,3.139761596562468
0.01606867658119072,4.986277849189571,3.139761596562468
0.013262918007928651,4.9862829866992655,3.139761596562468
0.01133006210190367,4.98628652587261,3.139761596562468
0.009397206195878688,4.986290065045955,3.139761596562468
0.007850921471058703,4.98629289638463,3.139761596562468
0.006304636746238717,4.986295727723306,3.139761596562468
0.0050676089663827285,4.986297992794246,3.139761596562468
0.00383058118652674,4.986300257865187,3.139761596562468
0.0028305828629111903,4.986302088921191,3.139761596562468
0.0018305845392956406,4.986303919977194,3.139761596562468
0.0008305862156800909,4.986305751033198,3.139761596562468
-0.00016941210793545883,4.986307582089202,3.139761596562468
-0.0011694104315510085,4.9863094131452055,3.139761596562468
-0.002169408755166558,4.986311244201209,3.139761596562468
-0.05216932493594405,4.986402797001416,3.139761596562468
-0.10216924111672154,4.986494349801623,3.139761596562468
-0.14216917406134355,4.986567592041788,3.139761596562468
-0.18216910700596556,4.986640834281953,3.139761596562468
-0.21416905336166314,4.986699428074086,3.139761596562468
-0.24616899971736073,4.986758021866219,3.139761596562468
-0.2781689460730583,4.986816615658352,3.139761596562468
-0.3101688924287559,4.986875209450485,3.139761596562468
-0.32936886024217443,4.986910365725764,3.139761596562468
-0.34856882805559297,4.986945522001044,3.139761596562468
-0.3639288023063278,4.9869736470212676,3.139761596562468
-0.3792887765570626,4.987001772041491,3.139761596562468
-0.3915767559576505,4.9870242720576705,3.139761596562468
-0.4038647353582384,4.98704677207385,3.139761596562468
-0.4136951188787087,4.987064772086793,3.139761596562468
-0.42352550239917897,4.987082772099736,3.139761596562468
-0.4313898092155552,4.987097172110091,3.139761596562468
-0.43925411603193143,4.987111572120446,3.139761596562468
-0.4463319921666701,4.987124532129765,3.139761596562468
-0.4534098683014087,4.987137492139084,3.139761596562468
-0.458285738527562,4.987146420145503,3.139761596562468
-0.46316160875371526,4.987155348151923,3.139761596562468
-0.4675498919572532,4.987163383357701,3.139761596562468
-0.47101175981782206,4.987169722242259,3.139761596562468
-0.4744736276783909,4.987176061126816,3.139761596562468
-0.477243121966846,4.987181132234463,3.139761596562468
-0.48001261625530106,4.98718620334211,3.139761596562468
-0.4825051611149106,4.9871907673389915,3.139761596562468
-0.48499770597452013,4.987195331335873,3.139761596562468
-0.48671479243336224,4.987198475422614,3.139761596562468
-0.48843187889220435,4.987201619509356,3.139761596562468
-0.48980554805927806,4.987204134778748,3.139761596562468
-0.49117921722635177,4.987206650048141,3.139761596562468
-0.49227815256001073,4.987208662263655,3.139761596562468
-0.49327815088362625,4.987210493319659,3.139761596562468
-0.4942781492072418,4.987212324375663,3.139761596562468
-0.4952781475308573,4.9872141554316665,3.139761596562468
-0.49627814585447283,4.98721598648767,3.139761596562468
-0.49727814417808835,4.987217817543674,3.139761596562468
-0.4982781425017039,4.987219648599678,3.139761596562468
-0.5482780586824814,4.987311201399884,3.139761596562468
-0.5982779748632588,4.987402754200091,3.139761596562468
-0.6382779078078809,4.987475996440256,3.139761596562468
-0.6782778407525029,4.987549238680422,3.139761596562468
-0.7182777736971249,4.987622480920587,3.139761596562468
-0.7462777267583602,4.987673750488703,3.139761596562468
-0.7742776798195956,4.9877250200568195,3.139761596562468
-0.796677642268584,4.987766035711312,3.139761596562468
-0.8190776047175723,4.987807051365804,3.139761596562468
-0.836997574676763,4.987839863889398,3.139761596562468
-0.8549175446359536,4.987872676412993,3.139761596562468
-0.8692535206033061,4.987898926431868,3.139761596562468
-0.8835894965706586,4.987925176450743,3.139761596562468
-0.8950582773445406,4.987946176465843,3.139761596562468
-0.9053801800410344,4.987965076479433,3.139761596562468
-0.9157020827375282,4.987983976493024,3.139761596562468
-0.9239596048947233,4.987999096503896,3.139761596562468
-0.9322171270519184,4.988014216514768,3.139761596562468
-0.9388231447776745,4.988026312523465,3.139761596562468
-0.9454291625034306,4.988038408532163,3.139761596562468
-0.951374578456611,4.988049294939991,3.139761596562468
-0.9573199944097914,4.9880601813478185,3.139761596562468
-0.9614157253997602,4.988067680873211,3.139761596562468
-0.9655114563897289,4.988075180398604,3.139761596562468
-0.9687880411817039,4.988081180018918,3.139761596562468
-0.9720646259736789,4.9880871796392325,3.139761596562468
-0.9753412107656539,4.988093179259547,3.139761596562468
-0.978617795557629,4.988099178879861,3.139761596562468
-0.981894380349604,4.9881051785001755,3.139761596562468
-0.985170965141579,4.98811117812049,3.139761596562468
-0.986481599058369,4.988113577968615,3.139761596562468
-0.987792232975159,4.988115977816741,3.139761596562468
-0.9888407401085909,4.988117897695242,3.139761596562468
-0.9898892472420229,4.988119817573742,3.139761596562468
-0.9908892455656384,4.988121648629746,3.139761596562468
-0.9918892438892539,4.98812347968575,3.139761596562468
-0.9928892422128694,4.988125310741753,3.139761596562468
-0.993889240536485,4.988127141797757,3.139761596562468
-1.0438891567172626,4.988218694597964,3.139761596562468
-1.0938890728980402,4.988310247398171,3.139761596562468
-1.133889005842662,4.988383489638336,3.139761596562468
-1.173888938787284,4.988456731878501,3.139761596562468
-1.2058888851429816,4.988515325670634,3.139761596562468
-1.2378888314986793,4.988573919462767,3.139761596562468
-1.2634887885832373,4.988620794496473,3.139761596562468
-1.2890887456677953,4.988667669530179,3.139761596562468
-1.3146887027523533,4.988714544563885,3.139761596562468
-1.3402886598369113,4.988761419597592,3.139761596562468
-1.3556486340876461,4.988789544617815,3.139761596562468
-1.371008608338381,4.988817669638039,3.139761596562468
-1.383296587738969,4.988840169654218,3.139761596562468
-1.3955845671395568,4.9888626696703975,3.139761596562468
-1.405414950660027,4.988880669683341,3.139761596562468
-1.4152453341804974,4.988898669696284,3.139761596562468
-1.4231096409968735,4.988913069706639,3.139761596562468
-1.4309739478132497,4.988927469716994,3.139761596562468
-1.4372653932663508,4.988938989725277,3.139761596562468
-1.443556838719452,4.98895050973356,3.139761596562468
-1.4485899950819328,4.988959725740187,3.139761596562468
-1.4536231514444136,4.988968941746815,3.139761596562468
-1.4576496765343983,4.988976314552116,3.139761596562468
-1.461676201624383,4.988983687357417,3.139761596562468
-1.4648974216963706,4.988989585601659,3.139761596562468
-1.4681186417683583,4.9889954838459,3.139761596562468
-1.4710177398331472,4.989000792265718,3.139761596562468
-1.4739168378979361,4.989006100685535,3.139761596562468
-1.4759139943425685,4.989009757596965,3.139761596562468
-1.477911150787201,4.989013414508395,3.139761596562468
-1.479508875942907,4.989016340037538,3.139761596562468
-1.481106601098613,4.989019265566681,3.139761596562468
-1.4823847812231776,4.989021605989996,3.139761596562468
-1.4836629613477423,4.989023946413311,3.139761596562468
-1.4846855054473942,4.989025818751963,3.139761596562468
-1.485708049547046,4.989027691090615,3.139761596562468
-1.4867080478706616,4.989029522146619,3.139761596562468
-1.487708046194277,4.9890313532026225,3.139761596562468
-1.4887080445178926,4.989033184258626,3.139761596562468
-1.4897080428415082,4.98903501531463,3.139761596562468
-1.5397079590222857,4.989126568114837,3.139761596562468
-1.5897078752030633,4.9892181209150435,3.139761596562468
-1.6297078081476852,4.989291363155209,3.139761596562468
-1.6697077410923071,4.989364605395374,3.139761596562468
-1.705707680742467,4.989430523411523,3.139761596562468
-1.7417076203926267,4.989496441427671,3.139761596562468
-1.7665075788182925,4.989541851616574,3.139761596562468
-1.7888275414013914,4.989582720786586,3.139761596562468
-1.8111475039844904,4.989623589956599,3.139761596562468
-1.8290034740509697,4.989656285292609,3.139761596562468
-1.846859444117449,4.989688980628619,3.139761596562468
-1.8611442201706325,4.989715136897427,3.139761596562468
-1.8740005186184976,4.989738677539354,3.139761596562468
-1.8868568170663627,4.989762218181282,3.139761596562468
-1.8971418558246547,4.989781050694823,3.139761596562468
-1.9074268945829467,4.989799883208365,3.139761596562468
-1.9156549255895803,4.989814949219198,3.139761596562468
-1.923882956596214,4.989830015230032,3.139761596562468
-1.930465381401521,4.989842068038699,3.139761596562468
-1.937047806206828,4.989854120847365,3.139761596562468
-1.9423137460510735,4.989863763094299,3.139761596562468
-1.9475796858953192,4.989873405341232,3.139761596562468
-1.9523190317551402,4.989882083363472,3.139761596562468
-1.9570583776149613,4.989890761385713,3.139761596562468
-1.9603232603183935,4.989896739578811,3.139761596562468
-1.9635881430218258,4.98990271777191,3.139761596562468
-1.9662000491845715,4.989907500326389,3.139761596562468
-1.9688119553473171,4.9899122828808675,3.139761596562468
-1.9709014802775138,4.989916108924451,3.139761596562468
-1.9729910052077104,4.989919934968034,3.139761596562468
-1.9746626251518677,4.9899229958029006,3.139761596562468
-1.976334245096025,4.989926056637767,3.139761596562468
-1.9780058650401824,4.9899291174726335,3.139761596562468
-1.979343160995508,4.989931566140527,3.139761596562468
-1.9806804569508338,4.98993401480842,3.139761596562468
-1.9820177529061596,4.9899364634763135,3.139761596562468
-1.9833550488614853,4.989938912144207,3.139761596562468
-1.984692344816811,4.9899413608121,3.139761596562468
-1.9860296407721367,4.9899438094799935,3.139761596562468
-1.9873669367274625,4.989946258147887,3.139761596562468
-1.9887042326827882,4.98994870681578,3.139761596562468
-2.0387041488635655,4.990040259615987,3.139761596562468
-2.088704065044343,4.990131812416194,3.139761596562468
-2.128703997988965,4.990205054656359,3.139761596562468
-2.168703930933587,4.990278296896524,3.139761596562468
-2.2007038772892846,4.990336890688657,3.139761596562468
-2.2327038236449823,4.99039548448079,3.139761596562468
-2.2583037807295403,4.990442359514496,3.139761596562468
-2.2839037378140983,4.990489234548202,3.139761596562468
-2.3069436991902004,4.990531422078538,3.139761596562468
-2.3251196687202365,4.99056470335247,3.139761596562468
-2.3432956382502725,4.990597984626401,3.139761596562468
-2.3578364138743018,4.990624609645546,3.139761596562468
-2.372377189498331,4.990651234664691,3.139761596562468
-2.384009809997554,4.990672534680007,3.139761596562468
-2.3956424304967774,4.990693834695323,3.139761596562468
-2.404948526896156,4.990710874707576,3.139761596562468
-2.414254623295535,4.9907279147198285,3.139761596562468
-2.4216995004150377,4.99074154672963,3.139761596562468
-2.4291443775345405,4.990755178739432,3.139761596562468
-2.435844766942093,4.990767447548254,3.139761596562468
-2.442545156349645,4.990779716357077,3.139761596562468
-2.447160980163737,4.990788168203154,3.139761596562468
-2.451776803977829,4.990796620049231,3.139761596562468
-2.4554694630291025,4.990803381526093,3.139761596562468
-2.459162122080376,4.990810143002955,3.139761596562468
-2.4621162493213946,4.990815552184444,3.139761596562468
-2.465070376562413,4.990820961365934,3.139761596562468
-2.467433678355228,4.990825288711125,3.139761596562468
-2.4697969801480433,4.990829616056317,3.139761596562468
-2.471687621582295,4.99083307793247,3.139761596562468
-2.473578263016547,4.9908365398086225,3.139761596562468
-2.4750907761639485,4.990839309309545,3.139761596562468
-2.47660328931135,4.990842078810468,3.139761596562468
-2.477813299829271,4.990844294411207,3.139761596562468
-2.479023310347192,4.990846510011945,3.139761596562468
-2.4800233086708077,4.990848341067949,3.139761596562468
-2.481023306994423,4.990850172123952,3.139761596562468
-2.4820233053180387,4.990852003179956,3.139761596562468
-2.4830233036416542,4.99085383423596,3.139761596562468
-2.4840233019652698,4.990855665291964,3.139761596562468
-2.4850233002888853,4.990857496347967,3.139761596562468
-2.535023216469663,4.990949049148174,3.139761596562468
-2.5850231326504405,4.991040601948381,3.139761596562468
-2.6250230655950624,4.991113844188546,3.139761596562468
-2.661023005245222,4.991179762204695,3.139761596562468
-2.697022944895382,4.991245680220843,3.139761596562468
-2.72582289661551,4.9912984146337624,3.139761596562468
-2.7546228483356376,4.9913511490466815,3.139761596562468
-2.7776628097117397,4.991393336577017,3.139761596562468
-2.800702771087842,4.991435524107353,3.139761596562468
-2.8191347401887237,4.991469274131622,3.139761596562468
-2.8375667092896055,4.99150302415589,3.139761596562468
-2.854155481480399,4.991533399177732,3.139761596562468
-2.8707442536711927,4.991563774199574,3.139761596562468
-2.8821720745137394,4.99158469921462,3.139761596562468
-2.893599895356286,4.991605624229666,3.139761596562468
-2.9027421520303234,4.991622364241703,3.139761596562468
-2.9118844087043607,4.99163910425374,3.139761596562468
-2.9191982140435906,4.991652496263369,3.139761596562468
-2.9265120193828205,4.9916658882729985,3.139761596562468
-2.9330944441881273,4.991677941081665,3.139761596562468
-2.939676868993434,4.991689993890332,3.139761596562468
-2.9448696707842874,4.991699502217169,3.139761596562468
-2.9500624725751408,4.991709010544006,3.139761596562468
-2.953558471527293,4.991715411924609,3.139761596562468
-2.957054470479445,4.991721813305213,3.139761596562468
-2.960200869536382,4.991727574547755,3.139761596562468
-2.963347268593319,4.991733335790298,3.139761596562468
-2.965514787943653,4.991737304646271,3.139761596562468
-2.9676823072939875,4.991741273502245,3.139761596562468
-2.9694163227742547,4.991744448587024,3.139761596562468
-2.971150338254522,4.991747623671803,3.139761596562468
-2.9727109521867625,4.991750481248104,3.139761596562468
-2.974271566119003,4.991753338824405,3.139761596562468
-2.975658778503217,4.991755878892229,3.139761596562468
-2.977045990887431,4.991758418960052,3.139761596562468
-2.9780459892110467,4.991760250016056,3.139761596562468
-2.979045987534662,4.99176208107206,3.139761596562468
-2.9800459858582777,4.9917639121280635,3.139761596562468
-2.9810459841818933,4.991765743184067,3.139761596562468
-3.031045900362671,4.991857295984274,3.139761596562468
-3.0810458165434484,4.991948848784481,3.139761596562468
-3.1210457494880703,4.992022091024646,3.139761596562468
-3.1610456824326922,4.992095333264811,3.139761596562468
-3.19304562878839,4.992153927056944,3.139761596562468
-3.2250455751440876,4.992212520849077,3.139761596562468
-3.2538455268642155,4.992265255261996,3.139761596562468
-3.2826454785843433,4.992317989674915,3.139761596562468
-3.3082454356689013,4.992364864708621,3.139761596562468
-3.3338453927534593,4.9924117397423275,3.139761596562468
-3.351125363785536,4.992443380390079,3.139761596562468
-3.368405334817613,4.992475021037831,3.139761596562468
-3.3796693159348186,4.992495646052661,3.139761596562468
-3.3909332970520243,4.992516271067491,3.139761596562468
-3.3999444819457887,4.992532771079356,3.139761596562468
-3.408955666839553,4.99254927109122,3.139761596562468
-3.416164614754565,4.992562471100712,3.139761596562468
-3.4233735626695765,4.992575671110203,3.139761596562468
-3.429140721001586,4.992586231117797,3.139761596562468
-3.434907879333595,4.992596791125391,3.139761596562468
-3.4395216059992024,4.992605239131465,3.139761596562468
-3.4441353326648096,4.992613687137539,3.139761596562468
-3.4478263139972953,4.992620445542399,3.139761596562468
-3.451517295329781,4.992627203947259,3.139761596562468
-3.4548391785290185,4.992633286511633,3.139761596562468
-3.458161061728256,4.992639369076007,3.139761596562468
-3.4604494701543973,4.9926435592870195,3.139761596562468
-3.4627378785805387,4.992647749498032,3.139761596562468
-3.4645686053214515,4.9926511016668425,3.139761596562468
-3.4663993320623643,4.9926544538356525,3.139761596562468
-3.4678639134550946,4.992657135570701,3.139761596562468
-3.469328494847825,4.992659817305749,3.139761596562468
-3.4705001599620093,4.992661962693788,3.139761596562468
-3.4716718250761938,4.992664108081827,3.139761596562468
-3.4726718233998093,4.99266593913783,3.139761596562468
-3.473671821723425,4.992667770193834,3.139761596562468
-3.4746718200470403,4.992669601249838,3.139761596562468
-3.475671818370656,4.992671432305841,3.139761596562468
-3.4766718166942714,4.992673263361845,3.139761596562468
-3.526671732875049,4.992764816162052,3.139761596562468
-3.5766716490558266,4.992856368962259,3.139761596562468
-3.6166715820004485,4.992929611202424,3.139761596562468
-3.6566715149450704,4.993002853442589,3.139761596562468
-3.688671461300768,4.993061447234722,3.139761596562468
-3.7206714076564658,4.993120041026855,3.139761596562468
-3.7462713647410237,4.993166916060561,3.139761596562468
-3.7718713218255817,4.993213791094267,3.139761596562468
-3.7923512874932284,4.993251291121232,3.139761596562468
-3.812831253160875,4.9932887911481965,3.139761596562468
-3.8333112188285217,4.993326291175161,3.139761596562468
-3.8537911844961683,4.993363791202126,3.139761596562468
-3.866079163896756,4.993386291218305,3.139761596562468
-3.878367143297344,4.993408791234484,3.139761596562468
-3.888197526817814,4.993426791247427,3.139761596562468
-3.898027910338284,4.99344479126037,3.139761596562468
-3.9068752555067072,4.993460991272019,3.139761596562468
-3.9157226006751302,4.9934771912836675,3.139761596562468
-3.921817438457822,4.993488351291692,3.139761596562468
-3.9279122762405136,4.993499511299716,3.139761596562468
-3.9340071140232054,4.993510671307741,3.139761596562468
-3.940101951805897,4.993521831315765,3.139761596562468
-3.9461967895885888,4.993532991323789,3.139761596562468
-3.9522916273712805,4.993544151331814,3.139761596562468
-3.9547295624843573,4.9935486153350235,3.139761596562468
-3.957167497597434,4.993553079338233,3.139761596562468
-3.959361639199203,4.993557096941122,3.139761596562468
-3.9615557808009716,4.99356111454401,3.139761596562468
-3.9630673005710793,4.993563882226001,3.139761596562468
-3.964578820341187,4.993566649907991,3.139761596562468
-3.965788036157273,4.993568864053583,3.139761596562468
-3.966997251973359,4.993571078199175,3.139761596562468
-3.9679972502969747,4.993572909255179,3.139761596562468
-3.9689972486205902,4.993574740311183,3.139761596562468
-3.9699972469442057,4.9935765713671865,3.139761596562468
-3.9709972452678213,4.99357840242319,3.139761596562468
-3.971997243591437,4.993580233479194,3.139761596562468
-3.9729972419150523,4.993582064535198,3.139761596562468
-4.02299715809583,4.993673617335404,3.139761596562468
-4.072997074276607,4.993765170135611,3.139761596562468
-4.122996990457384,4.993856722935818,3.139761596562468
-4.172996906638161,4.993948275736025,3.139761596562468
-4.2229968228189385,4.9940398285362315,3.139761596562468
-4.272996738999716,4.994131381336438,3.139761596562468
-4.292996705472027,4.994168002456521,3.139761596562468
-4.3129966719443384,4.994204623576604,3.139761596562468
-4.328996645122188,4.994233920472671,3.139761596562468
-4.344996618300037,4.994263217368737,3.139761596562468
-4.3577965968423165,4.99428665488559,3.139761596562468
-4.370596575384596,4.994310092402443,3.139761596562468
-4.380836558218419,4.994328842415925,3.139761596562468
-4.391076541052243,4.994347592429407,3.139761596562468
-4.399268527319301,4.9943625924401935,3.139761596562468
-4.40746051358636,4.99437759245098,3.139761596562468
-4.414014102600007,4.9943895924596085,3.139761596562468
-4.420567691613654,4.994401592468237,3.139761596562468
-4.425810562824571,4.99441119247514,3.139761596562468
-4.431053434035489,4.994420792482043,3.139761596562468
-4.435247731004223,4.994428472487566,3.139761596562468
-4.439442027972957,4.994436152493088,3.139761596562468
-4.442797465547944,4.994442296497506,3.139761596562468
-4.446152903122931,4.994448440501924,3.139761596562468
-4.44883725318292,4.994453355705458,3.139761596562468
-4.4515216032429095,4.994458270908992,3.139761596562468
-4.453669083290901,4.994462203071819,3.139761596562468
-4.455816563338892,4.994466135234647,3.139761596562468
-4.457534547377286,4.994469280964909,3.139761596562468
-4.459252531415679,4.994472426695171,3.139761596562468
-4.460626918646394,4.99447494327938,3.139761596562468
-4.461863867154038,4.9944772082051685,3.139761596562468
-4.463100815661681,4.994479473130957,3.139761596562468
-4.464100813985297,4.9944813041869605,3.139761596562468
-4.465100812308913,4.994483135242964,3.139761596562468
-4.466100810632529,4.994484966298968,3.139761596562468
-4.467100808956145,4.994486797354972,3.139761596562468
-4.468100807279761,4.994488628410975,3.139761596562468
-4.469100805603377,4.994490459466979,3.139761596562468
-4.519100721784154,4.994582012267186,3.139761596562468
-4.569100637964931,4.994673565067393,3.139761596562468
-4.609100570909553,4.994746807307558,3.139761596562468
-4.649100503854175,4.994820049547723,3.139761596562468
-4.681100450209873,4.994878643339856,3.139761596562468
-4.7131003965655704,4.994937237131989,3.139761596562468
-4.741900348285698,4.994989971544908,3.139761596562468
-4.770700300005826,4.995042705957827,3.139761596562468
-4.796300257090384,4.995089580991533,3.139761596562468
-4.821900214174942,4.995136456025239,3.139761596562468
-4.836620189498563,4.995163409169621,3.139761596562468
-4.851340164822185,4.995190362314002,3.139761596562468
-4.863116145081081,4.995211924829507,3.139761596562468
-4.8748921253399775,4.995233487345011,3.139761596562468
-4.884312909547095,4.995250737357415,3.139761596562468
-4.893733693754212,4.995267987369818,3.139761596562468
-4.901270321119906,4.995281787379741,3.139761596562468
-4.9088069484856,4.9952955873896645,3.139761596562468
-4.914836250378155,4.995306627397603,3.139761596562468
-4.92086555227071,4.995317667405541,3.139761596562468
-4.926894854163265,4.995328707413479,3.139761596562468
-4.932924156055821,4.995339747421417,3.139761596562468
-4.936541737191353,4.99534637142618,3.139761596562468
-4.940159318326886,4.9953529954309435,3.139761596562468
-4.943053383235313,4.995358294634754,3.139761596562468
-4.945947448143739,4.995363593838565,3.139761596562468
-4.94826270007048,4.995367833201613,3.139761596562468
-4.9505779519972215,4.9953720725646615,3.139761596562468
-4.952430153538614,4.9953754640551,3.139761596562468
-4.954282355080007,4.995378855545539,3.139761596562468
-4.955764116313122,4.99538156873789,3.139761596562468
-4.957245877546237,4.9953842819302405,3.139761596562468
-4.958431286532728,4.995386452484121,3.139761596562468
-4.95961669551922,4.995388623038002,3.139761596562468
-4.9606166938428355,4.9953904540940055,3.139761596562468
-4.9616166921664515,4.995392285150009,3.139761596562468
-4.9626166904900675,4.995394116206013,3.139761596562468
-4.9636166888136835,4.995395947262017,3.139761596562468
-4.964616687137299,4.99539777831802,3.139761596562468
-5.014616603318077,4.995489331118227,3.139761596562468
-5.064616519498854,4.995580883918434,3.139761596562468
-5.104616452443476,4.995654126158599,3.139761596562468
-5.1446163853880975,4.995727368398764,3.139761596562468
-5.176616331743795,4.995785962190897,3.139761596562468
-5.208616278099493,4.99584455598303,3.139761596562468
-5.234216235184051,4.995891431016736,3.139761596562468
-5.259816192268609,4.9959383060504425,3.139761596562468
-5.285416149353167,4.995985181084149,3.139761596562468
-5.311016106437725,4.996032056117855,3.139761596562468
-5.32637608068846,4.996060181138079,3.139761596562468
-5.3417360549391955,4.996088306158303,3.139761596562468
-5.355560031764857,4.996113618676504,3.139761596562468
-5.369384008590519,4.9961389311947055,3.139761596562468
-5.38028959030854,4.996158899959064,3.139761596562468
-5.391195172026562,4.9961788687234225,3.139761596562468
-5.398537239718413,4.99619231248309,3.139761596562468
-5.405879307410265,4.996205756242757,3.139761596562468
-5.412487168332931,4.996217855626457,3.139761596562468
-5.4190950292555975,4.996229955010158,3.139761596562468
-5.423647111224545,4.996238290141151,3.139761596562468
-5.4281991931934925,4.9962466252721445,3.139761596562468
-5.431840858768651,4.996253293376939,3.139761596562468
-5.43548252434381,4.996259961481734,3.139761596562468
-5.438395856803936,4.99626529596557,3.139761596562468
-5.441309189264063,4.996270630449406,3.139761596562468
-5.443639855232163,4.996274898036474,3.139761596562468
-5.445970521200264,4.996279165623543,3.139761596562468
-5.447835053974745,4.996282579693197,3.139761596562468
-5.449699586749226,4.996285993762852,3.139761596562468
-5.451191212968811,4.996288725018576,3.139761596562468
-5.452682839188396,4.9962914562742995,3.139761596562468
-5.454025302786023,4.996293914404451,3.139761596562468
-5.455367766383649,4.996296372534603,3.139761596562468
-5.456367764707265,4.996298203590607,3.139761596562468
-5.457367763030881,4.996300034646611,3.139761596562468
-5.458367761354497,4.996301865702614,3.139761596562468
-5.459367759678113,4.996303696758618,3.139761596562468
-5.460367758001729,4.996305527814622,3.139761596562468
-5.461367756325345,4.9963073588706255,3.139761596562468
-5.511367672506122,4.996398911670832,3.139761596562468
-5.561367588686899,4.996490464471039,3.139761596562468
-5.601367521631521,4.996563706711204,3.139761596562468
-5.641367454576143,4.99663694895137,3.139761596562468
-5.67336740093184,4.9966955427435025,3.139761596562468
-5.705367347287538,4.996754136535635,3.139761596562468
-5.730967304372096,4.9968010115693415,3.139761596562468
-5.754007265748198,4.996843199099677,3.139761596562468
-5.7770472271243,4.996885386630013,3.139761596562468
-5.795479196225182,4.996919136654282,3.139761596562468
-5.813911165326064,4.99695288667855,3.139761596562468
-5.830499937516858,4.996983261700392,3.139761596562468
-5.847088709707651,4.997013636722234,3.139761596562468
-5.860175407769277,4.997037599239465,3.139761596562468
-5.873262105830903,4.997061561756696,3.139761596562468
-5.8833812568672865,4.9970800905200194,3.139761596562468
-5.89350040790367,4.997098619283343,3.139761596562468
-5.9012989740302535,4.997112898918611,3.139761596562468
-5.909097540156837,4.997127178553879,3.139761596562468
-5.914324477954465,4.997136749385761,3.139761596562468
-5.919551415752093,4.9971463202176425,3.139761596562468
-5.924778353549722,4.997155891049524,3.139761596562468
-5.93000529134735,4.997165461881406,3.139761596562468
-5.933141454025927,4.997171204380535,3.139761596562468
-5.936277616704504,4.997176946879665,3.139761596562468
-5.938786546847365,4.997181540878969,3.139761596562468
-5.941295476990226,4.997186134878272,3.139761596562468
-5.9433026211045155,4.997189810077715,3.139761596562468
-5.945309765218805,4.997193485277157,3.139761596562468
-5.946915480510236,4.997196425436711,3.139761596562468
-5.948521195801667,4.997199365596265,3.139761596562468
-5.949805768034812,4.997201717723908,3.139761596562468
-5.951090340267958,4.997204069851551,3.139761596562468
-5.952117998054474,4.997205951553666,3.139761596562468
-5.9531456558409905,4.997207833255781,3.139761596562468
-5.9541456541646065,4.997209664311785,3.139761596562468
-5.9551456524882225,4.997211495367789,3.139761596562468
-5.956145650811838,4.997213326423792,3.139761596562468
-5.957145649135454,4.997215157479796,3.139761596562468
-6.007145565316232,4.997306710280003,3.139761596562468
-6.057145481497009,4.99739826308021,3.139761596562468
-6.097145414441631,4.997471505320375,3.139761596562468
-6.1371453473862525,4.99754474756054,3.139761596562468
-6.16914529374195,4.997603341352673,3.139761596562468
-6.201145240097648,4.997661935144806,3.139761596562468
-6.226745197182206,4.997708810178512,3.139761596562468
-6.252345154266764,4.997755685212218,3.139761596562468
-6.27282511993441,4.997793185239183,3.139761596562468
-6.293305085602056,4.997830685266147,3.139761596562468
-6.311737054702938,4.997864435290416,3.139761596562468
-6.33016902380382,4.997898185314685,3.139761596562468
-6.342866602517761,4.997921435331403,3.139761596562468
-6.355564181231702,4.997944685348121,3.139761596562468
-6.365722244202854,4.997963285361496,3.139761596562468
-6.374864500876892,4.997980025373533,3.139761596562468
-6.384006757550929,4.99799676538557,3.139761596562468
-6.391320562890159,4.998010157395199,3.139761596562468
-6.398634368229389,4.998023549404828,3.139761596562468
-6.404485412500772,4.998034263012532,3.139761596562468
-6.410336456772156,4.998044976620236,3.139761596562468
-6.415017292189264,4.998053547506399,3.139761596562468
-6.419698127606371,4.9980621183925615,3.139761596562468
-6.423442795940057,4.998068975101492,3.139761596562468
-6.427187464273742,4.998075831810422,3.139761596562468
-6.430183198940691,4.998081317177567,3.139761596562468
-6.432879360140944,4.998086254007997,3.139761596562468
-6.435575521341198,4.9980911908384265,3.139761596562468
-6.437732450301401,4.9980951403027705,3.139761596562468
-6.439889379261604,4.9980990897671145,3.139761596562468
-6.441614922429767,4.99810224933859,3.139761596562468
-6.443167911281113,4.998105092952918,3.139761596562468
-6.444720900132459,4.998107936567246,3.139761596562468
-6.445963291213536,4.998110211458708,3.139761596562468
-6.447205682294613,4.99811248635017,3.139761596562468
-6.448205680618229,4.9981143174061735,3.139761596562468
-6.449205678941845,4.998116148462177,3.139761596562468
-6.450205677265461,4.998117979518181,3.139761596562468
-6.451205675589077,4.998119810574185,3.139761596562468
-6.452205673912693,4.998121641630188,3.139761596562468
-6.453205672236309,4.998123472686192,3.139761596562468
-6.503205588417086,4.998215025486399,3.139761596562468
-6.553205504597863,4.998306578286606,3.139761596562468
-6.593205437542485,4.998379820526771,3.139761596562468
-6.633205370487107,4.998453062766936,3.139761596562468
-6.665205316842805,4.998511656559069,3.139761596562468
-6.697205263198502,4.998570250351202,3.139761596562468
-6.72280522028306,4.998617125384908,3.139761596562468
-6.748405177367618,4.998664000418614,3.139761596562468
-6.768885143035265,4.998701500445579,3.139761596562468
-6.789365108702911,4.998739000472543,3.139761596562468
-6.805749081237028,4.998769000494115,3.139761596562468
-6.822133053771146,4.998799000515687,3.139761596562468
-6.83524023179844,4.998823000532944,3.139761596562468
-6.848347409825734,4.998847000550201,3.139761596562468
-6.858833152247569,4.998866200564008,3.139761596562468
-6.869318894669404,4.998885400577814,3.139761596562468
-6.878756062849056,4.9989026805902395,3.139761596562468
-6.8881932310287075,4.998919960602665,3.139761596562468
-6.894694391330245,4.998931864611224,3.139761596562468
-6.901195551631782,4.9989437686197835,3.139761596562468
-6.906396479873012,4.9989532918266315,3.139761596562468
-6.911597408114242,4.9989628150334795,3.139761596562468
-6.9157581507072265,4.9989704335989575,3.139761596562468
-6.919918893300211,4.998978052164436,3.139761596562468
-6.923247487374598,4.998984147016818,3.139761596562468
-6.926576081448986,4.998990241869201,3.139761596562468
-6.929238956708496,4.998995117751107,3.139761596562468
-6.931901831968006,4.998999993633014,3.139761596562468
-6.934032132175614,4.999003894338538,3.139761596562468
-6.936162432383221,4.999007795044063,3.139761596562468
-6.9378666725493074,4.999010915608483,3.139761596562468
-6.939570912715394,4.999014036172904,3.139761596562468
-6.940934304848263,4.99901653262444,3.139761596562468
-6.942297696981131,4.999019029075976,3.139761596562468
-6.943388410687427,4.999021026237204,3.139761596562468
-6.944479124393722,4.999023023398433,3.139761596562468
-6.945479122717338,4.9990248544544365,3.139761596562468
-6.946479121040954,4.99902668551044,3.139761596562468
-6.94747911936457,4.999028516566444,3.139761596562468
-6.948479117688186,4.999030347622448,3.139761596562468
-6.949479116011802,4.999032178678451,3.139761596562468
-6.950479114335418,4.999034009734455,3.139761596562468
-7.000479030516195,4.999125562534662,3.139761596562468
-7.050478946696972,4.999217115334869,3.139761596562468
-7.090478879641594,4.999290357575034,3.139761596562468
-7.130478812586216,4.999363599815199,3.139761596562468
-7.162478758941914,4.999422193607332,3.139761596562468
-7.194478705297612,4.999480787399465,3.139761596562468
-7.2200786623821696,4.999527662433171,3.139761596562468
-7.2456786194667275,4.999574537466877,3.139761596562468
-7.266158585134374,4.999612037493842,3.139761596562468
-7.28663855080202,4.999649537520806,3.139761596562468
-7.303022523336137,4.999679537542378,3.139761596562468
-7.319406495870255,4.99970953756395,3.139761596562468
-7.332513673897549,4.999733537581207,3.139761596562468
-7.345620851924843,4.999757537598464,3.139761596562468
-7.356106594346678,4.999776737612271,3.139761596562468
-7.366592336768513,4.999795937626077,3.139761596562468
-7.3749809307059815,4.999811297637121,3.139761596562468
-7.38336952464345,4.999826657648166,3.139761596562468
-7.390080399793424,4.999838945657002,3.139761596562468
-7.396791274943399,4.999851233665838,3.139761596562468
-7.402159975063379,4.999861064072907,3.139761596562468
-7.407528675183358,4.999870894479976,3.139761596562468
-7.41236050529134,4.999879741846338,3.139761596562468
-7.417192335399322,4.9998885892127,3.139761596562468
-7.4205209294737084,4.999894684065083,3.139761596562468
-7.423849523548095,4.999900778917466,3.139761596562468
-7.426512398807605,4.999905654799372,3.139761596562468
-7.4291752740671155,4.999910530681278,3.139761596562468
-7.431305574274723,4.999914431386803,3.139761596562468
-7.43343587448233,4.999918332092328,3.139761596562468
-7.435140114648417,4.999921452656748,3.139761596562468
-7.436844354814503,4.999924573221168,3.139761596562468
-7.438207746947372,4.9999270696727045,3.139761596562468
-7.439571139080241,4.999929566124241,3.139761596562468
-7.440661852786536,4.999931563285469,3.139761596562468
-7.4417525664928315,4.9999335604466975,3.139761596562468
-7.442752564816447,4.999935391502701,3.139761596562468
-7.443752563140063,4.999937222558705,3.139761596562468
-7.444752561463679,4.999939053614709,3.139761596562468
-7.445752559787295,4.999940884670712,3.139761596562468
-7.446752558110911,4.999942715726716,3.139761596562468
-7.447752556434527,4.99994454678272,3.139761596562468
-7.447752556434527,4.99994454678272,-2.9863440779376287
-7.447752556434527,4.99994454678272,-2.844972408526088
-7.447752556434527,4.99994454678272,-2.703600739114547
-7.447752556434527,4.99994454678272,-2.5622290697030063
-7.447752556434527,4.99994454678272,-2.463268901114928
-7.447752556434527,4.99994454678272,-2.3742047493856577
-7.447752556434527,4.99994454678272,-2.2940470128293136
-7.447752556434527,4.99994454678272,-2.21388927627297
-7.447752556434527,4.99994454678272,-2.149763087027895
-7.447752556434527,4.99994454678272,-2.092049516707328
-7.447752556434527,4.99994454678272,-2.0401073034188175
-7.447752556434527,4.99994454678272,-1.993359311459158
-7.447752556434527,4.99994454678272,-1.9512861186954638
-7.447752556434527,4.99994454678272,-1.9134202452081401
-7.447752556434527,4.99994454678272,-1.8793409590695476
-7.447752556434527,4.99994454678272,-1.8486696015448154
-7.447752556434527,4.99994454678272,-1.8179982440200828
-7.447752556434527,4.99994454678272,-1.7934611580002966
-7.447752556434527,4.99994454678272,-1.7713777805824886
-7.447752556434527,4.99994454678272,-1.7515027409064619
-7.447752556434527,4.99994454678272,-1.7336152051980385
-7.447752556434527,4.99994454678272,-1.7175164230604565
-7.447752556434527,4.99994454678272,-1.7030275191366333
-7.447752556434527,4.99994454678272,-1.6885386152128101
-7.447752556434527,4.99994454678272,-1.6769474920737513
-7.447752556434527,4.99994454678272,-1.6665154812485983
-7.447752556434527,4.99994454678272,-1.6571266715059605
-7.447752556434527,4.99994454678272,-1.6486767427375868
-7.447752556434527,4.99994454678272,-1.6410718068460504
-7.447752556434527,4.99994454678272,-1.6342273645436673
-7.447752556434527,4.99994454678272,-1.6280673664715226
-7.447752556434527,4.99994454678272,-1.6225233682065932
-7.447752556434527,4.99994454678272,-1.616979369941663
-7.447752556434527,4.99994454678272,-1.6125441713297184
-7.447752556434527,4.99994454678272,-1.608552492578969
-7.447752556434527,4.99994454678272,-1.6049599817032942
-7.447752556434527,4.99994454678272,-1.6017267219151865
-7.447752556434527,4.99994454678272,-1.5988167881058906
-7.447752556434527,4.99994454678272,-1.5961978476775236
-7.447752556434527,4.99994454678272,-1.5938408012919936
-7.447752556434527,4.99994454678272,-1.5917194595450164
-7.447752556434527,4.99994454678272,-1.5898102519727366
-7.447752556434527,4.99994454678272,-1.5880919651576857
-7.447752556434527,4.99994454678272,-1.5865455070241385
-7.447752556434527,4.99994454678272,-1.5849990488905932
-7.447752556434527,4.99994454678272,-1.5837618823837556
-7.447752556434527,4.99994454678272,-1.5826484325276027
-7.447752556434527,4.99994454678272,-1.581646327657065
-7.447752556434527,4.99994454678272,-1.58074443327358
-7.447752556434527,4.99994454678272,-1.5799327283284441
-7.447752556434527,4.99994454678272,-1.579202193877822
-7.447752556434527,4.99994454678272,-1.5784716594272
-7.447752556434527,4.99994454678272,-1.577887231866702
-7.447752556434527,4.99994454678272,-1.5773612470622538
-7.447752556434527,4.99994454678272,-1.5768878607382506
-7.447752556434527,4.99994454678272,-1.5764618130466475
-7.447752556434527,4.99994454678272,-1.5760783701242052
-7.447752556434527,4.99994454678272,-1.5756949272017626
-7.447752556434527,4.99994454678272,-1.5753498285715641
-7.447752556434527,4.99994454678272,-1.5750775840966298
-7.447752556434527,4.99994454678272,-1.5748325640691891
-7.447752556434527,4.99994454678272,-1.5746120460444923
-7.447752556434527,4.99994454678272,-1.5744135798222645
-7.447752556434527,4.99994454678272,-1.5742349602222614
-7.447752556434527,4.99994454678272,-1.5740742025822567
-7.447752556434527,4.99994454678272,-1.5739134449422527
-7.447752556434527,4.99994454678272,-1.5737848388302502
-7.447752556434527,4.99994454678272,-1.5736690933294473
-7.447752556434527,4.99994454678272,-1.573564922378725
-7.447752556434527,4.99994454678272,-1.5734607514280021
-7.447752556434527,4.99994454678272,-1.5733565804772793
-7.447880568978794,4.949944710655103,-1.5733565804772793
-7.447995780268635,4.904944858140248,-1.5733565804772793
-7.448110991558476,4.859945005625393,-1.5733565804772793
-7.4482031605903485,4.823945123613509,-1.5733565804772793
-7.448295329622221,4.787945241601625,-1.5733565804772793
-7.448369064847719,4.759145335992118,-1.5733565804772793
-7.448442800073217,4.730345430382611,-1.5733565804772793
-7.448501788253615,4.707305505895006,-1.5733565804772793
-7.448560776434013,4.6842655814074,-1.5733565804772793
-7.448607966978331,4.665833641817316,-1.5733565804772793
-7.44865515752265,4.647401702227231,-1.5733565804772793
-7.448692909958105,4.632656150555164,-1.5733565804772793
-7.44873066239356,4.617910598883096,-1.5733565804772793
-7.448760864341924,4.606114157545442,-1.5733565804772793
-7.448791066290289,4.594317716207788,-1.5733565804772793
-7.44881522784898,4.584880563137665,-1.5733565804772793
-7.448839389407672,4.575443410067541,-1.5733565804772793
-7.448858718654625,4.567893687611442,-1.5733565804772793
-7.448878047901578,4.560343965155344,-1.5733565804772793
-7.448893511299141,4.554304187190465,-1.5733565804772793
-7.448908974696703,4.548264409225586,-1.5733565804772793
-7.448921345414753,4.543432586853683,-1.5733565804772793
-7.448933716132803,4.53860076448178,-1.5733565804772793
-7.448946086850853,4.533768942109877,-1.5733565804772793
-7.448954746353488,4.5303866664495445,-1.5733565804772793
-7.448963405856123,4.527004390789212,-1.5733565804772793
-7.448970333458231,4.524298570260947,-1.5733565804772793
-7.448977261060339,4.521592749732681,-1.5733565804772793
-7.448982803142025,4.519428093310069,-1.5733565804772793
-7.448988345223711,4.517263436887456,-1.5733565804772793
-7.448993333097229,4.515315246107105,-1.5733565804772793
-7.448998320970746,4.5133670553267535,-1.5733565804772793
-7.449001757061392,4.5120249683447335,-1.5733565804772793
-7.449005193152038,4.510682881362714,-1.5733565804772793
-7.449007942024554,4.509609211777097,-1.5733565804772793
-7.449010690897071,4.508535542191481,-1.5733565804772793
-7.449013251147956,4.5075355454689285,-1.5733565804772793
-7.449015811398841,4.506535548746376,-1.5733565804772793
-7.449018371649726,4.505535552023823,-1.5733565804772793
-7.449020931900611,4.5045355553012705,-1.5733565804772793
-7.449148944444878,4.454535719173654,-1.5733565804772793
-7.449276956989145,4.404535883046037,-1.5733565804772793
-7.449379367024559,4.364536014143944,-1.5733565804772793
-7.449481777059972,4.324536145241851,-1.5733565804772793
-7.449573946091845,4.288536263229966,-1.5733565804772793
-7.449666115123717,4.252536381218082,-1.5733565804772793
-7.449729609345674,4.227736462498784,-1.5733565804772793
-7.449793103567631,4.2029365437794866,-1.5733565804772793
-7.449843898945196,4.183096608804048,-1.5733565804772793
-7.4498946943227615,4.163256673828609,-1.5733565804772793
-7.449935330624814,4.147384725848259,-1.5733565804772793
-7.449975966926866,4.131512777867908,-1.5733565804772793
-7.450008475968508,4.118815219483627,-1.5733565804772793
-7.450040985010149,4.106117661099347,-1.5733565804772793
-7.450066992243463,4.095959614391923,-1.5733565804772793
-7.450092999476777,4.0858015676844985,-1.5733565804772793
-7.4501138052634275,4.077675130318559,-1.5733565804772793
-7.450134611050078,4.069548692952619,-1.5733565804772793
-7.450151255679399,4.063047543059867,-1.5733565804772793
-7.4501679003087204,4.056546393167116,-1.5733565804772793
-7.450181216012177,4.051345473252915,-1.5733565804772793
-7.450194531715633,4.0461445533387135,-1.5733565804772793
-7.450205184278398,4.041983817407353,-1.5733565804772793
-7.4502158368411635,4.037823081475992,-1.5733565804772793
-7.450226489403929,4.033662345544631,-1.5733565804772793
-7.450233946197864,4.030749830392678,-1.5733565804772793
-7.450241402991799,4.027837315240726,-1.5733565804772793
-7.450247368426948,4.025507303119164,-1.5733565804772793
-7.450253333862096,4.023177290997602,-1.5733565804772793
-7.450258106210215,4.021313281300352,-1.5733565804772793
-7.450262878558333,4.0194492716031025,-1.5733565804772793
-7.450266696436828,4.0179580638453025,-1.5733565804772793
-7.450270514315323,4.0164668560875025,-1.5733565804772793
-7.45027356861812,4.0152738898812625,-1.5733565804772793
-7.450276622920916,4.014080923675023,-1.5733565804772793
-7.450279371793433,4.013007254089406,-1.5733565804772793
-7.450282120665949,4.01193358450379,-1.5733565804772793
-7.450284680916834,4.0109335877812375,-1.5733565804772793
-7.450287241167719,4.009933591058685,-1.5733565804772793
-7.450289801418604,4.008933594336132,-1.5733565804772793
-7.450292361669489,4.0079335976135795,-1.5733565804772793
-7.450420374213756,3.957933761485963,-1.5733565804772793
-7.450548386758023,3.9079339253583463,-1.5733565804772793
-7.45067639930229,3.8579340892307297,-1.5733565804772793
-7.4508044118465575,3.807934253103113,-1.5733565804772793
-7.450932424390825,3.7579344169754965,-1.5733565804772793
-7.451060436935092,3.70793458084788,-1.5733565804772793
-7.451188449479359,3.6579347447202633,-1.5733565804772793
-7.451316462023626,3.6079349085926467,-1.5733565804772793
-7.451444474567893,3.55793507246503,-1.5733565804772793
-7.45157248711216,3.5079352363374134,-1.5733565804772793
-7.451700499656427,3.457935400209797,-1.5733565804772793
-7.451828512200694,3.4079355640821802,-1.5733565804772793
-7.451956524744961,3.3579357279545636,-1.5733565804772793
-7.452084537289228,3.307935891826947,-1.5733565804772793
-7.4522125498334955,3.2579360556993304,-1.5733565804772793
-7.4521485435613615,3.2829359737631387,-1.5733565804772793
-7.4520845372892275,3.307935891826947,-1.5733565804772793
-7.452033332271521,3.3279358262779937,-1.5733565804772793
-7.451982127253814,3.3479357607290403,-1.5733565804772793
-7.451936042737877,3.3659357017349825,-1.5733565804772793
-7.451899687175305,3.3801356551952257,-1.5733565804772793
-7.451863331612733,3.394335608655469,-1.5733565804772793
-7.451834247162676,3.4056955714236636,-1.5733565804772793
-7.451805162712619,3.4170555341918583,-1.5733565804772793
-7.451781895152573,3.4261435044064137,-1.5733565804772793
-7.451758627592527,3.435231474620969,-1.5733565804772793
-7.45174001354449,3.4425018507926137,-1.5733565804772793
-7.4517232609012565,3.449045189347094,-1.5733565804772793
-7.451706508258023,3.455588527901574,-1.5733565804772793
-7.451691430879113,3.461477532600606,-1.5733565804772793
-7.451676353500203,3.4673665372996383,-1.5733565804772793
-7.451665966861399,3.471423407203416,-1.5733565804772793
-7.451655580222595,3.4754802771071938,-1.5733565804772793
-7.451647270911551,3.4787257730302157,-1.5733565804772793
-7.451638961600508,3.4819712689532376,-1.5733565804772793
-7.451632314151673,3.4845676656916553,-1.5733565804772793
-7.451625666702838,3.487164062430073,-1.5733565804772793
-7.45162034874377,3.489241179820807,-1.5733565804772793
-7.451615030784702,3.491318297211541,-1.5733565804772793
-7.451610776417448,3.492979991124128,-1.5733565804772793
-7.451606522050194,3.4946416850367155,-1.5733565804772793
-7.451603118556391,3.4959710401667854,-1.5733565804772793
-7.451599715062588,3.4973003952968553,-1.5733565804772793
-7.451596992267545,3.498363879400911,-1.5733565804772793
-7.451594269472502,3.499427363504967,-1.5733565804772793
-7.451591546677459,3.5004908476090226,-1.5733565804772793
-7.451588986426574,3.501490844331575,-1.5733565804772793
-7.451586426175689,3.502490841054127,-1.5733565804772793
-7.451583865924804,3.5034908377766794,-1.5733565804772793
-7.451583865924804,3.5034908377766794,-1.730436213156769
-7.451583865924804,3.5034908377766794,-1.8875158458362586
-7.451583865924804,3.5034908377766794,-2.0131795519798503
-7.451583865924804,3.5034908377766794,-2.126276887509083
-7.451583865924804,3.5034908377766794,-2.2280644894853925
-7.451583865924804,3.5034908377766794,-2.3196733312640703
-7.451583865924804,3.5034908377766794,-2.4021212888648806
-7.451583865924804,3.5034908377766794,-2.47632445070561
-7.451583865924804,3.5034908377766794,-2.5431072963622667
-7.451583865924804,3.5034908377766794,-2.6032118574532577
-7.451583865924804,3.5034908377766794,-2.6573059624351494
-7.451583865924804,3.5034908377766794,-2.705990656918852
-7.451583865924804,3.5034908377766794,-2.7498068819541843
-7.451583865924804,3.5034908377766794,-2.7936231069895165
-7.451583865924804,3.5034908377766794,-2.8286760870177825
-7.451583865924804,3.5034908377766794,-2.860223769043222
-7.451583865924804,3.5034908377766794,-2.8886166828661173
-7.451583865924804,3.5034908377766794,-2.9170095966890126
-7.451583865924804,3.5034908377766794,-2.9425632191296183
-7.451583865924804,3.5034908377766794,-2.968116841570224
-7.451583865924804,3.5034908377766794,-2.985720448140419
-7.451583865924804,3.5034908377766794,-3.0015636940535946
-7.451583865924804,3.5034908377766794,-3.01740693996677
-7.451583865924804,3.5034908377766794,-3.0300815366973106
-7.451583865924804,3.5034908377766794,-3.041488673754797
-7.451583865924804,3.5034908377766794,-3.051755097106535
-7.451583865924804,3.5034908377766794,-3.0609948781230987
-7.451583865924804,3.5034908377766794,-3.069310681038006
-7.451583865924804,3.5034908377766794,-3.076794903661423
-7.451583865924804,3.5034908377766794,-3.083530704022498
-7.451583865924804,3.5034908377766794,-3.0902665043835733
-7.451583865924804,3.5034908377766794,-3.0956551446724334
-7.451583865924804,3.5034908377766794,-3.1005049209324076
-7.451583865924804,3.5034908377766794,-3.1048697195663846
-7.451583865924804,3.5034908377766794,-3.1092345182003616
-7.451583865924804,3.5034908377766794,-3.1135993168343385
-7.451583865924804,3.5034908377766794,-3.1166546758781224
-7.451583865924804,3.5034908377766794,-3.1194044990175276
-7.451583865924804,3.5034908377766794,-3.1218793398429923
-7.451583865924804,3.5034908377766794,-3.1241066965859106
-7.451583865924804,3.5034908377766794,-3.126111317654537
-7.451583865924804,3.5034908377766794,-3.127915476616301
-7.451583865924804,3.5034908377766794,-3.1295392196818885
-7.451583865924804,3.5034908377766794,-3.131000588440917
-7.451583865924804,3.5034908377766794,-3.132315820324043
-7.451583865924804,3.5034908377766794,-3.1334995290188563
-7.451583865924804,3.5034908377766794,-3.1346832377136695
-7.451583865924804,3.5034908377766794,-3.1357485755390013
-7.451583865924804,3.5034908377766794,-3.1366955424948517
-7.451583865924804,3.5034908377766794,-3.137441278972584
-7.451583865924804,3.5034908377766794,-3.138112441802543
-7.451583865924804,3.5034908377766794,-3.1387164883495062
-7.451583865924804,3.5034908377766794,-3.139260130241773
-7.451583865924804,3.5034908377766794,-3.139749407944813
-7.451583865924804,3.5034908377766794,-3.1401897578775495
-7.451583865924804,3.5034908377766794,-3.140586072817012
-7.451583865924804,3.5034908377766794,-3.140982387756474
-7.451583865924804,3.5034908377766794,-3.1413787026959366
-7.451583865924804,3.5034908377766794,3.1415291840260258
-7.451583865924804,3.5034908377766794,3.1412795056141642
-7.451583865924804,3.5034908377766794,3.141054795043489
-7.451583865924804,3.5034908377766794,3.140852555529881
-7.451583865924804,3.5034908377766794,3.140670539967634
-7.451583865924804,3.5034908377766794,3.1405067259616115
-7.451583865924804,3.5034908377766794,3.1403592933561915
-7.451583865924804,3.5034908377766794,3.1402266040113136
-7.451583865924804,3.5034908377766794,3.1401071836009233
-7.451583865924804,3.5034908377766794,3.139987763190533
-7.5015838015329885,3.5035710822621953,3.139987763190533
-7.551583737141173,3.503651326747711,3.139987763190533
-7.59158368562772,3.503715522336124,3.139987763190533
-7.631583634114267,3.5037797179245365,3.139987763190533
-7.663583592903505,3.5038310743952668,3.139987763190533
-7.695583551692743,3.503882430865997,3.139987763190533
-7.721183518724133,3.503923516042581,3.139987763190533
-7.746783485755523,3.503964601219165,3.139987763190533
-7.767263459380635,3.5039974693604323,3.139987763190533
-7.787743433005747,3.5040303375016997,3.139987763190533
-7.804127411905837,3.5040566320147133,3.139987763190533
-7.820511390805927,3.504082926527727,3.139987763190533
-7.835256971816007,3.5041065915894394,3.139987763190533
-7.850002552826088,3.504130256651152,3.139987763190533
-7.860160619744144,3.5041465592492202,3.139987763190533
-7.870318686662199,3.5041628618472886,3.139987763190533
-7.879460946888449,3.5041775341855503,3.139987763190533
-7.888603207114699,3.504192206523812,3.139987763190533
-7.894901208603894,3.5042023141346146,3.139987763190533
-7.901199210093089,3.504212421745417,3.139987763190533
-7.906867411433364,3.5042215185951395,3.139987763190533
-7.912535612773639,3.504230615444862,3.139987763190533
-7.91644037369694,3.5042368821635597,3.139987763190533
-7.9203451346202405,3.5042431488822574,3.139987763190533
-7.923859419451211,3.504248788929085,3.139987763190533
-7.927373704282181,3.504254428975913,3.139987763190533
-7.929794656054628,3.5042583143415054,3.139987763190533
-7.932215607827074,3.5042621997070977,3.139987763190533
-7.934394464422276,3.504265696536131,3.139987763190533
-7.936573321017478,3.5042691933651646,3.139987763190533
-7.938074311116394,3.504271602291832,3.139987763190533
-7.939575301215311,3.5042740112184996,3.139987763190533
-7.940926192304336,3.5042761792525003,3.139987763190533
-7.942277083393361,3.504278347286501,3.139987763190533
-7.943342786363592,3.504280057624435,3.139987763190533
-7.944408489333823,3.504281767962369,3.139987763190533
-7.945408488045987,3.5042833728520795,3.139987763190533
-7.946408486758151,3.50428497774179,3.139987763190533
-7.947408485470315,3.5042865826315004,3.139987763190533
-7.948408484182479,3.504288187521211,3.139987763190533
-7.9494084828946425,3.5042897924109213,3.139987763190533
-7.950408481606806,3.5042913973006318,3.139987763190533
-7.95140848031897,3.5042930021903422,3.139987763190533
-8.001408415927154,3.504373246675858,3.139987763190533
-8.051408351535338,3.504453491161374,3.139987763190533
-8.091408300021886,3.5045176867497867,3.139987763190533
-8.131408248508434,3.5045818823381993,3.139987763190533
-8.163408207297671,3.5046332388089296,3.139987763190533
-8.195408166086908,3.50468459527966,3.139987763190533
-8.221008133118298,3.504725680456244,3.139987763190533
-8.246608100149688,3.504766765632828,3.139987763190533
-8.2670880737748,3.504799633774095,3.139987763190533
-8.287568047399914,3.5048325019153626,3.139987763190533
-8.303952026300003,3.504858796428376,3.139987763190533
-8.320336005200092,3.50488509094139,3.139987763190533
-8.333443188320164,3.5049061265518007,3.139987763190533
-8.346550371440236,3.5049271621622116,3.139987763190533
-8.357036117936293,3.50494399065054,3.139987763190533
-8.366473289782745,3.504959136290036,3.139987763190533
-8.375910461629196,3.504974281929532,3.139987763190533
-8.383460199106358,3.5049863984411287,3.139987763190533
-8.391009936583519,3.5049985149527254,3.139987763190533
-8.397049726565248,3.505008208162003,3.139987763190533
-8.403089516546977,3.5050179013712803,3.139987763190533
-8.40792134853236,3.5050256559387023,3.139987763190533
-8.412753180517743,3.5050334105061243,3.139987763190533
-8.41661864610605,3.505039614160062,3.139987763190533
-8.420484111694357,3.5050458178139996,3.139987763190533
-8.423576484165002,3.50505078073715,3.139987763190533
-8.426668856635647,3.5050557436603,3.139987763190533
-8.429451991859228,3.505060210291135,3.139987763190533
-8.432235127082809,3.50506467692197,3.139987763190533
-8.434152398014609,3.505067753934323,3.139987763190533
-8.43606966894641,3.505070830946676,3.139987763190533
-8.437603485691849,3.5050732925565584,3.139987763190533
-8.439137302437288,3.505075754166441,3.139987763190533
-8.44036435583364,3.505077723454347,3.139987763190533
-8.441591409229993,3.505079692742253,3.139987763190533
-8.442591407942157,3.5050812976319636,3.139987763190533
-8.44359140665432,3.505082902521674,3.139987763190533
-8.444591405366484,3.5050845074113846,3.139987763190533
-8.445591404078648,3.505086112301095,3.139987763190533
-8.446591402790812,3.5050877171908055,3.139987763190533
-8.447591401502976,3.505089322080516,3.139987763190533
-8.49759133711116,3.505169566566032,3.139987763190533
-8.547591272719345,3.5052498110515478,3.139987763190533
-8.59259121476671,3.505322031088512,3.139987763190533
-8.637591156814075,3.505394251125476,3.139987763190533
-8.668591116891148,3.5054440027064957,3.139987763190533
-8.699591076968222,3.5054937542875155,3.139987763190533
-8.724391045029881,3.5055335555523315,3.139987763190533
-8.74919101309154,3.5055733568171474,3.139987763190533
-8.769030987540868,3.505605197829,3.139987763190533
-8.788870961990195,3.5056370388408524,3.139987763190533
-8.80672693899459,3.50566569575152,3.139987763190533
-8.824582915998985,3.5056943526621875,3.139987763190533
-8.838669297858008,3.505716959780603,3.139987763190533
-8.852755679717031,3.5057395668990186,3.139987763190533
-8.86223918750381,3.505754786902684,3.139987763190533
-8.87172269529059,3.5057700069063493,3.139987763190533
-8.879309501520012,3.505782182909282,3.139987763190533
-8.886896307749435,3.5057943589122145,3.139987763190533
-8.892965752732973,3.5058040997145605,3.139987763190533
-8.899035197716511,3.5058138405169066,3.139987763190533
-8.903890753703342,3.5058216331587833,3.139987763190533
-8.908746309690173,3.50582942580066,3.139987763190533
-8.913601865677004,3.5058372184425366,3.139987763190533
-8.918457421663835,3.5058450110844133,3.139987763190533
-8.923312977650665,3.50585280372629,3.139987763190533
-8.928168533637496,3.5058605963681666,3.139987763190533
-8.930110756032228,3.505863713424917,3.139987763190533
-8.93205297842696,3.5058668304816676,3.139987763190533
-8.933800978582218,3.505869635832743,3.139987763190533
-8.935548978737476,3.5058724411838185,3.139987763190533
-8.93675315662221,3.505874373759004,3.139987763190533
-8.937957334506944,3.50587630633419,3.139987763190533
-8.938957333219108,3.5058779112239002,3.139987763190533
-8.939957331931272,3.5058795161136107,3.139987763190533
-8.940957330643435,3.505881121003321,3.139987763190533
-8.9419573293556,3.5058827258930316,3.139987763190533
-8.942957328067763,3.505884330782742,3.139987763190533
-8.992957263675947,3.505964575268258,3.139987763190533
-9.037957205723313,3.506036795305222,3.139987763190533
-9.082957147770678,3.506109015342186,3.139987763190533
-9.11895710140857,3.5061667913717574,3.139987763190533
-9.154957055046463,3.5062245674013286,3.139987763190533
-9.183757017956777,3.5062707882249855,3.139987763190533
-9.212556980867092,3.5063170090486424,3.139987763190533
-9.235596951195342,3.506353985707568,3.139987763190533
-9.258636921523593,3.5063909623664933,3.139987763190533
-9.277068897786194,3.506420543693634,3.139987763190533
-9.295500874048795,3.5064501250207747,3.139987763190533
-9.310246455058875,3.506473790082487,3.139987763190533
-9.324992036068956,3.5064974551441996,3.139987763190533
-9.33678850087702,3.5065163871935696,3.139987763190533
-9.348584965685085,3.5065353192429396,3.139987763190533
-9.360381430493149,3.5065542512923096,3.139987763190533
-9.372177895301213,3.5065731833416796,3.139987763190533
-9.379255774186053,3.5065845425713014,3.139987763190533
-9.386333653070892,3.506595901800923,3.139987763190533
-9.391995956178762,3.5066049891846207,3.139987763190533
-9.397658259286633,3.5066140765683183,3.139987763190533
-9.40218810177293,3.5066213464752765,3.139987763190533
-9.406717944259228,3.5066286163822347,3.139987763190533
-9.410341818248265,3.506634432307801,3.139987763190533
-9.413965692237301,3.5066402482333676,3.139987763190533
-9.417227178827435,3.5066454825663773,3.139987763190533
-9.420488665417569,3.506650716899387,3.139987763190533
-9.422735467290773,3.506654322773238,3.139987763190533
-9.424982269163976,3.506657928647089,3.139987763190533
-9.42700439084986,3.5066611739335554,3.139987763190533
-9.429026512535742,3.5066644192200216,3.139987763190533
-9.430419529697128,3.5066666548618093,3.139987763190533
-9.431673245142376,3.5066686669394183,3.139987763190533
-9.432926960587624,3.5066706790170272,3.139987763190533
-9.43392993294382,3.5066722886791144,3.139987763190533
-9.434932905300018,3.5066738983412016,3.139987763190533
-9.435932904012182,3.506675503230912,3.139987763190533
-9.436932902724346,3.5066771081206225,3.139987763190533
-9.43793290143651,3.506678713010333,3.139987763190533
-9.438932900148673,3.5066803179000434,3.139987763190533
-9.439932898860837,3.506681922789754,3.139987763190533
-9.439932898860837,3.506681922789754,2.9829081305110434
-9.439932898860837,3.506681922789754,2.8258284978315538
-9.439932898860837,3.506681922789754,2.700164791687962
-9.439932898860837,3.506681922789754,2.5870674561587292
-9.439932898860837,3.506681922789754,2.48527985418242
-9.439932898860837,3.506681922789754,2.383492252206111
-9.439932898860837,3.506681922789754,2.3020621706250637
-9.439932898860837,3.506681922789754,2.2206320890440168
-9.439932898860837,3.506681922789754,2.1554880237791783
-9.439932898860837,3.506681922789754,2.096858365040824
-9.439932898860837,3.506681922789754,2.044091672176305
-9.439932898860837,3.506681922789754,1.996601648598239
-9.439932898860837,3.506681922789754,1.9538606273779786
-9.439932898860837,3.506681922789754,1.9153937082797445
-9.439932898860837,3.506681922789754,1.8807734810913332
-9.439932898860837,3.506681922789754,1.8461532539029226
-9.439932898860837,3.506681922789754,1.818457072152193
-9.439932898860837,3.506681922789754,1.7935305085765376
-9.439932898860837,3.506681922789754,1.771096601358448
-9.439932898860837,3.506681922789754,1.750906084862166
-9.439932898860837,3.506681922789754,1.7327346200155136
-9.439932898860837,3.506681922789754,1.7145631551688607
-9.439932898860837,3.506681922789754,1.698208836806873
-9.439932898860837,3.506681922789754,1.6853070967657497
-9.439932898860837,3.506681922789754,1.6736955307287384
-9.439932898860837,3.506681922789754,1.6632451212954285
-9.439932898860837,3.506681922789754,1.6538397528054491
-9.439932898860837,3.506681922789754,1.6444343843154698
-9.439932898860837,3.506681922789754,1.6369100895234867
-9.439932898860837,3.506681922789754,1.630138224210702
-9.439932898860837,3.506681922789754,1.6240435454291953
-9.439932898860837,3.506681922789754,1.6179488666476882
-9.439932898860837,3.506681922789754,1.6130731236224833
-9.439932898860837,3.506681922789754,1.6086849548997986
-9.439932898860837,3.506681922789754,1.6047356030493822
-9.439932898860837,3.506681922789754,1.6011811863840075
-9.439932898860837,3.506681922789754,1.5979822113851705
-9.439932898860837,3.506681922789754,1.595103133886217
-9.439932898860837,3.506681922789754,1.5925119641371595
-9.439932898860837,3.506681922789754,1.5899207943881017
-9.439932898860837,3.506681922789754,1.5878478585888551
-9.439932898860837,3.506681922789754,1.5859822163695325
-9.439932898860837,3.506681922789754,1.5843031383721433
-9.439932898860837,3.506681922789754,1.5827919681744929
-9.439932898860837,3.506681922789754,1.5814319149966072
-9.439932898860837,3.506681922789754,1.5802078671365103
-9.439932898860837,3.506681922789754,1.5791062240624227
-9.439932898860837,3.506681922789754,1.5780045809883354
-9.439932898860837,3.506681922789754,1.576902937914248
-9.439932898860837,3.506681922789754,1.576131787762387
-9.439932898860837,3.506681922789754,1.575360637610526
-9.439932898860837,3.506681922789754,1.5747437174890366
-9.439932898860837,3.506681922789754,1.5741884893796967
-9.439932898860837,3.506681922789754,1.5736887840812905
-9.439932898860837,3.506681922789754,1.5732390493127255
-9.439932898860837,3.506681922789754,1.5728342880210162
-9.439932898860837,3.506681922789754,1.572470002858478
-9.439932898860837,3.506681922789754,1.5721421462121945
-9.439932898860837,3.506681922789754,1.5718470752305385
-9.439932898860837,3.506681922789754,1.5715815113470482
-9.439932898860837,3.506681922789754,1.5713425038519073
-9.439932898860837,3.506681922789754,1.5711273971062802
-9.439932898860837,3.506681922789754,1.5709338010352154
-9.439932898860837,3.506681922789754,1.570759564571258
-9.439932898860837,3.506681922789754,1.570602751753696
-9.439932898860837,3.506681922789754,1.5704616202178898
-9.439932898860837,3.506681922789754,1.5703346018356643
-9.439932898860837,3.506681922789754,1.570220285291662
-9.439932898860837,3.506681922789754,1.5701059687476595
-9.439932898860837,3.506681922789754,1.5699916522036566
-9.439892665135616,3.5566819066022246,1.5699916522036566
-9.439852431410396,3.6066818904146953,1.5699916522036566
-9.43982024443022,3.646681877464672,1.5699916522036566
-9.439788057450043,3.686681864514649,1.5699916522036566
-9.439762307865902,3.7186818541546303,1.5699916522036566
-9.43973655828176,3.7506818437946117,1.5699916522036566
-9.439715958614448,3.776281835506597,1.5699916522036566
-9.439695358947136,3.801881827218582,1.5699916522036566
-9.439678879213286,3.82236182058817,1.5699916522036566
-9.439662399479436,3.8428418139577585,1.5699916522036566
-9.439649215692356,3.859225808653429,1.5699916522036566
-9.439636031905275,3.8756098033490995,1.5699916522036566
-9.439624166496904,3.890355398575203,1.5699916522036566
-9.439612301088532,3.9051009938013066,1.5699916522036566
-9.439604127140543,3.9152590705126222,1.5699916522036566
-9.439595953192553,3.925417147223938,1.5699916522036566
-9.439589414034161,3.9335436085929905,1.5699916522036566
-9.43958287487577,3.941670069962043,1.5699916522036566
-9.439577643549056,3.948171239057285,1.5699916522036566
-9.439572412222342,3.954672408152527,1.5699916522036566
-9.43956822716097,3.9598733434287205,1.5699916522036566
-9.4395640420996,3.9650742787049142,1.5699916522036566
-9.439560694050503,3.969235026925869,1.5699916522036566
-9.439557346001406,3.9733957751468236,1.5699916522036566
-9.43955466756213,3.9767243737235876,1.5699916522036566
-9.439551989122853,3.9800529723003515,1.5699916522036566
-9.439549310683576,3.9833815708771154,1.5699916522036566
-9.4395466322443,3.9867101694538793,1.5699916522036566
-9.439543953805023,3.9900387680306433,1.5699916522036566
-9.439542614585385,3.9917030673190252,1.5699916522036566
-9.439541275365746,3.993367366607407,1.5699916522036566
-9.439540203990035,3.994698806038113,1.5699916522036566
-9.439539132614323,3.9960302454688184,1.5699916522036566
-9.439538275513755,3.997095397013383,1.5699916522036566
-9.439537418413186,3.9981605485579474,1.5699916522036566
-9.439536613738682,3.999160548234197,1.5699916522036566
-9.439535809064177,4.000160547910446,1.5699916522036566
-9.439535004389672,4.001160547586696,1.5699916522036566
-9.439534199715167,4.002160547262945,1.5699916522036566
-9.439533395040662,4.003160546939195,1.5699916522036566
-9.439493161315442,4.053160530751666,1.5699916522036566
-9.43945292759022,4.103160514564137,1.5699916522036566
-9.439420740610045,4.143160501614114,1.5699916522036566
-9.439388553629868,4.1831604886640905,1.5699916522036566
-9.439362804045727,4.215160478304072,1.5699916522036566
-9.439337054461586,4.247160467944053,1.5699916522036566
-9.439316454794273,4.2727604596560385,1.5699916522036566
-9.43929585512696,4.298360451368024,1.5699916522036566
-9.439279375393111,4.318840444737612,1.5699916522036566
-9.439262895659262,4.3393204381072,1.5699916522036566
-9.439249711872181,4.35570443280287,1.5699916522036566
-9.4392365280851,4.37208842749854,1.5699916522036566
-9.439225981055436,4.385195623255076,1.5699916522036566
-9.439215434025773,4.3983028190116125,1.5699916522036566
-9.43920699640204,4.408788575616842,1.5699916522036566
-9.439198558778308,4.419274332222071,1.5699916522036566
-9.439191808679324,4.427662937506255,1.5699916522036566
-9.439185058580339,4.436051542790438,1.5699916522036566
-9.439179658501152,4.442762427017785,1.5699916522036566
-9.439174258421964,4.449473311245131,1.5699916522036566
-9.439169398350694,4.455513107049743,1.5699916522036566
-9.439164538279424,4.461552902854355,1.5699916522036566
-9.439159678208155,4.467592698658967,1.5699916522036566
-9.439154818136885,4.473632494463579,1.5699916522036566
-9.439149958065615,4.479672290268191,1.5699916522036566
-9.439148068037898,4.482021099747762,1.5699916522036566
-9.439146178010182,4.484369909227333,1.5699916522036566
-9.439144665988008,4.486248956810989,1.5699916522036566
-9.439143153965835,4.488128004394646,1.5699916522036566
-9.439141944348098,4.489631242461572,1.5699916522036566
-9.43914073473036,4.491134480528498,1.5699916522036566
-9.43913976703617,4.492337070982038,1.5699916522036566
-9.43913879934198,4.4935396614355785,1.5699916522036566
-9.439137994667476,4.494539661111828,1.5699916522036566
-9.439137189992971,4.4955396607880775,1.5699916522036566
-9.439136385318466,4.496539660464327,1.5699916522036566
-9.439135580643962,4.497539660140577,1.5699916522036566
-9.439134775969457,4.498539659816826,1.5699916522036566
-9.439133971294952,4.499539659493076,1.5699916522036566
-9.439093737569731,4.549539643305547,1.5699916522036566
-9.439057527217033,4.59453962873677,1.5699916522036566
-9.439021316864334,4.639539614167994,1.5699916522036566
-9.438992348582175,4.675539602512973,1.5699916522036566
-9.438963380300017,4.711539590857953,1.5699916522036566
-9.43894020567429,4.740339581533936,1.5699916522036566
-9.438919348511137,4.766259573142321,1.5699916522036566
-9.438898491347983,4.792179564750706,1.5699916522036566
-9.43888180561746,4.812915558037414,1.5699916522036566
-9.438865119886936,4.833651551324122,1.5699916522036566
-9.438851771302517,4.850240345953488,1.5699916522036566
-9.438838422718097,4.866829140582855,1.5699916522036566
-9.438827743850563,4.880100176286348,1.5699916522036566
-9.438817064983029,4.893371211989841,1.5699916522036566
-9.438808521889001,4.903988040552635,1.5699916522036566
-9.438799978794973,4.914604869115429,1.5699916522036566
-9.438793144319751,4.923098331965665,1.5699916522036566
-9.438786309844529,4.931591794815901,1.5699916522036566
-9.438780842264352,4.938386565096089,1.5699916522036566
-9.438775374684175,4.945181335376278,1.5699916522036566
-9.438771000620033,4.9506171516004285,1.5699916522036566
-9.438766626555891,4.956052967824579,1.5699916522036566
-9.438763127304577,4.9604016208039,1.5699916522036566
-9.438759977978394,4.964315408485288,1.5699916522036566
-9.438756828652211,4.968229196166677,1.5699916522036566
-9.438754309191266,4.971360226311788,1.5699916522036566
-9.43875178973032,4.974491256456899,1.5699916522036566
-9.438749270269374,4.97762228660201,1.5699916522036566
-9.438746750808429,4.980753316747121,1.5699916522036566
-9.438745239131862,4.982631934834187,1.5699916522036566
-9.438743727455295,4.984510552921254,1.5699916522036566
-9.43874251811404,4.986013447390907,1.5699916522036566
-9.438741308772785,4.987516341860561,1.5699916522036566
-9.438740341299782,4.988718657436283,1.5699916522036566
-9.43873937382678,4.989920973012005,1.5699916522036566
-9.438738569152274,4.990920972688254,1.5699916522036566
-9.43873776447777,4.991920972364504,1.5699916522036566
-9.438736959803265,4.9929209720407535,1.5699916522036566
-9.43873615512876,4.993920971717003,1.5699916522036566
-9.438735350454255,4.9949209713932525,1.5699916522036566
