-9.45,-5.45,0.0
-9.35,-5.45,0.0
-9.25,-5.45,0.0
-9.15,-5.45,0.0
-9.05,-5.45,0.0
-8.950000000000001,-5.45,0.0
-8.850000000000001,-5.45,0.0
-8.750000000000002,-5.45,0.0
-8.650000000000002,-5.45,0.0
-8.550000000000002,-5.45,0.0
-8.450000000000003,-5.45,0.0
-8.350000000000003,-5.45,0.0
-8.250000000000004,-5.45,0.0
-8.150000000000004,-5.45,0.0
-8.050000000000004,-5.45,0.0
-7.950000000000005,-5.45,0.0
-7.850000000000005,-5.45,0.0
-7.750000000000005,-5.45,0.0
-7.650000000000006,-5.45,0.0
-7.550000000000006,-5.45,0.0
-7.450000000000006,-5.45,0.0
-7.350000000000007,-5.45,0.0
-7.250000000000007,-5.45,0.0
-7.1500000000000075,-5.45,0.0
-7.050000000000008,-5.45,0.0
-6.950000000000008,-5.45,0.0
-6.8500000000000085,-5.45,0.0
-6.750000000000009,-5.45,0.0
-6.650000000000009,-5.45,0.0
-6.55000000000001,-5.45,0.0
-6.45000000000001,-5.45,0.0
-6.35000000000001,-5.45,0.0
-6.250000000000011,-5.45,0.0
-6.150000000000011,-5.45,0.0
-6.050000000000011,-5.45,0.0
-5.950000000000012,-5.45,0.0
-5.850000000000012,-5.45,0.0
-5.750000000000012,-5.45,0.0
-5.650000000000013,-5.45,0.0
-5.550000000000013,-5.45,0.0
-5.4500000000000135,-5.45,0.0
-5.350000000000014,-5.45,0.0
-5.250000000000014,-5.45,0.0
-5.150000000000015,-5.45,0.0
-5.050000000000015,-5.45,0.0
-4.950000000000015,-5.45,0.0
-4.850000000000016,-5.45,0.0
-4.750000000000016,-5.45,0.0
-4.650000000000016,-5.45,0.0
-4.550000000000017,-5.45,0.0
-4.450000000000017,-5.45,0.0
-4.350000000000017,-5.45,0.0
-4.250000000000018,-5.45,0.0
-4.150000000000018,-5.45,0.0
-4.0500000000000185,-5.45,0.0
-3.9500000000000184,-5.45,0.0
-3.8500000000000183,-5.45,0.0
-3.750000000000018,-5.45,0.0
-3.650000000000018,-5.45,0.0
-3.550000000000018,-5.45,0.0
-3.450000000000018,-5.45,0.0
-3.350000000000018,-5.45,0.0
-3.2500000000000178,-5.45,0.0
-3.1500000000000177,-5.45,0.0
-3.0500000000000176,-5.45,0.0
-2.9500000000000175,-5.45,0.0
-2.8500000000000174,-5.45,0.0
-2.7500000000000173,-5.45,0.0
-2.6500000000000172,-5.45,0.0
-2.550000000000017,-5.45,0.0
-2.450000000000017,-5.45,0.0
-2.350000000000017,-5.45,0.0
-2.250000000000017,-5.45,0.0
-2.150000000000017,-5.45,0.0
-2.0500000000000167,-5.45,0.0
-1.9500000000000166,-5.45,0.0
-1.8500000000000165,-5.45,0.0
-1.7500000000000164,-5.45,0.0
-1.6500000000000163,-5.45,0.0
-1.5500000000000163,-5.45,0.0
-1.4500000000000162,-5.45,0.0
-1.350000000000016,-5.45,0.0
-1.250000000000016,-5.45,0.0
-1.150000000000016,-5.45,0.0
-1.0500000000000158,-5.45,0.0
-0.9500000000000158,-5.45,0.0
-0.8500000000000159,-5.45,0.0
-0.7500000000000159,-5.45,0.0
-0.6500000000000159,-5.45,0.0
-0.5500000000000159,-5.45,0.0
-0.45000000000001594,-5.45,0.0
-0.35000000000001597,-5.45,0.0
-0.250000000000016,-5.45,0.0
-0.15000000000001598,-5.45,0.0
-0.050000000000015976,-5.45,0.0
0.04999999999998403,-5.45,0.0
0.14999999999998403,-5.45,0.0
0.24999999999998404,-5.45,0.0
0.34999999999998405,-5.45,0.0
0.4499999999999841,-5.45,0.0
0.5499999999999841,-5.45,0.0
0.649999999999984,-5.45,0.0
0.749999999999984,-5.45,0.0
0.849999999999984,-5.45,0.0
0.949999999999984,-5.45,0.0
1.049999999999984,-5.45,0.0
1.1499999999999841,-5.45,0.0
1.2499999999999842,-5.45,0.0
1.3499999999999843,-5.45,0.0
1.4499999999999844,-5.45,0.0
1.5499999999999845,-5.45,0.0
1.6499999999999846,-5.45,0.0
1.7499999999999847,-5.45,0.0
1.8499999999999848,-5.45,0.0
1.9499999999999849,-5.45,0.0
2.0499999999999847,-5.45,0.0
2.149999999999985,-5.45,0.0
2.249999999999985,-5.45,0.0
2.349999999999985,-5.45,0.0
2.449999999999985,-5.45,0.0
2.549999999999985,-5.45,0.0
2.6499999999999853,-5.45,0.0
2.7499999999999853,-5.45,0.0
2.8499999999999854,-5.45,0.0
2.9499999999999855,-5.45,0.0
3.0499999999999856,-5.45,0.0
3.1499999999999857,-5.45,0.0
3.249999999999986,-5.45,0.0
3.349999999999986,-5.45,0.0
3.449999999999986,-5.45,0.0
3.549999999999986,-5.45,0.0
3.649999999999986,-5.45,0.0
3.7499999999999862,-5.45,0.0
3.8499999999999863,-5.45,0.0
3.9499999999999864,-5.45,0.0
4.0499999999999865,-5.45,0.0
4.149999999999986,-5.45,0.0
4.249999999999986,-5.45,0.0
4.349999999999985,-5.45,0.0
4.449999999999985,-5.45,0.0
4.549999999999985,-5.45,0.0
4.649999999999984,-5.45,0.0
4.749999999999984,-5.45,0.0
4.849999999999984,-5.45,0.0
4.949999999999983,-5.45,0.0
5.049999999999983,-5.45,0.0
5.149999999999983,-5.45,0.0
5.249999999999982,-5.45,0.0
5.349999999999982,-5.45,0.0
5.4499999999999815,-5.45,0.0
5.549999999999981,-5.45,0.0
5.649999999999981,-5.45,0.0
5.7499999999999805,-5.45,0.0
5.84999999999998,-5.45,0.0
5.94999999999998,-5.45,0.0
6.049999999999979,-5.45,0.0
6.149999999999979,-5.45,0.0
6.249999999999979,-5.45,0.0
6.349999999999978,-5.45,0.0
6.449999999999978,-5.45,0.0
6.549999999999978,-5.45,0.0
6.649999999999977,-5.45,0.0
6.749999999999977,-5.45,0.0
6.8499999999999766,-5.45,0.0
6.949999999999976,-5.45,0.0
7.049999999999976,-5.45,0.0
7.1499999999999755,-5.45,0.0
7.249999999999975,-5.45,0.0
7.349999999999975,-5.45,0.0
7.449999999999974,-5.45,0.0
7.549999999999974,-5.45,0.0
7.649999999999974,-5.45,0.0
7.749999999999973,-5.45,0.0
7.849999999999973,-5.45,0.0
7.949999999999973,-5.45,0.0
8.049999999999972,-5.45,0.0
8.149999999999972,-5.45,0.0
8.249999999999972,-5.45,0.0
8.349999999999971,-5.45,0.0
8.44999999999997,-5.45,0.0
8.54999999999997,-5.45,0.0
8.64999999999997,-5.45,0.0
8.74999999999997,-5.45,0.0
8.84999999999997,-5.45,0.0
8.949999999999969,-5.45,0.0
9.049999999999969,-5.45,0.0
9.149999999999968,-5.45,0.0
9.149999999999968,-5.45,0.1570796326794897
9.149999999999968,-5.45,0.2984513020910304
9.149999999999968,-5.45,0.4256858045614171
9.149999999999968,-5.45,0.5401968567847649
9.149999999999968,-5.45,0.6432568037857783
9.149999999999968,-5.45,0.7360107560866902
9.149999999999968,-5.45,0.8287647083876016
9.149999999999968,-5.45,0.9029678702283314
9.149999999999968,-5.45,0.969750715884988
9.149999999999968,-5.45,1.0298552769759788
9.149999999999968,-5.45,1.0839493819578703
9.149999999999968,-5.45,1.138043486939762
9.149999999999968,-5.45,1.1921375919216541
9.149999999999968,-5.45,1.2462316969035458
9.149999999999968,-5.45,1.2786881598926807
9.149999999999968,-5.45,1.3078989765829023
9.149999999999968,-5.45,1.3341887116041018
9.149999999999968,-5.45,1.3578494731231812
9.149999999999968,-5.45,1.3815102346422607
9.149999999999968,-5.45,1.400438843857524
9.149999999999968,-5.45,1.4174745921512615
9.149999999999968,-5.45,1.4345103404449986
9.149999999999968,-5.45,1.4481389390799886
9.149999999999968,-5.45,1.4604046778514794
9.149999999999968,-5.45,1.4714438427458214
9.149999999999968,-5.45,1.4813790911507287
9.149999999999968,-5.45,1.490320814715145
9.149999999999968,-5.45,1.4983683659231206
9.149999999999968,-5.45,1.505611162010298
9.149999999999968,-5.45,1.512129678488758
9.149999999999968,-5.45,1.5179963433193715
9.149999999999968,-5.45,1.5232763416669235
9.149999999999968,-5.45,1.5280283401797212
9.149999999999968,-5.45,1.5327803386925187
9.149999999999968,-5.45,1.5365819375027563
9.149999999999968,-5.45,1.5403835363129945
9.149999999999968,-5.45,1.5441851351232319
9.149999999999968,-5.45,1.5479867339334699
9.149999999999968,-5.45,1.5502676932196124
9.149999999999968,-5.45,1.552320556577141
9.149999999999968,-5.45,1.5541681335989161
9.149999999999968,-5.45,1.5558309529185146
9.149999999999968,-5.45,1.5573274903061523
9.149999999999968,-5.45,1.5586743739550266
9.149999999999968,-5.45,1.5598865692390138
9.149999999999968,-5.45,1.5609775449946022
9.149999999999968,-5.45,1.5619594231746317
9.149999999999968,-5.45,1.562843113536658
9.149999999999968,-5.45,1.5636384348624819
9.149999999999968,-5.45,1.5643542240557233
9.149999999999968,-5.45,1.5649984343296404
9.149999999999968,-5.45,1.565578223576166
9.149999999999968,-5.45,1.566100033898039
9.149999999999968,-5.45,1.5665696631877253
9.149999999999968,-5.45,1.5669923295484423
9.149999999999968,-5.45,1.5673727292730877
9.149999999999968,-5.45,1.5677150890252685
9.149999999999968,-5.45,1.5680232128022316
9.149999999999968,-5.45,1.568300524201498
9.149999999999968,-5.45,1.568550104460838
9.149999999999968,-5.45,1.5687996847201777
9.149999999999968,-5.45,1.5689993489276493
9.149999999999968,-5.45,1.5691790467143738
9.149999999999968,-5.45,1.5693587445010992
9.149999999999968,-5.45,1.5695025027304792
9.149999999999968,-5.45,1.5696318851369204
9.149999999999968,-5.45,1.5697483293027186
9.149999999999968,-5.45,1.5698531290519364
9.150047159880124,-5.400000022240548,1.5698531290519364
9.15009431976028,-5.350000044481097,1.5698531290519364
9.15013676365242,-5.30500006449759,1.5698531290519364
9.150179207544559,-5.2600000845140835,1.5698531290519364
9.150208446670256,-5.229000098303223,1.5698531290519364
9.150237685795952,-5.198000112092363,1.5698531290519364
9.15026107709651,-5.173200123123675,1.5698531290519364
9.150284468397066,-5.148400134154987,1.5698531290519364
9.150303181437511,-5.128560142980036,1.5698531290519364
9.150321894477957,-5.108720151805085,1.5698531290519364
9.150336864910313,-5.092848158865125,1.5698531290519364
9.15035183534267,-5.076976165925164,1.5698531290519364
9.150363811688555,-5.064278571573196,1.5698531290519364
9.15037578803444,-5.051580977221227,1.5698531290519364
9.150386566745736,-5.040153142304455,1.5698531290519364
9.150397345457032,-5.028725307387684,1.5698531290519364
9.15040477079148,-5.020852798889464,1.5698531290519364
9.150412196125929,-5.012980290391243,1.5698531290519364
9.150418136393489,-5.006682283592667,1.5698531290519364
9.150424076661048,-5.000384276794091,1.5698531290519364
9.150428828875096,-4.99534587135523,1.5698531290519364
9.150433581089144,-4.990307465916369,1.5698531290519364
9.150437382860382,-4.9862767415652804,1.5698531290519364
9.15044118463162,-4.982246017214192,1.5698531290519364
9.15044422604861,-4.97902143773332,1.5698531290519364
9.1504472674656,-4.9757968582524486,1.5698531290519364
9.150449700599191,-4.973217194667751,1.5698531290519364
9.150452133732783,-4.970637531083054,1.5698531290519364
9.150454080239657,-4.968573800215297,1.5698531290519364
9.15045602674653,-4.96651006934754,1.5698531290519364
9.15045758395203,-4.964859084653334,1.5698531290519364
9.150459141157528,-4.963208099959128,1.5698531290519364
9.150460386921928,-4.961887312203763,1.5698531290519364
9.150461632686328,-4.9605665244483985,1.5698531290519364
9.150462629297847,-4.959509894244107,1.5698531290519364
9.150463625909365,-4.958453264039815,1.5698531290519364
9.150464622520884,-4.957396633835524,1.5698531290519364
9.150465619132403,-4.956340003631232,1.5698531290519364
9.150466562330006,-4.955340004076043,1.5698531290519364
9.15046750552761,-4.954340004520854,1.5698531290519364
9.15046750552761,-4.954340004520854,1.7269327617314258
9.15046750552761,-4.954340004520854,1.8683044311429664
9.15046750552761,-4.954340004520854,1.9955389336133538
9.15046750552761,-4.954340004520854,2.1100499858367017
9.15046750552761,-4.954340004520854,2.2131099328377144
9.15046750552761,-4.954340004520854,2.3058638851386264
9.15046750552761,-4.954340004520854,2.389342442209447
9.15046750552761,-4.954340004520854,2.4644731435731857
9.15046750552761,-4.954340004520854,2.532090774800551
9.15046750552761,-4.954340004520854,2.592946642905179
9.15046750552761,-4.954340004520854,2.647716924199344
9.15046750552761,-4.954340004520854,2.697010177364093
9.15046750552761,-4.954340004520854,2.741374105212367
9.15046750552761,-4.954340004520854,2.7813016402758133
9.15046750552761,-4.954340004520854,2.8212291753392598
9.15046750552761,-4.954340004520854,2.853171203390017
9.15046750552761,-4.954340004520854,2.8819190286356986
9.15046750552761,-4.954340004520854,2.907792071356812
9.15046750552761,-4.954340004520854,2.931077809805814
9.15046750552761,-4.954340004520854,2.952034974409916
9.15046750552761,-4.954340004520854,2.970896422553608
9.15046750552761,-4.954340004520854,2.9897578706972996
9.15046750552761,-4.954340004520854,3.006733174026622
9.15046750552761,-4.954340004520854,3.0237084773559446
9.15046750552761,-4.954340004520854,3.0371001055379656
9.15046750552761,-4.954340004520854,3.0504917337199866
9.15046750552761,-4.954340004520854,3.0595075059326713
9.15046750552761,-4.954340004520854,3.0676217009240876
9.15046750552761,-4.954340004520854,3.075735895915504
9.15046750552761,-4.954340004520854,3.0822272519086367
9.15046750552761,-4.954340004520854,3.088069472302456
9.15046750552761,-4.954340004520854,3.093327470656894
9.15046750552761,-4.954340004520854,3.0980596691758877
9.15046750552761,-4.954340004520854,3.1023186478429823
9.15046750552761,-4.954340004520854,3.1061517286433675
9.15046750552761,-4.954340004520854,3.109601501363714
9.15046750552761,-4.954340004520854,3.112706296812026
9.15046750552761,-4.954340004520854,3.1155006127155067
9.15046750552761,-4.954340004520854,3.1182949286189876
9.15046750552761,-4.954340004520854,3.1210892445224685
9.15046750552761,-4.954340004520854,3.123045265654905
9.15046750552761,-4.954340004520854,3.1250012867873416
9.15046750552761,-4.954340004520854,3.1267617058065342
9.15046750552761,-4.954340004520854,3.1283265227124835
9.15046750552761,-4.954340004520854,3.1297152977165132
9.15046750552761,-4.954340004520854,3.131104072720543
9.15046750552761,-4.954340004520854,3.132492847724573
9.15046750552761,-4.954340004520854,3.133308508536799
9.15046750552761,-4.954340004520854,3.134124169349025
9.15046750552761,-4.954340004520854,3.134776697998806
9.15046750552761,-4.954340004520854,3.1353639737836088
9.15046750552761,-4.954340004520854,3.1359512495684116
9.15046750552761,-4.954340004520854,3.1364210701962536
9.15046750552761,-4.954340004520854,3.1368439087613114
9.15046750552761,-4.954340004520854,3.1372244634698636
9.15046750552761,-4.954340004520854,3.137605018178416
9.15046750552761,-4.954340004520854,3.1379094619452577
9.15046750552761,-4.954340004520854,3.1381834613354154
9.15046750552761,-4.954340004520854,3.138430060786557
9.15046750552761,-4.954340004520854,3.138676660237699
9.15046750552761,-4.954340004520854,3.1388985997437264
9.15046750552761,-4.954340004520854,3.1390736853540373
9.15046750552761,-4.954340004520854,3.139231262403317
9.15046750552761,-4.954340004520854,3.1393730817476686
9.15046750552761,-4.954340004520854,3.139500719157585
9.15046750552761,-4.954340004520854,3.1396155928265097
9.15046750552761,-4.954340004520854,3.139718979128542
9.050467681060358,-4.954152637184359,3.139718979128542
8.950467856593106,-4.953965269847864,3.139718979128542
8.850468032125853,-4.953777902511369,3.139718979128542
8.750468207658601,-4.953590535174874,3.139718979128542
8.650468383191349,-4.953403167838379,3.139718979128542
8.550468558724097,-4.9532158005018845,3.139718979128542
8.450468734256845,-4.9530284331653895,3.139718979128542
8.350468909789592,-4.952841065828895,3.139718979128542
8.25046908532234,-4.9526536984924,3.139718979128542
8.150469260855088,-4.952466331155905,3.139718979128542
8.050469436387836,-4.95227896381941,3.139718979128542
7.9504696119205835,-4.952091596482915,3.139718979128542
7.850469787453331,-4.95190422914642,3.139718979128542
7.750469962986079,-4.951716861809925,3.139718979128542
7.650470138518827,-4.95152949447343,3.139718979128542
7.550470314051575,-4.951342127136935,3.139718979128542
7.450470489584323,-4.95115475980044,3.139718979128542
7.35047066511707,-4.950967392463945,3.139718979128542
7.250470840649818,-4.95078002512745,3.139718979128542
7.150471016182566,-4.950592657790955,3.139718979128542
7.050471191715314,-4.95040529045446,3.139718979128542
6.950471367248062,-4.9502179231179655,3.139718979128542
6.850471542780809,-4.9500305557814706,3.139718979128542
6.750471718313557,-4.949843188444976,3.139718979128542
6.650471893846305,-4.949655821108481,3.139718979128542
6.550472069379053,-4.949468453771986,3.139718979128542
6.450472244911801,-4.949281086435491,3.139718979128542
6.350472420444548,-4.949093719098996,3.139718979128542
6.250472595977296,-4.948906351762501,3.139718979128542
6.150472771510044,-4.948718984426006,3.139718979128542
6.050472947042792,-4.948531617089511,3.139718979128542
5.95047312257554,-4.948344249753016,3.139718979128542
5.850473298108287,-4.948156882416521,3.139718979128542
5.750473473641035,-4.947969515080026,3.139718979128542
5.650473649173783,-4.947782147743531,3.139718979128542
5.550473824706531,-4.947594780407036,3.139718979128542
5.450474000239279,-4.947407413070541,3.139718979128542
5.350474175772026,-4.9472200457340465,3.139718979128542
5.250474351304774,-4.947032678397552,3.139718979128542
5.150474526837522,-4.946845311061057,3.139718979128542
5.05047470237027,-4.946657943724562,3.139718979128542
4.950474877903018,-4.946470576388067,3.139718979128542
4.8504750534357655,-4.946283209051572,3.139718979128542
4.750475228968513,-4.946095841715077,3.139718979128542
4.650475404501261,-4.945908474378582,3.139718979128542
4.550475580034009,-4.945721107042087,3.139718979128542
4.450475755566757,-4.945533739705592,3.139718979128542
4.3504759310995045,-4.945346372369097,3.139718979128542
4.250476106632252,-4.945159005032602,3.139718979128542
4.150476282165,-4.944971637696107,3.139718979128542
4.050476457697748,-4.944784270359612,3.139718979128542
3.9504766332304957,-4.944596903023117,3.139718979128542
3.8504768087632435,-4.9444095356866224,3.139718979128542
3.7504769842959913,-4.9442221683501275,3.139718979128542
3.650477159828739,-4.944034801013633,3.139718979128542
3.550477335361487,-4.943847433677138,3.139718979128542
3.4504775108942347,-4.943660066340643,3.139718979128542
3.3504776864269825,-4.943472699004148,3.139718979128542
3.2504778619597303,-4.943285331667653,3.139718979128542
3.150478037492478,-4.943097964331158,3.139718979128542
3.050478213025226,-4.942910596994663,3.139718979128542
2.9504783885579737,-4.942723229658168,3.139718979128542
2.9504783885579737,-4.942723229658168,2.9826393464490524
2.9504783885579737,-4.942723229658168,2.8412676770375116
2.9504783885579737,-4.942723229658168,2.714033174567125
2.9504783885579737,-4.942723229658168,2.5995221223437768
2.9504783885579737,-4.942723229658168,2.4964621753427636
2.9504783885579737,-4.942723229658168,2.4037082230418516
2.9504783885579737,-4.942723229658168,2.320229665971031
2.9504783885579737,-4.942723229658168,2.2450989646072927
2.9504783885579737,-4.942723229658168,2.1699682632435535
2.9504783885579737,-4.942723229658168,2.1098637021525626
2.9504783885579737,-4.942723229658168,2.055769597170671
2.9504783885579737,-4.942723229658168,2.007084902686968
2.9504783885579737,-4.942723229658168,1.963268677651636
2.9504783885579737,-4.942723229658168,1.923834075119836
2.9504783885579737,-4.942723229658168,1.8883429328412173
2.9504783885579737,-4.942723229658168,1.8564009047904608
2.9504783885579737,-4.942723229658168,1.8276530795447794
2.9504783885579737,-4.942723229658168,1.8017800368236652
2.9504783885579737,-4.942723229658168,1.7784942983746639
2.9504783885579737,-4.942723229658168,1.7575371337705623
2.9504783885579737,-4.942723229658168,1.7386756856268704
2.9504783885579737,-4.942723229658168,1.7217003822975476
2.9504783885579737,-4.942723229658168,1.7064226093011574
2.9504783885579737,-4.942723229658168,1.6926726136044064
2.9504783885579737,-4.942723229658168,1.6802976174773305
2.9504783885579737,-4.942723229658168,1.6691601209629618
2.9504783885579737,-4.942723229658168,1.658022624448593
2.9504783885579737,-4.942723229658168,1.6468851279342245
2.9504783885579737,-4.942723229658168,1.6390888803741666
2.9504783885579737,-4.942723229658168,1.632072257570115
2.9504783885579737,-4.942723229658168,1.6257572970464678
2.9504783885579737,-4.942723229658168,1.619442336522821
2.9504783885579737,-4.942723229658168,1.6143903681039036
2.9504783885579737,-4.942723229658168,1.6098435965268771
2.9504783885579737,-4.942723229658168,1.6057515021075541
2.9504783885579737,-4.942723229658168,1.6020686171301635
2.9504783885579737,-4.942723229658168,1.5983857321527724
2.9504783885579737,-4.942723229658168,1.5954394241708598
2.9504783885579737,-4.942723229658168,1.5927877469871383
2.9504783885579737,-4.942723229658168,1.5904012375217893
2.9504783885579737,-4.942723229658168,1.5882533790029745
2.9504783885579737,-4.942723229658168,1.5863203063360416
2.9504783885579737,-4.942723229658168,1.584580540935802
2.9504783885579737,-4.942723229658168,1.5830147520755866
2.9504783885579737,-4.942723229658168,1.581605542101393
2.9504783885579737,-4.942723229658168,1.5803372531246178
2.9504783885579737,-4.942723229658168,1.5791957930455205
2.9504783885579737,-4.942723229658168,1.5781684789743324
2.9504783885579737,-4.942723229658168,1.5772438963102646
2.9504783885579737,-4.942723229658168,1.5764117719126025
2.9504783885579737,-4.942723229658168,1.5756628599547067
2.9504783885579737,-4.942723229658168,1.5749888391926008
2.9504783885579737,-4.942723229658168,1.5743822205067048
2.9504783885579737,-4.942723229658168,1.5738362636893992
2.9504783885579737,-4.942723229658168,1.573344902553824
2.9504783885579737,-4.942723229658168,1.572902677531806
2.9504783885579737,-4.942723229658168,1.57250467501199
2.9504783885579737,-4.942723229658168,1.5721066724921737
2.9504783885579737,-4.942723229658168,1.5717882704763209
2.9504783885579737,-4.942723229658168,1.5715017086620533
2.9504783885579737,-4.942723229658168,1.5712438030292128
2.9504783885579737,-4.942723229658168,1.5709858973963722
2.9504783885579737,-4.942723229658168,1.5707795728900997
2.9504783885579737,-4.942723229658168,1.5705938808344544
2.9504783885579737,-4.942723229658168,1.5704267579843734
2.9504783885579737,-4.942723229658168,1.5702763474193004
2.9504783885579737,-4.942723229658168,1.5701409779107351
2.9504783885579737,-4.942723229658168,1.570019145353026
2.9504783885579737,-4.942723229658168,1.5699094960510875
2.950522730089352,-4.892723249319886,1.5699094960510875
2.95056707162073,-4.8427232689816035,1.5699094960510875
2.950602544845833,-4.802723284710978,1.5699094960510875
2.9506380180709355,-4.762723300440352,1.5699094960510875
2.9506663966510174,-4.7307233130238515,1.5699094960510875
2.9506947752310992,-4.698723325607351,1.5699094960510875
2.950720315953173,-4.6699233369325,1.5699094960510875
2.9507458566752467,-4.64112334825765,1.5699094960510875
2.9507634513948977,-4.621283356059419,1.5699094960510875
2.9507810461145487,-4.601443363861189,1.5699094960510875
2.9507951218902693,-4.585571370102604,1.5699094960510875
2.95080919766599,-4.56969937634402,1.5699094960510875
2.9508204582865663,-4.557001781337153,1.5699094960510875
2.9508317189071427,-4.544304186330286,1.5699094960510875
2.950840727403604,-4.534146110324792,1.5699094960510875
2.950849735900065,-4.523988034319298,1.5699094960510875
2.9508578435468804,-4.5148457659143535,1.5699094960510875
2.9508659511936957,-4.505703497509409,1.5699094960510875
2.9508715364615017,-4.499405490386003,1.5699094960510875
2.9508771217293077,-4.493107483262597,1.5699094960510875
2.9508815899435525,-4.488069077563872,1.5699094960510875
2.9508860581577974,-4.483030671865147,1.5699094960510875
2.950889632729193,-4.478999947306167,1.5699094960510875
2.950893207300589,-4.474969222747187,1.5699094960510875
2.9508960669577053,-4.471744643100003,1.5699094960510875
2.950898926614822,-4.468520063452819,1.5699094960510875
2.950901214340515,-4.4659403997350715,1.5699094960510875
2.9509035020662084,-4.463360736017324,1.5699094960510875
2.9509055610193324,-4.461039038671352,1.5699094960510875
2.9509076199724564,-4.45871734132538,1.5699094960510875
2.9509090383623864,-4.457117949820376,1.5699094960510875
2.9509104567523163,-4.455518558315373,1.5699094960510875
2.9509115914642603,-4.454239045111371,1.5699094960510875
2.9509127261762043,-4.452959531907369,1.5699094960510875
2.9509137474169536,-4.451807970023767,1.5699094960510875
2.950914768657703,-4.450656408140165,1.5699094960510875
2.9509156554883305,-4.449656408533399,1.5699094960510875
2.950916542318958,-4.448656408926634,1.5699094960510875
2.9509174291495857,-4.447656409319868,1.5699094960510875
2.9509174291495857,-4.447656409319868,1.7269891287305776
2.9509174291495857,-4.447656409319868,1.884068761410067
2.9509174291495857,-4.447656409319868,2.0411483940895567
2.9509174291495857,-4.447656409319868,2.1982280267690464
2.9509174291495857,-4.447656409319868,2.355307659448536
2.9509174291495857,-4.447656409319868,2.5123872921280257
2.9509174291495857,-4.447656409319868,2.6694669248075154
2.9509174291495857,-4.447656409319868,2.826546557487005
2.9509174291495857,-4.447656409319868,2.9836261901664947
2.9509174291495857,-4.447656409319868,3.1407058228459843
2.9509174291495857,-4.447656409319868,-2.9853998516541123
2.9509174291495857,-4.447656409319868,-2.8283202189746226
2.9509174291495857,-4.447656409319868,-2.671240586295133
2.9509174291495857,-4.447656409319868,-2.5141609536156433
2.9509174291495857,-4.447656409319868,-2.3570813209361536
2.9509174291495857,-4.447656409319868,-2.200001688256664
2.9509174291495857,-4.447656409319868,-2.0429220555771743
2.9509174291495857,-4.447656409319868,-1.8858424228976847
2.9509174291495857,-4.447656409319868,-1.7287627902181948
2.9509174291495857,-4.447656409319868,-1.5716831575387054
2.9509174291495857,-4.447656409319868,-1.4146035248592157
2.9509174291495857,-4.447656409319868,-1.2732318554476754
2.9509174291495857,-4.447656409319868,-1.1459973529772887
2.9509174291495857,-4.447656409319868,-1.0314863007539405
2.9509174291495857,-4.447656409319868,-0.9284263537529274
2.9509174291495857,-4.447656409319868,-0.8356724014520154
2.9509174291495857,-4.447656409319868,-0.7521938443811947
2.9509174291495857,-4.447656409319868,-0.6687152873103742
2.9509174291495857,-4.447656409319868,-0.6019324416537174
2.9509174291495857,-4.447656409319868,-0.5418278805627268
2.9509174291495857,-4.447656409319868,-0.4877337755808349
2.9509174291495857,-4.447656409319868,-0.4390490810971324
2.9509174291495857,-4.447656409319868,-0.3952328560618001
2.9509174291495857,-4.447656409319868,-0.3557982535300008
2.9509174291495857,-4.447656409319868,-0.31636365099820174
2.9509174291495857,-4.447656409319868,-0.2848159689727625
2.9509174291495857,-4.447656409319868,-0.2564230551498672
2.9509174291495857,-4.447656409319868,-0.23086943270926139
2.9509174291495857,-4.447656409319868,-0.20787117251271608
2.9509174291495857,-4.447656409319868,-0.18487291231617092
2.9509174291495857,-4.447656409319868,-0.16647430415893477
2.9509174291495857,-4.447656409319868,-0.1499155568174223
2.9509174291495857,-4.447656409319868,-0.13501268421006093
2.9509174291495857,-4.447656409319868,-0.12010981160269958
2.9509174291495857,-4.447656409319868,-0.1081875135168105
2.9509174291495857,-4.447656409319868,-0.09745744523951043
2.9509174291495857,-4.447656409319868,-0.08780038378994026
2.9509174291495857,-4.447656409319868,-0.07814332234037016
2.9509174291495857,-4.447656409319868,-0.07041767318071412
2.9509174291495857,-4.447656409319868,-0.06346458893702364
2.9509174291495857,-4.447656409319868,-0.05720681311770217
2.9509174291495857,-4.447656409319868,-0.0515748148803128
2.9509174291495857,-4.447656409319868,-0.04650601646666239
2.9509174291495857,-4.447656409319868,-0.041944097894377065
2.9509174291495857,-4.447656409319868,-0.03783837117932026
2.9509174291495857,-4.447656409319868,-0.03414321713576917
2.9509174291495857,-4.447656409319868,-0.03081757849657313
2.9509174291495857,-4.447656409319868,-0.027824503721296696
2.9509174291495857,-4.447656409319868,-0.025130736423547954
2.9509174291495857,-4.447656409319868,-0.02243696912579919
2.9509174291495857,-4.447656409319868,-0.020281955287600188
2.9509174291495857,-4.447656409319868,-0.018342442833221055
2.9509174291495857,-4.447656409319868,-0.016596881624279865
2.9509174291495857,-4.447656409319868,-0.015025876536232816
2.9509174291495857,-4.447656409319868,-0.01361197195699044
2.9509174291495857,-4.447656409319868,-0.012198067377748067
2.9509174291495857,-4.447656409319868,-0.010784162798505697
2.9509174291495857,-4.447656409319868,-0.00937025821926332
2.9509174291495857,-4.447656409319868,-0.007956353640020949
2.9509174291495857,-4.447656409319868,-0.007108010892475561
2.9509174291495857,-4.447656409319868,-0.006485892877608952
2.9509174291495857,-4.447656409319868,-0.005925986664228963
2.9509174291495857,-4.447656409319868,-0.005422071072186965
2.9509174291495857,-4.447656409319868,-0.004968547039349226
2.9509174291495857,-4.447656409319868,-0.00456037540979523
2.9509174291495857,-4.447656409319868,-0.004193020943196651
2.9509174291495857,-4.447656409319868,-0.0038256664765980784
2.9509174291495857,-4.447656409319868,-0.0035317829033192174
2.9509174291495857,-4.447656409319868,-0.0032672876873682216
2.9509174291495857,-4.447656409319868,-0.0030027924714172275
2.9509174291495857,-4.447656409319868,-0.0027911962986564517
2.9509174291495857,-4.447656409319868,-0.0026007597431717223
2.9509174291495857,-4.447656409319868,-0.0024103231876869955
2.9509174291495857,-4.447656409319868,-0.0022389302877507304
2.9509174291495857,-4.447656409319868,-0.0020675373878144645
2.9509174291495857,-4.447656409319868,-0.0018961444878782003
2.9509174291495857,-4.447656409319868,-0.0017247515879419352
2.9509174291495857,-4.447656409319868,-0.0015533586880056704
2.9509174291495857,-4.447656409319868,-0.001381965788069405
2.9509174291495857,-4.447656409319868,-0.0012105728881331398
2.9509174291495857,-4.447656409319868,-0.0010391799881968747
2.9509174291495857,-4.447656409319868,-0.0008677870882606096
2.9509174291495857,-4.447656409319868,-0.0006963941883243443
2.9509174291495857,-4.447656409319868,-0.0005250012883880794
3.0509174153682683,-4.447708909446295,-0.0005250012883880794
3.150917401586951,-4.447761409572721,-0.0005250012883880794
3.2509173878056337,-4.447813909699148,-0.0005250012883880794
3.3509173740243163,-4.447866409825575,-0.0005250012883880794
3.450917360242999,-4.447918909952001,-0.0005250012883880794
3.5509173464616817,-4.447971410078428,-0.0005250012883880794
3.6509173326803643,-4.448023910204855,-0.0005250012883880794
3.750917318899047,-4.448076410331281,-0.0005250012883880794
3.8509173051177297,-4.448128910457708,-0.0005250012883880794
3.9509172913364123,-4.448181410584135,-0.0005250012883880794
4.0509172775550955,-4.448233910710561,-0.0005250012883880794
4.150917263773779,-4.448286410836988,-0.0005250012883880794
4.250917249992462,-4.448338910963415,-0.0005250012883880794
4.350917236211145,-4.448391411089841,-0.0005250012883880794
4.450917222429828,-4.448443911216268,-0.0005250012883880794
4.550917208648511,-4.448496411342695,-0.0005250012883880794
4.650917194867194,-4.448548911469121,-0.0005250012883880794
4.750917181085877,-4.448601411595548,-0.0005250012883880794
4.85091716730456,-4.4486539117219746,-0.0005250012883880794
4.9509171535232435,-4.448706411848401,-0.0005250012883880794
5.050917139741927,-4.448758911974828,-0.0005250012883880794
5.15091712596061,-4.4488114121012545,-0.0005250012883880794
5.250917112179293,-4.448863912227681,-0.0005250012883880794
5.350917098397976,-4.448916412354108,-0.0005250012883880794
5.450917084616659,-4.4489689124805345,-0.0005250012883880794
5.550917070835342,-4.449021412606961,-0.0005250012883880794
5.650917057054025,-4.449073912733388,-0.0005250012883880794
5.750917043272708,-4.4491264128598145,-0.0005250012883880794
5.8509170294913915,-4.449178912986241,-0.0005250012883880794
5.950917015710075,-4.449231413112668,-0.0005250012883880794
6.050917001928758,-4.4492839132390944,-0.0005250012883880794
6.150916988147441,-4.449336413365521,-0.0005250012883880794
6.250916974366124,-4.449388913491948,-0.0005250012883880794
6.350916960584807,-4.449441413618374,-0.0005250012883880794
6.45091694680349,-4.449493913744801,-0.0005250012883880794
6.550916933022173,-4.449546413871228,-0.0005250012883880794
6.650916919240856,-4.449598913997654,-0.0005250012883880794
6.7509169054595395,-4.449651414124081,-0.0005250012883880794
6.850916891678223,-4.449703914250508,-0.0005250012883880794
6.950916877896906,-4.449756414376934,-0.0005250012883880794
7.050916864115589,-4.449808914503361,-0.0005250012883880794
7.150916850334272,-4.449861414629788,-0.0005250012883880794
7.250916836552955,-4.449913914756214,-0.0005250012883880794
7.350916822771638,-4.449966414882641,-0.0005250012883880794
7.450916808990321,-4.450018915009068,-0.0005250012883880794
7.550916795209004,-4.450071415135494,-0.0005250012883880794
7.6509167814276875,-4.450123915261921,-0.0005250012883880794
7.750916767646371,-4.450176415388348,-0.0005250012883880794
7.850916753865054,-4.450228915514774,-0.0005250012883880794
7.950916740083737,-4.450281415641201,-0.0005250012883880794
8.05091672630242,-4.450333915767628,-0.0005250012883880794
8.150916712521102,-4.450386415894054,-0.0005250012883880794
8.250916698739784,-4.450438916020481,-0.0005250012883880794
8.350916684958467,-4.450491416146908,-0.0005250012883880794
8.450916671177149,-4.450543916273334,-0.0005250012883880794
8.550916657395831,-4.450596416399761,-0.0005250012883880794
8.650916643614513,-4.4506489165261875,-0.0005250012883880794
8.750916629833196,-4.450701416652614,-0.0005250012883880794
8.850916616051878,-4.450753916779041,-0.0005250012883880794
8.95091660227056,-4.4508064169054675,-0.0005250012883880794
9.050916588489242,-4.450858917031894,-0.0005250012883880794
9.150916574707924,-4.450911417158321,-0.0005250012883880794
9.250916560926607,-4.4509639172847475,-0.0005250012883880794
9.250916560926607,-4.4509639172847475,-0.15760463396787777
9.250916560926607,-4.4509639172847475,-0.31468426664736737
9.250916560926607,-4.4509639172847475,-0.47176389932685714
9.250916560926607,-4.4509639172847475,-0.6288435320063467
9.250916560926607,-4.4509639172847475,-0.7859231646858367
9.250916560926607,-4.4509639172847475,-0.9430027973653259
9.250916560926607,-4.4509639172847475,-1.100082430044816
9.250916560926607,-4.4509639172847475,-1.2571620627243056
9.250916560926607,-4.4509639172847475,-1.414241695403795
9.250916560926607,-4.4509639172847475,-1.571321328083285
9.250916560926607,-4.4509639172847475,-1.7284009607627746
9.250916560926607,-4.4509639172847475,-1.885480593442265
9.250916560926607,-4.4509639172847475,-2.0425602261217533
9.250916560926607,-4.4509639172847475,-2.199639858801244
9.250916560926607,-4.4509639172847475,-2.356719491480733
9.250916560926607,-4.4509639172847475,-2.513799124160223
9.250916560926607,-4.4509639172847475,-2.6708787568397123
9.250916560926607,-4.4509639172847475,-2.827958389519202
9.250916560926607,-4.4509639172847475,-2.9850380221986916
9.250916560926607,-4.4509639172847475,3.141067652301405
9.250916560926607,-4.4509639172847475,2.9839880196219153
9.250916560926607,-4.4509639172847475,2.8426163502103745
9.250916560926607,-4.4509639172847475,2.715381847739988
9.250916560926607,-4.4509639172847475,2.6008707955166397
9.250916560926607,-4.4509639172847475,2.4863597432932916
9.250916560926607,-4.4509639172847475,2.3947509015146133
9.250916560926607,-4.4509639172847475,2.312302943913803
9.250916560926607,-4.4509639172847475,2.2380997820730735
9.250916560926607,-4.4509639172847475,2.171316936416417
9.250916560926607,-4.4509639172847475,2.111212375325426
9.250916560926607,-4.4509639172847475,2.0571182703435347
9.250916560926607,-4.4509639172847475,2.0084335758598315
9.250916560926607,-4.4509639172847475,1.9646173508244995
9.250916560926607,-4.4509639172847475,1.9208011257891673
9.250916560926607,-4.4509639172847475,1.8857481457609009
9.250916560926607,-4.4509639172847475,1.8542004637354625
9.250916560926607,-4.4509639172847475,1.825807549912567
9.250916560926607,-4.4509639172847475,1.8002539274719607
9.250916560926607,-4.4509639172847475,1.7772556672754158
9.250916560926607,-4.4509639172847475,1.7565572330985246
9.250916560926607,-4.4509639172847475,1.737928642339323
9.250916560926607,-4.4509639172847475,1.7211629106560413
9.250916560926607,-4.4509639172847475,1.70439717897276
9.250916560926607,-4.4509639172847475,1.687631447289479
9.250916560926607,-4.4509639172847475,1.6758954351111819
9.250916560926607,-4.4509639172847475,1.6641594229328847
9.250916560926607,-4.4509639172847475,1.6547706131902475
9.250916560926607,-4.4509639172847475,1.64538180344761
9.250916560926607,-4.4509639172847475,1.6378707556534995
9.250916560926607,-4.4509639172847475,1.6311108126388005
9.250916560926607,-4.4509639172847475,1.6250268639255712
9.250916560926607,-4.4509639172847475,1.6195513100836652
9.250916560926607,-4.4509639172847475,1.6146233116259494
9.250916560926607,-4.4509639172847475,1.610188113014005
9.250916560926607,-4.4509639172847475,1.606196434263255
9.250916560926607,-4.4509639172847475,1.6022047555125056
9.250916560926607,-4.4509639172847475,1.599011412511906
9.250916560926607,-4.4509639172847475,1.5961374038113665
9.250916560926607,-4.4509639172847475,1.593550795980881
9.250916560926607,-4.4509639172847475,1.5912228489334432
9.250916560926607,-4.4509639172847475,1.5891276965907497
9.250916560926607,-4.4509639172847475,1.5872420594823256
9.250916560926607,-4.4509639172847475,1.585544986084744
9.250916560926607,-4.4509639172847475,1.583847912687162
9.250916560926607,-4.4509639172847475,1.5823205466293389
9.250916560926607,-4.4509639172847475,1.5807931805715152
9.250916560926607,-4.4509639172847475,1.579588258459233
9.250916560926607,-4.4509639172847475,1.5786565651639595
9.250916560926607,-4.4509639172847475,1.5778180411982148
9.250916560926607,-4.4509639172847475,1.5770633696290444
9.250916560926607,-4.4509639172847475,1.5763841652167907
9.250916560926607,-4.4509639172847475,1.5757049608045366
9.250916560926607,-4.4509639172847475,1.5751615972747337
9.250916560926607,-4.4509639172847475,1.5746725700979116
9.250916560926607,-4.4509639172847475,1.574183542921089
9.250916560926607,-4.4509639172847475,1.5737923211796307
9.250916560926607,-4.4509639172847475,1.5734402216123182
9.250916560926607,-4.4509639172847475,1.5731233320017375
9.250916560926607,-4.4509639172847475,1.5728064423911563
9.250916560926607,-4.4509639172847475,1.5725529307026918
9.250916560926607,-4.4509639172847475,1.5723247701830738
9.250916560926607,-4.4509639172847475,1.5721194257154165
9.250916560926607,-4.4509639172847475,1.571934615694526
9.250916560926607,-4.4509639172847475,1.5717682866757243
9.250916560926607,-4.4509639172847475,1.5716185905588025
9.250916560926607,-4.4509639172847475,1.5714838640535733
9.250916560926607,-4.4509639172847475,1.5713626101988674
9.250916560926607,-4.4509639172847475,1.5712534817296306
9.250893703180665,-4.400963922509513,1.5712534817296306
9.25087313120932,-4.3559639272118025,1.5712534817296306
9.250852559237973,-4.310963931914092,1.5712534817296306
9.250836101660896,-4.274963935675923,1.5712534817296306
9.250819644083819,-4.238963939437754,1.5712534817296306
9.250806478022158,-4.2101639424472195,1.5712534817296306
9.250793311960496,-4.181363945456685,1.5712534817296306
9.250781462505001,-4.155443948165203,1.5712534817296306
9.250769613049506,-4.129523950873722,1.5712534817296306
9.250760265145727,-4.109075953010442,1.5712534817296306
9.250753036977875,-4.093264754662639,1.5712534817296306
9.250745808810022,-4.077453556314835,1.5712534817296306
9.25074002627574,-4.064804597636592,1.5712534817296306
9.250734243741457,-4.052155638958349,1.5712534817296306
9.25072961771403,-4.042036472015755,1.5712534817296306
9.250724991686605,-4.0319173050731605,1.5712534817296306
9.250721290864664,-4.023821971519085,1.5712534817296306
9.250717590042724,-4.015726637965009,1.5712534817296306
9.250714629385172,-4.009250371121748,1.5712534817296306
9.25071166872762,-4.002774104278488,1.5712534817296306
9.250709300201578,-3.9975930908038793,1.5712534817296306
9.250706931675536,-3.992412077329271,1.5712534817296306
9.250705036854702,-3.988267266549584,1.5712534817296306
9.250703142033869,-3.9841224557698975,1.5712534817296306
9.250701626177202,-3.9808066071461483,1.5712534817296306
9.250700110320535,-3.977490758522399,1.5712534817296306
9.250698897635202,-3.9748380796233995,1.5712534817296306
9.250697684949868,-3.9721854007244,1.5712534817296306
9.250696593533068,-3.9697979897153006,1.5712534817296306
9.250695502116267,-3.9674105787062013,1.5712534817296306
9.25069475025136,-3.9657659177888216,1.5712534817296306
9.250693998386454,-3.964121256871442,1.5712534817296306
9.25069339689453,-3.962805528137538,1.5712534817296306
9.250692795402605,-3.961489799403634,1.5712534817296306
9.250692314209065,-3.960437216416511,1.5712534817296306
9.250691833015525,-3.959384633429388,1.5712534817296306
9.250691375860606,-3.9583846335338833,1.5712534817296306
9.250690918705688,-3.9573846336383784,1.5712534817296306
9.25069046155077,-3.9563846337428736,1.5712534817296306
9.250690004395851,-3.955384633847369,1.5712534817296306
9.250690004395851,-3.955384633847369,1.72833311440912
9.250690004395851,-3.955384633847369,1.8854127470886102
9.250690004395851,-3.955384633847369,2.011076453232201
9.250690004395851,-3.955384633847369,2.1241737887614343
9.250690004395851,-3.955384633847369,2.2259613907377434
9.250690004395851,-3.955384633847369,2.3175702325164216
9.250690004395851,-3.955384633847369,2.400018190117232
9.250690004395851,-3.955384633847369,2.4824661477180423
9.250690004395851,-3.955384633847369,2.548424513798691
9.250690004395851,-3.955384633847369,2.6077870432712746
9.250690004395851,-3.955384633847369,2.6671495727438583
9.250690004395851,-3.955384633847369,2.7205758492691836
9.250690004395851,-3.955384633847369,2.762723245194718
9.250690004395851,-3.955384633847369,2.800655901527699
9.250690004395851,-3.955384633847369,2.834795292227382
9.250690004395851,-3.955384633847369,2.8655207438570964
9.250690004395851,-3.955384633847369,2.8931736503238397
9.250690004395851,-3.955384633847369,2.920826556790583
9.250690004395851,-3.955384633847369,2.9429488819639773
9.250690004395851,-3.955384633847369,2.9628589746200324
9.250690004395851,-3.955384633847369,2.980778058010482
9.250690004395851,-3.955384633847369,2.998697141400932
9.250690004395851,-3.955384633847369,3.013032408113291
9.250690004395851,-3.955384633847369,3.025934148154415
9.250690004395851,-3.955384633847369,3.037545714191426
9.250690004395851,-3.955384633847369,3.047996123624736
9.250690004395851,-3.955384633847369,3.0574014921147152
9.250690004395851,-3.955384633847369,3.0668068606046943
9.250690004395851,-3.955384633847369,3.0743311553966777
9.250690004395851,-3.955384633847369,3.081855450188661
9.250690004395851,-3.955384633847369,3.087874886022248
9.250690004395851,-3.955384633847369,3.093292378272476
9.250690004395851,-3.955384633847369,3.098168121297681
9.250690004395851,-3.955384633847369,3.102556290020366
9.250690004395851,-3.955384633847369,3.106505641870782
9.250690004395851,-3.955384633847369,3.1100600585361566
9.250690004395851,-3.955384633847369,3.1132590335349937
9.250690004395851,-3.955384633847369,3.1164580085338307
9.250690004395851,-3.955384633847369,3.1190171885329003
9.250690004395851,-3.955384633847369,3.121320450532063
9.250690004395851,-3.955384633847369,3.1233933863313097
9.250690004395851,-3.955384633847369,3.1252590285506314
9.250690004395851,-3.955384633847369,3.126938106548021
9.250690004395851,-3.955384633847369,3.1284492767456715
9.250690004395851,-3.955384633847369,3.129960446943322
9.250690004395851,-3.955384633847369,3.1311693831014424
9.250690004395851,-3.955384633847369,3.132378319259563
9.250690004395851,-3.955384633847369,3.133345468186059
9.250690004395851,-3.955384633847369,3.134215902219906
9.250690004395851,-3.955384633847369,3.134999292850368
9.250690004395851,-3.955384633847369,3.13578268348083
9.250690004395851,-3.955384633847369,3.1364093959851997
9.250690004395851,-3.955384633847369,3.1369734372391327
9.250690004395851,-3.955384633847369,3.137481074367672
9.250690004395851,-3.955384633847369,3.1379887114962117
9.250690004395851,-3.955384633847369,3.1384963486247512
9.250690004395851,-3.955384633847369,3.1388516946147287
9.250690004395851,-3.955384633847369,3.1391715060057086
9.250690004395851,-3.955384633847369,3.1394593362575907
9.250690004395851,-3.955384633847369,3.139718383484284
9.250690004395851,-3.955384633847369,3.1399774307109776
9.250690004395851,-3.955384633847369,3.1401846684923327
9.250690004395851,-3.955384633847369,3.140371182495552
9.250690004395851,-3.955384633847369,3.1405390450984494
9.250690004395851,-3.955384633847369,3.140690121441057
9.250690004395851,-3.955384633847369,3.140826090149404
9.250690004395851,-3.955384633847369,3.1409484619869166
9.250690004395851,-3.955384633847369,3.1410585966406774
9.250690004395851,-3.955384633847369,3.1411687312944383
9.150690013381357,-3.955342241619103,3.1411687312944383
9.050690022366863,-3.955299849390837,3.1411687312944383
8.95069003135237,-3.955257457162571,3.1411687312944383
8.850690040337875,-3.955215064934305,3.1411687312944383
8.750690049323381,-3.955172672706039,3.1411687312944383
8.650690058308887,-3.955130280477773,3.1411687312944383
8.550690067294394,-3.955087888249507,3.1411687312944383
8.4506900762799,-3.955045496021241,3.1411687312944383
8.350690085265406,-3.955003103792975,3.1411687312944383
8.250690094250912,-3.954960711564709,3.1411687312944383
8.150690103236418,-3.9549183193364432,3.1411687312944383
8.050690112221924,-3.9548759271081773,3.1411687312944383
7.950690121207429,-3.9548335348799113,3.1411687312944383
7.850690130192934,-3.9547911426516453,3.1411687312944383
7.750690139178439,-3.9547487504233794,3.1411687312944383
7.650690148163944,-3.9547063581951134,3.1411687312944383
7.550690157149449,-3.9546639659668474,3.1411687312944383
7.4506901661349545,-3.9546215737385815,3.1411687312944383
7.35069017512046,-3.9545791815103155,3.1411687312944383
7.250690184105965,-3.9545367892820495,3.1411687312944383
7.15069019309147,-3.9544943970537836,3.1411687312944383
7.050690202076975,-3.9544520048255176,3.1411687312944383
6.95069021106248,-3.9544096125972517,3.1411687312944383
6.850690220047985,-3.9543672203689857,3.1411687312944383
6.7506902290334905,-3.9543248281407197,3.1411687312944383
6.650690238018996,-3.9542824359124538,3.1411687312944383
6.550690247004501,-3.954240043684188,3.1411687312944383
6.450690255990006,-3.954197651455922,3.1411687312944383
6.350690264975511,-3.954155259227656,3.1411687312944383
6.250690273961016,-3.95411286699939,3.1411687312944383
6.150690282946521,-3.954070474771124,3.1411687312944383
6.0506902919320265,-3.954028082542858,3.1411687312944383
5.950690300917532,-3.953985690314592,3.1411687312944383
5.850690309903037,-3.953943298086326,3.1411687312944383
5.750690318888542,-3.95390090585806,3.1411687312944383
5.650690327874047,-3.953858513629794,3.1411687312944383
5.550690336859552,-3.953816121401528,3.1411687312944383
5.450690345845057,-3.953773729173262,3.1411687312944383
5.350690354830562,-3.9537313369449962,3.1411687312944383
5.250690363816068,-3.9536889447167303,3.1411687312944383
5.150690372801573,-3.9536465524884643,3.1411687312944383
5.050690381787078,-3.9536041602601983,3.1411687312944383
4.950690390772583,-3.9535617680319324,3.1411687312944383
4.850690399758088,-3.9535193758036664,3.1411687312944383
4.750690408743593,-3.9534769835754004,3.1411687312944383
4.650690417729098,-3.9534345913471345,3.1411687312944383
4.5506904267146036,-3.9533921991188685,3.1411687312944383
4.450690435700109,-3.9533498068906026,3.1411687312944383
4.350690444685614,-3.9533074146623366,3.1411687312944383
4.250690453671119,-3.9532650224340706,3.1411687312944383
4.150690462656624,-3.9532226302058047,3.1411687312944383
4.050690471642129,-3.9531802379775387,3.1411687312944383
3.950690480627635,-3.9531378457492727,3.1411687312944383
3.8506904896131404,-3.9530954535210068,3.1411687312944383
3.750690498598646,-3.953053061292741,3.1411687312944383
3.6506905075841516,-3.953010669064475,3.1411687312944383
3.550690516569657,-3.952968276836209,3.1411687312944383
3.4506905255551628,-3.952925884607943,3.1411687312944383
3.3506905345406683,-3.952883492379677,3.1411687312944383
3.250690543526174,-3.952841100151411,3.1411687312944383
3.1506905525116795,-3.952798707923145,3.1411687312944383
3.050690561497185,-3.952756315694879,3.1411687312944383
2.9506905704826907,-3.952713923466613,3.1411687312944383
2.8506905794681963,-3.952671531238347,3.1411687312944383
2.8506905794681963,-3.952671531238347,2.9840890986149486
2.8506905794681963,-3.952671531238347,2.827009465935459
2.8506905794681963,-3.952671531238347,2.685637796523918
2.8506905794681963,-3.952671531238347,2.5741112573214804
2.8506905794681963,-3.952671531238347,2.462584718119043
2.8506905794681963,-3.952671531238347,2.3510581789166047
2.8506905794681963,-3.952671531238347,2.2729896014748983
2.8506905794681963,-3.952671531238347,2.2027278817773626
2.8506905794681963,-3.952671531238347,2.1394923340495806
2.8506905794681963,-3.952671531238347,2.0825803410945762
2.8506905794681963,-3.952671531238347,2.0313595474350734
2.8506905794681963,-3.952671531238347,1.985260833141521
2.8506905794681963,-3.952671531238347,1.9391621188479675
2.8506905794681963,-3.952671531238347,1.897673275983769
2.8506905794681963,-3.952671531238347,1.8649431888353467
2.8506905794681963,-3.952671531238347,1.8322131016869245
2.8506905794681963,-3.952671531238347,1.8060290319681862
2.8506905794681963,-3.952671531238347,1.782463369221321
2.8506905794681963,-3.952671531238347,1.7612542727491438
2.8506905794681963,-3.952671531238347,1.742166085924183
2.8506905794681963,-3.952671531238347,1.7230778990992228
2.8506905794681963,-3.952671531238347,1.705898530956759
2.8506905794681963,-3.952671531238347,1.6923459183110372
2.8506905794681963,-3.952671531238347,1.680148566929888
2.8506905794681963,-3.952671531238347,1.6691709506868526
2.8506905794681963,-3.952671531238347,1.659291096068122
2.8506905794681963,-3.952671531238347,1.649411241449391
2.8506905794681963,-3.952671531238347,1.6415073577544061
2.8506905794681963,-3.952671531238347,1.6343938624289194
2.8506905794681963,-3.952671531238347,1.627991716635982
2.8506905794681963,-3.952671531238347,1.6215895708430441
2.8506905794681963,-3.952671531238347,1.6164678542086939
2.8506905794681963,-3.952671531238347,1.6113461375743436
2.8506905794681963,-3.952671531238347,1.6072487642668631
2.8506905794681963,-3.952671531238347,1.6035611282901312
2.8506905794681963,-3.952671531238347,1.6002422559110723
2.8506905794681963,-3.952671531238347,1.5972552707699192
2.8506905794681963,-3.952671531238347,1.5945669841428816
2.8506905794681963,-3.952671531238347,1.5921475261785474
2.8506905794681963,-3.952671531238347,1.589970014010647
2.8506905794681963,-3.952671531238347,1.5877925018427461
2.8506905794681963,-3.952671531238347,1.5860504921084257
2.8506905794681963,-3.952671531238347,1.5844826833475374
2.8506905794681963,-3.952671531238347,1.583071655462738
2.8506905794681963,-3.952671531238347,1.5818017303664185
2.8506905794681963,-3.952671531238347,1.5806587977797308
2.8506905794681963,-3.952671531238347,1.5796301584517116
2.8506905794681963,-3.952671531238347,1.5787043830564944
2.8506905794681963,-3.952671531238347,1.5778711852007994
2.8506905794681963,-3.952671531238347,1.5771213071306736
2.8506905794681963,-3.952671531238347,1.5764464168675605
2.8506905794681963,-3.952671531238347,1.5758390156307587
2.8506905794681963,-3.952671531238347,1.575292354517637
2.8506905794681963,-3.952671531238347,1.574800359515827
2.8506905794681963,-3.952671531238347,1.574357564014199
2.8506905794681963,-3.952671531238347,1.5739590480627328
2.8506905794681963,-3.952671531238347,1.5736003837064139
2.8506905794681963,-3.952671531238347,1.5732775857857266
2.8506905794681963,-3.952671531238347,1.572987067657108
2.8506905794681963,-3.952671531238347,1.572725601341351
2.8506905794681963,-3.952671531238347,1.5724902816571704
2.8506905794681963,-3.952671531238347,1.5722549619729893
2.8506905794681963,-3.952671531238347,1.572066706225645
2.8506905794681963,-3.952671531238347,1.5718784504782999
2.8506905794681963,-3.952671531238347,1.571727845880424
2.8506905794681963,-3.952671531238347,1.5715923017423359
2.8506905794681963,-3.952671531238347,1.5714703120180564
2.8506905794681963,-3.952671531238347,1.5713605212662054
2.8506905794681963,-3.952671531238347,1.5712507305143537
2.8506905794681963,-3.952671531238347,1.5711409397625022
2.8506905794681963,-3.952671531238347,1.5710311490106508
2.8506905794681963,-3.952671531238347,1.5709213582587989
2.8506905794681963,-3.952671531238347,1.5708115675069472
2.8506898174325936,-3.9026715312441542,1.5708115675069472
2.850689055396991,-3.8526715312499613,1.5708115675069472
2.850688445768509,-3.812671531254607,1.5708115675069472
2.850687836140027,-3.7726715312592525,1.5708115675069472
2.8506873484372415,-3.740671531262969,1.5708115675069472
2.8506868607344558,-3.7086715312666856,1.5708115675069472
2.8506864705722275,-3.683071531269659,1.5708115675069472
2.850686080409999,-3.6574715312726322,1.5708115675069472
2.8506857682802162,-3.6369915312750107,1.5708115675069472
2.8506854561504333,-3.6165115312773892,1.5708115675069472
2.8506852064466073,-3.600127531279292,1.5708115675069472
2.850684956742781,-3.583743531281195,1.5708115675069472
2.85068475697972,-3.570636331282717,1.5708115675069472
2.850684557216659,-3.557529131284239,1.5708115675069472
2.85068439740621,-3.547043371285457,1.5708115675069472
2.850684237595761,-3.536557611286675,1.5708115675069472
2.850684109747402,-3.528169003287649,1.5708115675069472
2.850683981899043,-3.519780395288623,1.5708115675069472
2.8506838796203557,-3.5130695088894024,1.5708115675069472
2.8506837773416684,-3.5063586224901817,1.5708115675069472
2.8506836955187187,-3.5009899133708053,1.5708115675069472
2.850683613695769,-3.495621204251429,1.5708115675069472
2.8506835482374093,-3.4913262369559277,1.5708115675069472
2.8506834827790497,-3.4870312696604264,1.5708115675069472
2.850683430412362,-3.4835952958240255,1.5708115675069472
2.850683378045674,-3.4801593219876246,1.5708115675069472
2.850683330915655,-3.4770669455348635,1.5708115675069472
2.850683283785636,-3.4739745690821024,1.5708115675069472
2.8506832466052874,-3.4715350276582577,1.5708115675069472
2.850683209424939,-3.469095486234413,1.5708115675069472
2.850683180675627,-3.4672091365982287,1.5708115675069472
2.850683151926315,-3.4653227869620444,1.5708115675069472
2.8506831297699695,-3.4638690264318632,1.5708115675069472
2.850683107613624,-3.462415265901682,1.5708115675069472
2.850683088332209,-3.4611501403351195,1.5708115675069472
2.8506830690507945,-3.459885014768557,1.5708115675069472
2.8506830538100822,-3.458885014768673,1.5708115675069472
2.85068303856937,-3.457885014768789,1.5708115675069472
2.8506830233286578,-3.456885014768905,1.5708115675069472
2.8506830080879455,-3.455885014769021,1.5708115675069472
2.8506830080879455,-3.455885014769021,1.413731934827458
2.8506830080879455,-3.455885014769021,1.2723602654159176
2.8506830080879455,-3.455885014769021,1.1451257629455305
2.8506830080879455,-3.455885014769021,1.0306147107221828
2.8506830080879455,-3.455885014769021,0.9161036584988345
2.8506830080879455,-3.455885014769021,0.8130437114978211
2.8506830080879455,-3.455885014769021,0.7317408644192444
2.8506830080879455,-3.455885014769021,0.6585683020485251
2.8506830080879455,-3.455885014769021,0.5927129959148777
2.8506830080879455,-3.455885014769021,0.5334432203945948
2.8506830080879455,-3.455885014769021,0.4801004224263405
2.8506830080879455,-3.455885014769021,0.43209190425491145
2.8506830080879455,-3.455885014769021,0.3888842379006254
2.8506830080879455,-3.455885014769021,0.34999733818176787
2.8506830080879455,-3.455885014769021,0.31499912843479616
2.8506830080879455,-3.455885014769021,0.28350073966252154
2.8506830080879455,-3.455885014769021,0.25200235089024703
2.8506830080879455,-3.455885014769021,0.22365380099519994
2.8506830080879455,-3.455885014769021,0.19530525110015282
2.8506830080879455,-3.455885014769021,0.16695670120510575
2.8506830080879455,-3.455885014769021,0.1502625551558002
2.8506830080879455,-3.455885014769021,0.13523782371142523
2.8506830080879455,-3.455885014769021,0.12021309226705026
2.8506830080879455,-3.455885014769021,0.10518836082267526
2.8506830080879455,-3.455885014769021,0.09467104881161283
2.8506830080879455,-3.455885014769021,0.08520546800165663
2.8506830080879455,-3.455885014769021,0.07573988719170038
2.8506830080879455,-3.455885014769021,0.06722086446273981
2.8506830080879455,-3.455885014769021,0.06050030208767087
2.8506830080879455,-3.455885014769021,0.05445179595010885
2.8506830080879455,-3.455885014769021,0.04840328981254682
2.8506830080879455,-3.455885014769021,0.04295963428874098
2.8506830080879455,-3.455885014769021,0.038665194931071956
2.8506830080879455,-3.455885014769021,0.034800199509169814
2.8506830080879455,-3.455885014769021,0.0313217036294579
2.8506830080879455,-3.455885014769021,0.028191057337717176
2.8506830080879455,-3.455885014769021,0.025373475675150522
2.8506830080879455,-3.455885014769021,0.02255589401258385
2.8506830080879455,-3.455885014769021,0.020301828682530526
2.8506830080879455,-3.455885014769021,0.018047763352477212
2.8506830080879455,-3.455885014769021,0.01624451108843455
2.8506830080879455,-3.455885014769021,0.014621584050796157
2.8506830080879455,-3.455885014769021,0.012998657013157762
2.8506830080879455,-3.455885014769021,0.011375729975519368
2.8506830080879455,-3.455885014769021,0.01023968104917249
2.8506830080879455,-3.455885014769021,0.009217237015460305
2.8506830080879455,-3.455885014769021,0.008297037385119338
2.8506830080879455,-3.455885014769021,0.007468857717812466
2.8506830080879455,-3.455885014769021,0.006723496017236282
2.8506830080879455,-3.455885014769021,0.006052670486717713
2.8506830080879455,-3.455885014769021,0.005448927509251007
2.8506830080879455,-3.455885014769021,0.004845184531784295
2.8506830080879455,-3.455885014769021,0.004301815852064259
2.8506830080879455,-3.455885014769021,0.0038188214700908907
2.8506830080879455,-3.455885014769021,0.003390163956089527
2.8506830080879455,-3.455885014769021,0.0030526716316856364
2.8506830080879455,-3.455885014769021,0.0027151793072817455
2.8506830080879455,-3.455885014769021,0.0024451854477586334
2.8506830080879455,-3.455885014769021,0.0022021909741878312
2.8506830080879455,-3.455885014769021,0.0019834959479741107
2.8506830080879455,-3.455885014769021,0.001786670424381762
2.8506830080879455,-3.455885014769021,0.0015898449007894122
2.8506830080879455,-3.455885014769021,0.0013930193771970634
2.8506830080879455,-3.455885014769021,0.0011961938536047144
2.8506830080879455,-3.455885014769021,0.001078098539449305
2.8506830080879455,-3.455885014769021,0.0009718127567094365
2.9506829608669474,-3.4557878335086465,0.0009718127567094365
3.0506829136459492,-3.455690652248272,0.0009718127567094365
3.150682866424951,-3.4555934709878975,0.0009718127567094365
3.250682819203953,-3.455496289727523,0.0009718127567094365
3.350682771982955,-3.4553991084671485,0.0009718127567094365
3.4506827247619567,-3.455301927206774,0.0009718127567094365
3.5506826775409586,-3.4552047459463995,0.0009718127567094365
3.6506826303199604,-3.455107564686025,0.0009718127567094365
3.7506825830989623,-3.4550103834256505,0.0009718127567094365
3.850682535877964,-3.454913202165276,0.0009718127567094365
3.950682488656966,-3.4548160209049015,0.0009718127567094365
4.050682441435968,-3.454718839644527,0.0009718127567094365
4.15068239421497,-3.4546216583841525,0.0009718127567094365
4.250682346993972,-3.454524477123778,0.0009718127567094365
4.3506822997729735,-3.4544272958634035,0.0009718127567094365
4.450682252551975,-3.454330114603029,0.0009718127567094365
4.550682205330977,-3.4542329333426545,0.0009718127567094365
4.650682158109979,-3.45413575208228,0.0009718127567094365
4.750682110888981,-3.4540385708219055,0.0009718127567094365
4.850682063667983,-3.453941389561531,0.0009718127567094365
4.950682016446985,-3.4538442083011565,0.0009718127567094365
5.050681969225987,-3.453747027040782,0.0009718127567094365
5.150681922004988,-3.4536498457804075,0.0009718127567094365
5.25068187478399,-3.453552664520033,0.0009718127567094365
5.350681827562992,-3.4534554832596585,0.0009718127567094365
5.450681780341994,-3.453358301999284,0.0009718127567094365
5.550681733120996,-3.4532611207389095,0.0009718127567094365
5.650681685899998,-3.453163939478535,0.0009718127567094365
5.750681638679,-3.4530667582181604,0.0009718127567094365
5.8506815914580015,-3.452969576957786,0.0009718127567094365
5.950681544237003,-3.4528723956974114,0.0009718127567094365
6.050681497016005,-3.452775214437037,0.0009718127567094365
6.150681449795007,-3.4526780331766624,0.0009718127567094365
6.250681402574009,-3.452580851916288,0.0009718127567094365
6.350681355353011,-3.4524836706559134,0.0009718127567094365
6.450681308132013,-3.452386489395539,0.0009718127567094365
6.5506812609110145,-3.4522893081351644,0.0009718127567094365
6.650681213690016,-3.45219212687479,0.0009718127567094365
6.750681166469018,-3.4520949456144154,0.0009718127567094365
6.85068111924802,-3.451997764354041,0.0009718127567094365
6.950681072027022,-3.4519005830936664,0.0009718127567094365
7.050681024806024,-3.451803401833292,0.0009718127567094365
7.150680977585026,-3.4517062205729174,0.0009718127567094365
7.250680930364028,-3.451609039312543,0.0009718127567094365
7.3506808831430295,-3.4515118580521684,0.0009718127567094365
7.450680835922031,-3.451414676791794,0.0009718127567094365
7.550680788701033,-3.4513174955314194,0.0009718127567094365
7.650680741480035,-3.451220314271045,0.0009718127567094365
7.750680694259037,-3.4511231330106704,0.0009718127567094365
7.850680647038039,-3.451025951750296,0.0009718127567094365
7.950680599817041,-3.4509287704899214,0.0009718127567094365
8.050680552596043,-3.450831589229547,0.0009718127567094365
8.150680505375046,-3.4507344079691724,0.0009718127567094365
8.250680458154049,-3.450637226708798,0.0009718127567094365
8.350680410933052,-3.4505400454484234,0.0009718127567094365
8.450680363712054,-3.450442864188049,0.0009718127567094365
8.550680316491057,-3.4503456829276744,0.0009718127567094365
8.65068026927006,-3.4502485016673,0.0009718127567094365
8.750680222049063,-3.4501513204069254,0.0009718127567094365
8.850680174828065,-3.450054139146551,0.0009718127567094365
8.950680127607068,-3.4499569578861764,0.0009718127567094365
9.050680080386071,-3.449859776625802,0.0009718127567094365
9.150680033165074,-3.4497625953654274,0.0009718127567094365
9.250679985944076,-3.449665414105053,0.0009718127567094365
9.250679985944076,-3.449665414105053,0.1580514454361991
9.250679985944076,-3.449665414105053,0.2994231148477398
9.250679985944076,-3.449665414105053,0.4266576173181266
9.250679985944076,-3.449665414105053,0.5411686695414745
9.250679985944076,-3.449665414105053,0.6442286165424874
9.250679985944076,-3.449665414105053,0.7369825688433994
9.250679985944076,-3.449665414105053,0.8204611259142203
9.250679985944076,-3.449665414105053,0.8955918272779589
9.250679985944076,-3.449665414105053,0.9632094585053237
9.250679985944076,-3.449665414105053,1.0240653266099515
9.250679985944076,-3.449665414105053,1.0788356079041175
9.250679985944076,-3.449665414105053,1.128128861068866
9.250679985944076,-3.449665414105053,1.1774221142336145
9.250679985944076,-3.449665414105053,1.2217860420818887
9.250679985944076,-3.449665414105053,1.2612206446136875
9.250679985944076,-3.449665414105053,1.3006552471454869
9.250679985944076,-3.449665414105053,1.340089849677286
9.250679985944076,-3.449665414105053,1.363257678664718
9.250679985944076,-3.449665414105053,1.3841087247534065
9.250679985944076,-3.449665414105053,1.4049597708420956
9.250679985944076,-3.449665414105053,1.4216406077130466
9.250679985944076,-3.449665414105053,1.4366533608969023
9.250679985944076,-3.449665414105053,1.4501648387623731
9.250679985944076,-3.449665414105053,1.463676316627843
9.250679985944076,-3.449665414105053,1.4771877944933134
9.250679985944076,-3.449665414105053,1.4906992723587842
9.250679985944076,-3.449665414105053,1.4988061590780661
9.250679985944076,-3.449665414105053,1.50610235712542
9.250679985944076,-3.449665414105053,1.5133985551727744
9.250679985944076,-3.449665414105053,1.5192355136106575
9.250679985944076,-3.449665414105053,1.5244887762047523
9.250679985944076,-3.449665414105053,1.5292167125394376
9.250679985944076,-3.449665414105053,1.533471855240654
9.250679985944076,-3.449665414105053,1.5377269979418715
9.250679985944076,-3.449665414105053,1.5411311121028448
9.250679985944076,-3.449665414105053,1.5441948148477207
9.250679985944076,-3.449665414105053,1.546952147318109
9.250679985944076,-3.449665414105053,1.5494337465414594
9.250679985944076,-3.449665414105053,1.5516671858424735
9.250679985944076,-3.449665414105053,1.553900625143488
9.250679985944076,-3.449665414105053,1.5556873765843
9.250679985944076,-3.449665414105053,1.5572954528810308
9.250679985944076,-3.449665414105053,1.5587427215480878
9.250679985944076,-3.449665414105053,1.560189990215145
9.250679985944076,-3.449665414105053,1.5614925320154973
9.250679985944076,-3.449665414105053,1.5625200927691079
9.250679985944076,-3.449665414105053,1.5635476535227184
9.250679985944076,-3.449665414105053,1.5643697021256073
9.250679985944076,-3.449665414105053,1.5651095458682072
9.250679985944076,-3.449665414105053,1.5657754052365473
9.250679985944076,-3.449665414105053,1.5663746786680532
9.250679985944076,-3.449665414105053,1.5669140247564082
9.250679985944076,-3.449665414105053,1.5673994362359283
9.250679985944076,-3.449665414105053,1.567836306567496
9.250679985944076,-3.449665414105053,1.5682731768990639
9.250679985944076,-3.449665414105053,1.5687100472306315
9.250679985944076,-3.449665414105053,1.5690595434958858
9.250679985944076,-3.449665414105053,1.5693304031014574
9.250679985944076,-3.449665414105053,1.5695741767464726
9.250679985944076,-3.449665414105053,1.5697935730269859
9.250679985944076,-3.449665414105053,1.5699910296794481
9.250679985944076,-3.449665414105053,1.5701687406666638
9.250679985944076,-3.449665414105053,1.5703286805551582
9.250679985944076,-3.449665414105053,1.5704726264548028
9.250679985944076,-3.449665414105053,1.5706165723544476
9.250679985944076,-3.449665414105053,1.5707317290741634
9.250679985944076,-3.449665414105053,1.5708353701219075
9.250679985944076,-3.449665414105053,1.5709390111696517
9.250672851725364,-3.3996654146140237,1.5709390111696517
9.250665717506651,-3.3496654151229945,1.5709390111696517
9.25065929670981,-3.304665415581068,1.5709390111696517
9.250652875912968,-3.259665416039142,1.5709390111696517
9.250648452697366,-3.2286654163547035,1.5709390111696517
9.250644029481764,-3.197665416670265,1.5709390111696517
9.250640048587721,-3.169765416954271,1.5709390111696517
9.250636067693678,-3.141865417238277,1.5709390111696517
9.250632529121196,-3.1170654174907266,1.5709390111696517
9.250628990548714,-3.0922654177431763,1.5709390111696517
9.250626955869537,-3.0780054178883347,1.5709390111696517
9.25062492119036,-3.063745418033493,1.5709390111696517
9.250623293447019,-3.05233741814962,1.5709390111696517
9.250621665703678,-3.0409294182657467,1.5709390111696517
9.250620363509004,-3.031803018358648,1.5709390111696517
9.25061906131433,-3.0226766184515492,1.5709390111696517
9.25061801955859,-3.0153754985258705,1.5709390111696517
9.250616977802851,-3.008074378600192,1.5709390111696517
9.25061614439826,-3.0022334826596486,1.5709390111696517
9.250615310993668,-2.9963925867191055,1.5709390111696517
9.250614644269994,-2.991719869966671,1.5709390111696517
9.25061397754632,-2.9870471532142364,1.5709390111696517
9.250613444167383,-2.9833089798122887,1.5709390111696517
9.250612910788446,-2.979570806410341,1.5709390111696517
9.2506124307474,-2.976206450348588,1.5709390111696517
9.250611950706356,-2.972842094286835,1.5709390111696517
9.250611620011414,-2.9705244267776276,1.5709390111696517
9.250611289316472,-2.96820675926842,1.5709390111696517
9.250611024760518,-2.966352625261054,1.5709390111696517
9.250610760204564,-2.9644984912536883,1.5709390111696517
9.250610548559802,-2.9630151840477956,1.5709390111696517
9.25061033691504,-2.961531876841903,1.5709390111696517
9.25061016759923,-2.9603452310771887,1.5709390111696517
9.250609998283421,-2.9591585853124744,1.5709390111696517
9.250609855599047,-2.958158585322654,1.5709390111696517
9.250609712914672,-2.9571585853328335,1.5709390111696517
9.250609570230298,-2.956158585343013,1.5709390111696517
9.250609427545923,-2.9551585853531925,1.5709390111696517
9.250609284861548,-2.954158585363372,1.5709390111696517
9.250609142177174,-2.9531585853735516,1.5709390111696517
9.250609142177174,-2.9531585853735516,1.7280186438491414
9.250609142177174,-2.9531585853735516,1.8693903132606822
9.250609142177174,-2.9531585853735516,1.9966248157310686
9.250609142177174,-2.9531585853735516,2.1111358679544168
9.250609142177174,-2.9531585853735516,2.225646920177765
9.250609142177174,-2.9531585853735516,2.340157972401113
9.250609142177174,-2.9531585853735516,2.4317668141797912
9.250609142177174,-2.9531585853735516,2.502763666558267
9.250609142177174,-2.9531585853735516,2.5666608336988954
9.250609142177174,-2.9531585853735516,2.6241682841254605
9.250609142177174,-2.9531585853735516,2.6816757345520257
9.250609142177174,-2.9531585853735516,2.7334324399359344
9.250609142177174,-2.9531585853735516,2.785189145319843
9.250609142177174,-2.9531585853735516,2.8208437645843136
9.250609142177174,-2.9531585853735516,2.852932921922337
9.250609142177174,-2.9531585853735516,2.8818131635265583
9.250609142177174,-2.9531585853735516,2.9078053809703572
9.250609142177174,-2.9531585853735516,2.9311983766697765
9.250609142177174,-2.9531585853735516,2.9522520727992534
9.250609142177174,-2.9531585853735516,2.9712003993157827
9.250609142177174,-2.9531585853735516,2.9882538931806595
9.250609142177174,-2.9531585853735516,3.0053073870455362
9.250609142177174,-2.9531585853735516,3.0189501821374374
9.250609142177174,-2.9531585853735516,3.0325929772293385
9.250609142177174,-2.9531585853735516,3.0435072133028593
9.250609142177174,-2.9531585853735516,3.053330025769028
9.250609142177174,-2.9531585853735516,3.06217055698858
9.250609142177174,-2.9531585853735516,3.070127035086177
9.250609142177174,-2.9531585853735516,3.077287865374014
9.250609142177174,-2.9531585853735516,3.0837326126330673
9.250609142177174,-2.9531585853735516,3.0895328851662156
9.250609142177174,-2.9531585853735516,3.094753130446049
9.250609142177174,-2.9531585853735516,3.099451351197899
9.250609142177174,-2.9531585853735516,3.103679749874564
9.250609142177174,-2.9531585853735516,3.1074853086835623
9.250609142177174,-2.9531585853735516,3.110910311611661
9.250609142177174,-2.9531585853735516,3.1139928142469495
9.250609142177174,-2.9531585853735516,3.1167670666187095
9.250609142177174,-2.9531585853735516,3.1192638937532933
9.250609142177174,-2.9531585853735516,3.1215110381744187
9.250609142177174,-2.9531585853735516,3.1235334681534317
9.250609142177174,-2.9531585853735516,3.125353655134543
9.250609142177174,-2.9531585853735516,3.126991823417544
9.250609142177174,-2.9531585853735516,3.128466174872244
9.250609142177174,-2.9531585853735516,3.1299405263269446
9.250609142177174,-2.9531585853735516,3.131414877781645
9.250609142177174,-2.9531585853735516,3.1328892292363455
9.250609142177174,-2.9531585853735516,3.134363580691046
9.250609142177174,-2.9531585853735516,3.1351007564183964
9.250609142177174,-2.9531585853735516,3.1357642145730114
9.250609142177174,-2.9531585853735516,3.136361326912165
9.250609142177174,-2.9531585853735516,3.136898728017403
9.250609142177174,-2.9531585853735516,3.1373823890121177
9.250609142177174,-2.9531585853735516,3.1378176839073606
9.250609142177174,-2.9531585853735516,3.1382094493130794
9.250609142177174,-2.9531585853735516,3.138562038178226
9.250609142177174,-2.9531585853735516,3.1388793681568585
9.250609142177174,-2.9531585853735516,3.139196698135491
9.250609142177174,-2.9531585853735516,3.1394505621183963
9.250609142177174,-2.9531585853735516,3.139704426101302
9.250609142177174,-2.9531585853735516,3.1399075172876265
9.250609142177174,-2.9531585853735516,3.1400902993553186
9.250609142177174,-2.9531585853735516,3.1402548032162416
9.250609142177174,-2.9531585853735516,3.140402856691072
9.250609142177174,-2.9531585853735516,3.1405361048184197
9.250609142177174,-2.9531585853735516,3.1406560281330327
9.250609142177174,-2.9531585853735516,3.140763959116184
9.150609176513898,-2.9530757159356757,3.140763959116184
9.050609210850622,-2.9529928464978,3.140763959116184
8.950609245187346,-2.952909977059924,3.140763959116184
8.85060927952407,-2.9528271076220483,3.140763959116184
8.750609313860794,-2.9527442381841724,3.140763959116184
8.650609348197518,-2.9526613687462966,3.140763959116184
8.550609382534242,-2.9525784993084208,3.140763959116184
8.450609416870966,-2.952495629870545,3.140763959116184
8.35060945120769,-2.952412760432669,3.140763959116184
8.250609485544414,-2.9523298909947933,3.140763959116184
8.150609519881138,-2.9522470215569174,3.140763959116184
8.050609554217862,-2.9521641521190416,3.140763959116184
7.950609588554587,-2.9520812826811658,3.140763959116184
7.850609622891312,-2.95199841324329,3.140763959116184
7.750609657228037,-2.951915543805414,3.140763959116184
7.650609691564762,-2.9518326743675383,3.140763959116184
7.550609725901487,-2.9517498049296624,3.140763959116184
7.450609760238212,-2.9516669354917866,3.140763959116184
7.350609794574937,-2.9515840660539108,3.140763959116184
7.250609828911662,-2.951501196616035,3.140763959116184
7.150609863248387,-2.951418327178159,3.140763959116184
7.050609897585112,-2.9513354577402833,3.140763959116184
6.950609931921837,-2.9512525883024074,3.140763959116184
6.850609966258562,-2.9511697188645316,3.140763959116184
6.7506100005952865,-2.951086849426656,3.140763959116184
6.650610034932011,-2.95100397998878,3.140763959116184
6.550610069268736,-2.950921110550904,3.140763959116184
6.450610103605461,-2.9508382411130283,3.140763959116184
6.350610137942186,-2.9507553716751524,3.140763959116184
6.250610172278911,-2.9506725022372766,3.140763959116184
6.150610206615636,-2.950589632799401,3.140763959116184
6.050610240952361,-2.950506763361525,3.140763959116184
5.950610275289086,-2.950423893923649,3.140763959116184
5.850610309625811,-2.9503410244857733,3.140763959116184
5.750610343962536,-2.9502581550478975,3.140763959116184
5.650610378299261,-2.9501752856100216,3.140763959116184
5.550610412635986,-2.950092416172146,3.140763959116184
5.450610446972711,-2.95000954673427,3.140763959116184
5.3506104813094355,-2.949926677296394,3.140763959116184
5.25061051564616,-2.9498438078585183,3.140763959116184
5.150610549982885,-2.9497609384206425,3.140763959116184
5.05061058431961,-2.9496780689827666,3.140763959116184
4.950610618656335,-2.949595199544891,3.140763959116184
4.85061065299306,-2.949512330107015,3.140763959116184
4.750610687329785,-2.949429460669139,3.140763959116184
4.65061072166651,-2.9493465912312633,3.140763959116184
4.550610756003235,-2.9492637217933875,3.140763959116184
4.45061079033996,-2.9491808523555116,3.140763959116184
4.350610824676685,-2.949097982917636,3.140763959116184
4.25061085901341,-2.94901511347976,3.140763959116184
4.150610893350135,-2.948932244041884,3.140763959116184
4.05061092768686,-2.9488493746040083,3.140763959116184
3.950610962023584,-2.9487665051661325,3.140763959116184
3.8506109963603086,-2.9486836357282566,3.140763959116184
3.750611030697033,-2.948600766290381,3.140763959116184
3.6506110650337575,-2.948517896852505,3.140763959116184
3.550611099370482,-2.948435027414629,3.140763959116184
3.4506111337072065,-2.9483521579767533,3.140763959116184
3.350611168043931,-2.9482692885388775,3.140763959116184
3.2506112023806555,-2.9481864191010017,3.140763959116184
3.15061123671738,-2.948103549663126,3.140763959116184
3.0506112710541045,-2.94802068022525,3.140763959116184
2.950611305390829,-2.947937810787374,3.140763959116184
2.8506113397275534,-2.9478549413494983,3.140763959116184
2.8506113397275534,-2.9478549413494983,2.9836843264366943
2.8506113397275534,-2.9478549413494983,2.8423126570251536
2.8506113397275534,-2.9478549413494983,2.715078154554767
2.8506113397275534,-2.9478549413494983,2.6005671023314187
2.8506113397275534,-2.9478549413494983,2.4975071553304056
2.8506113397275534,-2.9478549413494983,2.4047532030294936
2.8506113397275534,-2.9478549413494983,2.321274645958673
2.8506113397275534,-2.9478549413494983,2.2461439445949343
2.8506113397275534,-2.9478549413494983,2.1710132432311955
2.8506113397275534,-2.9478549413494983,2.1033956120038306
2.8506113397275534,-2.9478549413494983,2.0500528140355767
2.8506113397275534,-2.9478549413494983,2.002044295864147
2.8506113397275534,-2.9478549413494983,1.958836629509861
2.8506113397275534,-2.9478549413494983,1.919949729791004
2.8506113397275534,-2.9478549413494983,1.884951520044032
2.8506113397275534,-2.9478549413494983,1.853453131271758
2.8506113397275534,-2.9478549413494983,1.8251045813767113
2.8506113397275534,-2.9478549413494983,1.796756031481663
2.8506113397275534,-2.9478549413494983,1.771242336576121
2.8506113397275534,-2.9478549413494983,1.7485634966600836
2.8506113397275534,-2.9478549413494983,1.7258846567440462
2.8506113397275534,-2.9478549413494983,1.7102929543017704
2.8506113397275534,-2.9478549413494983,1.6962604221037223
2.8506113397275534,-2.9478549413494983,1.682227889905674
2.8506113397275534,-2.9478549413494983,1.6681953577076247
2.8506113397275534,-2.9478549413494983,1.6583725851689914
2.8506113397275534,-2.9478549413494983,1.649532089884221
2.8506113397275534,-2.9478549413494983,1.6415756441279277
2.8506113397275534,-2.9478549413494983,1.634414842947264
2.8506113397275534,-2.9478549413494983,1.627970121884666
2.8506113397275534,-2.9478549413494983,1.622169872928328
2.8506113397275534,-2.9478549413494983,1.616949648867624
2.8506113397275534,-2.9478549413494983,1.61225144721299
2.8506113397275534,-2.9478549413494983,1.6080230657238204
2.8506113397275534,-2.9478549413494983,1.6042175223835669
2.8506113397275534,-2.9478549413494983,1.6007925333773387
2.8506113397275534,-2.9478549413494983,1.597367544371111
2.8506113397275534,-2.9478549413494983,1.5946275531661283
2.8506113397275534,-2.9478549413494983,1.5921615610816446
2.8506113397275534,-2.9478549413494983,1.589942168205609
2.8506113397275534,-2.9478549413494983,1.5879447146171768
2.8506113397275534,-2.9478549413494983,1.5861470063875882
2.8506113397275534,-2.9478549413494983,1.5845290689809575
2.8506113397275534,-2.9478549413494983,1.5829111315743276
2.8506113397275534,-2.9478549413494983,1.5816167816490236
2.8506113397275534,-2.9478549413494983,1.5804518667162502
2.8506113397275534,-2.9478549413494983,1.5794034432767539
2.8506113397275534,-2.9478549413494983,1.5783550198372571
2.8506113397275534,-2.9478549413494983,1.5775162810856602
2.8506113397275534,-2.9478549413494983,1.576761416209223
2.8506113397275534,-2.9478549413494983,1.5760820378204299
2.8506113397275534,-2.9478549413494983,1.5754705972705156
2.8506113397275534,-2.9478549413494983,1.574920300775593
2.8506113397275534,-2.9478549413494983,1.5744250339301618
2.8506113397275534,-2.9478549413494983,1.5739792937692743
2.8506113397275534,-2.9478549413494983,1.5735781276244758
2.8506113397275534,-2.9478549413494983,1.5732170780941572
2.8506113397275534,-2.9478549413494983,1.57289213351687
2.8506113397275534,-2.9478549413494983,1.5725996833973115
2.8506113397275534,-2.9478549413494983,1.5723364782897091
2.8506113397275534,-2.9478549413494983,1.5720995936928672
2.8506113397275534,-2.9478549413494983,1.5718863975557091
2.8506113397275534,-2.9478549413494983,1.571694521032267
2.8506113397275534,-2.9478549413494983,1.5715218321611688
2.8506113397275534,-2.9478549413494983,1.571366412177181
2.8506113397275534,-2.9478549413494983,1.5712109921931925
2.8506113397275534,-2.9478549413494983,1.571071114207603
2.8506113397275534,-2.9478549413494983,1.570960766018972
2.8506113397275534,-2.9478549413494983,1.57085041783034
2.8506113397275534,-2.9478549413494983,1.5707400696417082
2.8506141525852113,-2.89785494142862,1.5707400696417082
2.8506169654428692,-2.847854941507742,1.5707400696417082
2.8506194970147614,-2.802854941578951,1.5707400696417082
2.8506220285866535,-2.7578549416501605,1.5707400696417082
2.8506237725584014,-2.726854941699216,1.5707400696417082
2.8506255165301493,-2.695854941748271,1.5707400696417082
2.850626911707548,-2.6710549417875153,1.5707400696417082
2.8506283068849463,-2.6462549418267596,1.5707400696417082
2.8506294230268647,-2.626414941858155,1.5707400696417082
2.850630539168783,-2.6065749418895505,1.5707400696417082
2.8506314320823183,-2.590702941914667,1.5707400696417082
2.8506323249958534,-2.5748309419397835,1.5707400696417082
2.8506331286180346,-2.560546141962388,1.5707400696417082
2.850633932240216,-2.5462613419849927,1.5707400696417082
2.8506344858466077,-2.536420702000565,1.5707400696417082
2.8506350394529996,-2.526580062016137,1.5707400696417082
2.850635537698752,-2.5177234860301523,1.5707400696417082
2.850636035944505,-2.5088669100441674,1.5707400696417082
2.8506363791804676,-2.5027657132538224,1.5707400696417082
2.8506367224164304,-2.4966645164634773,1.5707400696417082
2.850636997005201,-2.491783559031201,1.5707400696417082
2.850637271593971,-2.486902601598925,1.5707400696417082
2.8506374912649872,-2.482997835653104,1.5707400696417082
2.8506377109360033,-2.4790930697072833,1.5707400696417082
2.8506378866728164,-2.4759692569506266,1.5707400696417082
2.8506380624096295,-2.47284544419397,1.5707400696417082
2.8506382029990798,-2.4703463939886445,1.5707400696417082
2.85063834358853,-2.467847343783319,1.5707400696417082
2.8506384560600906,-2.4658481036190585,1.5707400696417082
2.850638568531651,-2.463848863454798,1.5707400696417082
2.8506386585088994,-2.4622494713233896,1.5707400696417082
2.8506387484861477,-2.460650079191981,1.5707400696417082
2.8506388204679465,-2.4593705654868545,1.5707400696417082
2.850638892449745,-2.458091051781728,1.5707400696417082
2.850638957233364,-2.4569394894471137,1.5707400696417082
2.850639022016983,-2.4557879271124996,1.5707400696417082
2.850639078274136,-2.454787927114082,1.5707400696417082
2.8506391345312894,-2.4537879271156644,1.5707400696417082
2.8506391907884425,-2.452787927117247,1.5707400696417082
2.8506392470455957,-2.451787927118829,1.5707400696417082
2.8506392470455957,-2.451787927118829,1.7278197023211983
2.8506392470455957,-2.451787927118829,1.884899335000688
2.8506392470455957,-2.451787927118829,2.041978967680177
2.8506392470455957,-2.451787927118829,2.199058600359667
2.8506392470455957,-2.451787927118829,2.3561382330391565
2.8506392470455957,-2.451787927118829,2.513217865718646
2.8506392470455957,-2.451787927118829,2.670297498398136
2.8506392470455957,-2.451787927118829,2.8273771310776254
2.8506392470455957,-2.451787927118829,2.984456763757115
2.8506392470455957,-2.451787927118829,3.1415363964366048
2.8506392470455957,-2.451787927118829,-2.984569278063492
2.8506392470455957,-2.451787927118829,-2.827489645384002
2.8506392470455957,-2.451787927118829,-2.6704100127045125
2.8506392470455957,-2.451787927118829,-2.513330380025023
2.8506392470455957,-2.451787927118829,-2.356250747345533
2.8506392470455957,-2.451787927118829,-2.1991711146660435
2.8506392470455957,-2.451787927118829,-2.0420914819865543
2.8506392470455957,-2.451787927118829,-1.8850118493070644
2.8506392470455957,-2.451787927118829,-1.7279322166275748
2.8506392470455957,-2.451787927118829,-1.570852583948085
2.8506392470455957,-2.451787927118829,-1.4137729512685953
2.8506392470455957,-2.451787927118829,-1.2724012818570547
2.8506392470455957,-2.451787927118829,-1.145166779386668
2.8506392470455957,-2.451787927118829,-1.0306557271633205
2.8506392470455957,-2.451787927118829,-0.9161446749399719
2.8506392470455957,-2.451787927118829,-0.8245358331612939
2.8506392470455957,-2.451787927118829,-0.7420878755604831
2.8506392470455957,-2.451787927118829,-0.6678847137197536
2.8506392470455957,-2.451787927118829,-0.5936815518790239
2.8506392470455957,-2.451787927118829,-0.5343190224064405
2.8506392470455957,-2.451787927118829,-0.4808927458811151
2.8506392470455957,-2.451787927118829,-0.43280909700832243
2.8506392470455957,-2.451787927118829,-0.38953381302280915
2.8506392470455957,-2.451787927118829,-0.3505860574358471
2.8506392470455957,-2.451787927118829,-0.3155330774075812
2.8506392470455957,-2.451787927118829,-0.2839853953821418
2.8506392470455957,-2.451787927118829,-0.2555924815592465
2.8506392470455957,-2.451787927118829,-0.22719956773635114
2.8506392470455957,-2.451787927118829,-0.20448523667803492
2.8506392470455957,-2.451787927118829,-0.18177090561971868
2.8506392470455957,-2.451787927118829,-0.16359944077306574
2.8506392470455957,-2.451787927118829,-0.14724512241107796
2.8506392470455957,-2.451787927118829,-0.13252623588528903
2.8506392470455957,-2.451787927118829,-0.1192792380120789
2.8506392470455957,-2.451787927118829,-0.1073569399261899
2.8506392470455957,-2.451787927118829,-0.09662687164888975
2.8506392470455957,-2.451787927118829,-0.08696981019931967
2.8506392470455957,-2.451787927118829,-0.07827845489470654
2.8506392470455957,-2.451787927118829,-0.06958709959009342
2.8506392470455957,-2.451787927118829,-0.06176487981594161
2.8506392470455957,-2.451787927118829,-0.0548117955722511
2.8506392470455957,-2.451787927118829,-0.0478587113285606
2.8506392470455957,-2.451787927118829,-0.04090562708487011
2.8506392470455957,-2.451787927118829,-0.03682069009170195
2.8506392470455957,-2.451787927118829,-0.03314424679785063
2.8506392470455957,-2.451787927118829,-0.0298354478333844
2.8506392470455957,-2.451787927118829,-0.026857528765364836
2.8506392470455957,-2.451787927118829,-0.024177401604147192
2.8506392470455957,-2.451787927118829,-0.021765287159051336
2.8506392470455957,-2.451787927118829,-0.019594384158465063
2.8506392470455957,-2.451787927118829,-0.017640571457937355
2.8506392470455957,-2.451787927118829,-0.015882140027462483
2.8506392470455957,-2.451787927118829,-0.014299551740035029
2.8506392470455957,-2.451787927118829,-0.012875222281350414
2.8506392470455957,-2.451787927118829,-0.011593325768534193
2.8506392470455957,-2.451787927118829,-0.010439618906999642
2.8506392470455957,-2.451787927118829,-0.009401282731618544
2.8506392470455957,-2.451787927118829,-0.008466780173775489
2.8506392470455957,-2.451787927118829,-0.007532277615932434
2.8506392470455957,-2.451787927118829,-0.006784675569657992
2.8506392470455957,-2.451787927118829,-0.0061118337280110305
2.8506392470455957,-2.451787927118829,-0.005506276070528746
2.8506392470455957,-2.451787927118829,-0.004961274178794711
2.8506392470455957,-2.451787927118829,-0.004416272287060675
2.8506392470455957,-2.451787927118829,-0.0039802707736734675
2.8506392470455957,-2.451787927118829,-0.003587869411624928
2.8506392470455957,-2.451787927118829,-0.0032347081857813055
2.8506392470455957,-2.451787927118829,-0.002916863082522033
2.8506392470455957,-2.451787927118829,-0.0026308024895887083
2.8506392470455957,-2.451787927118829,-0.0023733479559486866
2.8506392470455957,-2.451787927118829,-0.0021416388756726364
2.8506392470455957,-2.451787927118829,-0.001933100703424183
2.8506392470455957,-2.451787927118829,-0.0017454163484005838
2.8506392470455957,-2.451787927118829,-0.0015577319933769835
2.8506392470455957,-2.451787927118829,-0.0014075845093580856
2.8506392470455957,-2.451787927118829,-0.0012724517737411054
2.8506392470455957,-2.451787927118829,-0.0011508323116858738
2.8506392470455957,-2.451787927118829,-0.0010413747958361245
2.8506392470455957,-2.451787927118829,-0.0009319172799863767
2.950639203622108,-2.451881118833339,-0.0009319172799863767
3.05063916019862,-2.4519743105478486,-0.0009319172799863767
3.150639116775132,-2.4520675022623584,-0.0009319172799863767
3.2506390733516444,-2.452160693976868,-0.0009319172799863767
3.3506390299281565,-2.452253885691378,-0.0009319172799863767
3.4506389865046687,-2.4523470774058875,-0.0009319172799863767
3.550638943081181,-2.4524402691203973,-0.0009319172799863767
3.650638899657693,-2.452533460834907,-0.0009319172799863767
3.7506388562342052,-2.4526266525494167,-0.0009319172799863767
3.8506388128107174,-2.4527198442639264,-0.0009319172799863767
3.9506387693872296,-2.452813035978436,-0.0009319172799863767
4.050638725963742,-2.452906227692946,-0.0009319172799863767
4.150638682540254,-2.4529994194074556,-0.0009319172799863767
4.250638639116767,-2.4530926111219653,-0.0009319172799863767
4.35063859569328,-2.453185802836475,-0.0009319172799863767
4.450638552269792,-2.4532789945509847,-0.0009319172799863767
4.550638508846305,-2.4533721862654945,-0.0009319172799863767
4.6506384654228174,-2.453465377980004,-0.0009319172799863767
4.75063842199933,-2.453558569694514,-0.0009319172799863767
4.850638378575843,-2.4536517614090236,-0.0009319172799863767
4.950638335152355,-2.4537449531235334,-0.0009319172799863767
5.050638291728868,-2.453838144838043,-0.0009319172799863767
5.1506382483053805,-2.453931336552553,-0.0009319172799863767
5.250638204881893,-2.4540245282670625,-0.0009319172799863767
5.350638161458406,-2.4541177199815722,-0.0009319172799863767
5.450638118034918,-2.454210911696082,-0.0009319172799863767
5.550638074611431,-2.4543041034105917,-0.0009319172799863767
5.650638031187944,-2.4543972951251014,-0.0009319172799863767
5.750637987764456,-2.454490486839611,-0.0009319172799863767
5.850637944340969,-2.454583678554121,-0.0009319172799863767
5.9506379009174815,-2.4546768702686306,-0.0009319172799863767
6.050637857493994,-2.4547700619831403,-0.0009319172799863767
6.150637814070507,-2.45486325369765,-0.0009319172799863767
6.250637770647019,-2.4549564454121597,-0.0009319172799863767
6.350637727223532,-2.4550496371266695,-0.0009319172799863767
6.4506376838000445,-2.455142828841179,-0.0009319172799863767
6.550637640376557,-2.455236020555689,-0.0009319172799863767
6.65063759695307,-2.4553292122701986,-0.0009319172799863767
6.750637553529582,-2.4554224039847083,-0.0009319172799863767
6.850637510106095,-2.455515595699218,-0.0009319172799863767
6.950637466682608,-2.455608787413728,-0.0009319172799863767
7.05063742325912,-2.4557019791282375,-0.0009319172799863767
7.150637379835633,-2.4557951708427472,-0.0009319172799863767
7.2506373364121455,-2.455888362557257,-0.0009319172799863767
7.350637292988658,-2.4559815542717667,-0.0009319172799863767
7.450637249565171,-2.4560747459862764,-0.0009319172799863767
7.550637206141683,-2.456167937700786,-0.0009319172799863767
7.650637162718196,-2.456261129415296,-0.0009319172799863767
7.7506371192947086,-2.4563543211298056,-0.0009319172799863767
7.850637075871221,-2.4564475128443153,-0.0009319172799863767
7.950637032447734,-2.456540704558825,-0.0009319172799863767
8.050636989024246,-2.4566338962733347,-0.0009319172799863767
8.150636945600759,-2.4567270879878444,-0.0009319172799863767
8.250636902177272,-2.456820279702354,-0.0009319172799863767
8.350636858753784,-2.456913471416864,-0.0009319172799863767
8.450636815330297,-2.4570066631313736,-0.0009319172799863767
8.55063677190681,-2.4570998548458833,-0.0009319172799863767
8.650636728483322,-2.457193046560393,-0.0009319172799863767
8.750636685059835,-2.457286238274903,-0.0009319172799863767
8.850636641636347,-2.4573794299894125,-0.0009319172799863767
8.95063659821286,-2.457472621703922,-0.0009319172799863767
9.050636554789373,-2.457565813418432,-0.0009319172799863767
9.150636511365885,-2.4576590051329417,-0.0009319172799863767
9.250636467942398,-2.4577521968474514,-0.0009319172799863767
9.250636467942398,-2.4577521968474514,-0.15801154995947608
9.250636467942398,-2.4577521968474514,-0.31509118263896574
9.250636467942398,-2.4577521968474514,-0.4721708153184554
9.250636467942398,-2.4577521968474514,-0.629250447997945
9.250636467942398,-2.4577521968474514,-0.7863300806774354
9.250636467942398,-2.4577521968474514,-0.9434097133569248
9.250636467942398,-2.4577521968474514,-1.1004893460364145
9.250636467942398,-2.4577521968474514,-1.257568978715904
9.250636467942398,-2.4577521968474514,-1.4146486113953938
9.250636467942398,-2.4577521968474514,-1.571728244074883
9.250636467942398,-2.4577521968474514,-1.7288078767543726
9.250636467942398,-2.4577521968474514,-1.8858875094338623
9.250636467942398,-2.4577521968474514,-2.0429671421133517
9.250636467942398,-2.4577521968474514,-2.200046774792842
9.250636467942398,-2.4577521968474514,-2.357126407472332
9.250636467942398,-2.4577521968474514,-2.514206040151821
9.250636467942398,-2.4577521968474514,-2.671285672831311
9.250636467942398,-2.4577521968474514,-2.8283653055108005
9.250636467942398,-2.4577521968474514,-2.98544493819029
9.250636467942398,-2.4577521968474514,3.1406607363098065
9.250636467942398,-2.4577521968474514,2.983581103630317
9.250636467942398,-2.4577521968474514,2.826501470950827
9.250636467942398,-2.4577521968474514,2.6694218382713375
9.250636467942398,-2.4577521968474514,2.512342205591848
9.250636467942398,-2.4577521968474514,2.355262572912358
9.250636467942398,-2.4577521968474514,2.1981829402328685
9.250636467942398,-2.4577521968474514,2.1353510871610726
9.250636467942398,-2.4577521968474514,2.0788024193964563
9.250636467942398,-2.4577521968474514,2.0279086184083015
9.250636467942398,-2.4577521968474514,1.9770148174201472
9.250636467942398,-2.4577521968474514,1.9362997766296233
9.250636467942398,-2.4577521968474514,1.8996562399181525
9.250636467942398,-2.4577521968474514,1.866677056877828
9.250636467942398,-2.4577521968474514,1.8369957921415363
9.250636467942398,-2.4577521968474514,1.8102826538788739
9.250636467942398,-2.4577521968474514,1.7862408294424774
9.250636467942398,-2.4577521968474514,1.7646031874497206
9.250636467942398,-2.4577521968474514,1.7429655454569641
9.250636467942398,-2.4577521968474514,1.725655431862759
9.250636467942398,-2.4577521968474514,1.710076329627974
9.250636467942398,-2.4577521968474514,1.6960551376166677
9.250636467942398,-2.4577521968474514,1.6834360648064912
9.250636467942398,-2.4577521968474514,1.6720788992773339
9.250636467942398,-2.4577521968474514,1.6607217337481759
9.250636467942398,-2.4577521968474514,1.6516360013248488
9.250636467942398,-2.4577521968474514,1.643458842143855
9.250636467942398,-2.4577521968474514,1.6360993988809605
9.250636467942398,-2.4577521968474514,1.6294758999443562
9.250636467942398,-2.4577521968474514,1.623514750901411
9.250636467942398,-2.4577521968474514,1.618149716762761
9.250636467942398,-2.4577521968474514,1.6133211860379761
9.250636467942398,-2.4577521968474514,1.6089755083856696
9.250636467942398,-2.4577521968474514,1.605064398498594
9.250636467942398,-2.4577521968474514,1.601544399600225
9.250636467942398,-2.4577521968474514,1.5983764005916938
9.250636467942398,-2.4577521968474514,1.5955252014840158
9.250636467942398,-2.4577521968474514,1.5929591222871053
9.250636467942398,-2.4577521968474514,1.5906496510098853
9.250636467942398,-2.4577521968474514,1.5885711268603881
9.250636467942398,-2.4577521968474514,1.586492602710891
9.250636467942398,-2.4577521968474514,1.5848297833912928
9.250636467942398,-2.4577521968474514,1.5833332460036547
9.250636467942398,-2.4577521968474514,1.5819863623547805
9.250636467942398,-2.4577521968474514,1.5806394787059062
9.250636467942398,-2.4577521968474514,1.5794272834219192
9.250636467942398,-2.4577521968474514,1.5783497765028194
9.250636467942398,-2.4577521968474514,1.5773934891121184
9.250636467942398,-2.4577521968474514,1.5765449524133275
9.250636467942398,-2.4577521968474514,1.5758768981234859
9.250636467942398,-2.4577521968474514,1.5752756492626285
9.250636467942398,-2.4577521968474514,1.5746744004017705
9.250636467942398,-2.4577521968474514,1.5740731515409134
9.250636467942398,-2.4577521968474514,1.573592152452227
9.250636467942398,-2.4577521968474514,1.5732193781584956
9.250636467942398,-2.4577521968474514,1.572883881294137
9.250636467942398,-2.4577521968474514,1.5725819341162144
9.250636467942398,-2.4577521968474514,1.572310181656084
9.250636467942398,-2.4577521968474514,1.5720656044419667
9.250636467942398,-2.4577521968474514,1.5718210272278497
9.250636467942398,-2.4577521968474514,1.5716253654565553
9.250636467942398,-2.4577521968474514,1.5714492698623905
9.250636467942398,-2.4577521968474514,1.571290783827643
9.250636467942398,-2.4577521968474514,1.5711481463963703
9.250636467942398,-2.4577521968474514,1.571005508965097
9.250636467942398,-2.4577521968474514,1.5708628715338233
9.250633140705453,-2.4077521969581563,1.5708628715338233
9.250629813468509,-2.3577521970688613,1.5708628715338233
9.250627151678954,-2.3177521971574255,1.5708628715338233
9.250624756068355,-2.2817521972371333,1.5708628715338233
9.250622360457756,-2.245752197316841,1.5708628715338233
9.250620443969277,-2.216952197380607,1.5708628715338233
9.250618527480798,-2.188152197444373,1.5708628715338233
9.250616994290015,-2.165112197495386,1.5708628715338233
9.250615461099231,-2.142072197546399,1.5708628715338233
9.250614234546605,-2.1236401975872092,1.5708628715338233
9.250613007993978,-2.1052081976280195,1.5708628715338233
9.250612026751877,-2.0904625976606677,1.5708628715338233
9.250611045509777,-2.075716997693316,1.5708628715338233
9.250610260516096,-2.0639205177194344,1.5708628715338233
9.250609475522415,-2.052124037745553,1.5708628715338233
9.25060884752747,-2.042686853766448,1.5708628715338233
9.250608219532525,-2.033249669787343,1.5708628715338233
9.25060771713657,-2.025699922604059,1.5708628715338233
9.250607214740613,-2.0181501754207747,1.5708628715338233
9.250606812823849,-2.0121103776741474,1.5708628715338233
9.250606410907084,-2.00607057992752,1.5708628715338233
9.250606008990319,-2.0000307821808927,1.5708628715338233
9.250605607073554,-1.9939909844342654,1.5708628715338233
9.250605365923496,-1.990367105786289,1.5708628715338233
9.250605124773438,-1.9867432271383128,1.5708628715338233
9.25060493185339,-1.9838441242199316,1.5708628715338233
9.250604738933342,-1.9809450213015505,1.5708628715338233
9.250604546013294,-1.9780459183831693,1.5708628715338233
9.250604353093246,-1.9751468154647882,1.5708628715338233
9.250604237341218,-1.9734073537137595,1.5708628715338233
9.25060412158919,-1.9716678919627308,1.5708628715338233
9.250604028987567,-1.970276322561908,1.5708628715338233
9.250603936385945,-1.9688847531610851,1.5708628715338233
9.250603862304647,-1.9677714976404268,1.5708628715338233
9.25060378822335,-1.9666582421197685,1.5708628715338233
9.25060372167861,-1.9656582421219826,1.5708628715338233
9.25060365513387,-1.9646582421241967,1.5708628715338233
9.250603588589131,-1.9636582421264108,1.5708628715338233
9.250603522044392,-1.962658242128625,1.5708628715338233
9.250603455499652,-1.961658242130839,1.5708628715338233
9.250603388954913,-1.9606582421330532,1.5708628715338233
9.250603388954913,-1.9606582421330532,1.7279425042133127
9.250603388954913,-1.9606582421330532,1.8693141736248537
9.250603388954913,-1.9606582421330532,1.9965486760952404
9.250603388954913,-1.9606582421330532,2.111059728318588
9.250603388954913,-1.9606582421330532,2.2141196753196013
9.250603388954913,-1.9606582421330532,2.3068736276205133
9.250603388954913,-1.9606582421330532,2.3996275799214257
9.250603388954913,-1.9606582421330532,2.473830741762155
9.250603388954913,-1.9606582421330532,2.5406135874188114
9.250603388954913,-1.9606582421330532,2.6007181485098023
9.250603388954913,-1.9606582421330532,2.654812253491694
9.250603388954913,-1.9606582421330532,2.7034969479753967
9.250603388954913,-1.9606582421330532,2.747313173010729
9.250603388954913,-1.9606582421330532,2.786747775542528
9.250603388954913,-1.9606582421330532,2.822238917821147
9.250603388954913,-1.9606582421330532,2.8541809458719043
9.250603388954913,-1.9606582421330532,2.8861229739226615
9.250603388954913,-1.9606582421330532,2.911676596363267
9.250603388954913,-1.9606582421330532,2.9346748565598126
9.250603388954913,-1.9606582421330532,2.9553732907367034
9.250603388954913,-1.9606582421330532,2.974001881495905
9.250603388954913,-1.9606582421330532,2.9907676131791865
9.250603388954913,-1.9606582421330532,3.00585677169414
9.250603388954913,-1.9606582421330532,3.020945930209093
9.250603388954913,-1.9606582421330532,3.0360350887240464
9.250603388954913,-1.9606582421330532,3.0465974996845135
9.250603388954913,-1.9606582421330532,3.0561036695489343
9.250603388954913,-1.9606582421330532,3.065609839413355
9.250603388954913,-1.9606582421330532,3.0732147753048915
9.250603388954913,-1.9606582421330532,3.0800592176072743
9.250603388954913,-1.9606582421330532,3.086219215679419
9.250603388954913,-1.9606582421330532,3.091763213944349
9.250603388954913,-1.9606582421330532,3.0967528123827863
9.250603388954913,-1.9606582421330532,3.1012434509773796
9.250603388954913,-1.9606582421330532,3.1052850257125137
9.250603388954913,-1.9606582421330532,3.1089224429741344
9.250603388954913,-1.9606582421330532,3.112196118509593
9.250603388954913,-1.9606582421330532,3.115469794045052
9.250603388954913,-1.9606582421330532,3.1180887344734187
9.250603388954913,-1.9606582421330532,3.1207076749017855
9.250603388954913,-1.9606582421330532,3.1230647212873155
9.250603388954913,-1.9606582421330532,3.124924168991456
9.250603388954913,-1.9606582421330532,3.1265976719251825
9.250603388954913,-1.9606582421330532,3.128103824565536
9.250603388954913,-1.9606582421330532,3.1294593619418545
9.250603388954913,-1.9606582421330532,3.130679345580541
9.250603388954913,-1.9606582421330532,3.1317773308553587
9.250603388954913,-1.9606582421330532,3.132765517602695
9.250603388954913,-1.9606582421330532,3.1336548856752975
9.250603388954913,-1.9606582421330532,3.1345442537479
9.250603388954913,-1.9606582421330532,3.135255748205982
9.250603388954913,-1.9606582421330532,3.1358960932182556
9.250603388954913,-1.9606582421330532,3.136472403729302
9.250603388954913,-1.9606582421330532,3.1369910831892436
9.250603388954913,-1.9606582421330532,3.1375097626491852
9.250603388954913,-1.9606582421330532,3.137924706217139
9.250603388954913,-1.9606582421330532,3.138298155428297
9.250603388954913,-1.9606582421330532,3.1386342597183394
9.250603388954913,-1.9606582421330532,3.1389367535793773
9.250603388954913,-1.9606582421330532,3.1392089980543116
9.250603388954913,-1.9606582421330532,3.1394540180817523
9.250603388954913,-1.9606582421330532,3.139674536106449
9.250603388954913,-1.9606582421330532,3.1398950541311454
9.250603388954913,-1.9606582421330532,3.1400935203533726
9.250603388954913,-1.9606582421330532,3.1402500881509074
9.250603388954913,-1.9606582421330532,3.1403909991686887
9.250603388954913,-1.9606582421330532,3.1405178190846916
9.250603388954913,-1.9606582421330532,3.1406446390006946
9.250603388954913,-1.9606582421330532,3.140746094933497
9.150603424787988,-1.960573586277535,3.140746094933497
9.050603460621064,-1.960488930422017,3.140746094933497
8.95060349645414,-1.960404274566499,3.140746094933497
8.850603532287215,-1.9603196187109808,3.140746094933497
8.75060356812029,-1.9602349628554627,3.140746094933497
8.650603603953366,-1.9601503069999446,3.140746094933497
8.550603639786441,-1.9600656511444265,3.140746094933497
8.450603675619517,-1.9599809952889085,3.140746094933497
8.350603711452592,-1.9598963394333904,3.140746094933497
8.250603747285668,-1.9598116835778723,3.140746094933497
8.150603783118743,-1.9597270277223542,3.140746094933497
8.050603818951819,-1.959642371866836,3.140746094933497
7.9506038547848945,-1.959557716011318,3.140746094933497
7.85060389061797,-1.9594730601558,3.140746094933497
7.750603926451046,-1.9593884043002818,3.140746094933497
7.650603962284121,-1.9593037484447637,3.140746094933497
7.550603998117197,-1.9592190925892456,3.140746094933497
7.450604033950272,-1.9591344367337276,3.140746094933497
7.350604069783348,-1.9590497808782095,3.140746094933497
7.250604105616423,-1.9589651250226914,3.140746094933497
7.150604141449499,-1.9588804691671733,3.140746094933497
7.050604177282574,-1.9587958133116552,3.140746094933497
6.95060421311565,-1.958711157456137,3.140746094933497
6.850604248948725,-1.958626501600619,3.140746094933497
6.750604284781801,-1.958541845745101,3.140746094933497
6.650604320614876,-1.9584571898895828,3.140746094933497
6.550604356447952,-1.9583725340340647,3.140746094933497
6.450604392281027,-1.9582878781785467,3.140746094933497
6.350604428114103,-1.9582032223230286,3.140746094933497
6.2506044639471785,-1.9581185664675105,3.140746094933497
6.150604499780254,-1.9580339106119924,3.140746094933497
6.05060453561333,-1.9579492547564743,3.140746094933497
5.950604571446405,-1.9578645989009562,3.140746094933497
5.850604607279481,-1.9577799430454381,3.140746094933497
5.750604643112556,-1.95769528718992,3.140746094933497
5.650604678945632,-1.957610631334402,3.140746094933497
5.550604714778707,-1.9575259754788839,3.140746094933497
5.450604750611783,-1.9574413196233658,3.140746094933497
5.350604786444858,-1.9573566637678477,3.140746094933497
5.250604822277934,-1.9572720079123296,3.140746094933497
5.150604858111009,-1.9571873520568115,3.140746094933497
5.050604893944085,-1.9571026962012934,3.140746094933497
4.95060492977716,-1.9570180403457753,3.140746094933497
4.850604965610236,-1.9569333844902572,3.140746094933497
4.750605001443311,-1.9568487286347391,3.140746094933497
4.650605037276387,-1.956764072779221,3.140746094933497
4.5506050731094625,-1.956679416923703,3.140746094933497
4.450605108942538,-1.9565947610681849,3.140746094933497
4.3506051447756136,-1.9565101052126668,3.140746094933497
4.250605180608689,-1.9564254493571487,3.140746094933497
4.150605216441765,-1.9563407935016306,3.140746094933497
4.05060525227484,-1.9562561376461125,3.140746094933497
3.950605288107916,-1.9561714817905944,3.140746094933497
3.850605323940992,-1.9560868259350763,3.140746094933497
3.750605359774068,-1.9560021700795582,3.140746094933497
3.650605395607144,-1.9559175142240401,3.140746094933497
3.55060543144022,-1.955832858368522,3.140746094933497
3.450605467273296,-1.955748202513004,3.140746094933497
3.350605503106372,-1.9556635466574859,3.140746094933497
3.250605538939448,-1.9555788908019678,3.140746094933497
3.150605574772524,-1.9554942349464497,3.140746094933497
3.0506056106056,-1.9554095790909316,3.140746094933497
2.950605646438676,-1.9553249232354135,3.140746094933497
2.850605682271752,-1.9552402673798954,3.140746094933497
2.750605718104828,-1.9551556115243773,3.140746094933497
2.750605718104828,-1.9551556115243773,2.9836664622540074
2.750605718104828,-1.9551556115243773,2.8422947928424667
2.750605718104828,-1.9551556115243773,2.700923123430926
2.750605718104828,-1.9551556115243773,2.5878257879016933
2.750605718104828,-1.9551556115243773,2.4747284523724606
2.750605718104828,-1.9551556115243773,2.384250583949075
2.750605718104828,-1.9551556115243773,2.3028205023680273
2.750605718104828,-1.9551556115243773,2.229533428945085
2.750605718104828,-1.9551556115243773,2.163575062864436
2.750605718104828,-1.9551556115243773,2.1042125333918524
2.750605718104828,-1.9551556115243773,2.050786256866527
2.750605718104828,-1.9551556115243773,1.997359980341202
2.750605718104828,-1.9551556115243773,1.9492763314684098
2.750605718104828,-1.9551556115243773,1.901192682595617
2.750605718104828,-1.9551556115243773,1.8680683911499154
2.750605718104828,-1.9551556115243773,1.8382565288487835
2.750605718104828,-1.9551556115243773,1.8114258527777651
2.750605718104828,-1.9551556115243773,1.7845951767067467
2.750605718104828,-1.9551556115243773,1.7631306358499315
2.750605718104828,-1.9551556115243773,1.743812549078799
2.750605718104828,-1.9551556115243773,1.7264262709847793
2.750605718104828,-1.9551556115243773,1.7090399928907591
2.750605718104828,-1.9551556115243773,1.695130970415543
2.750605718104828,-1.9551556115243773,1.6812219479403276
2.750605718104828,-1.9551556115243773,1.6673129254651113
2.750605718104828,-1.9551556115243773,1.6534039029898961
2.750605718104828,-1.9551556115243773,1.63949488051468
2.750605718104828,-1.9551556115243773,1.6325403692770721
2.750605718104828,-1.9551556115243773,1.6262813091632249
2.750605718104828,-1.9551556115243773,1.620648155060762
2.750605718104828,-1.9551556115243773,1.6155783163685464
2.750605718104828,-1.9551556115243773,1.611015461545552
2.750605718104828,-1.9551556115243773,1.6069088922048562
2.750605718104828,-1.9551556115243773,1.6032129797982306
2.750605718104828,-1.9551556115243773,1.5998866586322678
2.750605718104828,-1.9551556115243773,1.5968929695829015
2.750605718104828,-1.9551556115243773,1.5941986494384706
2.750605718104828,-1.9551556115243773,1.5917737613084837
2.750605718104828,-1.9551556115243773,1.5895913619914956
2.750605718104828,-1.9551556115243773,1.587627202606206
2.750605718104828,-1.9551556115243773,1.5856630432209167
2.750605718104828,-1.9551556115243773,1.583895299774156
2.750605718104828,-1.9551556115243773,1.5821275563273953
2.750605718104828,-1.9551556115243773,1.5809097775085166
2.750605718104828,-1.9551556115243773,1.579691998689637
2.750605718104828,-1.9551556115243773,1.578717775634533
2.750605718104828,-1.9551556115243773,1.5778409748849398
2.750605718104828,-1.9551556115243773,1.5770518542103056
2.750605718104828,-1.9551556115243773,1.5762627335356723
2.750605718104828,-1.9551556115243773,1.5756314369959645
2.750605718104828,-1.9551556115243773,1.575063270110228
2.750605718104828,-1.9551556115243773,1.5745519199130658
2.750605718104828,-1.9551556115243773,1.574091704735619
2.750605718104828,-1.9551556115243773,1.5736775110759167
2.750605718104828,-1.9551556115243773,1.5732633174162147
2.750605718104828,-1.9551556115243773,1.572931962488454
2.750605718104828,-1.9551556115243773,1.572633743053468
2.750605718104828,-1.9551556115243773,1.5723653455619815
2.750605718104828,-1.9551556115243773,1.5721237878196437
2.750605718104828,-1.9551556115243773,1.5718822300773054
2.750605718104828,-1.9551556115243773,1.5716889838834351
2.750605718104828,-1.9551556115243773,1.5715150623089515
2.750605718104828,-1.9551556115243773,1.5713585328919164
2.750605718104828,-1.9551556115243773,1.5712176564165852
2.750605718104828,-1.9551556115243773,1.5710908675887865
2.750605718104828,-1.9551556115243773,1.5709767576437677
2.750605718104828,-1.9551556115243773,1.5708740586932513
2.750601831509914,-1.9051556116754336,1.5708740586932513
2.750597944915,-1.8551556118264898,1.5708740586932513
2.750594835639069,-1.8151556119473347,1.5708740586932513
2.750591726363138,-1.7751556120681795,1.5708740586932513
2.750589238942393,-1.7431556121648555,1.5708740586932513
2.750586751521648,-1.7111556122615315,1.5708740586932513
2.750584512842978,-1.68235561234854,1.5708740586932513
2.7505822741643073,-1.6535556124355484,1.5708740586932513
2.7505802842277114,-1.6279556125128891,1.5708740586932513
2.7505782942911154,-1.6023556125902298,1.5708740586932513
2.7505763043545195,-1.5767556126675706,1.5708740586932513
2.7505743144179235,-1.5511556127449113,1.5708740586932513
2.7505735681917,-1.541555612773914,1.5708740586932513
2.7505728219654766,-1.5319556128029168,1.5708740586932513
2.7505722249844977,-1.524275612826119,1.5708740586932513
2.750571628003519,-1.5165956128493212,1.5708740586932513
2.750571150418736,-1.510451612867883,1.5708740586932513
2.750570672833953,-1.504307612886445,1.5708740586932513
2.750570290766127,-1.4993924129012943,1.5708740586932513
2.7505699086983006,-1.4944772129161437,1.5708740586932513
2.7505696030440396,-1.4905450529280233,1.5708740586932513
2.7505692973897786,-1.486612892939903,1.5708740586932513
2.7505690528663695,-1.4834671649494067,1.5708740586932513
2.7505688083429605,-1.4803214369589104,1.5708740586932513
2.7505686127242335,-1.4778048545665132,1.5708740586932513
2.7505684171055065,-1.475288272174116,1.5708740586932513
2.7505682606105246,-1.4732750062601985,1.5708740586932513
2.7505681041155428,-1.4712617403462809,1.5708740586932513
2.750567978919557,-1.4696511276151467,1.5708740586932513
2.7505678537235716,-1.4680405148840125,1.5708740586932513
2.7505677535667834,-1.4667520246991053,1.5708740586932513
2.750567653409995,-1.465463534514198,1.5708740586932513
2.7505675732845645,-1.4644327423662722,1.5708740586932513
2.750567495552666,-1.4634327423692932,1.5708740586932513
2.750567417820768,-1.4624327423723142,1.5708740586932513
2.7505673400888697,-1.4614327423753353,1.5708740586932513
2.7505672623569715,-1.4604327423783563,1.5708740586932513
2.750567184625073,-1.4594327423813773,1.5708740586932513
2.750567106893175,-1.4584327423843984,1.5708740586932513
2.750567106893175,-1.4584327423843984,1.4137944260137612
2.750567106893175,-1.4584327423843984,1.2724227566022204
2.750567106893175,-1.4584327423843984,1.1451882541318343
2.750567106893175,-1.4584327423843984,1.017953751661448
2.750567106893175,-1.4584327423843984,0.9161661496851385
2.750567106893175,-1.4584327423843984,0.82455730790646
2.750567106893175,-1.4584327423843984,0.7421093503056494
2.750567106893175,-1.4584327423843984,0.6679061884649199
2.750567106893175,-1.4584327423843984,0.6011233428082633
2.750567106893175,-1.4584327423843984,0.5410187817172725
2.750567106893175,-1.4584327423843984,0.48091422062628175
2.750567106893175,-1.4584327423843984,0.43283057175348905
2.750567106893175,-1.4584327423843984,0.3895552877679755
2.750567106893175,-1.4584327423843984,0.3506075321810134
2.750567106893175,-1.4584327423843984,0.3116597765940513
2.750567106893175,-1.4584327423843984,0.28050157212448174
2.750567106893175,-1.4584327423843984,0.252459188101869
2.750567106893175,-1.4584327423843984,0.22722104248151756
2.750567106893175,-1.4584327423843984,0.20450671142320126
2.750567106893175,-1.4584327423843984,0.18406381347071663
2.750567106893175,-1.4584327423843984,0.16566520531348042
2.750567106893175,-1.4584327423843984,0.14910645797196792
2.750567106893175,-1.4584327423843984,0.1342035853646066
2.750567106893175,-1.4584327423843984,0.11930071275724527
2.750567106893175,-1.4584327423843984,0.10737841467135621
2.750567106893175,-1.4584327423843984,0.09545611658546714
2.750567106893175,-1.4584327423843984,0.0859182781167559
2.750567106893175,-1.4584327423843984,0.07733422349491578
2.750567106893175,-1.4584327423843984,0.06875016887307567
2.750567106893175,-1.4584327423843984,0.06102451971341957
2.750567106893175,-1.4584327423843984,0.05492984093191309
2.750567106893175,-1.4584327423843984,0.04944463002855725
2.750567106893175,-1.4584327423843984,0.044507940215537
2.750567106893175,-1.4584327423843984,0.04006491938381875
2.750567106893175,-1.4584327423843984,0.03606620063527236
2.750567106893175,-1.4584327423843984,0.0324673537615806
2.750567106893175,-1.4584327423843984,0.029228391575258018
2.750567106893175,-1.4584327423843984,0.026313325607567693
2.750567106893175,-1.4584327423843984,0.023689766236646394
2.750567106893175,-1.4584327423843984,0.021066206865725093
2.750567106893175,-1.4584327423843984,0.01896735936898806
2.750567106893175,-1.4584327423843984,0.017078396621924726
2.750567106893175,-1.4584327423843984,0.01537833014956774
2.750567106893175,-1.4584327423843984,0.013848270324446438
2.750567106893175,-1.4584327423843984,0.012471216481837268
2.750567106893175,-1.4584327423843984,0.011231868023489015
2.750567106893175,-1.4584327423843984,0.00999251956514076
2.750567106893175,-1.4584327423843984,0.009001040798462158
2.750567106893175,-1.4584327423843984,0.008108709908451422
2.750567106893175,-1.4584327423843984,0.007305612107441755
2.750567106893175,-1.4584327423843984,0.0065828240865330526
2.750567106893175,-1.4584327423843984,0.005932314867715225
2.750567106893175,-1.4584327423843984,0.005281805648897391
2.750567106893175,-1.4584327423843984,0.004761398273843128
2.750567106893175,-1.4584327423843984,0.004240990898788863
2.750567106893175,-1.4584327423843984,0.003824664998745452
2.750567106893175,-1.4584327423843984,0.0034499716887063814
2.750567106893175,-1.4584327423843984,0.003112747709671219
2.750567106893175,-1.4584327423843984,0.0028092461285395727
2.750567106893175,-1.4584327423843984,0.0025360947055210904
2.750567106893175,-1.4584327423843984,0.0022902584248044567
2.750567106893175,-1.4584327423843984,0.0020690057721594866
2.750567106893175,-1.4584327423843984,0.0018698783847790124
2.750567106893175,-1.4584327423843984,0.0016906637361365866
2.750567106893175,-1.4584327423843984,0.0015293705523584027
2.750567106893175,-1.4584327423843984,0.0013842066869580376
2.750567106893175,-1.4584327423843984,0.0012535592080977094
2.750567106893175,-1.4584327423843984,0.0011359764771234134
2.750567106893175,-1.4584327423843984,0.001030152019246547
2.8505670538325205,-1.4583297272006939,0.001030152019246547
2.950567000771866,-1.4582267120169894,0.001030152019246547
3.0505669477112116,-1.458123696833285,0.001030152019246547
3.150566894650557,-1.4580206816495804,0.001030152019246547
3.2505668415899027,-1.457917666465876,0.001030152019246547
3.3505667885292483,-1.4578146512821715,0.001030152019246547
3.450566735468594,-1.457711636098467,0.001030152019246547
3.5505666824079394,-1.4576086209147625,0.001030152019246547
3.650566629347285,-1.457505605731058,0.001030152019246547
3.7505665762866305,-1.4574025905473535,0.001030152019246547
3.850566523225976,-1.457299575363649,0.001030152019246547
3.9505664701653216,-1.4571965601799446,0.001030152019246547
4.050566417104667,-1.45709354499624,0.001030152019246547
4.150566364044012,-1.4569905298125356,0.001030152019246547
4.250566310983357,-1.4568875146288311,0.001030152019246547
4.3505662579227025,-1.4567844994451267,0.001030152019246547
4.450566204862048,-1.4566814842614222,0.001030152019246547
4.550566151801393,-1.4565784690777177,0.001030152019246547
4.650566098740738,-1.4564754538940132,0.001030152019246547
4.750566045680083,-1.4563724387103087,0.001030152019246547
4.850565992619428,-1.4562694235266043,0.001030152019246547
4.950565939558773,-1.4561664083428998,0.001030152019246547
5.050565886498118,-1.4560633931591953,0.001030152019246547
5.150565833437463,-1.4559603779754908,0.001030152019246547
5.250565780376808,-1.4558573627917863,0.001030152019246547
5.3505657273161535,-1.4557543476080819,0.001030152019246547
5.450565674255499,-1.4556513324243774,0.001030152019246547
5.550565621194844,-1.455548317240673,0.001030152019246547
5.650565568134189,-1.4554453020569684,0.001030152019246547
5.750565515073534,-1.455342286873264,0.001030152019246547
5.850565462012879,-1.4552392716895595,0.001030152019246547
5.950565408952224,-1.455136256505855,0.001030152019246547
6.050565355891569,-1.4550332413221505,0.001030152019246547
6.150565302830914,-1.454930226138446,0.001030152019246547
6.2505652497702595,-1.4548272109547415,0.001030152019246547
6.350565196709605,-1.454724195771037,0.001030152019246547
6.45056514364895,-1.4546211805873326,0.001030152019246547
6.550565090588295,-1.454518165403628,0.001030152019246547
6.65056503752764,-1.4544151502199236,0.001030152019246547
6.750564984466985,-1.4543121350362191,0.001030152019246547
6.85056493140633,-1.4542091198525147,0.001030152019246547
6.950564878345675,-1.4541061046688102,0.001030152019246547
7.05056482528502,-1.4540030894851057,0.001030152019246547
7.1505647722243655,-1.4539000743014012,0.001030152019246547
7.250564719163711,-1.4537970591176967,0.001030152019246547
7.350564666103056,-1.4536940439339923,0.001030152019246547
7.450564613042401,-1.4535910287502878,0.001030152019246547
7.550564559981746,-1.4534880135665833,0.001030152019246547
7.650564506921091,-1.4533849983828788,0.001030152019246547
7.750564453860436,-1.4532819831991743,0.001030152019246547
7.850564400799781,-1.4531789680154699,0.001030152019246547
7.950564347739126,-1.4530759528317654,0.001030152019246547
8.050564294678471,-1.452972937648061,0.001030152019246547
8.150564241617817,-1.4528699224643564,0.001030152019246547
8.250564188557162,-1.452766907280652,0.001030152019246547
8.350564135496507,-1.4526638920969475,0.001030152019246547
8.450564082435852,-1.452560876913243,0.001030152019246547
8.550564029375197,-1.4524578617295385,0.001030152019246547
8.650563976314542,-1.452354846545834,0.001030152019246547
8.750563923253887,-1.4522518313621295,0.001030152019246547
8.850563870193232,-1.452148816178425,0.001030152019246547
8.950563817132577,-1.4520458009947206,0.001030152019246547
9.050563764071923,-1.451942785811016,0.001030152019246547
9.150563711011268,-1.4518397706273116,0.001030152019246547
9.150563711011268,-1.4518397706273116,0.15810978469873624
9.150563711011268,-1.4518397706273116,0.315189417378226
9.150563711011268,-1.4518397706273116,0.4408531235218178
9.150563711011268,-1.4518397706273116,0.5539504590510501
9.150563711011268,-1.4518397706273116,0.6557380610273594
9.150563711011268,-1.4518397706273116,0.747346902806038
9.150563711011268,-1.4518397706273116,0.8297948604068485
9.150563711011268,-1.4518397706273116,0.903998022247578
9.150563711011268,-1.4518397706273116,0.9782011840883077
9.150563711011268,-1.4518397706273116,1.037563713560891
9.150563711011268,-1.4518397706273116,1.0909899900862166
9.150563711011268,-1.4518397706273116,1.1390736389590093
9.150563711011268,-1.4518397706273116,1.1823489229445223
9.150563711011268,-1.4518397706273116,1.2212966785314843
9.150563711011268,-1.4518397706273116,1.2563496585597504
9.150563711011268,-1.4518397706273116,1.287897340585189
9.150563711011268,-1.4518397706273116,1.316290254408085
9.150563711011268,-1.4518397706273116,1.3446831682309803
9.150563711011268,-1.4518397706273116,1.3673974992892965
9.150563711011268,-1.4518397706273116,1.3878403972417814
9.150563711011268,-1.4518397706273116,1.4082832951942656
9.150563711011268,-1.4518397706273116,1.4246376135562537
9.150563711011268,-1.4518397706273116,1.4393565000820427
9.150563711011268,-1.4518397706273116,1.452603497955252
9.150563711011268,-1.4518397706273116,1.4645257960411413
9.150563711011268,-1.4518397706273116,1.476448094127031
9.150563711011268,-1.4518397706273116,1.4883703922129194
9.150563711011268,-1.4518397706273116,1.4967160008730418
9.150563711011268,-1.4518397706273116,1.5042270486671525
9.150563711011268,-1.4518397706273116,1.5109869916818512
9.150563711011268,-1.4518397706273116,1.5170709403950806
9.150563711011268,-1.4518397706273116,1.5225464942369866
9.150563711011268,-1.4518397706273116,1.5274744926947024
9.150563711011268,-1.4518397706273116,1.5319096913066463
9.150563711011268,-1.4518397706273116,1.5359013700573958
9.150563711011268,-1.4518397706273116,1.5398930488081453
9.150563711011268,-1.4518397706273116,1.5430863918087454
9.150563711011268,-1.4518397706273116,1.5459604005092844
9.150563711011268,-1.4518397706273116,1.548547008339771
9.150563711011268,-1.4518397706273116,1.5508749553872088
9.150563711011268,-1.4518397706273116,1.5532029024346454
9.150563711011268,-1.4518397706273116,1.5550652600725947
9.150563711011268,-1.4518397706273116,1.5567413819467502
9.150563711011268,-1.4518397706273116,1.5584175038209052
9.150563711011268,-1.4518397706273116,1.5597584013202288
9.150563711011268,-1.4518397706273116,1.5609652090696202
9.150563711011268,-1.4518397706273116,1.5621720168190114
9.150563711011268,-1.4518397706273116,1.5631374630185249
9.150563711011268,-1.4518397706273116,1.5641029092180376
9.150563711011268,-1.4518397706273116,1.5648752661776488
9.150563711011268,-1.4518397706273116,1.565570387441298
9.150563711011268,-1.4518397706273116,1.5661959965785825
9.150563711011268,-1.4518397706273116,1.566759044802139
9.150563711011268,-1.4518397706273116,1.5672657882033392
9.150563711011268,-1.4518397706273116,1.5677725316045394
9.150563711011268,-1.4518397706273116,1.5681779263255002
9.150563711011268,-1.4518397706273116,1.5685427815743644
9.150563711011268,-1.4518397706273116,1.5689076368232286
9.150563711011268,-1.4518397706273116,1.5692724920720926
9.150563711011268,-1.4518397706273116,1.5695278907462977
9.150563711011268,-1.4518397706273116,1.5697577495530821
9.150563711011268,-1.4518397706273116,1.5699646224791886
9.150563711011268,-1.4518397706273116,1.5701508081126838
9.150563711011268,-1.4518397706273116,1.5703183751828298
9.150563711011268,-1.4518397706273116,1.5704691855459612
9.150563711011268,-1.4518397706273116,1.5706049148727794
9.150563711011268,-1.4518397706273116,1.5707270712669155
9.150563711011268,-1.4518397706273116,1.5708370120216382
9.15056167674993,-1.4018397706686938,1.5708370120216382
9.150559845914728,-1.3568397707059379,1.5708370120216382
9.150558015079525,-1.311839770743182,1.5708370120216382
9.150556550411363,-1.2758397707729772,1.5708370120216382
9.1505550857432,-1.2398397708027724,1.5708370120216382
9.15055391400867,-1.2110397708266085,1.5708370120216382
9.15055274227414,-1.1822397708504446,1.5708370120216382
9.150551804886517,-1.1591997708695134,1.5708370120216382
9.150550867498893,-1.1361597708885822,1.5708370120216382
9.150550117588795,-1.1177277709038373,1.5708370120216382
9.150549367678696,-1.0992957709190925,1.5708370120216382
9.150548692759607,-1.082706970932822,1.5708370120216382
9.150548017840517,-1.0661181709465517,1.5708370120216382
9.150547552896256,-1.0546903309560098,1.5708370120216382
9.150547087951995,-1.043262490965468,1.5708370120216382
9.15054666950216,-1.0329774349739804,1.5708370120216382
9.150546251052326,-1.0226923789824929,1.5708370120216382
9.150545962786884,-1.015607118188357,1.5708370120216382
9.150545674521442,-1.0085218573942212,1.5708370120216382
9.150545443909088,-1.0028536487589124,1.5708370120216382
9.150545213296734,-0.9971854401236036,1.5708370120216382
9.150545028806851,-0.9926508732153565,1.5708370120216382
9.150544844316968,-0.9881163063071094,1.5708370120216382
9.150544696725062,-0.9844886527805119,1.5708370120216382
9.150544549133155,-0.9808609992539143,1.5708370120216382
9.15054443105963,-0.9779588764326362,1.5708370120216382
9.150544312986106,-0.9750567536113581,1.5708370120216382
9.150544218527287,-0.9727350553543357,1.5708370120216382
9.150544124068468,-0.9704133570973132,1.5708370120216382
9.150544039055529,-0.968323828665993,1.5708370120216382
9.15054395404259,-0.9662343002346727,1.5708370120216382
9.15054389547812,-0.9647948473153188,1.5708370120216382
9.150543836913652,-0.963355394395965,1.5708370120216382
9.150543790062077,-0.9622038320604818,1.5708370120216382
9.150543743210502,-0.9610522697249986,1.5708370120216382
9.150543696358927,-0.9599007073895154,1.5708370120216382
9.150543649507352,-0.9587491450540322,1.5708370120216382
9.150543602655777,-0.957597582718549,1.5708370120216382
9.15054356197055,-0.9565975827193767,1.5708370120216382
9.15054356197055,-0.9565975827193767,1.7279166447011278
9.15054356197055,-0.9565975827193767,1.8692883141126688
9.15054356197055,-0.9565975827193767,1.9965228165830557
9.15054356197055,-0.9565975827193767,2.111033868806403
9.15054356197055,-0.9565975827193767,2.214093815807417
9.15054356197055,-0.9565975827193767,2.306847768108329
9.15054356197055,-0.9565975827193767,2.390326325179149
9.15054356197055,-0.9565975827193767,2.4738048822499694
9.15054356197055,-0.9565975827193767,2.540587727906626
9.15054356197055,-0.9565975827193767,2.600692288997617
9.15054356197055,-0.9565975827193767,2.6547863939795087
9.15054356197055,-0.9565975827193767,2.7034710884632114
9.15054356197055,-0.9565975827193767,2.7472873134985436
9.15054356197055,-0.9565975827193767,2.791103538533876
9.15054356197055,-0.9565975827193767,2.826156518562142
9.15054356197055,-0.9565975827193767,2.8612094985904077
9.15054356197055,-0.9565975827193767,2.892757180615847
9.15054356197055,-0.9565975827193767,2.917644796435916
9.15054356197055,-0.9565975827193767,2.940043650673978
9.15054356197055,-0.9565975827193767,2.960202619488234
9.15054356197055,-0.9565975827193767,2.978345691421064
9.15054356197055,-0.9565975827193767,2.994674456160611
9.15054356197055,-0.9565975827193767,3.009370344426203
9.15054356197055,-0.9565975827193767,3.0225966438652363
9.15054356197055,-0.9565975827193767,3.0358229433042694
9.15054356197055,-0.9565975827193767,3.046403982855496
9.15054356197055,-0.9565975827193767,3.0569850224067223
9.15054356197055,-0.9565975827193767,3.0654498540477038
9.15054356197055,-0.9565975827193767,3.073914685688685
9.15054356197055,-0.9565975827193767,3.0815330341655685
9.15054356197055,-0.9565975827193767,3.087543064630665
9.15054356197055,-0.9565975827193767,3.092952092049252
9.15054356197055,-0.9565975827193767,3.0978202167259803
9.15054356197055,-0.9565975827193767,3.1026883414027084
9.15054356197055,-0.9565975827193767,3.1065828411440912
9.15054356197055,-0.9565975827193767,3.1100878909113354
9.15054356197055,-0.9565975827193767,3.1132424357018555
9.15054356197055,-0.9565975827193767,3.1163969804923757
9.15054356197055,-0.9565975827193767,3.118920616324792
9.15054356197055,-0.9565975827193767,3.121191888573966
9.15054356197055,-0.9565975827193767,3.1232360335982228
9.15054356197055,-0.9565975827193767,3.125075764120054
9.15054356197055,-0.9565975827193767,3.1269154946418856
9.15054356197055,-0.9565975827193767,3.1283872790593503
9.15054356197055,-0.9565975827193767,3.1297118850350687
9.15054356197055,-0.9565975827193767,3.130904030413215
9.15054356197055,-0.9565975827193767,3.1319769612535473
9.15054356197055,-0.9565975827193767,3.132942599009846
9.15054356197055,-0.9565975827193767,3.133811672990515
9.15054356197055,-0.9565975827193767,3.134593839573117
9.15054356197055,-0.9565975827193767,3.135297789497459
9.15054356197055,-0.9565975827193767,3.1359313444293666
9.15054356197055,-0.9565975827193767,3.1365648993612743
9.15054356197055,-0.9565975827193767,3.1370717433068003
9.15054356197055,-0.9565975827193767,3.1375785872523263
9.15054356197055,-0.9565975827193767,3.137984062408747
9.15054356197055,-0.9565975827193767,3.1383489900495256
9.15054356197055,-0.9565975827193767,3.1386774249262266
9.15054356197055,-0.9565975827193767,3.1390058598029276
9.15054356197055,-0.9565975827193767,3.1393014511919586
9.15054356197055,-0.9565975827193767,3.1395970425809896
9.15054356197055,-0.9565975827193767,3.139800672204544
9.15054356197055,-0.9565975827193767,3.1400043018280988
9.15054356197055,-0.9565975827193767,3.1401672055269425
9.15054356197055,-0.9565975827193767,3.1403138188559017
9.15054356197055,-0.9565975827193767,3.140445770851965
9.15054356197055,-0.9565975827193767,3.140564527648422
9.15054356197055,-0.9565975827193767,3.1406714087652334
9.05054360440515,-0.9565054582499516,3.1406714087652334
8.950543646839748,-0.9564133337805265,3.1406714087652334
8.850543689274346,-0.9563212093111014,3.1406714087652334
8.750543731708945,-0.9562290848416763,3.1406714087652334
8.650543774143543,-0.9561369603722513,3.1406714087652334
8.550543816578141,-0.9560448359028262,3.1406714087652334
8.45054385901274,-0.9559527114334011,3.1406714087652334
8.350543901447338,-0.955860586963976,3.1406714087652334
8.250543943881937,-0.9557684624945509,3.1406714087652334
8.150543986316535,-0.9556763380251259,3.1406714087652334
8.050544028751133,-0.9555842135557008,3.1406714087652334
7.950544071185732,-0.9554920890862757,3.1406714087652334
7.85054411362033,-0.9553999646168506,3.1406714087652334
7.750544156054929,-0.9553078401474255,3.1406714087652334
7.650544198489527,-0.9552157156780005,3.1406714087652334
7.5505442409241255,-0.9551235912085754,3.1406714087652334
7.450544283358724,-0.9550314667391503,3.1406714087652334
7.350544325793322,-0.9549393422697252,3.1406714087652334
7.250544368227921,-0.9548472178003001,3.1406714087652334
7.150544410662519,-0.954755093330875,3.1406714087652334
7.0505444530971175,-0.95466296886145,3.1406714087652334
6.950544495531716,-0.9545708443920249,3.1406714087652334
6.850544537966314,-0.9544787199225998,3.1406714087652334
6.750544580400913,-0.9543865954531747,3.1406714087652334
6.650544622835511,-0.9542944709837496,3.1406714087652334
6.55054466527011,-0.9542023465143246,3.1406714087652334
6.450544707704708,-0.9541102220448995,3.1406714087652334
6.350544750139306,-0.9540180975754744,3.1406714087652334
6.250544792573905,-0.9539259731060493,3.1406714087652334
6.150544835008503,-0.9538338486366242,3.1406714087652334
6.050544877443102,-0.9537417241671992,3.1406714087652334
5.9505449198777,-0.9536495996977741,3.1406714087652334
5.8505449623122985,-0.953557475228349,3.1406714087652334
5.750545004746897,-0.9534653507589239,3.1406714087652334
5.650545047181495,-0.9533732262894988,3.1406714087652334
5.550545089616094,-0.9532811018200738,3.1406714087652334
5.450545132050692,-0.9531889773506487,3.1406714087652334
5.3505451744852905,-0.9530968528812236,3.1406714087652334
5.250545216919889,-0.9530047284117985,3.1406714087652334
5.150545259354487,-0.9529126039423734,3.1406714087652334
5.050545301789086,-0.9528204794729483,3.1406714087652334
4.950545344223684,-0.9527283550035233,3.1406714087652334
4.850545386658283,-0.9526362305340982,3.1406714087652334
4.750545429092881,-0.9525441060646731,3.1406714087652334
4.650545471527479,-0.952451981595248,3.1406714087652334
4.550545513962078,-0.9523598571258229,3.1406714087652334
4.450545556396676,-0.9522677326563979,3.1406714087652334
4.350545598831275,-0.9521756081869728,3.1406714087652334
4.250545641265873,-0.9520834837175477,3.1406714087652334
4.1505456837004715,-0.9519913592481226,3.1406714087652334
4.05054572613507,-0.9518992347786975,3.1406714087652334
3.9505457685696683,-0.9518071103092725,3.1406714087652334
3.8505458110042667,-0.9517149858398474,3.1406714087652334
3.750545853438865,-0.9516228613704223,3.1406714087652334
3.6505458958734636,-0.9515307369009972,3.1406714087652334
3.550545938308062,-0.9514386124315721,3.1406714087652334
3.4505459807426604,-0.951346487962147,3.1406714087652334
3.350546023177259,-0.951254363492722,3.1406714087652334
3.250546065611857,-0.9511622390232969,3.1406714087652334
3.1505461080464556,-0.9510701145538718,3.1406714087652334
3.050546150481054,-0.9509779900844467,3.1406714087652334
2.9505461929156525,-0.9508858656150216,3.1406714087652334
2.850546235350251,-0.9507937411455966,3.1406714087652334
2.850546235350251,-0.9507937411455966,2.9835917760857438
2.850546235350251,-0.9507937411455966,2.842220106674203
2.850546235350251,-0.9507937411455966,2.7149856042038163
2.850546235350251,-0.9507937411455966,2.600474551980468
2.850546235350251,-0.9507937411455966,2.4859634997571205
2.850546235350251,-0.9507937411455966,2.3714524475337724
2.850546235350251,-0.9507937411455966,2.256941395310424
2.850546235350251,-0.9507937411455966,2.1424303430870757
2.850546235350251,-0.9507937411455966,2.027919290863728
2.850546235350251,-0.9507937411455966,1.9134082386403801
2.850546235350251,-0.9507937411455966,1.798897186417032
2.850546235350251,-0.9507937411455966,1.775994975972363
2.850546235350251,-0.9507937411455966,1.753092765527692
2.850546235350251,-0.9507937411455966,1.7347709971719574
2.850546235350251,-0.9507937411455966,1.7182814056517963
2.850546235350251,-0.9507937411455966,1.7034407732836498
2.850546235350251,-0.9507937411455966,1.6886001409155031
2.850546235350251,-0.9507937411455966,1.676727635020987
2.850546235350251,-0.9507937411455966,1.6660423797159216
2.850546235350251,-0.9507937411455966,1.6564256499413639
2.850546235350251,-0.9507937411455966,1.6477705931442606
2.850546235350251,-0.9507937411455966,1.6399810420268683
2.850546235350251,-0.9507937411455966,1.632191490909476
2.850546235350251,-0.9507937411455966,1.625959850015562
2.850546235350251,-0.9507937411455966,1.6203513732110397
2.850546235350251,-0.9507937411455966,1.6147428964065171
2.850546235350251,-0.9507937411455966,1.6091344196019948
2.850546235350251,-0.9507937411455966,1.603525942797472
2.850546235350251,-0.9507937411455966,1.5979174659929487
2.850546235350251,-0.9507937411455966,1.5923089891884268
2.850546235350251,-0.9507937411455966,1.5900655984666177
2.850546235350251,-0.9507937411455966,1.5880465468169895
2.850546235350251,-0.9507937411455966,1.5862294003323245
2.850546235350251,-0.9507937411455966,1.5845939684961257
2.850546235350251,-0.9507937411455966,1.5831220798435468
2.850546235350251,-0.9507937411455966,1.5817973800562257
2.850546235350251,-0.9507937411455966,1.5804726802689044
2.850546235350251,-0.9507937411455966,1.5791479804815836
2.850546235350251,-0.9507937411455966,1.5778232806942623
2.850546235350251,-0.9507937411455966,1.5770284608218696
2.850546235350251,-0.9507937411455966,1.5763131229367167
2.850546235350251,-0.9507937411455966,1.575669318840079
2.850546235350251,-0.9507937411455966,1.575025514743441
2.850546235350251,-0.9507937411455966,1.5745104714661302
2.850546235350251,-0.9507937411455966,1.5739954281888198
2.850546235350251,-0.9507937411455966,1.5735833935669714
2.850546235350251,-0.9507937411455966,1.5732125624073083
2.850546235350251,-0.9507937411455966,1.5728788143636108
2.850546235350251,-0.9507937411455966,1.5725784411242834
2.850546235350251,-0.9507937411455966,1.5723081052088894
2.850546235350251,-0.9507937411455966,1.5720648028850335
2.850546235350251,-0.9507937411455966,1.571845830793564
2.850546235350251,-0.9507937411455966,1.571648755911241
2.850546235350251,-0.9507937411455966,1.571471388517151
2.850546235350251,-0.9507937411455966,1.5713117578624696
2.850546235350251,-0.9507937411455966,1.5711680902732568
2.850546235350251,-0.9507937411455966,1.5710387894429643
2.850546235350251,-0.9507937411455966,1.5709224186957016
2.850546235350251,-0.9507937411455966,1.570817685023165
2.850546235350251,-0.9507937411455966,1.5707129513506286
2.8505504041224596,-0.9007937413193832,1.5707129513506286
2.8505545728946684,-0.8507937414931698,1.5707129513506286
2.8505579079124352,-0.8107937416321991,1.5707129513506286
2.850561242930202,-0.7707937417712284,1.5707129513506286
2.8505639109444156,-0.7387937418824518,1.5707129513506286
2.850566578958629,-0.7067937419936753,1.5707129513506286
2.8505689801714214,-0.6779937420937764,1.5707129513506286
2.8505713813842135,-0.6491937421938775,1.5707129513506286
2.8505730355530257,-0.629353742262836,1.5707129513506286
2.850574689721838,-0.6095137423317946,1.5707129513506286
2.850576178473769,-0.5916577423938573,1.5707129513506286
2.8505776672257,-0.57380174245592,1.5707129513506286
2.850578692810364,-0.5615009424986742,1.5707129513506286
2.8505797183950277,-0.5492001425414285,1.5707129513506286
2.8505805388627588,-0.5393595025756319,1.5707129513506286
2.85058135933049,-0.5295188626098354,1.5707129513506286
2.8505820157046746,-0.5216463506371981,1.5707129513506286
2.8505826720788594,-0.5137738386645608,1.5707129513506286
2.8505831971782074,-0.5074758290864511,1.5707129513506286
2.8505837222775554,-0.5011778195083413,1.5707129513506286
2.8505841423570337,-0.4961394118458534,1.5707129513506286
2.850584562436512,-0.49110100418336555,1.5707129513506286
2.8505848985000948,-0.48707027805337527,1.5707129513506286
2.8505852345636775,-0.483039551923385,1.5707129513506286
2.8505855034145435,-0.47981497101939274,1.5707129513506286
2.8505857722654095,-0.4765903901154005,1.5707129513506286
2.8505859873461024,-0.47401072539220673,1.5707129513506286
2.850586202426795,-0.47143106066901297,1.5707129513506286
2.8505863744913493,-0.46936732889045796,1.5707129513506286
2.8505865465559035,-0.46730359711190295,1.5707129513506286
2.850586684207547,-0.4656526116890589,1.5707129513506286
2.8505868218591903,-0.4640016262662149,1.5707129513506286
2.850586931980505,-0.4626808379279397,1.5707129513506286
2.85058704210182,-0.4613600495896645,1.5707129513506286
2.8505871301988717,-0.4603034189190443,1.5707129513506286
2.8505872182959235,-0.45924678824842413,1.5707129513506286
2.850587301671368,-0.45824678825189985,1.5707129513506286
2.850587385046812,-0.45724678825537557,1.5707129513506286
2.8505874684222565,-0.4562467882588513,1.5707129513506286
2.850587551797701,-0.455246788262327,1.5707129513506286
2.850587635173145,-0.4542467882658027,1.5707129513506286
2.850587635173145,-0.4542467882658027,1.727792584030118
2.850587635173145,-0.4542467882658027,1.884872216709608
2.850587635173145,-0.4542467882658027,2.041951849389098
2.850587635173145,-0.4542467882658027,2.1990314820685875
2.850587635173145,-0.4542467882658027,2.356111114748077
2.850587635173145,-0.4542467882658027,2.5131907474275668
2.850587635173145,-0.4542467882658027,2.6702703801070564
2.850587635173145,-0.4542467882658027,2.827350012786546
2.850587635173145,-0.4542467882658027,2.9844296454660357
2.850587635173145,-0.4542467882658027,3.1415092781455254
2.850587635173145,-0.4542467882658027,-2.984596396354571
2.850587635173145,-0.4542467882658027,-2.8275167636750815
2.850587635173145,-0.4542467882658027,-2.670437130995592
2.850587635173145,-0.4542467882658027,-2.5133574983161022
2.850587635173145,-0.4542467882658027,-2.3562778656366126
2.850587635173145,-0.4542467882658027,-2.199198232957123
2.850587635173145,-0.4542467882658027,-2.0421186002776337
2.850587635173145,-0.4542467882658027,-1.8850389675981443
2.850587635173145,-0.4542467882658027,-1.727959334918654
2.850587635173145,-0.4542467882658027,-1.5708797022391647
2.850587635173145,-0.4542467882658027,-1.4138000695596742
2.850587635173145,-0.4542467882658027,-1.2724284001481343
2.850587635173145,-0.4542467882658027,-1.1451938976777476
2.850587635173145,-0.4542467882658027,-1.0306828454544001
2.850587635173145,-0.4542467882658027,-0.9276228984533866
2.850587635173145,-0.4542467882658027,-0.8348689461524749
2.850587635173145,-0.4542467882658027,-0.7513903890816538
2.850587635173145,-0.4542467882658027,-0.6762596877179153
2.850587635173145,-0.4542467882658027,-0.6086420564905508
2.850587635173145,-0.4542467882658027,-0.5477861883859224
2.850587635173145,-0.4542467882658027,-0.4869303202812943
2.850587635173145,-0.4542467882658027,-0.4382456257975915
2.850587635173145,-0.4542467882658027,-0.39442940076225924
2.850587635173145,-0.4542467882658027,-0.3506131757269268
2.850587635173145,-0.4542467882658027,-0.31117857319512787
2.850587635173145,-0.4542467882658027,-0.2800690534200418
2.850587635173145,-0.4542467882658027,-0.25207048562246454
2.850587635173145,-0.4542467882658027,-0.22407191782488725
2.850587635173145,-0.4542467882658027,-0.19887320680706758
2.850587635173145,-0.4542467882658027,-0.17367449578924787
2.850587635173145,-0.4542467882658027,-0.14847578477142817
2.850587635173145,-0.4542467882658027,-0.12327707375360854
2.850587635173145,-0.4542467882658027,-0.1109577039226745
2.850587635173145,-0.4542467882658027,-0.09987027107483387
2.850587635173145,-0.4542467882658027,-0.08989158151177727
2.850587635173145,-0.4542467882658027,-0.08091076090502632
2.850587635173145,-0.4542467882658027,-0.07282802235895054
2.850587635173145,-0.4542467882658027,-0.0647452838128747
2.850587635173145,-0.4542467882658027,-0.05827909297601401
2.850587635173145,-0.4542467882658027,-0.05181290213915336
2.850587635173145,-0.4542467882658027,-0.04663994946966481
2.850587635173145,-0.4542467882658027,-0.04198429206712509
2.850587635173145,-0.4542467882658027,-0.037794200404839384
2.850587635173145,-0.4542467882658027,-0.03402311790878224
2.850587635173145,-0.4542467882658027,-0.0302520354127251
2.850587635173145,-0.4542467882658027,-0.02685806116627365
2.850587635173145,-0.4542467882658027,-0.0241805925940731
2.850587635173145,-0.4542467882658027,-0.021770870879092567
2.850587635173145,-0.4542467882658027,-0.019602121335610106
2.850587635173145,-0.4542467882658027,-0.01743337179212763
2.850587635173145,-0.4542467882658027,-0.015698372157341704
2.850587635173145,-0.4542467882658027,-0.014136872486034313
2.850587635173145,-0.4542467882658027,-0.012731522781857654
2.850587635173145,-0.4542467882658027,-0.01146670804809873
2.850587635173145,-0.4542467882658027,-0.01032837478771564
2.850587635173145,-0.4542467882658027,-0.009190041527332556
2.850587635173145,-0.4542467882658027,-0.008279374919026085
2.850587635173145,-0.4542467882658027,-0.00745977497155026
2.850587635173145,-0.4542467882658027,-0.006722135018822019
2.850587635173145,-0.4542467882658027,-0.006058259061366613
2.850587635173145,-0.4542467882658027,-0.005460770699656754
2.850587635173145,-0.4542467882658027,-0.004863282337946896
2.850587635173145,-0.4542467882658027,-0.004385291648579071
2.850587635173145,-0.4542467882658027,-0.00395510002814802
2.850587635173145,-0.4542467882658027,-0.003567927569760061
2.850587635173145,-0.4542467882658027,-0.003180755111372103
2.850587635173145,-0.4542467882658027,-0.002871017144661678
2.850587635173145,-0.4542467882658027,-0.0025922529746223045
2.850587635173145,-0.4542467882658027,-0.002341365221586879
2.850587635173145,-0.4542467882658027,-0.002115566243855005
2.850587635173145,-0.4542467882658027,-0.0019123471638963691
2.850587635173145,-0.4542467882658027,-0.0017091280839377318
2.850587635173145,-0.4542467882658027,-0.001546552819970763
2.850587635173145,-0.4542467882658027,-0.0013839775560037942
2.850587635173145,-0.4542467882658027,-0.0012539173448301991
2.850587635173145,-0.4542467882658027,-0.0011368631547739737
2.850587635173145,-0.4542467882658027,-0.0010315143837234108
2.9505875819720537,-0.4543499396858825,-0.0010315143837234108
3.0505875287709623,-0.45445309110596227,-0.0010315143837234108
3.150587475569871,-0.45455624252604204,-0.0010315143837234108
3.2505874223687794,-0.4546593939461218,-0.0010315143837234108
3.350587369167688,-0.4547625453662016,-0.0010315143837234108
3.4505873159665965,-0.45486569678628136,-0.0010315143837234108
3.550587262765505,-0.45496884820636113,-0.0010315143837234108
3.6505872095644136,-0.4550719996264409,-0.0010315143837234108
3.750587156363322,-0.4551751510465207,-0.0010315143837234108
3.8505871031622307,-0.45527830246660045,-0.0010315143837234108
3.9505870499611393,-0.4553814538866802,-0.0010315143837234108
4.050586996760048,-0.45548460530676,-0.0010315143837234108
4.150586943558956,-0.45558775672683977,-0.0010315143837234108
4.250586890357864,-0.45569090814691954,-0.0010315143837234108
4.350586837156772,-0.4557940595669993,-0.0010315143837234108
4.45058678395568,-0.4558972109870791,-0.0010315143837234108
4.550586730754588,-0.45600036240715885,-0.0010315143837234108
4.6505866775534965,-0.4561035138272386,-0.0010315143837234108
4.750586624352405,-0.4562066652473184,-0.0010315143837234108
4.850586571151313,-0.45630981666739817,-0.0010315143837234108
4.950586517950221,-0.45641296808747794,-0.0010315143837234108
5.050586464749129,-0.4565161195075577,-0.0010315143837234108
5.150586411548037,-0.4566192709276375,-0.0010315143837234108
5.250586358346945,-0.45672242234771726,-0.0010315143837234108
5.350586305145853,-0.45682557376779703,-0.0010315143837234108
5.450586251944761,-0.4569287251878768,-0.0010315143837234108
5.5505861987436695,-0.4570318766079566,-0.0010315143837234108
5.650586145542578,-0.45713502802803635,-0.0010315143837234108
5.750586092341486,-0.4572381794481161,-0.0010315143837234108
5.850586039140394,-0.4573413308681959,-0.0010315143837234108
5.950585985939302,-0.45744448228827567,-0.0010315143837234108
6.05058593273821,-0.45754763370835544,-0.0010315143837234108
6.150585879537118,-0.4576507851284352,-0.0010315143837234108
6.250585826336026,-0.457753936548515,-0.0010315143837234108
6.350585773134934,-0.45785708796859476,-0.0010315143837234108
6.4505857199338426,-0.45796023938867453,-0.0010315143837234108
6.550585666732751,-0.4580633908087543,-0.0010315143837234108
6.650585613531659,-0.4581665422288341,-0.0010315143837234108
6.750585560330567,-0.45826969364891385,-0.0010315143837234108
6.850585507129475,-0.4583728450689936,-0.0010315143837234108
6.950585453928383,-0.4584759964890734,-0.0010315143837234108
7.050585400727291,-0.45857914790915316,-0.0010315143837234108
7.150585347526199,-0.45868229932923293,-0.0010315143837234108
7.2505852943251075,-0.4587854507493127,-0.0010315143837234108
7.350585241124016,-0.4588886021693925,-0.0010315143837234108
7.450585187922924,-0.45899175358947225,-0.0010315143837234108
7.550585134721832,-0.459094905009552,-0.0010315143837234108
7.65058508152074,-0.4591980564296318,-0.0010315143837234108
7.750585028319648,-0.45930120784971157,-0.0010315143837234108
7.850584975118556,-0.45940435926979134,-0.0010315143837234108
7.950584921917464,-0.4595075106898711,-0.0010315143837234108
8.050584868716372,-0.4596106621099509,-0.0010315143837234108
8.15058481551528,-0.45971381353003066,-0.0010315143837234108
8.250584762314189,-0.45981696495011043,-0.0010315143837234108
8.350584709113097,-0.4599201163701902,-0.0010315143837234108
8.450584655912005,-0.46002326779027,-0.0010315143837234108
8.550584602710913,-0.46012641921034975,-0.0010315143837234108
8.650584549509821,-0.4602295706304295,-0.0010315143837234108
8.75058449630873,-0.4603327220505093,-0.0010315143837234108
8.850584443107637,-0.46043587347058906,-0.0010315143837234108
8.950584389906545,-0.46053902489066884,-0.0010315143837234108
9.050584336705453,-0.4606421763107486,-0.0010315143837234108
9.150584283504362,-0.4607453277308284,-0.0010315143837234108
9.25058423030327,-0.46084847915090815,-0.0010315143837234108
9.25058423030327,-0.46084847915090815,-0.15811114706321308
9.25058423030327,-0.46084847915090815,-0.31519077974270254
9.25058423030327,-0.46084847915090815,-0.4722704124221925
9.25058423030327,-0.46084847915090815,-0.6293500451016824
9.25058423030327,-0.46084847915090815,-0.7864296777811718
9.25058423030327,-0.46084847915090815,-0.9435093104606618
9.25058423030327,-0.46084847915090815,-1.1005889431401508
9.25058423030327,-0.46084847915090815,-1.2576685758196409
9.25058423030327,-0.46084847915090815,-1.4147482084991307
9.25058423030327,-0.46084847915090815,-1.57182784117862
9.25058423030327,-0.46084847915090815,-1.72890747385811
9.25058423030327,-0.46084847915090815,-1.8859871065375993
9.25058423030327,-0.46084847915090815,-2.043066739217089
9.25058423030327,-0.46084847915090815,-2.2001463718965786
9.25058423030327,-0.46084847915090815,-2.3572260045760682
9.25058423030327,-0.46084847915090815,-2.514305637255558
9.25058423030327,-0.46084847915090815,-2.6713852699350475
9.25058423030327,-0.46084847915090815,-2.828464902614537
9.25058423030327,-0.46084847915090815,-2.985544535294027
9.25058423030327,-0.46084847915090815,3.1405611392060697
9.25058423030327,-0.46084847915090815,2.98348150652658
9.25058423030327,-0.46084847915090815,2.8421098371150393
9.25058423030327,-0.46084847915090815,2.7148753346446526
9.25058423030327,-0.46084847915090815,2.6003642824213045
9.25058423030327,-0.46084847915090815,2.4973043354202913
9.25058423030327,-0.46084847915090815,2.4045503831193793
9.25058423030327,-0.46084847915090815,2.3210718260485588
9.25058423030327,-0.46084847915090815,2.24594112468482
9.25058423030327,-0.46084847915090815,2.178323493457455
9.25058423030327,-0.46084847915090815,2.117467625352827
9.25058423030327,-0.46084847915090815,2.0626973440586616
9.25058423030327,-0.46084847915090815,2.013404090893913
9.25058423030327,-0.46084847915090815,1.9690401630456391
9.25058423030327,-0.46084847915090815,1.924676235197365
9.25058423030327,-0.46084847915090815,1.8891850929187457
9.25058423030327,-0.46084847915090815,1.8536939506401267
9.25058423030327,-0.46084847915090815,1.8182028083615076
9.25058423030327,-0.46084847915090815,1.793359008766474
9.25058423030327,-0.46084847915090815,1.7709995891309436
9.25058423030327,-0.46084847915090815,1.750876111458967
9.25058423030327,-0.46084847915090815,1.732764981554188
9.25058423030327,-0.46084847915090815,1.7164649646398857
9.25058423030327,-0.46084847915090815,1.7001649477255847
9.25058423030327,-0.46084847915090815,1.6854949325027127
9.25058423030327,-0.46084847915090815,1.673921920493559
9.25058423030327,-0.46084847915090815,1.6635062096853201
9.25058423030327,-0.46084847915090815,1.6530904988770818
9.25058423030327,-0.46084847915090815,1.6437163591496673
9.25058423030327,-0.46084847915090815,1.636321204475818
9.25058423030327,-0.46084847915090815,1.6296655652693532
9.25058423030327,-0.46084847915090815,1.6236754899835353
9.25058423030327,-0.46084847915090815,1.6182844222262995
9.25058423030327,-0.46084847915090815,1.612893354469063
9.25058423030327,-0.46084847915090815,1.6075022867118267
9.25058423030327,-0.46084847915090815,1.6037285392817617
9.25058423030327,-0.46084847915090815,1.6003321665947023
9.25058423030327,-0.46084847915090815,1.5969357939076432
9.25058423030327,-0.46084847915090815,1.5942186957579965
9.25058423030327,-0.46084847915090815,1.5917733074233145
9.25058423030327,-0.46084847915090815,1.5895724579221002
9.25058423030327,-0.46084847915090815,1.5875916933710075
9.25058423030327,-0.46084847915090815,1.5858090052750238
9.25058423030327,-0.46084847915090815,1.5840263171790399
9.25058423030327,-0.46084847915090815,1.5826001667022533
9.25058423030327,-0.46084847915090815,1.5813166312731455
9.25058423030327,-0.46084847915090815,1.5800330958440372
9.25058423030327,-0.46084847915090815,1.5787495604149293
9.25058423030327,-0.46084847915090815,1.5774660249858214
9.25058423030327,-0.46084847915090815,1.5766959037283563
9.25058423030327,-0.46084847915090815,1.5760027945966382
9.25058423030327,-0.46084847915090815,1.5753789963780913
9.25058423030327,-0.46084847915090815,1.5748175779813998
9.25058423030327,-0.46084847915090815,1.5743123014243772
9.25058423030327,-0.46084847915090815,1.5738070248673544
9.25058423030327,-0.46084847915090815,1.5733522759660343
9.25058423030327,-0.46084847915090815,1.5729935296105475
9.25058423030327,-0.46084847915090815,1.5726706578906104
9.25058423030327,-0.46084847915090815,1.5723800733426667
9.25058423030327,-0.46084847915090815,1.5721185472495174
9.25058423030327,-0.46084847915090815,1.5718570211563676
9.25058423030327,-0.46084847915090815,1.5716478002818488
9.25058423030327,-0.46084847915090815,1.5714595014947808
9.25058423030327,-0.46084847915090815,1.5712900325864203
9.25058423030327,-0.46084847915090815,1.5711375105688952
9.25058423030327,-0.46084847915090815,1.5709849885513714
9.25058423030327,-0.46084847915090815,1.5708629709373505
9.25058423030327,-0.46084847915090815,1.5707531550847331
9.25058423030327,-0.46084847915090815,1.570643339232115
9.250591879681378,-0.410848479736038,1.570643339232115
9.250599529059487,-0.36084848032116784,1.570643339232115
9.250606413499785,-0.3158484808477847,1.570643339232115
9.250613297940083,-0.2708484813744016,1.570643339232115
9.25061804055451,-0.2398484817371821,1.570643339232115
9.250622783168938,-0.2088484820999626,1.570643339232115
9.25062657726048,-0.184048482390187,1.570643339232115
9.250630371352022,-0.15924848268041142,1.570643339232115
9.250633406625257,-0.13940848291259095,1.570643339232115
9.250636441898491,-0.11956848314477048,1.570643339232115
9.250639173644402,-0.10171248335373206,1.570643339232115
9.250641905390312,-0.08385648356269365,1.570643339232115
9.250643787259717,-0.07155568370664496,1.570643339232115
9.250645669129122,-0.05925488385059627,1.570643339232115
9.250647174624646,-0.04941424396575732,1.570643339232115
9.25064868012017,-0.03957360408091837,1.570643339232115
9.250649884516589,-0.03170109217304721,1.570643339232115
9.250651088913008,-0.02382858026517605,1.570643339232115
9.250652052430143,-0.017530570738879123,1.570643339232115
9.250653015947277,-0.011232561212582197,1.570643339232115
9.250653786760985,-0.006194153591544655,1.570643339232115
9.250654557574693,-0.0011557459705071136,1.570643339232115
9.25065525130703,0.0033788208884266745,1.570643339232115
9.250655945039368,0.007913387747360463,1.570643339232115
9.2506564923171,0.011490657158297118,1.570643339232115
9.250657039594833,0.015067926569233774,1.570643339232115
9.250657408043786,0.017476285412089718,1.570643339232115
9.250657776492739,0.01988464425494566,1.570643339232115
9.250658144941692,0.022293003097801606,1.570643339232115
9.250658513390645,0.02470136194065755,1.570643339232115
9.250658808149808,0.026628049014942305,1.570643339232115
9.25065910290897,0.02855473608922706,1.570643339232115
9.25065926502651,0.029614413980083677,1.570643339232115
9.250659427144049,0.030674091870940293,1.570643339232115
9.250659580131611,0.031674091859237696,1.570643339232115
9.250659733119173,0.0326740918475351,1.570643339232115
9.250659886106735,0.033674091835832504,1.570643339232115
9.250660039094297,0.03467409182412991,1.570643339232115
9.250660039094297,0.03467409182412991,1.727722971911605
9.250660039094297,0.03467409182412991,1.8690946413231466
9.250660039094297,0.03467409182412991,1.9963291437935327
9.250660039094297,0.03467409182412991,2.1108401960168806
9.250660039094297,0.03467409182412991,2.2139001430178937
9.250660039094297,0.03467409182412991,2.3066540953188053
9.250660039094297,0.03467409182412991,2.390132652389626
9.250660039094297,0.03467409182412991,2.4652633537533646
9.250660039094297,0.03467409182412991,2.5328809849807294
9.250660039094297,0.03467409182412991,2.6004986162080943
9.250660039094297,0.03467409182412991,2.6613544843127226
9.250660039094297,0.03467409182412991,2.7154485892946143
9.250660039094297,0.03467409182412991,2.769542694276506
9.250660039094297,0.03467409182412991,2.8236367992583977
9.250660039094297,0.03467409182412991,2.8777309042402894
9.250660039094297,0.03467409182412991,2.931825009222181
9.250660039094297,0.03467409182412991,2.985919114204073
9.250660039094297,0.03467409182412991,3.0400132191859646
9.250660039094297,0.03467409182412991,3.0941073241678563
9.250660039094297,0.03467409182412991,-3.1349838780298382
9.250660039094297,0.03467409182412991,-3.0808897730479465
9.250660039094297,0.03467409182412991,-3.026795668066055
9.250660039094297,0.03467409182412991,-2.972701563084163
9.250660039094297,0.03467409182412991,-2.9186074581022714
9.250660039094297,0.03467409182412991,-2.8645133531203797
9.250660039094297,0.03467409182412991,-2.88682717142541
9.250660039094297,0.03467409182412991,-2.9091409897304406
9.250660039094297,0.03467409182412991,-2.932401454872654
9.250660039094297,0.03467409182412991,-2.953335873500646
9.250660039094297,0.03467409182412991,-2.9721768502658388
9.250660039094297,0.03467409182412991,-2.989133729354512
9.250660039094297,0.03467409182412991,-3.0043949205343186
9.250660039094297,0.03467409182412991,-3.019656111714125
9.250660039094297,0.03467409182412991,-3.0333911837759504
9.250660039094297,0.03467409182412991,-3.044226629513613
9.250660039094297,0.03467409182412991,-3.053978530677509
9.250660039094297,0.03467409182412991,-3.063730431841405
9.250660039094297,0.03467409182412991,-3.0725071428889112
9.250660039094297,0.03467409182412991,-3.0794309927152774
9.250660039094297,0.03467409182412991,-3.0856624575590073
9.250660039094297,0.03467409182412991,-3.091270775918364
9.250660039094297,0.03467409182412991,-3.0968790942777207
9.250660039094297,0.03467409182412991,-3.1019265808011416
9.250660039094297,0.03467409182412991,-3.106413235488627
9.250660039094297,0.03467409182412991,-3.109946476055022
9.250660039094297,0.03467409182412991,-3.113126392564777
9.250660039094297,0.03467409182412991,-3.1159883174235565
9.250660039094297,0.03467409182412991,-3.118564049796458
9.250660039094297,0.03467409182412991,-3.12088220893207
9.250660039094297,0.03467409182412991,-3.1229685521541204
9.250660039094297,0.03467409182412991,-3.124846261053966
9.250660039094297,0.03467409182412991,-3.126723969953811
9.250660039094297,0.03467409182412991,-3.1282261370736877
9.250660039094297,0.03467409182412991,-3.129578087481576
9.250660039094297,0.03467409182412991,-3.130794842848676
9.250660039094297,0.03467409182412991,-3.1318899226790657
9.250660039094297,0.03467409182412991,-3.1328754945264166
9.250660039094297,0.03467409182412991,-3.133762509189032
9.250660039094297,0.03467409182412991,-3.134649523851648
9.250660039094297,0.03467409182412991,-3.1353591355817403
9.250660039094297,0.03467409182412991,-3.1359977861388235
9.250660039094297,0.03467409182412991,-3.1365725716401984
9.250660039094297,0.03467409182412991,-3.1371473571415733
9.250660039094297,0.03467409182412991,-3.1376071855426733
9.250660039094297,0.03467409182412991,-3.1380210311036634
9.250660039094297,0.03467409182412991,-3.1383934921085546
9.250660039094297,0.03467409182412991,-3.1387659531134458
9.250660039094297,0.03467409182412991,-3.1390639219173586
9.250660039094297,0.03467409182412991,-3.13933209384088
9.250660039094297,0.03467409182412991,-3.1395734485720492
9.250660039094297,0.03467409182412991,-3.1397906678301015
9.250660039094297,0.03467409182412991,-3.1399861651623486
9.250660039094297,0.03467409182412991,-3.140162112761371
9.250660039094297,0.03467409182412991,-3.1403204656004915
9.250660039094297,0.03467409182412991,-3.140478818439612
9.250660039094297,0.03467409182412991,-3.140605500710908
9.250660039094297,0.03467409182412991,-3.140719514755075
9.250660039094297,0.03467409182412991,-3.140822127394825
9.150660068779827,0.03459703921225757,-3.140822127394825
9.050660098465356,0.03451998660038523,-3.140822127394825
8.950660128150885,0.03444293398851289,-3.140822127394825
8.850660157836414,0.03436588137664055,-3.140822127394825
8.750660187521943,0.034288828764768214,-3.140822127394825
8.650660217207472,0.034211776152895876,-3.140822127394825
8.550660246893,0.03413472354102354,-3.140822127394825
8.45066027657853,0.0340576709291512,-3.140822127394825
8.350660306264059,0.03398061831727886,-3.140822127394825
8.250660335949588,0.03390356570540652,-3.140822127394825
8.150660365635117,0.03382651309353418,-3.140822127394825
8.050660395320646,0.033749460481661844,-3.140822127394825
7.950660425006175,0.033672407869789506,-3.140822127394825
7.850660454691704,0.03359535525791717,-3.140822127394825
7.750660484377233,0.03351830264604483,-3.140822127394825
7.650660514062762,0.03344125003417249,-3.140822127394825
7.550660543748291,0.03336419742230015,-3.140822127394825
7.4506605734338205,0.03328714481042781,-3.140822127394825
7.3506606031193495,0.033210092198555474,-3.140822127394825
7.250660632804879,0.033133039586683136,-3.140822127394825
7.150660662490408,0.0330559869748108,-3.140822127394825
7.050660692175937,0.03297893436293846,-3.140822127394825
6.950660721861466,0.03290188175106612,-3.140822127394825
6.850660751546995,0.03282482913919378,-3.140822127394825
6.750660781232524,0.03274777652732144,-3.140822127394825
6.650660810918053,0.032670723915449104,-3.140822127394825
6.550660840603582,0.032593671303576766,-3.140822127394825
6.450660870289111,0.03251661869170443,-3.140822127394825
6.35066089997464,0.03243956607983209,-3.140822127394825
6.250660929660169,0.03236251346795975,-3.140822127394825
6.150660959345698,0.03228546085608741,-3.140822127394825
6.050660989031227,0.03220840824421507,-3.140822127394825
5.950661018716756,0.032131355632342734,-3.140822127394825
5.850661048402285,0.032054303020470395,-3.140822127394825
5.7506610780878145,0.03197725040859806,-3.140822127394825
5.6506611077733435,0.03190019779672572,-3.140822127394825
5.550661137458873,0.03182314518485338,-3.140822127394825
5.450661167144402,0.03174609257298104,-3.140822127394825
5.350661196829931,0.0316690399611087,-3.140822127394825
5.25066122651546,0.031591987349236364,-3.140822127394825
5.150661256200989,0.031514934737364025,-3.140822127394825
5.050661285886518,0.03143788212549169,-3.140822127394825
4.950661315572047,0.03136082951361935,-3.140822127394825
4.850661345257576,0.03128377690174701,-3.140822127394825
4.750661374943105,0.03120672428987467,-3.140822127394825
4.650661404628634,0.031129671678002332,-3.140822127394825
4.550661434314163,0.031052619066129994,-3.140822127394825
4.450661463999692,0.030975566454257655,-3.140822127394825
4.350661493685221,0.030898513842385317,-3.140822127394825
4.25066152337075,0.030821461230512978,-3.140822127394825
4.150661553056279,0.03074440861864064,-3.140822127394825
4.050661582741808,0.0306673560067683,-3.140822127394825
3.950661612427338,0.030590303394895962,-3.140822127394825
3.8506616421128674,0.030513250783023624,-3.140822127394825
3.750661671798397,0.030436198171151285,-3.140822127394825
3.6506617014839264,0.030359145559278947,-3.140822127394825
3.550661731169456,0.030282092947406608,-3.140822127394825
3.4506617608549854,0.03020504033553427,-3.140822127394825
3.350661790540515,0.03012798772366193,-3.140822127394825
3.2506618202260444,0.030050935111789592,-3.140822127394825
3.150661849911574,0.029973882499917254,-3.140822127394825
3.0506618795971034,0.029896829888044915,-3.140822127394825
2.950661909282633,0.029819777276172577,-3.140822127394825
2.8506619389681624,0.029742724664300238,-3.140822127394825
2.750661968653692,0.0296656720524279,-3.140822127394825
2.6506619983392214,0.02958861944055556,-3.140822127394825
2.550662028024751,0.029511566828683222,-3.140822127394825
2.4506620577102805,0.029434514216810884,-3.140822127394825
2.35066208739581,0.029357461604938545,-3.140822127394825
2.2506621170813395,0.029280408993066206,-3.140822127394825
2.150662146766869,0.029203356381193868,-3.140822127394825
2.0506621764523985,0.02912630376932153,-3.140822127394825
1.950662206137928,0.02904925115744919,-3.140822127394825
1.8506622358234575,0.028972198545576852,-3.140822127394825
1.750662265508987,0.028895145933704514,-3.140822127394825
1.6506622951945165,0.028818093321832175,-3.140822127394825
1.550662324880046,0.028741040709959836,-3.140822127394825
1.4506623545655755,0.028663988098087498,-3.140822127394825
1.350662384251105,0.02858693548621516,-3.140822127394825
1.2506624139366345,0.02850988287434282,-3.140822127394825
1.150662443622164,0.028432830262470482,-3.140822127394825
1.0506624733076935,0.028355777650598143,-3.140822127394825
0.9506625029932229,0.028278725038725805,-3.140822127394825
0.8506625326787522,0.028201672426853466,-3.140822127394825
0.7506625623642816,0.028124619814981128,-3.140822127394825
0.650662592049811,0.02804756720310879,-3.140822127394825
0.5506626217353404,0.02797051459123645,-3.140822127394825
0.4506626514208698,0.027893461979364112,-3.140822127394825
0.3506626811063992,0.027816409367491773,-3.140822127394825
0.2506627107919286,0.027739356755619435,-3.140822127394825
0.15066274047745798,0.027662304143747096,-3.140822127394825
0.05066277016298737,0.027585251531874758,-3.140822127394825
-0.04933720015148324,0.02750819892000242,-3.140822127394825
-0.14933717046595385,0.02743114630813008,-3.140822127394825
-0.24933714078042446,0.027354093696257742,-3.140822127394825
-0.34933711109489507,0.027277041084385403,-3.140822127394825
-0.4493370814093657,0.027199988472513065,-3.140822127394825
-0.5493370517238363,0.027122935860640726,-3.140822127394825
-0.6493370220383069,0.027045883248768388,-3.140822127394825
-0.7493369923527775,0.02696883063689605,-3.140822127394825
-0.8493369626672481,0.02689177802502371,-3.140822127394825
-0.9493369329817187,0.026814725413151372,-3.140822127394825
-1.0493369032961892,0.026737672801279033,-3.140822127394825
-1.1493368736106597,0.026660620189406695,-3.140822127394825
-1.2493368439251302,0.026583567577534356,-3.140822127394825
-1.3493368142396007,0.026506514965662017,-3.140822127394825
-1.4493367845540712,0.02642946235378968,-3.140822127394825
-1.5493367548685417,0.02635240974191734,-3.140822127394825
-1.6493367251830122,0.026275357130045,-3.140822127394825
-1.7493366954974827,0.026198304518172663,-3.140822127394825
-1.8493366658119532,0.026121251906300325,-3.140822127394825
-1.9493366361264237,0.026044199294427986,-3.140822127394825
-2.049336606440894,0.025967146682555647,-3.140822127394825
-2.1493365767553647,0.02589009407068331,-3.140822127394825
-2.249336547069835,0.02581304145881097,-3.140822127394825
-2.3493365173843057,0.02573598884693863,-3.140822127394825
-2.449336487698776,0.025658936235066293,-3.140822127394825
-2.5493364580132467,0.025581883623193954,-3.140822127394825
-2.649336428327717,0.025504831011321616,-3.140822127394825
-2.7493363986421877,0.025427778399449277,-3.140822127394825
-2.849336368956658,0.02535072578757694,-3.140822127394825
-2.9493363392711287,0.0252736731757046,-3.140822127394825
-3.049336309585599,0.02519662056383226,-3.140822127394825
-3.1493362799000697,0.025119567951959923,-3.140822127394825
-3.24933625021454,0.025042515340087584,-3.140822127394825
-3.3493362205290107,0.024965462728215246,-3.140822127394825
-3.449336190843481,0.024888410116342907,-3.140822127394825
-3.5493361611579517,0.02481135750447057,-3.140822127394825
-3.649336131472422,0.02473430489259823,-3.140822127394825
-3.7493361017868927,0.02465725228072589,-3.140822127394825
-3.849336072101363,0.024580199668853553,-3.140822127394825
-3.9493360424158337,0.024503147056981214,-3.140822127394825
-4.049336012730304,0.024426094445108876,-3.140822127394825
-4.149335983044775,0.024349041833236537,-3.140822127394825
-4.249335953359246,0.0242719892213642,-3.140822127394825
-4.349335923673717,0.02419493660949186,-3.140822127394825
-4.449335893988188,0.02411788399761952,-3.140822127394825
-4.549335864302659,0.024040831385747183,-3.140822127394825
-4.64933583461713,0.023963778773874844,-3.140822127394825
-4.749335804931601,0.023886726162002506,-3.140822127394825
-4.849335775246072,0.023809673550130167,-3.140822127394825
-4.949335745560543,0.02373262093825783,-3.140822127394825
-5.049335715875014,0.02365556832638549,-3.140822127394825
-5.149335686189485,0.02357851571451315,-3.140822127394825
-5.2493356565039555,0.023501463102640813,-3.140822127394825
-5.2493356565039555,0.023501463102640813,2.9852835471052717
-5.2493356565039555,0.023501463102640813,2.843911877693731
-5.2493356565039555,0.023501463102640813,2.70254020828219
-5.2493356565039555,0.023501463102640813,2.5894428727529575
-5.2493356565039555,0.023501463102640813,2.4876552707766484
-5.2493356565039555,0.023501463102640813,2.39604642899797
-5.2493356565039555,0.023501463102640813,2.31359847139716
-5.2493356565039555,0.023501463102640813,2.2393953095564303
-5.2493356565039555,0.023501463102640813,2.1726124638997737
-5.2493356565039555,0.023501463102640813,2.1125079028087828
-5.2493356565039555,0.023501463102640813,2.05841379782689
-5.2493356565039555,0.023501463102640813,2.0097291033431888
-5.2493356565039555,0.023501463102640813,1.9659128783078559
-5.2493356565039555,0.023501463102640813,1.9264782757760572
-5.2493356565039555,0.023501463102640813,1.8909871334974375
-5.2493356565039555,0.023501463102640813,1.859045105446681
-5.2493356565039555,0.023501463102640813,1.8302972802009991
-5.2493356565039555,0.023501463102640813,1.8015494549553173
-5.2493356565039555,0.023501463102640813,1.778551194758772
-5.2493356565039555,0.023501463102640813,1.7555529345622272
-5.2493356565039555,0.023501463102640813,1.7371543264049907
-5.2493356565039555,0.023501463102640813,1.720595579063478
-5.2493356565039555,0.023501463102640813,1.7056927064561167
-5.2493356565039555,0.023501463102640813,1.6922801211094913
-5.2493356565039555,0.023501463102640813,1.6802087942975288
-5.2493356565039555,0.023501463102640813,1.6693446001667627
-5.2493356565039555,0.023501463102640813,1.6595668254490727
-5.2493356565039555,0.023501463102640813,1.6507668282031518
-5.2493356565039555,0.023501463102640813,1.6428468306818236
-5.2493356565039555,0.023501463102640813,1.6357188329126275
-5.2493356565039555,0.023501463102640813,1.6293036349203514
-5.2493356565039555,0.023501463102640813,1.623529956727303
-5.2493356565039555,0.023501463102640813,1.6183336463535591
-5.2493356565039555,0.023501463102640813,1.6131373359798153
-5.2493356565039555,0.023501463102640813,1.6089802876808206
-5.2493356565039555,0.023501463102640813,1.605238944211725
-5.2493356565039555,0.023501463102640813,1.6018717350895388
-5.2493356565039555,0.023501463102640813,1.598841246879571
-5.2493356565039555,0.023501463102640813,1.5958107586696042
-5.2493356565039555,0.023501463102640813,1.5933863681016303
-5.2493356565039555,0.023501463102640813,1.5912044165904538
-5.2493356565039555,0.023501463102640813,1.5892406602303943
-5.2493356565039555,0.023501463102640813,1.5874732795063415
-5.2493356565039555,0.023501463102640813,1.5858826368546937
-5.2493356565039555,0.023501463102640813,1.5844510584682108
-5.2493356565039555,0.023501463102640813,1.5831626379203765
-5.2493356565039555,0.023501463102640813,1.5820030594273253
-5.2493356565039555,0.023501463102640813,1.580959438783579
-5.2493356565039555,0.023501463102640813,1.579915818139833
-5.2493356565039555,0.023501463102640813,1.578872197496087
-5.2493356565039555,0.023501463102640813,1.578141663045465
-5.2493356565039555,0.023501463102640813,1.5774841820399046
-5.2493356565039555,0.023501463102640813,1.5768924491349006
-5.2493356565039555,0.023501463102640813,1.576359889520397
-5.2493356565039555,0.023501463102640813,1.5758805858673437
-5.2493356565039555,0.023501463102640813,1.5754492125795962
-5.2493356565039555,0.023501463102640813,1.575060976620623
-5.2493356565039555,0.023501463102640813,1.5747115642575475
-5.2493356565039555,0.023501463102640813,1.5743970931307787
-5.2493356565039555,0.023501463102640813,1.5741140691166877
-5.2493356565039555,0.023501463102640813,1.5738593475040052
-5.2493356565039555,0.023501463102640813,1.573604625891323
-5.2493356565039555,0.023501463102640813,1.573400848601177
-5.2493356565039555,0.023501463102640813,1.5732174490400457
-5.2493356565039555,0.023501463102640813,1.573052389435028
-5.2493356565039555,0.023501463102640813,1.5729038357905119
-5.2493356565039555,0.023501463102640813,1.5727552821459956
-5.2493356565039555,0.023501463102640813,1.5726364392303824
-5.2493356565039555,0.023501463102640813,1.5725294806063308
-5.249422314151143,0.07350138800710626,1.5725294806063308
-5.249508971798331,0.12350131291157171,1.5725294806063308
-5.249578297916082,0.16350125283514408,1.5725294806063308
-5.249647624033832,0.20350119275871645,1.5725294806063308
-5.249703084928032,0.23550114469757433,1.5725294806063308
-5.249758545822232,0.26750109663643223,1.5725294806063308
-5.249802914537592,0.2931010581875185,1.5725294806063308
-5.249847283252953,0.3187010197386048,1.5725294806063308
-5.249882778225241,0.33918098897947385,1.5725294806063308
-5.2499147237003,0.35761296129625597,1.5725294806063308
-5.249946669175359,0.37604493361303815,1.5725294806063308
-5.249972225555407,0.3907905114664639,1.5725294806063308
-5.249997781935455,0.4055360893198896,1.5725294806063308
-5.250018227039493,0.41733255160263016,1.5725294806063308
-5.250038672143531,0.4291290138853707,1.5725294806063308
-5.250055028226761,0.4385661837115632,1.5725294806063308
-5.250071384309991,0.44800335353775567,1.5725294806063308
-5.250084469176575,0.45555308939870964,1.5725294806063308
-5.250097554043159,0.4631028252596636,1.5725294806063308
-5.250108021936427,0.46914261394842677,1.5725294806063308
-5.250118489829695,0.4751824026371899,1.5725294806063308
-5.250128957722962,0.48122219132595306,1.5725294806063308
-5.250137332037577,0.4860540222769636,1.5725294806063308
-5.250145706352191,0.4908858532279741,1.5725294806063308
-5.250151359014555,0.4941473391199062,1.5725294806063308
-5.250157011676919,0.4974088250118383,1.5725294806063308
-5.250161533806811,0.500018013725384,1.5725294806063308
-5.2501660559367025,0.5026272024389297,1.5725294806063308
-5.250169673640616,0.5047145534097662,1.5725294806063308
-5.250173291344529,0.5068019043806028,1.5725294806063308
-5.25017618550766,0.5084717851572721,1.5725294806063308
-5.25017907967079,0.5101416659339414,1.5725294806063308
-5.250181395001294,0.5114775705552768,1.5725294806063308
-5.2501837103317985,0.5128134751766121,1.5725294806063308
-5.250185562596202,0.5138821988736805,1.5725294806063308
-5.250187414860605,0.5149509225707488,1.5725294806063308
-5.250189148013549,0.5159509210688381,1.5725294806063308
-5.250190881166493,0.5169509195669274,1.5725294806063308
-5.250192614319436,0.5179509180650167,1.5725294806063308
-5.25019434747238,0.518950916563106,1.5725294806063308
-5.25019434747238,0.518950916563106,1.415449847926841
-5.25019434747238,0.518950916563106,1.2740781785153006
-5.25019434747238,0.518950916563106,1.1468436760449132
-5.25019434747238,0.518950916563106,1.0196091735745267
-5.25019434747238,0.518950916563106,0.9178215715982176
-5.25019434747238,0.518950916563106,0.8262127298195392
-5.25019434747238,0.518950916563106,0.7437647722187286
-5.25019434747238,0.518950916563106,0.6695616103779992
-5.25019434747238,0.518950916563106,0.5953584485372698
-5.25019434747238,0.518950916563106,0.5359959190646864
-5.25019434747238,0.518950916563106,0.48256964253936113
-5.25019434747238,0.518950916563106,0.42914336601403574
-5.25019434747238,0.518950916563106,0.3864023447937757
-5.25019434747238,0.518950916563106,0.3479354256955415
-5.25019434747238,0.518950916563106,0.3133151985071309
-5.25019434747238,0.518950916563106,0.28215699403756117
-5.25019434747238,0.518950916563106,0.25411461001494856
-5.25019434747238,0.518950916563106,0.228876464394597
-5.25019434747238,0.518950916563106,0.20616213333628072
-5.25019434747238,0.518950916563106,0.18571923538379598
-5.25019434747238,0.518950916563106,0.1673206272265598
-5.25019434747238,0.518950916563106,0.1507618798850473
-5.25019434747238,0.518950916563106,0.13420313254353475
-5.25019434747238,0.518950916563106,0.12095613467032472
-5.25019434747238,0.518950916563106,0.10903383658443559
-5.25019434747238,0.518950916563106,0.09830376830713553
-5.25019434747238,0.518950916563106,0.08757370002983537
-5.25019434747238,0.518950916563106,0.07898964540799527
-5.25019434747238,0.518950916563106,0.07126399624833916
-5.25019434747238,0.518950916563106,0.06353834708868306
-5.25019434747238,0.518950916563106,0.05735782776095819
-5.25019434747238,0.518950916563106,0.05179536036600579
-5.25019434747238,0.518950916563106,0.04678913971054863
-5.25019434747238,0.518950916563106,0.04228354112063719
-5.25019434747238,0.518950916563106,0.03822850238971691
-5.25019434747238,0.518950916563106,0.034578967531888626
-5.25019434747238,0.518950916563106,0.03129438615984318
-5.25019434747238,0.518950916563106,0.02800980478779775
-5.25019434747238,0.518950916563106,0.025382139690161395
-5.25019434747238,0.518950916563106,0.023017241102288685
-5.25019434747238,0.518950916563106,0.020888832373203246
-5.25019434747238,0.518950916563106,0.0187604236441178
-5.25019434747238,0.518950916563106,0.017057696660849442
-5.25019434747238,0.518950916563106,0.015525242375907914
-5.25019434747238,0.518950916563106,0.014146033519460541
-5.25019434747238,0.518950916563106,0.012766824663013184
-5.25019434747238,0.518950916563106,0.011387615806565816
-5.25019434747238,0.518950916563106,0.01000840695011845
-5.25019434747238,0.518950916563106,0.008629198093671079
-5.25019434747238,0.518950916563106,0.0072499892372237095
-5.25019434747238,0.518950916563106,0.006698305694644765
-5.25019434747238,0.518950916563106,0.006201790506323712
-5.25019434747238,0.518950916563106,0.005754926836834766
-5.25019434747238,0.518950916563106,0.005308063167345816
-5.25019434747238,0.518950916563106,0.004950572231754659
-5.25019434747238,0.518950916563106,0.004628830389722618
-5.25019434747238,0.518950916563106,0.004339262731893781
-5.25019434747238,0.518950916563106,0.004078651839847827
-5.25019434747238,0.518950916563106,0.0038441020370064694
-5.25019434747238,0.518950916563106,0.003633007214449246
-5.25019434747238,0.518950916563106,0.003443021874147746
-5.25019434747238,0.518950916563106,0.003272035067876395
-5.25019434747238,0.518950916563106,0.0031181469422321816
-5.25019434747238,0.518950916563106,0.0029796476291523866
-5.25019434747238,0.518950916563106,0.0028549982473805723
-5.25019434747238,0.518950916563106,0.002742813803785939
-5.25019434747238,0.518950916563106,0.0026418478045507673
-5.150194696440169,0.5192151010362545,0.0026418478045507673
-5.050195045407957,0.5194792855094029,0.0026418478045507673
-4.950195394375745,0.5197434699825514,0.0026418478045507673
-4.850195743343534,0.5200076544556999,0.0026418478045507673
-4.750196092311322,0.5202718389288483,0.0026418478045507673
-4.65019644127911,0.5205360234019968,0.0026418478045507673
-4.550196790246899,0.5208002078751452,0.0026418478045507673
-4.450197139214687,0.5210643923482937,0.0026418478045507673
-4.350197488182475,0.5213285768214422,0.0026418478045507673
-4.250197837150264,0.5215927612945906,0.0026418478045507673
-4.150198186118052,0.5218569457677391,0.0026418478045507673
-4.0501985350858405,0.5221211302408876,0.0026418478045507673
-3.950198884053629,0.522385314714036,0.0026418478045507673
-3.850199233021417,0.5226494991871845,0.0026418478045507673
-3.7501995819892056,0.522913683660333,0.0026418478045507673
-3.650199930956994,0.5231778681334814,0.0026418478045507673
-3.5502002799247823,0.5234420526066299,0.0026418478045507673
-3.4502006288925706,0.5237062370797784,0.0026418478045507673
-3.350200977860359,0.5239704215529268,0.0026418478045507673
-3.2502013268281473,0.5242346060260753,0.0026418478045507673
-3.1502016757959357,0.5244987904992238,0.0026418478045507673
-3.050202024763724,0.5247629749723722,0.0026418478045507673
-2.9502023737315124,0.5250271594455207,0.0026418478045507673
-2.8502027226993008,0.5252913439186692,0.0026418478045507673
-2.750203071667089,0.5255555283918176,0.0026418478045507673
-2.6502034206348775,0.5258197128649661,0.0026418478045507673
-2.550203769602666,0.5260838973381146,0.0026418478045507673
-2.450204118570454,0.526348081811263,0.0026418478045507673
-2.3502044675382425,0.5266122662844115,0.0026418478045507673
-2.250204816506031,0.52687645075756,0.0026418478045507673
-2.1502051654738192,0.5271406352307084,0.0026418478045507673
-2.0502055144416076,0.5274048197038569,0.0026418478045507673
-1.9502058634093957,0.5276690041770054,0.0026418478045507673
-1.8502062123771839,0.5279331886501538,0.0026418478045507673
-1.750206561344972,0.5281973731233023,0.0026418478045507673
-1.6502069103127601,0.5284615575964507,0.0026418478045507673
-1.5502072592805483,0.5287257420695992,0.0026418478045507673
-1.4502076082483364,0.5289899265427477,0.0026418478045507673
-1.3502079572161245,0.5292541110158961,0.0026418478045507673
-1.2502083061839127,0.5295182954890446,0.0026418478045507673
-1.1502086551517008,0.5297824799621931,0.0026418478045507673
-1.050209004119489,0.5300466644353415,0.0026418478045507673
-0.950209353087277,0.53031084890849,0.0026418478045507673
-0.8502097020550652,0.5305750333816385,0.0026418478045507673
-0.7502100510228533,0.5308392178547869,0.0026418478045507673
-0.6502103999906415,0.5311034023279354,0.0026418478045507673
-0.5502107489584296,0.5313675868010839,0.0026418478045507673
-0.4502110979262177,0.5316317712742323,0.0026418478045507673
-0.35021144689400585,0.5318959557473808,0.0026418478045507673
-0.250211795861794,0.5321601402205293,0.0026418478045507673
-0.15021214482958212,0.5324243246936777,0.0026418478045507673
-0.050212493797370264,0.5326885091668262,0.0026418478045507673
0.04978715723484159,0.5329526936399747,0.0026418478045507673
0.14978680826705343,0.5332168781131231,0.0026418478045507673
0.2497864592992653,0.5334810625862716,0.0026418478045507673
0.34978611033147716,0.5337452470594201,0.0026418478045507673
0.44978576136368903,0.5340094315325685,0.0026418478045507673
0.5497854123959008,0.534273616005717,0.0026418478045507673
0.6497850634281127,0.5345378004788655,0.0026418478045507673
0.7497847144603246,0.5348019849520139,0.0026418478045507673
0.8497843654925364,0.5350661694251624,0.0026418478045507673
0.9497840165247483,0.5353303538983109,0.0026418478045507673
1.04978366755696,0.5355945383714593,0.0026418478045507673
1.149783318589172,0.5358587228446078,0.0026418478045507673
1.2497829696213838,0.5361229073177562,0.0026418478045507673
1.3497826206535957,0.5363870917909047,0.0026418478045507673
1.4497822716858075,0.5366512762640532,0.0026418478045507673
1.5497819227180194,0.5369154607372016,0.0026418478045507673
1.6497815737502313,0.5371796452103501,0.0026418478045507673
1.7497812247824431,0.5374438296834986,0.0026418478045507673
1.849780875814655,0.537708014156647,0.0026418478045507673
1.9497805268468669,0.5379721986297955,0.0026418478045507673
2.0497801778790787,0.538236383102944,0.0026418478045507673
2.1497798289112904,0.5385005675760924,0.0026418478045507673
2.249779479943502,0.5387647520492409,0.0026418478045507673
2.3497791309757137,0.5390289365223894,0.0026418478045507673
2.4497787820079253,0.5392931209955378,0.0026418478045507673
2.549778433040137,0.5395573054686863,0.0026418478045507673
2.6497780840723486,0.5398214899418348,0.0026418478045507673
2.7497777351045603,0.5400856744149832,0.0026418478045507673
2.849777386136772,0.5403498588881317,0.0026418478045507673
2.9497770371689835,0.5406140433612802,0.0026418478045507673
3.049776688201195,0.5408782278344286,0.0026418478045507673
3.149776339233407,0.5411424123075771,0.0026418478045507673
3.2497759902656185,0.5414065967807256,0.0026418478045507673
3.34977564129783,0.541670781253874,0.0026418478045507673
3.4497752923300418,0.5419349657270225,0.0026418478045507673
3.5497749433622534,0.542199150200171,0.0026418478045507673
3.649774594394465,0.5424633346733194,0.0026418478045507673
3.7497742454266767,0.5427275191464679,0.0026418478045507673
3.8497738964588883,0.5429917036196164,0.0026418478045507673
3.9497735474911,0.5432558880927648,0.0026418478045507673
4.049773198523312,0.5435200725659133,0.0026418478045507673
4.149772849555523,0.5437842570390617,0.0026418478045507673
4.249772500587735,0.5440484415122102,0.0026418478045507673
4.349772151619947,0.5443126259853587,0.0026418478045507673
4.449771802652158,0.5445768104585071,0.0026418478045507673
4.54977145368437,0.5448409949316556,0.0026418478045507673
4.6497711047165815,0.5451051794048041,0.0026418478045507673
4.749770755748793,0.5453693638779525,0.0026418478045507673
4.849770406781005,0.545633548351101,0.0026418478045507673
4.949770057813216,0.5458977328242495,0.0026418478045507673
5.049769708845428,0.5461619172973979,0.0026418478045507673
5.14976935987764,0.5464261017705464,0.0026418478045507673
5.249769010909851,0.5466902862436949,0.0026418478045507673
5.349768661942063,0.5469544707168433,0.0026418478045507673
5.449768312974275,0.5472186551899918,0.0026418478045507673
5.549767964006486,0.5474828396631403,0.0026418478045507673
5.649767615038698,0.5477470241362887,0.0026418478045507673
5.74976726607091,0.5480112086094372,0.0026418478045507673
5.849766917103121,0.5482753930825857,0.0026418478045507673
5.949766568135333,0.5485395775557341,0.0026418478045507673
6.0497662191675445,0.5488037620288826,0.0026418478045507673
6.149765870199756,0.5490679465020311,0.0026418478045507673
6.249765521231968,0.5493321309751795,0.0026418478045507673
6.3497651722641795,0.549596315448328,0.0026418478045507673
6.449764823296391,0.5498604999214765,0.0026418478045507673
6.549764474328603,0.5501246843946249,0.0026418478045507673
6.649764125360814,0.5503888688677734,0.0026418478045507673
6.749763776393026,0.5506530533409218,0.0026418478045507673
6.849763427425238,0.5509172378140703,0.0026418478045507673
6.949763078457449,0.5511814222872188,0.0026418478045507673
7.049762729489661,0.5514456067603672,0.0026418478045507673
7.149762380521873,0.5517097912335157,0.0026418478045507673
7.249762031554084,0.5519739757066642,0.0026418478045507673
7.349761682586296,0.5522381601798126,0.0026418478045507673
7.449761333618508,0.5525023446529611,0.0026418478045507673
7.549760984650719,0.5527665291261096,0.0026418478045507673
7.649760635682931,0.553030713599258,0.0026418478045507673
7.7497602867151425,0.5532948980724065,0.0026418478045507673
7.849759937747354,0.553559082545555,0.0026418478045507673
7.949759588779566,0.5538232670187034,0.0026418478045507673
8.049759239811777,0.5540874514918519,0.0026418478045507673
8.149758890843989,0.5543516359650004,0.0026418478045507673
8.2497585418762,0.5546158204381488,0.0026418478045507673
8.349758192908412,0.5548800049112973,0.0026418478045507673
8.449757843940624,0.5551441893844458,0.0026418478045507673
8.549757494972836,0.5554083738575942,0.0026418478045507673
8.649757146005047,0.5556725583307427,0.0026418478045507673
8.749756797037259,0.5559367428038912,0.0026418478045507673
8.84975644806947,0.5562009272770396,0.0026418478045507673
8.949756099101682,0.5564651117501881,0.0026418478045507673
9.049755750133894,0.5567292962233366,0.0026418478045507673
9.049755750133894,0.5567292962233366,0.15972148048404047
9.049755750133894,0.5567292962233366,0.3168011131635301
9.049755750133894,0.5567292962233366,0.44246481930712195
9.049755750133894,0.5567292962233366,0.5555621548363545
9.049755750133894,0.5567292962233366,0.6573497568126637
9.049755750133894,0.5567292962233366,0.748958598591342
9.049755750133894,0.5567292962233366,0.8405674403700207
9.049755750133894,0.5567292962233366,0.9230153979708313
9.049755750133894,0.5567292962233366,0.9880576756336926
9.049755750133894,0.5567292962233366,1.0465957255302685
9.049755750133894,0.5567292962233366,1.1051337754268438
9.049755750133894,0.5567292962233366,1.1519642153441039
9.049755750133894,0.5567292962233366,1.1987946552613646
9.049755750133894,0.5567292962233366,1.2409420511868987
9.049755750133894,0.5567292962233366,1.283089447112433
9.049755750133894,0.5567292962233366,1.312124319861135
9.049755750133894,0.5567292962233366,1.3382557053349655
9.049755750133894,0.5567292962233366,1.3617739522614134
9.049755750133894,0.5567292962233366,1.3852921991878622
9.049755750133894,0.5567292962233366,1.40410679672902
9.049755750133894,0.5567292962233366,1.421039934516063
9.049755750133894,0.5567292962233366,1.4362797585244016
9.049755750133894,0.5567292962233366,1.4499956001319059
9.049755750133894,0.5567292962233366,1.4623398575786601
9.049755750133894,0.5567292962233366,1.4746841150254144
9.049755750133894,0.5567292962233366,1.4845595209828175
9.049755750133894,0.5567292962233366,1.4934473863444806
9.049755750133894,0.5567292962233366,1.5014464651699775
9.049755750133894,0.5567292962233366,1.5086456361129241
9.049755750133894,0.5567292962233366,1.5158448070558712
9.049755750133894,0.5567292962233366,1.5216041438102288
9.049755750133894,0.5567292962233366,1.526787546889151
9.049755750133894,0.5567292962233366,1.5314526096601804
9.049755750133894,0.5567292962233366,1.53611767243121
9.049755750133894,0.5567292962233366,1.5407827352022399
9.049755750133894,0.5567292962233366,1.5454477979732693
9.049755750133894,0.5567292962233366,1.550112860744299
9.049755750133894,0.5567292962233366,1.5524453921298138
9.049755750133894,0.5567292962233366,1.5545446703767773
9.049755750133894,0.5567292962233366,1.5564340207990441
9.049755750133894,0.5567292962233366,1.558134436179085
9.049755750133894,0.5567292962233366,1.5596648100211212
9.049755750133894,0.5567292962233366,1.5610421464789535
9.049755750133894,0.5567292962233366,1.562281749291003
9.049755750133894,0.5567292962233366,1.5633973918218476
9.049755750133894,0.5567292962233366,1.5644014700996078
9.049755750133894,0.5567292962233366,1.5653051405495915
9.049755750133894,0.5567292962233366,1.5661184439545766
9.049755750133894,0.5567292962233366,1.5668504170190638
9.049755750133894,0.5567292962233366,1.5675091927771023
9.049755750133894,0.5567292962233366,1.5681020909593373
9.049755750133894,0.5567292962233366,1.5686949891415716
9.049755750133894,0.5567292962233366,1.569169307687359
9.049755750133894,0.5567292962233366,1.569596194378568
9.049755750133894,0.5567292962233366,1.569980392400656
9.049755750133894,0.5567292962233366,1.5703261706205351
9.049755750133894,0.5567292962233366,1.5706373710184267
9.049755750133894,0.5567292962233366,1.5709174513765283
9.049755750133894,0.5567292962233366,1.5711695236988197
9.049755750133894,0.5567292962233366,1.5713963887888829
9.049755750133894,0.5567292962233366,1.5716005673699394
9.049755750133894,0.5567292962233366,1.5717843280928898
9.049755750133894,0.5567292962233366,1.5719680888158407
9.049755750133894,0.5567292962233366,1.572151849538792
9.049755750133894,0.5567292962233366,1.5722988581171526
9.049755750133894,0.5567292962233366,1.572427490623218
9.049755750133894,0.5567292962233366,1.572528559020841
9.049669138565912,0.6067292212076432,1.572528559020841
9.04958252699793,0.6567291461919498,1.572528559020841
9.049513237743545,0.6967290861793951,1.572528559020841
9.049450877414598,0.7327290321680959,1.572528559020841
9.049388517085651,0.7687289781567967,1.572528559020841
9.049338628822493,0.7975289349477573,1.572528559020841
9.049288740559335,0.8263288917387179,1.572528559020841
9.049248829948809,0.8493688571714865,1.572528559020841
9.049208919338282,0.872408822604255,1.572528559020841
9.049176990849862,0.8908407949504699,1.572528559020841
9.049145062361442,0.9092727672966847,1.572528559020841
9.049119519570704,0.9240183451736566,1.572528559020841
9.049093976779966,0.9387639230506284,1.572528559020841
9.049073542547378,0.9505603853522059,1.572528559020841
9.049053108314789,0.9623568476537834,1.572528559020841
9.049036760928717,0.9717940174950453,1.572528559020841
9.049020413542644,0.9812311873363073,1.572528559020841
9.049007335633787,0.9887809232093169,1.572528559020841
9.04899425772493,0.9963306590823264,1.572528559020841
9.048983795397843,1.002370447780734,1.572528559020841
9.048973333070757,1.0084102364791416,1.572528559020841
9.048964963209087,1.0132420674378677,1.572528559020841
9.048956593347418,1.0180738983965938,1.572528559020841
9.048949060471916,1.0224225462594474,1.572528559020841
9.048943117870131,1.025853146240143,1.572528559020841
9.048937175268346,1.0292837462208386,1.572528559020841
9.048932421186919,1.032028226205395,1.572528559020841
9.048927667105492,1.0347727061899514,1.572528559020841
9.048923863840349,1.0369682901775965,1.572528559020841
9.048920060575206,1.0391638741652416,1.572528559020841
9.048917017963092,1.0409203413553578,1.572528559020841
9.048913975350978,1.042676808545474,1.572528559020841
9.048911541261287,1.0440819822975669,1.572528559020841
9.048909107171596,1.0454871560496597,1.572528559020841
9.048907159899843,1.046611295051334,1.572528559020841
9.048905212628089,1.0477354340530083,1.572528559020841
9.048903265356335,1.0488595730546826,1.572528559020841
9.048901318084582,1.0499837120563569,1.572528559020841
9.048899585853222,1.0509837105560431,1.572528559020841
9.048897853621863,1.0519837090557294,1.572528559020841
9.048897853621863,1.0519837090557294,1.7296081917003305
9.048897853621863,1.0519837090557294,1.870979861111871
9.048897853621863,1.0519837090557294,2.0123515305234125
9.048897853621863,1.0519837090557294,2.1254488660526447
9.048897853621863,1.0519837090557294,2.227236468028954
9.048897853621863,1.0519837090557294,2.3290240700052633
9.048897853621863,1.0519837090557294,2.420632911783942
9.048897853621863,1.0519837090557294,2.5122417535626203
9.048897853621863,1.0519837090557294,2.5845109509657993
9.048897853621863,1.0519837090557294,2.656780148368979
9.048897853621863,1.0519837090557294,2.7126615418539726
9.048897853621863,1.0519837090557294,2.755727876250149
9.048897853621863,1.0519837090557294,2.794487577206708
9.048897853621863,1.0519837090557294,2.829371308067611
9.048897853621863,1.0519837090557294,2.864255038928514
9.048897853621863,1.0519837090557294,2.8921620236172365
9.048897853621863,1.0519837090557294,2.9172783098370867
9.048897853621863,1.0519837090557294,2.939882967434952
9.048897853621863,1.0519837090557294,2.9602271592730305
9.048897853621863,1.0519837090557294,2.978536931927301
9.048897853621863,1.0519837090557294,2.996846704581572
9.048897853621863,1.0519837090557294,3.0133254999704153
9.048897853621863,1.0519837090557294,3.0263254385549474
9.048897853621863,1.0519837090557294,3.0380253832810262
9.048897853621863,1.0519837090557294,3.0485553335344973
9.048897853621863,1.0519837090557294,3.0580322887626212
9.048897853621863,1.0519837090557294,3.066561548467933
9.048897853621863,1.0519837090557294,3.074237882202713
9.048897853621863,1.0519837090557294,3.0819142159374935
9.048897853621863,1.0519837090557294,3.088055282925318
9.048897853621863,1.0519837090557294,3.09358224321436
9.048897853621863,1.0519837090557294,3.0991092035034016
9.048897853621863,1.0519837090557294,3.1046361637924433
9.048897853621863,1.0519837090557294,3.1085050359947726
9.048897853621863,1.0519837090557294,3.111987020976869
9.048897853621863,1.0519837090557294,3.115120807460756
9.048897853621863,1.0519837090557294,3.1179412152962542
9.048897853621863,1.0519837090557294,3.1207616231317523
9.048897853621863,1.0519837090557294,3.1235820309672504
9.048897853621863,1.0519837090557294,3.1264024388027485
9.048897853621863,1.0519837090557294,3.1280946835040475
9.048897853621863,1.0519837090557294,3.1296177037352164
9.048897853621863,1.0519837090557294,3.1309884219432687
9.048897853621863,1.0519837090557294,3.132359140151321
9.048897853621863,1.0519837090557294,3.1334557147177624
9.048897853621863,1.0519837090557294,3.13444263182756
9.048897853621863,1.0519837090557294,3.1353308572263776
9.048897853621863,1.0519837090557294,3.136130260085314
9.048897853621863,1.0519837090557294,3.136849722658356
9.048897853621863,1.0519837090557294,3.137497238974094
9.048897853621863,1.0519837090557294,3.1380800036582586
9.048897853621863,1.0519837090557294,3.1386044918740064
9.048897853621863,1.0519837090557294,3.1390765312681794
9.048897853621863,1.0519837090557294,3.1395013667229352
9.048897853621863,1.0519837090557294,3.139926202177691
9.048897853621863,1.0519837090557294,3.1402660705414958
9.048897853621863,1.0519837090557294,3.14057195206892
9.048897853621863,1.0519837090557294,3.140847245443602
9.048897853621863,1.0519837090557294,3.1411225388182835
9.048897853621863,1.0519837090557294,3.141342773518029
9.048897853621863,1.0519837090557294,3.1415630082177746
9.048897853621863,1.0519837090557294,-3.1414461112020153
9.048897853621863,1.0519837090557294,-3.1412875422181985
9.048897853621863,1.0519837090557294,-3.1411448301327636
9.048897853621863,1.0519837090557294,-3.141016389255872
9.048897853621863,1.0519837090557294,-3.1408879483789804
9.048897853621863,1.0519837090557294,-3.1407851956774673
8.948897886221275,1.051902963273271,-3.1407851956774673
8.848897918820686,1.0518222174908127,-3.1407851956774673
8.748897951420098,1.0517414717083544,-3.1407851956774673
8.64889798401951,1.051660725925896,-3.1407851956774673
8.54889801661892,1.0515799801434378,-3.1407851956774673
8.448898049218332,1.0514992343609795,-3.1407851956774673
8.348898081817744,1.0514184885785212,-3.1407851956774673
8.248898114417155,1.0513377427960628,-3.1407851956774673
8.148898147016567,1.0512569970136045,-3.1407851956774673
8.048898179615978,1.0511762512311462,-3.1407851956774673
7.948898212215391,1.051095505448688,-3.1407851956774673
7.848898244814803,1.0510147596662296,-3.1407851956774673
7.748898277414216,1.0509340138837713,-3.1407851956774673
7.648898310013628,1.050853268101313,-3.1407851956774673
7.5488983426130405,1.0507725223188547,-3.1407851956774673
7.448898375212453,1.0506917765363963,-3.1407851956774673
7.348898407811865,1.050611030753938,-3.1407851956774673
7.248898440411278,1.0505302849714797,-3.1407851956774673
7.14889847301069,1.0504495391890214,-3.1407851956774673
7.048898505610103,1.050368793406563,-3.1407851956774673
6.948898538209515,1.0502880476241048,-3.1407851956774673
6.848898570808927,1.0502073018416465,-3.1407851956774673
6.74889860340834,1.0501265560591881,-3.1407851956774673
6.648898636007752,1.0500458102767298,-3.1407851956774673
6.548898668607165,1.0499650644942715,-3.1407851956774673
6.448898701206577,1.0498843187118132,-3.1407851956774673
6.3488987338059895,1.049803572929355,-3.1407851956774673
6.248898766405402,1.0497228271468966,-3.1407851956774673
6.148898799004814,1.0496420813644383,-3.1407851956774673
6.048898831604227,1.04956133558198,-3.1407851956774673
5.948898864203639,1.0494805897995216,-3.1407851956774673
5.8488988968030515,1.0493998440170633,-3.1407851956774673
5.748898929402464,1.049319098234605,-3.1407851956774673
5.648898962001876,1.0492383524521467,-3.1407851956774673
5.548898994601289,1.0491576066696884,-3.1407851956774673
5.448899027200701,1.04907686088723,-3.1407851956774673
5.348899059800114,1.0489961151047718,-3.1407851956774673
5.248899092399526,1.0489153693223134,-3.1407851956774673
5.148899124998938,1.0488346235398551,-3.1407851956774673
5.048899157598351,1.0487538777573968,-3.1407851956774673
4.948899190197763,1.0486731319749385,-3.1407851956774673
4.848899222797176,1.0485923861924802,-3.1407851956774673
4.748899255396588,1.0485116404100219,-3.1407851956774673
4.6488992879960005,1.0484308946275636,-3.1407851956774673
4.548899320595413,1.0483501488451052,-3.1407851956774673
4.448899353194825,1.048269403062647,-3.1407851956774673
4.348899385794238,1.0481886572801886,-3.1407851956774673
4.24889941839365,1.0481079114977303,-3.1407851956774673
4.148899450993063,1.048027165715272,-3.1407851956774673
4.048899483592475,1.0479464199328137,-3.1407851956774673
3.9488995161918874,1.0478656741503554,-3.1407851956774673
3.8488995487913,1.047784928367897,-3.1407851956774673
3.748899581390712,1.0477041825854387,-3.1407851956774673
3.6488996139901246,1.0476234368029804,-3.1407851956774673
3.548899646589537,1.047542691020522,-3.1407851956774673
3.4488996791889495,1.0474619452380638,-3.1407851956774673
3.348899711788362,1.0473811994556055,-3.1407851956774673
3.2488997443877743,1.0473004536731472,-3.1407851956774673
3.1488997769871867,1.0472197078906889,-3.1407851956774673
3.048899809586599,1.0471389621082305,-3.1407851956774673
2.9488998421860115,1.0470582163257722,-3.1407851956774673
2.848899874785424,1.046977470543314,-3.1407851956774673
2.7488999073848364,1.0468967247608556,-3.1407851956774673
2.6488999399842488,1.0468159789783973,-3.1407851956774673
2.548899972583661,1.046735233195939,-3.1407851956774673
2.4489000051830736,1.0466544874134807,-3.1407851956774673
2.348900037782486,1.0465737416310223,-3.1407851956774673
2.2489000703818984,1.046492995848564,-3.1407851956774673
2.148900102981311,1.0464122500661057,-3.1407851956774673
2.0489001355807233,1.0463315042836474,-3.1407851956774673
1.9489001681801355,1.046250758501189,-3.1407851956774673
1.8489002007795476,1.0461700127187308,-3.1407851956774673
1.7489002333789598,1.0460892669362725,-3.1407851956774673
1.648900265978372,1.0460085211538142,-3.1407851956774673
1.5489002985777842,1.0459277753713558,-3.1407851956774673
1.4489003311771964,1.0458470295888975,-3.1407851956774673
1.3489003637766086,1.0457662838064392,-3.1407851956774673
1.2489003963760208,1.045685538023981,-3.1407851956774673
1.148900428975433,1.0456047922415226,-3.1407851956774673
1.0489004615748452,1.0455240464590643,-3.1407851956774673
0.9489004941742574,1.045443300676606,-3.1407851956774673
0.8489005267736696,1.0453625548941476,-3.1407851956774673
0.7489005593730818,1.0452818091116893,-3.1407851956774673
0.648900591972494,1.045201063329231,-3.1407851956774673
0.5489006245719061,1.0451203175467727,-3.1407851956774673
0.4489006571713184,1.0450395717643144,-3.1407851956774673
0.34890068977073063,1.044958825981856,-3.1407851956774673
0.24890072237014288,1.0448780801993978,-3.1407851956774673
0.14890075496955513,1.0447973344169394,-3.1407851956774673
0.04890078756896736,1.0447165886344811,-3.1407851956774673
-0.051099179831620406,1.0446358428520228,-3.1407851956774673
-0.1510991472322082,1.0445550970695645,-3.1407851956774673
-0.25109911463279594,1.0444743512871062,-3.1407851956774673
-0.3510990820333837,1.0443936055046479,-3.1407851956774673
-0.45109904943397144,1.0443128597221896,-3.1407851956774673
-0.5510990168345592,1.0442321139397313,-3.1407851956774673
-0.651098984235147,1.044151368157273,-3.1407851956774673
-0.7510989516357348,1.0440706223748146,-3.1407851956774673
-0.8510989190363226,1.0439898765923563,-3.1407851956774673
-0.9510988864369104,1.043909130809898,-3.1407851956774673
-1.0510988538374981,1.0438283850274397,-3.1407851956774673
-1.151098821238086,1.0437476392449814,-3.1407851956774673
-1.2510987886386737,1.043666893462523,-3.1407851956774673
-1.3510987560392616,1.0435861476800647,-3.1407851956774673
-1.4510987234398494,1.0435054018976064,-3.1407851956774673
-1.5510986908404372,1.0434246561151481,-3.1407851956774673
-1.651098658241025,1.0433439103326898,-3.1407851956774673
-1.7510986256416128,1.0432631645502315,-3.1407851956774673
-1.8510985930422006,1.0431824187677732,-3.1407851956774673
-1.9510985604427884,1.0431016729853149,-3.1407851956774673
-2.051098527843376,1.0430209272028566,-3.1407851956774673
-2.151098495243964,1.0429401814203982,-3.1407851956774673
-2.2510984626445514,1.04285943563794,-3.1407851956774673
-2.351098430045139,1.0427786898554816,-3.1407851956774673
-2.4510983974457266,1.0426979440730233,-3.1407851956774673
-2.551098364846314,1.042617198290565,-3.1407851956774673
-2.6510983322469017,1.0425364525081067,-3.1407851956774673
-2.7510982996474893,1.0424557067256484,-3.1407851956774673
-2.851098267048077,1.04237496094319,-3.1407851956774673
-2.9510982344486645,1.0422942151607317,-3.1407851956774673
-3.051098201849252,1.0422134693782734,-3.1407851956774673
-3.1510981692498397,1.042132723595815,-3.1407851956774673
-3.2510981366504272,1.0420519778133568,-3.1407851956774673
-3.351098104051015,1.0419712320308985,-3.1407851956774673
-3.4510980714516024,1.0418904862484402,-3.1407851956774673
-3.55109803885219,1.0418097404659818,-3.1407851956774673
-3.6510980062527776,1.0417289946835235,-3.1407851956774673
-3.751097973653365,1.0416482489010652,-3.1407851956774673
-3.8510979410539528,1.041567503118607,-3.1407851956774673
-3.9510979084545403,1.0414867573361486,-3.1407851956774673
-4.051097875855128,1.0414060115536903,-3.1407851956774673
-4.151097843255716,1.041325265771232,-3.1407851956774673
-4.2510978106563035,1.0412445199887737,-3.1407851956774673
-4.351097778056891,1.0411637742063153,-3.1407851956774673
-4.451097745457479,1.041083028423857,-3.1407851956774673
-4.551097712858066,1.0410022826413987,-3.1407851956774673
-4.651097680258654,1.0409215368589404,-3.1407851956774673
-4.7510976476592415,1.040840791076482,-3.1407851956774673
-4.851097615059829,1.0407600452940238,-3.1407851956774673
-4.951097582460417,1.0406792995115655,-3.1407851956774673
-5.051097549861004,1.0405985537291071,-3.1407851956774673
-5.151097517261592,1.0405178079466488,-3.1407851956774673
-5.251097484662179,1.0404370621641905,-3.1407851956774673
-5.251097484662179,1.0404370621641905,2.9853204788226293
-5.251097484662179,1.0404370621641905,2.8439488094110885
-5.251097484662179,1.0404370621641905,2.716714306940702
-5.251097484662179,1.0404370621641905,2.6022032547173537
-5.251097484662179,1.0404370621641905,2.4991433077163405
-5.251097484662179,1.0404370621641905,2.4063893554154285
-5.251097484662179,1.0404370621641905,2.322910798344608
-5.251097484662179,1.0404370621641905,2.24778009698087
-5.251097484662179,1.0404370621641905,2.180162465753505
-5.251097484662179,1.0404370621641905,2.11254483452614
-5.251097484662179,1.0404370621641905,2.051688966421511
-5.251097484662179,1.0404370621641905,1.9975948614396204
-5.251097484662179,1.0404370621641905,1.9435007564577291
-5.251097484662179,1.0404370621641905,1.8954922382862998
-5.251097484662179,1.0404370621641905,1.8583025411112493
-5.251097484662179,1.0404370621641905,1.821112843936198
-5.251097484662179,1.0404370621641905,1.7839231467611476
-5.251097484662179,1.0404370621641905,1.7626912105557548
-5.251097484662179,1.0404370621641905,1.7435824679709013
-5.251097484662179,1.0404370621641905,1.7263845996445335
-5.251097484662179,1.0404370621641905,1.7109065181508027
-5.251097484662179,1.0404370621641905,1.6969762448064436
-5.251097484662179,1.0404370621641905,1.6844389987965227
-5.251097484662179,1.0404370621641905,1.6731554773875925
-5.251097484662179,1.0404370621641905,1.6630003081195548
-5.251097484662179,1.0404370621641905,1.6528451388515186
-5.251097484662179,1.0404370621641905,1.6447210034370885
-5.251097484662179,1.0404370621641905,1.637409281564102
-5.251097484662179,1.0404370621641905,1.6300975596911156
-5.251097484662179,1.0404370621641905,1.6242481821927262
-5.251097484662179,1.0404370621641905,1.6189837424441755
-5.251097484662179,1.0404370621641905,1.6142457466704807
-5.251097484662179,1.0404370621641905,1.6099815504741553
-5.251097484662179,1.0404370621641905,1.6061437738974613
-5.251097484662179,1.0404370621641905,1.6023059973207683
-5.251097484662179,1.0404370621641905,1.5992357760594136
-5.251097484662179,1.0404370621641905,1.5961655547980589
-5.251097484662179,1.0404370621641905,1.593709377788975
-5.251097484662179,1.0404370621641905,1.5914988184808
-5.251097484662179,1.0404370621641905,1.589509315103442
-5.251097484662179,1.0404370621641905,1.58771876206382
-5.251097484662179,1.0404370621641905,1.585928209024198
-5.251097484662179,1.0404370621641905,1.5841376559845757
-5.251097484662179,1.0404370621641905,1.5828842688568407
-5.251097484662179,1.0404370621641905,1.5817562204418787
-5.251097484662179,1.0404370621641905,1.5807409768684129
-5.251097484662179,1.0404370621641905,1.579827257652294
-5.251097484662179,1.0404370621641905,1.5789135384361752
-5.251097484662179,1.0404370621641905,1.5781825630632798
-5.251097484662179,1.0404370621641905,1.577524685227674
-5.251097484662179,1.0404370621641905,1.576932595175629
-5.251097484662179,1.0404370621641905,1.5763997141287887
-5.251097484662179,1.0404370621641905,1.5759201211866318
-5.251097484662179,1.0404370621641905,1.5754884875386912
-5.251097484662179,1.0404370621641905,1.5751000172555445
-5.251097484662179,1.0404370621641905,1.5747503940007122
-5.251097484662179,1.0404370621641905,1.57440077074588
-5.251097484662179,1.0404370621641905,1.5741210721420138
-5.251097484662179,1.0404370621641905,1.5738693433985356
-5.251097484662179,1.0404370621641905,1.5736427875294037
-5.251097484662179,1.0404370621641905,1.5734388872471858
-5.251097484662179,1.0404370621641905,1.573255376993189
-5.251097484662179,1.0404370621641905,1.5730902177645927
-5.251097484662179,1.0404370621641905,1.5729415744588553
-5.251097484662179,1.0404370621641905,1.5728077954836923
-5.251097484662179,1.0404370621641905,1.5726873944060455
-5.251097484662179,1.0404370621641905,1.5725669933283988
-5.251097484662179,1.0404370621641905,1.572458632358516
-5.251180599902082,1.0904369930827118,1.572458632358516
-5.251263715141985,1.140436924001233,1.572458632358516
-5.251330207333908,1.18043686873605,1.572458632358516
-5.25139669952583,1.220436813470867,1.572458632358516
-5.251449893279368,1.2524367692587206,1.572458632358516
-5.251503087032906,1.2844367250465742,1.572458632358516
-5.251545642035736,1.3100366896768572,1.572458632358516
-5.251588197038566,1.33563665430714,1.572458632358516
-5.25162224104083,1.3561166260113664,1.572458632358516
-5.251656285043095,1.3765965977155927,1.572458632358516
-5.251690329045359,1.397076569419819,1.572458632358516
-5.251724373047623,1.4175565411240454,1.572458632358516
-5.251758417049888,1.4380365128282717,1.572458632358516
-5.251792461052152,1.458516484532498,1.572458632358516
-5.251826505054416,1.4789964562367244,1.572458632358516
-5.251860549056681,1.4994764279409507,1.572458632358516
-5.251894593058945,1.519956399645177,1.572458632358516
-5.2519286370612095,1.5404363713494034,1.572458632358516
-5.251962681063474,1.5609163430536297,1.572458632358516
-5.251996725065738,1.581396314757856,1.572458632358516
-5.252030769068003,1.6018762864620824,1.572458632358516
-5.252020555867324,1.5957322949508144,1.572458632358516
-5.252010342666645,1.5895883034395464,1.572458632358516
-5.252002172106101,1.584673110230532,1.572458632358516
-5.251994001545557,1.5797579170215177,1.572458632358516
-5.251987465097122,1.5758257624543062,1.572458632358516
-5.251980928648687,1.5718936078870946,1.572458632358516
-5.25197569948994,1.5687478842333256,1.572458632358516
-5.251970470331192,1.5656021605795565,1.572458632358516
-5.251966287004193,1.5630855816565412,1.572458632358516
-5.251962103677195,1.560569002733526,1.572458632358516
-5.251958757015596,1.5585557395951137,1.572458632358516
-5.251955410353998,1.5565424764567015,1.572458632358516
-5.251952733024718,1.5549318659459717,1.572458632358516
-5.2519503234283675,1.5534823164863147,1.572458632358516
-5.251947913832017,1.5520327670266578,1.572458632358516
-5.251945986154936,1.5508731274589322,1.572458632358516
-5.2519440584778545,1.5497134878912067,1.572458632358516
-5.251942396173057,1.5487134892728363,1.572458632358516
-5.251940733868259,1.5477134906544658,1.572458632358516
-5.251939071563461,1.5467134920360954,1.572458632358516
-5.251937409258663,1.545713493417725,1.572458632358516
-5.2519357469538654,1.5447134947993546,1.572458632358516
-5.251934084649068,1.5437134961809842,1.572458632358516
-5.251934084649068,1.5437134961809842,1.4153789996790265
-5.251934084649068,1.5437134961809842,1.2740073302674852
-5.251934084649068,1.5437134961809842,1.146772827797099
-5.251934084649068,1.5437134961809842,1.0322617755737509
-5.251934084649068,1.5437134961809842,0.929201828572738
-5.251934084649068,1.5437134961809842,0.8261418815717246
-5.251934084649068,1.5437134961809842,0.743693923970914
-5.251934084649068,1.5437134961809842,0.6694907621301844
-5.251934084649068,1.5437134961809842,0.6027079164735281
-5.251934084649068,1.5437134961809842,0.5359250708168714
-5.251934084649068,1.5437134961809842,0.48249879429154646
-5.251934084649068,1.5437134961809842,0.4344151454187537
-5.251934084649068,1.5437134961809842,0.39113986143324014
-5.251934084649068,1.5437134961809842,0.34786457744772675
-5.251934084649068,1.5437134961809842,0.3089168218607647
-5.251934084649068,1.5437134961809842,0.27429659467235395
-5.251934084649068,1.5437134961809842,0.2435711430426394
-5.251934084649068,1.5437134961809842,0.21284569141292492
-5.251934084649068,1.5437134961809842,0.19172735282799439
-5.251934084649068,1.5437134961809842,0.17272084810155686
-5.251934084649068,1.5437134961809842,0.15371434337511933
-5.251934084649068,1.5437134961809842,0.13850913959396935
-5.251934084649068,1.5437134961809842,0.12482445619093434
-5.251934084649068,1.5437134961809842,0.11250824112820285
-5.251934084649068,1.5437134961809842,0.10142364757174455
-5.251934084649068,1.5437134961809842,0.091447513370932
-5.251934084649068,1.5437134961809842,0.08246899259020074
-5.251934084649068,1.5437134961809842,0.07438832388754262
-5.251934084649068,1.5437134961809842,0.06630765518488446
-5.251934084649068,1.5437134961809842,0.059843120222758006
-5.251934084649068,1.5437134961809842,0.054025038756844126
-5.251934084649068,1.5437134961809842,0.04878876543752164
-5.251934084649068,1.5437134961809842,0.04407611945013142
-5.251934084649068,1.5437134961809842,0.03983473806148023
-5.251934084649068,1.5437134961809842,0.036017494811694147
-5.251934084649068,1.5437134961809842,0.03258197588688668
-5.251934084649068,1.5437134961809842,0.029490008854559956
-5.251934084649068,1.5437134961809842,0.02670723852546591
-5.251934084649068,1.5437134961809842,0.02420274522928127
-5.251934084649068,1.5437134961809842,0.021948701262715073
-5.251934084649068,1.5437134961809842,0.01992006169280552
-5.251934084649068,1.5437134961809842,0.018094286079886907
-5.251934084649068,1.5437134961809842,0.01645108802826016
-5.251934084649068,1.5437134961809842,0.014972209781796088
-5.251934084649068,1.5437134961809842,0.013641219359978425
-5.251934084649068,1.5437134961809842,0.012443327980342526
-5.251934084649068,1.5437134961809842,0.011365225738670217
-5.251934084649068,1.5437134961809842,0.010287123496997907
-5.251934084649068,1.5437134961809842,0.00942464170366006
-5.251934084649068,1.5437134961809842,0.008562159910322218
-5.251934084649068,1.5437134961809842,0.007872174475651942
-5.251934084649068,1.5437134961809842,0.0072511875844486935
-5.251934084649068,1.5437134961809842,0.006692299382365769
-5.251934084649068,1.5437134961809842,0.006133411180282844
-5.251934084649068,1.5437134961809842,0.005630411798408211
-5.251934084649068,1.5437134961809842,0.005233601174929333
-5.251934084649068,1.5437134961809842,0.004876471613798348
-5.251934084649068,1.5437134961809842,0.004555055008780455
-5.251934084649068,1.5437134961809842,0.0042657800642643545
-5.251934084649068,1.5437134961809842,0.004005432614199865
-5.251934084649068,1.5437134961809842,0.003745085164135375
-5.251934084649068,1.5437134961809842,0.0035107724590773336
-5.251934084649068,1.5437134961809842,0.003325925769531546
-5.251934084649068,1.5437134961809842,0.0031595637489403357
-5.251934084649068,1.5437134961809842,0.003009837930408247
-5.251934084649068,1.5437134961809842,0.0028750846937293673
-5.251934084649068,1.5437134961809842,0.002753806780718375
-5.251934084649068,1.5437134961809842,0.0026446566590084815
-5.151934434359306,1.5439779615385971,0.0026446566590084815
-5.051934784069544,1.54424242689621,0.0026446566590084815
-4.951935133779782,1.544506892253823,0.0026446566590084815
-4.85193548349002,1.544771357611436,0.0026446566590084815
-4.751935833200258,1.5450358229690488,0.0026446566590084815
-4.651936182910496,1.5453002883266618,0.0026446566590084815
-4.551936532620734,1.5455647536842747,0.0026446566590084815
-4.451936882330972,1.5458292190418876,0.0026446566590084815
-4.35193723204121,1.5460936843995006,0.0026446566590084815
-4.251937581751448,1.5463581497571135,0.0026446566590084815
-4.151937931461686,1.5466226151147264,0.0026446566590084815
-4.051938281171924,1.5468870804723394,0.0026446566590084815
-3.9519386308821622,1.5471515458299523,0.0026446566590084815
-3.8519389805924007,1.5474160111875652,0.0026446566590084815
-3.751939330302639,1.5476804765451782,0.0026446566590084815
-3.6519396800128776,1.547944941902791,0.0026446566590084815
-3.551940029723116,1.548209407260404,0.0026446566590084815
-3.4519403794333545,1.548473872618017,0.0026446566590084815
-3.351940729143593,1.5487383379756299,0.0026446566590084815
-3.2519410788538314,1.5490028033332428,0.0026446566590084815
-3.15194142856407,1.5492672686908557,0.0026446566590084815
-3.0519417782743083,1.5495317340484687,0.0026446566590084815
-2.951942127984547,1.5497961994060816,0.0026446566590084815
-2.8519424776947853,1.5500606647636945,0.0026446566590084815
-2.7519428274050237,1.5503251301213075,0.0026446566590084815
-2.651943177115262,1.5505895954789204,0.0026446566590084815
-2.5519435268255006,1.5508540608365333,0.0026446566590084815
-2.451943876535739,1.5511185261941463,0.0026446566590084815
-2.3519442262459775,1.5513829915517592,0.0026446566590084815
-2.251944575956216,1.5516474569093721,0.0026446566590084815
-2.1519449256664545,1.551911922266985,0.0026446566590084815
-2.051945275376693,1.552176387624598,0.0026446566590084815
-1.9519456250869314,1.552440852982211,0.0026446566590084815
-1.8519459747971698,1.5527053183398238,0.0026446566590084815
-1.7519463245074083,1.5529697836974368,0.0026446566590084815
-1.6519466742176467,1.5532342490550497,0.0026446566590084815
-1.5519470239278852,1.5534987144126626,0.0026446566590084815
-1.4519473736381237,1.5537631797702756,0.0026446566590084815
-1.351947723348362,1.5540276451278885,0.0026446566590084815
-1.2519480730586006,1.5542921104855014,0.0026446566590084815
-1.151948422768839,1.5545565758431144,0.0026446566590084815
-1.0519487724790775,1.5548210412007273,0.0026446566590084815
-0.9519491221893158,1.5550855065583402,0.0026446566590084815
-0.8519494718995542,1.5553499719159531,0.0026446566590084815
-0.7519498216097925,1.555614437273566,0.0026446566590084815
-0.6519501713200309,1.555878902631179,0.0026446566590084815
-0.5519505210302692,1.556143367988792,0.0026446566590084815
-0.45195087074050755,1.5564078333464049,0.0026446566590084815
-0.3519512204507459,1.5566722987040178,0.0026446566590084815
-0.25195157016098424,1.5569367640616307,0.0026446566590084815
-0.15195191987122258,1.5572012294192437,0.0026446566590084815
-0.051952269581460944,1.5574656947768566,0.0026446566590084815
0.048047380708300697,1.5577301601344695,0.0026446566590084815
0.14804703099806232,1.5579946254920825,0.0026446566590084815
0.24804668128782398,1.5582590908496954,0.0026446566590084815
0.34804633157758563,1.5585235562073083,0.0026446566590084815
0.4480459818673473,1.5587880215649212,0.0026446566590084815
0.5480456321571089,1.5590524869225342,0.0026446566590084815
0.6480452824468705,1.559316952280147,0.0026446566590084815
0.7480449327366322,1.55958141763776,0.0026446566590084815
0.8480445830263939,1.559845882995373,0.0026446566590084815
0.9480442333161555,1.560110348352986,0.0026446566590084815
1.0480438836059172,1.5603748137105988,0.0026446566590084815
1.1480435338956787,1.5606392790682118,0.0026446566590084815
1.2480431841854402,1.5609037444258247,0.0026446566590084815
1.3480428344752018,1.5611682097834376,0.0026446566590084815
1.4480424847649633,1.5614326751410506,0.0026446566590084815
1.5480421350547249,1.5616971404986635,0.0026446566590084815
1.6480417853444864,1.5619616058562764,0.0026446566590084815
1.748041435634248,1.5622260712138893,0.0026446566590084815
1.8480410859240095,1.5624905365715023,0.0026446566590084815
1.948040736213771,1.5627550019291152,0.0026446566590084815
2.0480403865035326,1.5630194672867281,0.0026446566590084815
2.148040036793294,1.563283932644341,0.0026446566590084815
2.2480396870830557,1.563548398001954,0.0026446566590084815
2.3480393373728172,1.563812863359567,0.0026446566590084815
2.4480389876625788,1.5640773287171799,0.0026446566590084815
2.5480386379523403,1.5643417940747928,0.0026446566590084815
2.648038288242102,1.5646062594324057,0.0026446566590084815
2.7480379385318634,1.5648707247900187,0.0026446566590084815
2.848037588821625,1.5651351901476316,0.0026446566590084815
2.9480372391113865,1.5653996555052445,0.0026446566590084815
3.048036889401148,1.5656641208628574,0.0026446566590084815
3.1480365396909096,1.5659285862204704,0.0026446566590084815
3.248036189980671,1.5661930515780833,0.0026446566590084815
3.3480358402704327,1.5664575169356962,0.0026446566590084815
3.448035490560194,1.5667219822933092,0.0026446566590084815
3.5480351408499557,1.566986447650922,0.0026446566590084815
3.6480347911397173,1.567250913008535,0.0026446566590084815
3.748034441429479,1.567515378366148,0.0026446566590084815
3.8480340917192404,1.567779843723761,0.0026446566590084815
3.948033742009002,1.5680443090813738,0.0026446566590084815
4.0480333922987635,1.5683087744389868,0.0026446566590084815
4.1480330425885255,1.5685732397965997,0.0026446566590084815
4.248032692878287,1.5688377051542126,0.0026446566590084815
4.348032343168049,1.5691021705118255,0.0026446566590084815
4.448031993457811,1.5693666358694385,0.0026446566590084815
4.548031643747573,1.5696311012270514,0.0026446566590084815
4.648031294037335,1.5698955665846643,0.0026446566590084815
4.748030944327097,1.5701600319422773,0.0026446566590084815
4.848030594616859,1.5704244972998902,0.0026446566590084815
4.948030244906621,1.5706889626575031,0.0026446566590084815
5.048029895196383,1.570953428015116,0.0026446566590084815
5.148029545486145,1.571217893372729,0.0026446566590084815
5.248029195775907,1.571482358730342,0.0026446566590084815
5.348028846065669,1.5717468240879549,0.0026446566590084815
5.448028496355431,1.5720112894455678,0.0026446566590084815
5.548028146645193,1.5722757548031807,0.0026446566590084815
5.648027796934955,1.5725402201607936,0.0026446566590084815
5.748027447224717,1.5728046855184066,0.0026446566590084815
5.848027097514479,1.5730691508760195,0.0026446566590084815
5.948026747804241,1.5733336162336324,0.0026446566590084815
6.048026398094003,1.5735980815912454,0.0026446566590084815
6.148026048383765,1.5738625469488583,0.0026446566590084815
6.248025698673527,1.5741270123064712,0.0026446566590084815
6.348025348963289,1.5743914776640842,0.0026446566590084815
6.448024999253051,1.574655943021697,0.0026446566590084815
6.548024649542813,1.57492040837931,0.0026446566590084815
6.648024299832575,1.575184873736923,0.0026446566590084815
6.748023950122337,1.5754493390945359,0.0026446566590084815
6.848023600412099,1.5757138044521488,0.0026446566590084815
6.948023250701861,1.5759782698097617,0.0026446566590084815
7.048022900991623,1.5762427351673747,0.0026446566590084815
7.148022551281385,1.5765072005249876,0.0026446566590084815
7.248022201571147,1.5767716658826005,0.0026446566590084815
7.348021851860909,1.5770361312402135,0.0026446566590084815
7.448021502150671,1.5773005965978264,0.0026446566590084815
7.548021152440433,1.5775650619554393,0.0026446566590084815
7.648020802730195,1.5778295273130523,0.0026446566590084815
7.748020453019957,1.5780939926706652,0.0026446566590084815
7.848020103309719,1.5783584580282781,0.0026446566590084815
7.948019753599481,1.578622923385891,0.0026446566590084815
8.048019403889242,1.578887388743504,0.0026446566590084815
8.148019054179004,1.579151854101117,0.0026446566590084815
8.248018704468766,1.5794163194587298,0.0026446566590084815
8.348018354758528,1.5796807848163428,0.0026446566590084815
8.44801800504829,1.5799452501739557,0.0026446566590084815
8.548017655338052,1.5802097155315686,0.0026446566590084815
8.648017305627814,1.5804741808891816,0.0026446566590084815
8.748016955917576,1.5807386462467945,0.0026446566590084815
8.848016606207338,1.5810031116044074,0.0026446566590084815
8.9480162564971,1.5812675769620204,0.0026446566590084815
9.048015906786862,1.5815320423196333,0.0026446566590084815
9.148015557076624,1.5817965076772462,0.0026446566590084815
9.248015207366386,1.5820609730348592,0.0026446566590084815
9.248015207366386,1.5820609730348592,0.15972428933849817
9.248015207366386,1.5820609730348592,0.3010959587500389
9.248015207366386,1.5820609730348592,0.4283304612204254
9.248015207366386,1.5820609730348592,0.5428415134437734
9.248015207366386,1.5820609730348592,0.6459014604447866
9.248015207366386,1.5820609730348592,0.7386554127456985
9.248015207366386,1.5820609730348592,0.822133969816519
9.248015207366386,1.5820609730348592,0.8972646711802578
9.248015207366386,1.5820609730348592,0.9648823024076227
9.248015207366386,1.5820609730348592,1.025738170512251
9.248015207366386,1.5820609730348592,1.086594038616879
9.248015207366386,1.5820609730348592,1.1352787331005818
9.248015207366386,1.5820609730348592,1.179094958135914
9.248015207366386,1.5820609730348592,1.218529560667713
9.248015207366386,1.5820609730348592,1.257964163199512
9.248015207366386,1.5820609730348592,1.293455305478131
9.248015207366386,1.5820609730348592,1.3214538732757084
9.248015207366386,1.5820609730348592,1.346652584293528
9.248015207366386,1.5820609730348592,1.3693314242095658
9.248015207366386,1.5820609730348592,1.392010264125604
9.248015207366386,1.5820609730348592,1.4146891040416412
9.248015207366386,1.5820609730348592,1.4373679439576794
9.248015207366386,1.5820609730348592,1.4532431318989059
9.248015207366386,1.5820609730348592,1.4652629170544063
9.248015207366386,1.5820609730348592,1.476080723694356
9.248015207366386,1.5820609730348592,1.4858167496703103
9.248015207366386,1.5820609730348592,1.4945791730486702
9.248015207366386,1.5820609730348592,1.5024653540891935
9.248015207366386,1.5820609730348592,1.5095629170256646
9.248015207366386,1.5820609730348592,1.5159507236684886
9.248015207366386,1.5820609730348592,1.5216997496470301
9.248015207366386,1.5820609730348592,1.5268738730277176
9.248015207366386,1.5820609730348592,1.5315305840703364
9.248015207366386,1.5820609730348592,1.5357216240086933
9.248015207366386,1.5820609730348592,1.5399126639470504
9.248015207366386,1.5820609730348592,1.5441037038854073
9.248015207366386,1.5820609730348592,1.5470374318422568
9.248015207366386,1.5820609730348592,1.5496777870034217
9.248015207366386,1.5820609730348592,1.55205410664847
9.248015207366386,1.5820609730348592,1.5541927943290137
9.248015207366386,1.5820609730348592,1.5561176132415029
9.248015207366386,1.5820609730348592,1.5578499502627432
9.248015207366386,1.5820609730348592,1.5594090535818594
9.248015207366386,1.5820609730348592,1.5608122465690635
9.248015207366386,1.5820609730348592,1.5622154395562686
9.248015207366386,1.5820609730348592,1.5633379939460321
9.248015207366386,1.5820609730348592,1.564348292896819
9.248015207366386,1.5820609730348592,1.5653585918476063
9.248015207366386,1.5820609730348592,1.5661668310082364
9.248015207366386,1.5820609730348592,1.5669750701688658
9.248015207366386,1.5820609730348592,1.567702485413433
9.248015207366386,1.5820609730348592,1.5683490767419372
9.248015207366386,1.5820609730348592,1.5688582674131335
9.248015207366386,1.5820609730348592,1.5693165390172106
9.248015207366386,1.5820609730348592,1.5697289834608803
9.248015207366386,1.5820609730348592,1.5701001834601829
9.248015207366386,1.5820609730348592,1.5704713834594852
9.248015207366386,1.5820609730348592,1.5707683434589275
9.248015207366386,1.5820609730348592,1.5710356074584255
9.248015207366386,1.5820609730348592,1.571276145057973
9.248015207366386,1.5820609730348592,1.5714926288975664
9.248015207366386,1.5820609730348592,1.5716874643532008
9.248015207366386,1.5820609730348592,1.571862816263271
9.248015207366386,1.5820609730348592,1.572020632982334
9.248015207366386,1.5820609730348592,1.5721784497013978
9.248015207366386,1.5820609730348592,1.5723362664204616
9.248015207366386,1.5820609730348592,1.5724940831395244
9.248015207366386,1.5820609730348592,1.572651899858588
9.248015207366386,1.5820609730348592,1.5728097165776513
9.247914537945263,1.6320608716914329,1.5728097165776513
9.24781386852414,1.6820607703480066,1.5728097165776513
9.247733332987242,1.7220606892732657,1.5728097165776513
9.247652797450343,1.7620606081985248,1.5728097165776513
9.247588369020823,1.794060543338732,1.5728097165776513
9.247523940591304,1.8260604784789392,1.5728097165776513
9.24747239784769,1.851660426591105,1.5728097165776513
9.247420855104075,1.8772603747032708,1.5728097165776513
9.24736931236046,1.9028603228154366,1.5728097165776513
9.247317769616846,1.9284602709276024,1.5728097165776513
9.247286843970677,1.9438202397949018,1.5728097165776513
9.247259010889126,1.9576442117754713,1.5728097165776513
9.247231177807574,1.9714681837560408,1.5728097165776513
9.247208911342332,1.9825273613404966,1.5728097165776513
9.24718664487709,1.9935865389249523,1.5728097165776513
9.247168831704895,2.0024338809925166,1.5728097165776513
9.247151018532701,2.011281223060081,1.5728097165776513
9.247136767994947,2.0183590967141325,1.5728097165776513
9.247122517457193,2.025436970368184,1.5728097165776513
9.24711111702699,2.0310992692914254,1.5728097165776513
9.247099716596786,2.0367615682146667,1.5728097165776513
9.247090596252622,2.0412914073532598,1.5728097165776513
9.247081475908459,2.045821246491853,1.5728097165776513
9.24707417963313,2.049445117802727,1.5728097165776513
9.2470668833578,2.0530689891136014,1.5728097165776513
9.247061046337535,2.055968086162301,1.5728097165776513
9.24705520931727,2.0588671832110004,1.5728097165776513
9.247049955999033,2.06147637055483,1.5728097165776513
9.247044702680796,2.064085557898659,1.5728097165776513
9.247041083728233,2.065882998068853,1.5728097165776513
9.24703746477567,2.067680438239047,1.5728097165776513
9.247033845823106,2.069477878409241,1.5728097165776513
9.247030226870542,2.071275318579435,1.5728097165776513
9.247026607917979,2.0730727587496287,1.5728097165776513
9.247022988965416,2.0748701989198226,1.5728097165776513
9.247019370012852,2.0766676390900165,1.5728097165776513
9.247015751060289,2.0784650792602104,1.5728097165776513
9.247012132107725,2.0802625194304043,1.5728097165776513
9.247008513155162,2.082059959600598,1.5728097165776513
9.247008513155162,2.082059959600598,1.729889349257141
9.247008513155162,2.082059959600598,1.871261018668682
9.247008513155162,2.082059959600598,2.0126326880802226
9.247008513155162,2.082059959600598,2.1257300236094556
9.247008513155162,2.082059959600598,2.2275176255857643
9.247008513155162,2.082059959600598,2.3191264673644425
9.247008513155162,2.082059959600598,2.401574424965253
9.247008513155162,2.082059959600598,2.4757775868059824
9.247008513155162,2.082059959600598,2.5499807486467123
9.247008513155162,2.082059959600598,2.6167635943033685
9.247008513155162,2.082059959600598,2.676126123775952
9.247008513155162,2.082059959600598,2.72881036868287
9.247008513155162,2.082059959600598,2.7814946135897882
9.247008513155162,2.082059959600598,2.8177057565680643
9.247008513155162,2.082059959600598,2.850295785248513
9.247008513155162,2.082059959600598,2.8796268110609162
9.247008513155162,2.082059959600598,2.9060247342920795
9.247008513155162,2.082059959600598,2.9297828652001265
9.247008513155162,2.082059959600598,2.9535409961081736
9.247008513155162,2.082059959600598,2.972547500834611
9.247008513155162,2.082059959600598,2.989653355088405
9.247008513155162,2.082059959600598,3.0050486239168195
9.247008513155162,2.082059959600598,3.0189043658623924
9.247008513155162,2.082059959600598,3.031374533613408
9.247008513155162,2.082059959600598,3.0425976845893223
9.247008513155162,2.082059959600598,3.052698520467645
9.247008513155162,2.082059959600598,3.0617892727581353
9.247008513155162,2.082059959600598,3.0699709498195764
9.247008513155162,2.082059959600598,3.0773344591748737
9.247008513155162,2.082059959600598,3.083961617594641
9.247008513155162,2.082059959600598,3.0899260601724317
9.247008513155162,2.082059959600598,3.095890502750222
9.247008513155162,2.082059959600598,3.1006620568124545
9.247008513155162,2.082059959600598,3.105433610874687
9.247008513155162,2.082059959600598,3.109250854124473
9.247008513155162,2.082059959600598,3.1130680973742595
9.247008513155162,2.082059959600598,3.116503616299067
9.247008513155162,2.082059959600598,3.119939135223875
9.247008513155162,2.082059959600598,3.122305826038742
9.247008513155162,2.082059959600598,3.1246725168536096
9.247008513155162,2.082059959600598,3.12680253858699
9.247008513155162,2.082059959600598,3.128482889065546
9.247008513155162,2.082059959600598,3.130163239544102
9.247008513155162,2.082059959600598,3.1318435900226578
9.247008513155162,2.082059959600598,3.1335239405012136
9.247008513155162,2.082059959600598,3.1352042909797695
9.247008513155162,2.082059959600598,3.1368846414583254
9.247008513155162,2.082059959600598,3.138564991936881
9.247008513155162,2.082059959600598,3.140245342415437
9.247008513155162,2.082059959600598,-3.1412596142855933
9.247008513155162,2.082059959600598,-3.1395792638070374
9.247008513155162,2.082059959600598,-3.1378989133284816
9.247008513155162,2.082059959600598,-3.1362185628499257
9.247008513155162,2.082059959600598,-3.13453821237137
9.247008513155162,2.082059959600598,-3.134874282467081
9.247008513155162,2.082059959600598,-3.135344780601077
9.247008513155162,2.082059959600598,-3.1357682289216733
9.247008513155162,2.082059959600598,-3.1361916772422695
9.247008513155162,2.082059959600598,-3.1365304358987465
9.247008513155162,2.082059959600598,-3.1368691945552234
9.247008513155162,2.082059959600598,-3.137140201480405
9.247008513155162,2.082059959600598,-3.137384107713068
9.247008513155162,2.082059959600598,-3.137603623322465
9.247008513155162,2.082059959600598,-3.1378011873709224
9.247008513155162,2.082059959600598,-3.137978995014534
9.247008513155162,2.082059959600598,-3.1381568026581452
9.247008513155162,2.082059959600598,-3.1382990487730344
9.247008513155162,2.082059959600598,-3.138427070276435
9.247008513155162,2.082059959600598,-3.138542289629495
9.247008513155162,2.082059959600598,-3.1386459870472496
9.147008947297033,2.0817652933727677,-3.1386459870472496
9.047009381438905,2.0814706271449372,-3.1386459870472496
8.947009815580776,2.0811759609171068,-3.1386459870472496
8.847010249722647,2.0808812946892763,-3.1386459870472496
8.747010683864518,2.080586628461446,-3.1386459870472496
8.64701111800639,2.0802919622336153,-3.1386459870472496
8.54701155214826,2.079997296005785,-3.1386459870472496
8.447011986290132,2.0797026297779544,-3.1386459870472496
8.347012420432003,2.079407963550124,-3.1386459870472496
8.247012854573875,2.0791132973222934,-3.1386459870472496
8.147013288715746,2.078818631094463,-3.1386459870472496
8.047013722857617,2.0785239648666325,-3.1386459870472496
7.947014156999488,2.078229298638802,-3.1386459870472496
7.84701459114136,2.0779346324109715,-3.1386459870472496
7.747015025283231,2.077639966183141,-3.1386459870472496
7.647015459425102,2.0773452999553106,-3.1386459870472496
7.547015893566973,2.07705063372748,-3.1386459870472496
7.447016327708845,2.0767559674996496,-3.1386459870472496
7.347016761850716,2.076461301271819,-3.1386459870472496
7.247017195992587,2.0761666350439887,-3.1386459870472496
7.147017630134458,2.075871968816158,-3.1386459870472496
7.04701806427633,2.0755773025883277,-3.1386459870472496
6.947018498418201,2.0752826363604973,-3.1386459870472496
6.847018932560072,2.074987970132667,-3.1386459870472496
6.747019366701943,2.0746933039048363,-3.1386459870472496
6.647019800843815,2.074398637677006,-3.1386459870472496
6.547020234985686,2.0741039714491754,-3.1386459870472496
6.447020669127557,2.073809305221345,-3.1386459870472496
6.347021103269428,2.0735146389935144,-3.1386459870472496
6.2470215374113,2.073219972765684,-3.1386459870472496
6.147021971553171,2.0729253065378535,-3.1386459870472496
6.047022405695042,2.072630640310023,-3.1386459870472496
5.947022839836913,2.0723359740821925,-3.1386459870472496
5.847023273978785,2.072041307854362,-3.1386459870472496
5.747023708120656,2.0717466416265315,-3.1386459870472496
5.647024142262527,2.071451975398701,-3.1386459870472496
5.547024576404398,2.0711573091708706,-3.1386459870472496
5.44702501054627,2.07086264294304,-3.1386459870472496
5.347025444688141,2.0705679767152096,-3.1386459870472496
5.247025878830012,2.070273310487379,-3.1386459870472496
5.147026312971883,2.0699786442595487,-3.1386459870472496
5.047026747113755,2.069683978031718,-3.1386459870472496
4.947027181255626,2.0693893118038877,-3.1386459870472496
4.847027615397497,2.0690946455760573,-3.1386459870472496
4.747028049539368,2.068799979348227,-3.1386459870472496
4.64702848368124,2.0685053131203963,-3.1386459870472496
4.547028917823111,2.068210646892566,-3.1386459870472496
4.447029351964982,2.0679159806647354,-3.1386459870472496
4.347029786106853,2.067621314436905,-3.1386459870472496
4.247030220248725,2.0673266482090744,-3.1386459870472496
4.147030654390596,2.067031981981244,-3.1386459870472496
4.047031088532467,2.0667373157534135,-3.1386459870472496
3.947031522674339,2.066442649525583,-3.1386459870472496
3.8470319568162106,2.0661479832977525,-3.1386459870472496
3.7470323909580823,2.065853317069922,-3.1386459870472496
3.647032825099954,2.0655586508420916,-3.1386459870472496
3.5470332592418257,2.065263984614261,-3.1386459870472496
3.4470336933836974,2.0649693183864306,-3.1386459870472496
3.347034127525569,2.0646746521586,-3.1386459870472496
3.2470345616674408,2.0643799859307697,-3.1386459870472496
3.1470349958093125,2.064085319702939,-3.1386459870472496
3.047035429951184,2.0637906534751087,-3.1386459870472496
2.947035864093056,2.0634959872472782,-3.1386459870472496
2.8470362982349275,2.0632013210194478,-3.1386459870472496
2.7470367323767992,2.0629066547916173,-3.1386459870472496
2.647037166518671,2.062611988563787,-3.1386459870472496
2.5470376006605426,2.0623173223359563,-3.1386459870472496
2.4470380348024143,2.062022656108126,-3.1386459870472496
2.347038468944286,2.0617279898802954,-3.1386459870472496
2.2470389030861577,2.061433323652465,-3.1386459870472496
2.1470393372280294,2.0611386574246344,-3.1386459870472496
2.047039771369901,2.060843991196804,-3.1386459870472496
1.9470402055117726,2.0605493249689735,-3.1386459870472496
1.847040639653644,2.060254658741143,-3.1386459870472496
1.7470410737955155,2.0599599925133125,-3.1386459870472496
1.647041507937387,2.059665326285482,-3.1386459870472496
1.5470419420792585,2.0593706600576516,-3.1386459870472496
1.44704237622113,2.059075993829821,-3.1386459870472496
1.3470428103630014,2.0587813276019906,-3.1386459870472496
1.247043244504873,2.05848666137416,-3.1386459870472496
1.1470436786467444,2.0581919951463297,-3.1386459870472496
1.0470441127886159,2.057897328918499,-3.1386459870472496
0.9470445469304873,2.0576026626906687,-3.1386459870472496
0.8470449810723588,2.0573079964628382,-3.1386459870472496
0.7470454152142303,2.0570133302350078,-3.1386459870472496
0.6470458493561018,2.0567186640071773,-3.1386459870472496
0.5470462834979732,2.056423997779347,-3.1386459870472496
0.44704671763984477,2.0561293315515163,-3.1386459870472496
0.3470471517817163,2.055834665323686,-3.1386459870472496
0.24704758592358783,2.0555399990958554,-3.1386459870472496
0.14704802006545936,2.055245332868025,-3.1386459870472496
0.04704845420733088,2.0549506666401944,-3.1386459870472496
-0.052951111650797605,2.054656000412364,-3.1386459870472496
-0.1529506775089261,2.0543613341845335,-3.1386459870472496
-0.2529502433670546,2.054066667956703,-3.1386459870472496
-0.35294980922518304,2.0537720017288725,-3.1386459870472496
-0.4529493750833115,2.053477335501042,-3.1386459870472496
-0.55294894094144,2.0531826692732116,-3.1386459870472496
-0.6529485067995685,2.052888003045381,-3.1386459870472496
-0.752948072657697,2.0525933368175506,-3.1386459870472496
-0.8529476385158256,2.05229867058972,-3.1386459870472496
-0.9529472043739541,2.0520040043618897,-3.1386459870472496
-1.0529467702320825,2.051709338134059,-3.1386459870472496
-1.152946336090211,2.0514146719062287,-3.1386459870472496
-1.2529459019483395,2.0511200056783983,-3.1386459870472496
-1.352945467806468,2.0508253394505678,-3.1386459870472496
-1.4529450336645966,2.0505306732227373,-3.1386459870472496
-1.5529445995227251,2.050236006994907,-3.1386459870472496
-1.6529441653808536,2.0499413407670763,-3.1386459870472496
-1.7529437312389822,2.049646674539246,-3.1386459870472496
-1.8529432970971107,2.0493520083114154,-3.1386459870472496
-1.9529428629552392,2.049057342083585,-3.1386459870472496
-2.0529424288133677,2.0487626758557544,-3.1386459870472496
-2.152941994671496,2.048468009627924,-3.1386459870472496
-2.2529415605296244,2.0481733434000935,-3.1386459870472496
-2.3529411263877527,2.047878677172263,-3.1386459870472496
-2.452940692245881,2.0475840109444325,-3.1386459870472496
-2.5529402581040093,2.047289344716602,-3.1386459870472496
-2.6529398239621376,2.0469946784887716,-3.1386459870472496
-2.752939389820266,2.046700012260941,-3.1386459870472496
-2.852938955678394,2.0464053460331106,-3.1386459870472496
-2.9529385215365225,2.04611067980528,-3.1386459870472496
-3.052938087394651,2.0458160135774497,-3.1386459870472496
-3.152937653252779,2.045521347349619,-3.1386459870472496
-3.2529372191109074,2.0452266811217887,-3.1386459870472496
-3.3529367849690357,2.0449320148939583,-3.1386459870472496
-3.452936350827164,2.044637348666128,-3.1386459870472496
-3.5529359166852923,2.0443426824382973,-3.1386459870472496
-3.6529354825434206,2.044048016210467,-3.1386459870472496
-3.752935048401549,2.0437533499826364,-3.1386459870472496
-3.852934614259677,2.043458683754806,-3.1386459870472496
-3.9529341801178055,2.0431640175269754,-3.1386459870472496
-4.052933745975934,2.042869351299145,-3.1386459870472496
-4.152933311834063,2.0425746850713145,-3.1386459870472496
-4.252932877692191,2.042280018843484,-3.1386459870472496
-4.35293244355032,2.0419853526156535,-3.1386459870472496
-4.452932009408449,2.041690686387823,-3.1386459870472496
-4.5529315752665775,2.0413960201599926,-3.1386459870472496
-4.652931141124706,2.041101353932162,-3.1386459870472496
-4.752930706982835,2.0408066877043316,-3.1386459870472496
-4.852930272840964,2.040512021476501,-3.1386459870472496
-4.9529298386990925,2.0402173552486706,-3.1386459870472496
-5.052929404557221,2.03992268902084,-3.1386459870472496
-5.15292897041535,2.0396280227930097,-3.1386459870472496
-5.15292897041535,2.0396280227930097,2.987459687452847
-5.15292897041535,2.0396280227930097,2.846088018041306
-5.15292897041535,2.0396280227930097,2.7188535155709195
-5.15292897041535,2.0396280227930097,2.6043424633475714
-5.15292897041535,2.0396280227930097,2.501282516346558
-5.15292897041535,2.0396280227930097,2.4085285640456466
-5.15292897041535,2.0396280227930097,2.3250500069748257
-5.15292897041535,2.0396280227930097,2.2499193056110873
-5.15292897041535,2.0396280227930097,2.174788604247349
-5.15292897041535,2.0396280227930097,2.0996579028836106
-5.15292897041535,2.0396280227930097,2.0245272015198728
-5.15292897041535,2.0396280227930097,1.9794487807016283
-5.15292897041535,2.0396280227930097,1.9388782019652102
-5.15292897041535,2.0396280227930097,1.9023646811024335
-5.15292897041535,2.0396280227930097,1.8695025123259346
-5.15292897041535,2.0396280227930097,1.8399265604270845
-5.15292897041535,2.0396280227930097,1.8133082037181207
-5.15292897041535,2.0396280227930097,1.789351682680052
-5.15292897041535,2.0396280227930097,1.7677908137457912
-5.15292897041535,2.0396280227930097,1.7483860317049558
-5.15292897041535,2.0396280227930097,1.7309217278682043
-5.15292897041535,2.0396280227930097,1.715203854415128
-5.15292897041535,2.0396280227930097,1.6994859809620517
-5.15292897041535,2.0396280227930097,1.6869116821995909
-5.15292897041535,2.0396280227930097,1.6755948133133753
-5.15292897041535,2.0396280227930097,1.665409631315782
-5.15292897041535,2.0396280227930097,1.6562429675179473
-5.15292897041535,2.0396280227930097,1.647992970099897
-5.15292897041535,2.0396280227930097,1.640567972423651
-5.15292897041535,2.0396280227930097,1.6331429747474053
-5.15292897041535,2.0396280227930097,1.627202976606409
-5.15292897041535,2.0396280227930097,1.6218569782795114
-5.15292897041535,2.0396280227930097,1.6170455797853045
-5.15292897041535,2.0396280227930097,1.6127153211405185
-5.15292897041535,2.0396280227930097,1.6088180883602101
-5.15292897041535,2.0396280227930097,1.6053105788579338
-5.15292897041535,2.0396280227930097,1.6018030693556573
-5.15292897041535,2.0396280227930097,1.5989970617538354
-5.15292897041535,2.0396280227930097,1.5961910541520132
-5.15292897041535,2.0396280227930097,1.5933850465501918
-5.15292897041535,2.0396280227930097,1.59057903894837
-5.15292897041535,2.0396280227930097,1.5886148336270949
-5.15292897041535,2.0396280227930097,1.58665062830582
-5.15292897041535,2.0396280227930097,1.584686422984545
-5.15292897041535,2.0396280227930097,1.5827222176632691
-5.15292897041535,2.0396280227930097,1.580758012341994
-5.15292897041535,2.0396280227930097,1.580056510441539
-5.15292897041535,2.0396280227930097,1.5794251587311288
-5.15292897041535,2.0396280227930097,1.5787938070207188
-5.15292897041535,2.0396280227930097,1.578288725652391
-5.15292897041535,2.0396280227930097,1.577834152420896
-5.15292897041535,2.0396280227930097,1.5773795791894007
-5.15292897041535,2.0396280227930097,1.577015920604205
-5.15292897041535,2.0396280227930097,1.5766886278775283
-5.15292897041535,2.0396280227930097,1.5763940644235195
-5.15292897041535,2.0396280227930097,1.5761289573149118
-5.15292897041535,2.0396280227930097,1.5758903609171642
-5.15292897041535,2.0396280227930097,1.575675624159192
-5.15292897041535,2.0396280227930097,1.5754823610770168
-5.15292897041535,2.0396280227930097,1.5752890979948413
-5.15292897041535,2.0396280227930097,1.5751344875291013
-5.15292897041535,2.0396280227930097,1.574995338109935
-5.15292897041535,2.0396280227930097,1.5748701036326855
-5.15292897041535,2.0396280227930097,1.5747573926031613
-5.15292897041535,2.0396280227930097,1.574655952676589
-5.153121951230304,2.0896276503756734,1.574655952676589
-5.153314932045258,2.139627277958337,1.574655952676589
-5.153469316697221,2.179626980024468,1.574655952676589
-5.153623701349184,2.219626682090599,1.574655952676589
-5.153747209070755,2.2516264437435036,1.574655952676589
-5.1538707167923254,2.2836262053964083,1.574655952676589
-5.153981873741738,2.3124259908840226,1.574655952676589
-5.154093030691151,2.341225776371637,1.574655952676589
-5.1541696054785255,2.361065628596438,1.574655952676589
-5.1542461802659,2.380905480821239,1.574655952676589
-5.154307440095798,2.39677736260108,1.574655952676589
-5.154368699925697,2.412649244380921,1.574655952676589
-5.154417707789616,2.4253467498047936,1.574655952676589
-5.154466715653535,2.4380442552286663,1.574655952676589
-5.15450592194467,2.4482022595677644,1.574655952676589
-5.154545128235806,2.4583602639068625,1.574655952676589
-5.154576493268714,2.466486667378141,1.574655952676589
-5.154607858301623,2.4746130708494194,1.574655952676589
-5.15463295032795,2.4811141936264423,1.574655952676589
-5.154655533151644,2.4869652041257626,1.574655952676589
-5.154678115975337,2.492816214625083,1.574655952676589
-5.154696182234293,2.4974970230245392,1.574655952676589
-5.154714248493248,2.5021778314239955,1.574655952676589
-5.154732314752204,2.506858639823452,1.574655952676589
-5.1547503810111595,2.511539448222908,1.574655952676589
-5.154761220766533,2.5143479332625818,1.574655952676589
-5.154772060521906,2.5171564183022554,1.574655952676589
-5.154780732326205,2.5194032063339944,1.574655952676589
-5.154789404130503,2.5216499943657333,1.574655952676589
-5.154797208754372,2.5236721035942984,1.574655952676589
-5.154805013378241,2.5256942128228634,1.574655952676589
-5.154810389896906,2.5270872214025415,1.574655952676589
-5.154815766415571,2.5284802299822196,1.574655952676589
-5.154820067630503,2.529594636845962,1.574655952676589
-5.154824368845435,2.5307090437097046,1.574655952676589
-5.154828228461734,2.5317090362613577,1.574655952676589
-5.154832088078034,2.5327090288130107,1.574655952676589
-5.154835947694333,2.533709021364664,1.574655952676589
-5.1548398073106325,2.534709013916317,1.574655952676589
-5.154843666926932,2.53570900646797,1.574655952676589
-5.154847526543231,2.536708999019623,1.574655952676589
-5.154847526543231,2.536708999019623,1.4175763199970992
-5.154847526543231,2.536708999019623,1.2762046505855589
-5.154847526543231,2.536708999019623,1.1489701481151722
-5.154847526543231,2.536708999019623,1.0344590958918245
-5.154847526543231,2.536708999019623,0.931399148890811
-5.154847526543231,2.536708999019623,0.828339201889798
-5.154847526543231,2.536708999019623,0.7458912442889871
-5.154847526543231,2.536708999019623,0.6716880824482578
-5.154847526543231,2.536708999019623,0.6049052367916012
-5.154847526543231,2.536708999019623,0.5448006757006103
-5.154847526543231,2.536708999019623,0.4907065707187187
-5.154847526543231,2.536708999019623,0.4366124657368269
-5.154847526543231,2.536708999019623,0.3879277712531243
-5.154847526543231,2.536708999019623,0.34952095671598093
-5.154847526543231,2.536708999019623,0.31495482363255217
-5.154847526543231,2.536708999019623,0.2838453038574663
-5.154847526543231,2.536708999019623,0.25584673605988895
-5.154847526543231,2.536708999019623,0.23064802504206922
-5.154847526543231,2.536708999019623,0.20796918512603157
-5.154847526543231,2.536708999019623,0.1875582292015977
-5.154847526543231,2.536708999019623,0.16918836886960717
-5.154847526543231,2.536708999019623,0.15265549457081568
-5.154847526543231,2.536708999019623,0.13777590770190337
-5.154847526543231,2.536708999019623,0.12438427951988229
-5.154847526543231,2.536708999019623,0.11233181415606334
-5.154847526543231,2.536708999019623,0.10148459532862628
-5.154847526543231,2.536708999019623,0.09063737650118922
-5.154847526543231,2.536708999019623,0.08195960143923957
-5.154847526543231,2.536708999019623,0.07414960388348485
-5.154847526543231,2.536708999019623,0.06712060608330563
-5.154847526543231,2.536708999019623,0.06079450806314433
-5.154847526543231,2.536708999019623,0.05510101984499915
-5.154847526543231,2.536708999019623,0.04997688044866848
-5.154847526543231,2.536708999019623,0.04536515499197091
-5.154847526543231,2.536708999019623,0.041214602080943075
-5.154847526543231,2.536708999019623,0.037479104461018035
-5.154847526543231,2.536708999019623,0.03411715660308548
-5.154847526543231,2.536708999019623,0.03109140353094622
-5.154847526543231,2.536708999019623,0.02806565045880693
-5.154847526543231,2.536708999019623,0.02534247269388157
-5.154847526543231,2.536708999019623,0.022921870236170136
-5.154847526543231,2.536708999019623,0.02101564580072239
-5.154847526543231,2.536708999019623,0.019300043808819417
-5.154847526543231,2.536708999019623,0.01775600201610673
-5.154847526543231,2.536708999019623,0.01636636440266533
-5.154847526543231,2.536708999019623,0.014976726789223918
-5.154847526543231,2.536708999019623,0.01372605293712665
-5.154847526543231,2.536708999019623,0.01261434284637352
-5.154847526543231,2.536708999019623,0.01173887114990543
-5.154847526543231,2.536708999019623,0.010950946623084152
-5.154847526543231,2.536708999019623,0.010241814548945
-5.154847526543231,2.536708999019623,0.009603595682219766
-5.154847526543231,2.536708999019623,0.009029198702167052
-5.154847526543231,2.536708999019623,0.008512241420119606
-5.154847526543231,2.536708999019623,0.008046979866276912
-5.154847526543231,2.536708999019623,0.007581718312434219
-5.154847526543231,2.536708999019623,0.00720950906936006
-5.154847526543231,2.536708999019623,0.006837299826285899
-5.154847526543231,2.536708999019623,0.006502311507519157
-5.154847526543231,2.536708999019623,0.006238042944936504
-5.154847526543231,2.536708999019623,0.006000201238612118
-5.154847526543231,2.536708999019623,0.005786143702920169
-5.154847526543231,2.536708999019623,0.005593491920797418
-5.154847526543231,2.536708999019623,0.005420105316886939
-5.154847526543231,2.536708999019623,0.005264057373367505
-5.154847526543231,2.536708999019623,0.005123614224200021
-5.154847526543231,2.536708999019623,0.004997215389949282
-5.154847526543231,2.536708999019623,0.004883456439123618
-5.154847526543231,2.536708999019623,0.00478107338338052
-5.154847526543231,2.536708999019623,0.0046786903276374225
-5.054848621048394,2.537176866345435,0.0046786903276374225
-4.954849715553556,2.537644733671247,0.0046786903276374225
-4.854850810058719,2.538112600997059,0.0046786903276374225
-4.754851904563881,2.538580468322871,0.0046786903276374225
-4.6548529990690435,2.5390483356486833,0.0046786903276374225
-4.554854093574206,2.5395162029744953,0.0046786903276374225
-4.454855188079368,2.5399840703003074,0.0046786903276374225
-4.354856282584531,2.5404519376261194,0.0046786903276374225
-4.254857377089693,2.5409198049519315,0.0046786903276374225
-4.1548584715948556,2.5413876722777435,0.0046786903276374225
-4.054859566100018,2.5418555396035556,0.0046786903276374225
-3.9548606606051804,2.5423234069293676,0.0046786903276374225
-3.854861755110343,2.5427912742551797,0.0046786903276374225
-3.754862849615505,2.5432591415809918,0.0046786903276374225
-3.6548639441206676,2.543727008906804,0.0046786903276374225
-3.55486503862583,2.544194876232616,0.0046786903276374225
-3.4548661331309924,2.544662743558428,0.0046786903276374225
-3.354867227636155,2.54513061088424,0.0046786903276374225
-3.2548683221413173,2.545598478210052,0.0046786903276374225
-3.1548694166464797,2.546066345535864,0.0046786903276374225
-3.054870511151642,2.546534212861676,0.0046786903276374225
-2.9548716056568045,2.547002080187488,0.0046786903276374225
-2.854872700161967,2.5474699475133002,0.0046786903276374225
-2.7548737946671293,2.5479378148391123,0.0046786903276374225
-2.6548748891722918,2.5484056821649244,0.0046786903276374225
-2.554875983677454,2.5488735494907364,0.0046786903276374225
-2.4548770781826166,2.5493414168165485,0.0046786903276374225
-2.354878172687779,2.5498092841423605,0.0046786903276374225
-2.2548792671929414,2.5502771514681726,0.0046786903276374225
-2.154880361698104,2.5507450187939846,0.0046786903276374225
-2.0548814562032662,2.5512128861197967,0.0046786903276374225
-1.9548825507084286,2.5516807534456087,0.0046786903276374225
-1.854883645213591,2.552148620771421,0.0046786903276374225
-1.7548847397187535,2.552616488097233,0.0046786903276374225
-1.6548858342239159,2.553084355423045,0.0046786903276374225
-1.5548869287290783,2.553552222748857,0.0046786903276374225
-1.4548880232342407,2.554020090074669,0.0046786903276374225
-1.3548891177394031,2.554487957400481,0.0046786903276374225
-1.2548902122445655,2.554955824726293,0.0046786903276374225
-1.154891306749728,2.555423692052105,0.0046786903276374225
-1.0548924012548904,2.5558915593779172,0.0046786903276374225
-0.9548934957600529,2.5563594267037293,0.0046786903276374225
-0.8548945902652154,2.5568272940295413,0.0046786903276374225
-0.7548956847703779,2.5572951613553534,0.0046786903276374225
-0.6548967792755405,2.5577630286811655,0.0046786903276374225
-0.554897873780703,2.5582308960069775,0.0046786903276374225
-0.4548989682858655,2.5586987633327896,0.0046786903276374225
-0.35490006279102804,2.5591666306586016,0.0046786903276374225
-0.25490115729619056,2.5596344979844137,0.0046786903276374225
-0.15490225180135309,2.5601023653102257,0.0046786903276374225
-0.05490334630651561,2.560570232636038,0.0046786903276374225
0.045095559188321865,2.56103809996185,0.0046786903276374225
0.14509446468315934,2.561505967287662,0.0046786903276374225
0.24509337017799682,2.561973834613474,0.0046786903276374225
0.3450922756728343,2.562441701939286,0.0046786903276374225
0.44509118116767177,2.562909569265098,0.0046786903276374225
0.5450900866625092,2.56337743659091,0.0046786903276374225
0.6450889921573467,2.563845303916722,0.0046786903276374225
0.7450878976521842,2.564313171242534,0.0046786903276374225
0.8450868031470217,2.5647810385683463,0.0046786903276374225
0.9450857086418591,2.5652489058941583,0.0046786903276374225
1.0450846141366967,2.5657167732199704,0.0046786903276374225
1.1450835196315343,2.5661846405457824,0.0046786903276374225
1.245082425126372,2.5666525078715945,0.0046786903276374225
1.3450813306212095,2.5671203751974065,0.0046786903276374225
1.445080236116047,2.5675882425232186,0.0046786903276374225
1.5450791416108847,2.5680561098490307,0.0046786903276374225
1.6450780471057223,2.5685239771748427,0.0046786903276374225
1.7450769526005598,2.5689918445006548,0.0046786903276374225
1.8450758580953974,2.569459711826467,0.0046786903276374225
1.945074763590235,2.569927579152279,0.0046786903276374225
2.0450736690850726,2.570395446478091,0.0046786903276374225
2.14507257457991,2.570863313803903,0.0046786903276374225
2.2450714800747478,2.571331181129715,0.0046786903276374225
2.3450703855695854,2.571799048455527,0.0046786903276374225
2.445069291064423,2.572266915781339,0.0046786903276374225
2.5450681965592605,2.572734783107151,0.0046786903276374225
2.645067102054098,2.5732026504329633,0.0046786903276374225
2.7450660075489357,2.5736705177587753,0.0046786903276374225
2.8450649130437733,2.5741383850845874,0.0046786903276374225
2.945063818538611,2.5746062524103994,0.0046786903276374225
3.0450627240334485,2.5750741197362115,0.0046786903276374225
3.145061629528286,2.5755419870620235,0.0046786903276374225
3.2450605350231236,2.5760098543878356,0.0046786903276374225
3.3450594405179612,2.5764777217136476,0.0046786903276374225
3.445058346012799,2.5769455890394597,0.0046786903276374225
3.5450572515076364,2.5774134563652717,0.0046786903276374225
3.645056157002474,2.577881323691084,0.0046786903276374225
3.7450550624973116,2.578349191016896,0.0046786903276374225
3.845053967992149,2.578817058342708,0.0046786903276374225
3.9450528734869867,2.57928492566852,0.0046786903276374225
4.045051778981824,2.579752792994332,0.0046786903276374225
4.1450506844766615,2.580220660320144,0.0046786903276374225
4.245049589971499,2.580688527645956,0.0046786903276374225
4.345048495466337,2.581156394971768,0.0046786903276374225
4.445047400961174,2.5816242622975802,0.0046786903276374225
4.545046306456012,2.5820921296233923,0.0046786903276374225
4.645045211950849,2.5825599969492044,0.0046786903276374225
4.745044117445687,2.5830278642750164,0.0046786903276374225
4.845043022940525,2.5834957316008285,0.0046786903276374225
4.945041928435362,2.5839635989266405,0.0046786903276374225
5.0450408339302,2.5844314662524526,0.0046786903276374225
5.145039739425037,2.5848993335782646,0.0046786903276374225
5.245038644919875,2.5853672009040767,0.0046786903276374225
5.3450375504147125,2.5858350682298887,0.0046786903276374225
5.44503645590955,2.586302935555701,0.0046786903276374225
5.545035361404388,2.586770802881513,0.0046786903276374225
5.645034266899225,2.587238670207325,0.0046786903276374225
5.745033172394063,2.587706537533137,0.0046786903276374225
5.8450320778889004,2.588174404858949,0.0046786903276374225
5.945030983383738,2.588642272184761,0.0046786903276374225
6.045029888878576,2.589110139510573,0.0046786903276374225
6.145028794373413,2.589578006836385,0.0046786903276374225
6.245027699868251,2.5900458741621972,0.0046786903276374225
6.345026605363088,2.5905137414880093,0.0046786903276374225
6.445025510857926,2.5909816088138213,0.0046786903276374225
6.5450244163527636,2.5914494761396334,0.0046786903276374225
6.645023321847601,2.5919173434654454,0.0046786903276374225
6.745022227342439,2.5923852107912575,0.0046786903276374225
6.845021132837276,2.5928530781170696,0.0046786903276374225
6.945020038332114,2.5933209454428816,0.0046786903276374225
7.0450189438269515,2.5937888127686937,0.0046786903276374225
7.145017849321789,2.5942566800945057,0.0046786903276374225
7.245016754816627,2.5947245474203178,0.0046786903276374225
7.345015660311464,2.59519241474613,0.0046786903276374225
7.445014565806302,2.595660282071942,0.0046786903276374225
7.545013471301139,2.596128149397754,0.0046786903276374225
7.645012376795977,2.596596016723566,0.0046786903276374225
7.745011282290815,2.597063884049378,0.0046786903276374225
7.845010187785652,2.59753175137519,0.0046786903276374225
7.94500909328049,2.597999618701002,0.0046786903276374225
8.045007998775327,2.598467486026814,0.0046786903276374225
8.145006904270165,2.5989353533526263,0.0046786903276374225
8.245005809765003,2.5994032206784383,0.0046786903276374225
8.34500471525984,2.5998710880042504,0.0046786903276374225
8.445003620754678,2.6003389553300624,0.0046786903276374225
8.545002526249515,2.6008068226558745,0.0046786903276374225
8.645001431744353,2.6012746899816865,0.0046786903276374225
8.74500033723919,2.6017425573074986,0.0046786903276374225
8.844999242734028,2.6022104246333106,0.0046786903276374225
8.944998148228866,2.6026782919591227,0.0046786903276374225
9.044997053723703,2.6031461592849348,0.0046786903276374225
9.14499595921854,2.603614026610747,0.0046786903276374225
9.14499595921854,2.603614026610747,0.1617583230071271
9.14499595921854,2.603614026610747,0.3188379556866168
9.14499595921854,2.603614026610747,0.4759175883661064
9.14499595921854,2.603614026610747,0.6329972210455962
9.14499595921854,2.603614026610747,0.7429529639212389
9.14499595921854,2.603614026610747,0.8372007435289328
9.14499595921854,2.603614026610747,0.9314485231366267
9.14499595921854,2.603614026610747,0.9958511725352174
9.14499595921854,2.603614026610747,1.0538135569939489
9.14499595921854,2.603614026610747,1.1117759414526804
9.14499595921854,2.603614026610747,1.1581458490196657
9.14499595921854,2.603614026610747,1.199878765829953
9.14499595921854,2.603614026610747,1.2374383909592108
9.14499595921854,2.603614026610747,1.2712420535755435
9.14499595921854,2.603614026610747,1.3016653499302424
9.14499595921854,2.603614026610747,1.329046316649472
9.14499595921854,2.603614026610747,1.353689186696778
9.14499595921854,2.603614026610747,1.375867769739353
9.14499595921854,2.603614026610747,1.395828494477671
9.14499595921854,2.603614026610747,1.4137931467421578
9.14499595921854,2.603614026610747,1.4299613337801953
9.14499595921854,2.603614026610747,1.4445127021144293
9.14499595921854,2.603614026610747,1.4590640704486628
9.14499595921854,2.603614026610747,1.47070516511605
9.14499595921854,2.603614026610747,1.4811821503166982
9.14499595921854,2.603614026610747,1.4916591355173463
9.14499595921854,2.603614026610747,1.500040723677865
9.14499595921854,2.603614026610747,1.5084223118383844
9.14499595921854,2.603614026610747,1.5159657411828509
9.14499595921854,2.603614026610747,1.5226710117112656
9.14499595921854,2.603614026610747,1.5286219393052343
9.14499595921854,2.603614026610747,1.5345728668992027
9.14499595921854,2.603614026610747,1.538663081921536
9.14499595921854,2.603614026610747,1.5423442754416357
9.14499595921854,2.603614026610747,1.5456573496097255
9.14499595921854,2.603614026610747,1.5486391163610063
9.14499595921854,2.603614026610747,1.5516208831122869
9.14499595921854,2.603614026610747,1.554602649863568
9.14499595921854,2.603614026610747,1.5566898865894643
9.14499595921854,2.603614026610747,1.5585683996427717
9.14499595921854,2.603614026610747,1.5604469126960783
9.14499595921854,2.603614026610747,1.561949723138724
9.14499595921854,2.603614026610747,1.563302252537105
9.14499595921854,2.603614026610747,1.5646547819354861
9.14499595921854,2.603614026610747,1.5657368054541907
9.14499595921854,2.603614026610747,1.5667106266210256
9.14499595921854,2.603614026610747,1.567587065671176
9.14499595921854,2.603614026610747,1.5683758608163119
9.14499595921854,2.603614026610747,1.5690857764469344
9.14499595921854,2.603614026610747,1.5697247005144943
9.14499595921854,2.603614026610747,1.5702997321752976
9.14499595921854,2.603614026610747,1.570874763836102
9.14499595921854,2.603614026610747,1.5713347891647451
9.14499595921854,2.603614026610747,1.5717948144933886
9.14499595921854,2.603614026610747,1.5722088372891678
9.14499595921854,2.603614026610747,1.5725354552725037
9.14499595921854,2.603614026610747,1.5728294114575068
9.14499595921854,2.603614026610747,1.5730939720240098
9.14499595921854,2.603614026610747,1.5733320765338625
9.14499595921854,2.603614026610747,1.573546370592729
9.14499595921854,2.603614026610747,1.5737392352457102
9.14499595921854,2.603614026610747,1.5739128134333924
9.14499595921854,2.603614026610747,1.5740863916210746
9.14499595921854,2.603614026610747,1.5742252541712205
9.14499595921854,2.603614026610747,1.5743502304663521
9.14499595921854,2.603614026610747,1.5744627091319707
9.14499595921854,2.603614026610747,1.5745751877975882
9.144807016618083,2.65361366961641,1.5745751877975882
9.144618074017625,2.703613312622073,1.5745751877975882
9.144448025677214,2.7486129913271693,1.5745751877975882
9.144277977336802,2.7936126700322657,1.5745751877975882
9.14416083292452,2.8246124486957767,1.5745751877975882
9.144043688512237,2.8556122273592877,1.5745751877975882
9.14394997298241,2.8804120502900963,1.5745751877975882
9.143856257452583,2.905211873220905,1.5745751877975882
9.143781285028721,2.925051731565552,1.5745751877975882
9.143713809847245,2.9429076040757343,1.5745751877975882
9.14364633466577,2.9607634765859165,1.5745751877975882
9.143592354520589,2.9750481745940625,1.5745751877975882
9.143538374375408,2.9893328726022084,1.5745751877975882
9.143495190259264,3.000760631008725,1.5745751877975882
9.14345200614312,3.0121883894152415,1.5745751877975882
9.143417458850204,3.021330596140455,1.5745751877975882
9.143382911557287,3.0304728028656687,1.5745751877975882
9.143355273722955,3.0377865682458394,1.5745751877975882
9.143327635888623,3.04510033362601,1.5745751877975882
9.143305525621157,3.0509513459301467,1.5745751877975882
9.143283415353691,3.0568023582342834,1.5745751877975882
9.143265727139719,3.0614831680775927,1.5745751877975882
9.143248038925746,3.066163977920902,1.5745751877975882
9.143233888354567,3.0699086257955495,1.5745751877975882
9.143219737783388,3.073653273670197,1.5745751877975882
9.143208417326447,3.0766489919699147,1.5745751877975882
9.143197096869505,3.0796447102696325,1.5745751877975882
9.14318804050395,3.082041284909407,1.5745751877975882
9.143178984138396,3.0844378595491815,1.5745751877975882
9.143170833409398,3.0865947767249784,1.5745751877975882
9.1431626826804,3.0887516939007753,1.5745751877975882
9.143157067733757,3.090237570177435,1.5745751877975882
9.143151452787114,3.091723446454095,1.5745751877975882
9.143145837840471,3.093209322730755,1.5745751877975882
9.143140222893829,3.0946951990074147,1.5745751877975882
9.143134607947186,3.0961810752840746,1.5745751877975882
9.143130829095176,3.097181068144188,1.5745751877975882
9.143127050243166,3.0981810610043015,1.5745751877975882
9.143123271391156,3.099181053864415,1.5745751877975882
9.143119492539146,3.1001810467245283,1.5745751877975882
9.143119492539146,3.1001810467245283,1.7316548204770779
9.143119492539146,3.1001810467245283,1.8730264898886186
9.143119492539146,3.1001810467245283,2.0002609923590056
9.143119492539146,3.1001810467245283,2.1147720445823537
9.143119492539146,3.1001810467245283,2.2178319915833664
9.143119492539146,3.1001810467245283,2.3105859438842784
9.143119492539146,3.1001810467245283,2.3940645009550994
9.143119492539146,3.1001810467245283,2.4691952023188373
9.143119492539146,3.1001810467245283,2.536812833546202
9.143119492539146,3.1001810467245283,2.604430464773567
9.143119492539146,3.1001810467245283,2.6585245697554587
9.143119492539146,3.1001810467245283,2.7126186747373504
9.143119492539146,3.1001810467245283,2.7558939587228637
9.143119492539146,3.1001810467245283,2.794841714309826
9.143119492539146,3.1001810467245283,2.829894694338092
9.143119492539146,3.1001810467245283,2.8614423763635313
9.143119492539146,3.1001810467245283,2.8898352901864266
9.143119492539146,3.1001810467245283,2.9153889126270323
9.143119492539146,3.1001810467245283,2.9383871728235773
9.143119492539146,3.1001810467245283,2.959085607000468
9.143119492539146,3.1001810467245283,2.9777141977596697
9.143119492539146,3.1001810467245283,2.994479929442951
9.143119492539146,3.1001810467245283,3.0095690879579045
9.143119492539146,3.1001810467245283,3.0231493306213624
9.143119492539146,3.1001810467245283,3.0353715490184747
9.143119492539146,3.1001810467245283,3.0463715455758757
9.143119492539146,3.1001810467245283,3.0573715421332768
9.143119492539146,3.1001810467245283,3.0661715393791975
9.143119492539146,3.1001810467245283,3.0740915369005264
9.143119492539146,3.1001810467245283,3.081219534669722
9.143119492539146,3.1001810467245283,3.0876347326619986
9.143119492539146,3.1001810467245283,3.093408410855047
9.143119492539146,3.1001810467245283,3.098604721228791
9.143119492539146,3.1001810467245283,3.10328140056516
9.143119492539146,3.1001810467245283,3.1074904119678926
9.143119492539146,3.1001810467245283,3.111699423370625
9.143119492539146,3.1001810467245283,3.1154875336330843
9.143119492539146,3.1001810467245283,3.1184759317290243
9.143119492539146,3.1001810467245283,3.1211654900153705
9.143119492539146,3.1001810467245283,3.1238550483017167
9.143119492539146,3.1001810467245283,3.1260066949307936
9.143119492539146,3.1001810467245283,3.1281583415598706
9.143119492539146,3.1001810467245283,3.129879658863132
9.143119492539146,3.1001810467245283,3.1314288444360674
9.143119492539146,3.1001810467245283,3.1328231114517093
9.143119492539146,3.1001810467245283,3.134077951765787
9.143119492539146,3.1001810467245283,3.135207308048457
9.143119492539146,3.1001810467245283,3.1362237287028596
9.143119492539146,3.1001810467245283,3.1372401493572624
9.143119492539146,3.1001810467245283,3.1380532858807846
9.143119492539146,3.1001810467245283,3.1387851087519545
9.143119492539146,3.1001810467245283,3.1394437493360074
9.143119492539146,3.1001810467245283,3.1400365258616554
9.143119492539146,3.1001810467245283,3.140570024734738
9.143119492539146,3.1001810467245283,3.141050173720513
9.143119492539146,3.1001810467245283,3.1414823078077103
9.143119492539146,3.1001810467245283,-3.1413140786933984
9.143119492539146,3.1001810467245283,-3.140925158014921
9.143119492539146,3.1001810467245283,-3.140614021472139
9.143119492539146,3.1001810467245283,-3.1403339985836354
9.143119492539146,3.1001810467245283,-3.140081977983982
9.143119492539146,3.1001810467245283,-3.139855159444294
9.143119492539146,3.1001810467245283,-3.1396510227585748
9.143119492539146,3.1001810467245283,-3.1394672997414275
9.143119492539146,3.1001810467245283,-3.139301949025995
9.143119492539146,3.1001810467245283,-3.1391531333821057
9.143119492539146,3.1001810467245283,-3.1390043177382165
9.143119492539146,3.1001810467245283,-3.138870383658716
9.143119492539146,3.1001810467245283,-3.138764724551555
9.143119492539146,3.1001810467245283,-3.1386590654443935
9.043119922835807,3.0998876883307593,-3.1386590654443935
8.943120353132468,3.0995943299369904,-3.1386590654443935
8.843120783429129,3.0993009715432214,-3.1386590654443935
8.74312121372579,3.0990076131494524,-3.1386590654443935
8.64312164402245,3.0987142547556834,-3.1386590654443935
8.543122074319111,3.0984208963619144,-3.1386590654443935
8.443122504615772,3.0981275379681454,-3.1386590654443935
8.343122934912433,3.0978341795743765,-3.1386590654443935
8.243123365209094,3.0975408211806075,-3.1386590654443935
8.143123795505755,3.0972474627868385,-3.1386590654443935
8.043124225802416,3.0969541043930695,-3.1386590654443935
7.943124656099077,3.0966607459993005,-3.1386590654443935
7.843125086395739,3.0963673876055315,-3.1386590654443935
7.743125516692401,3.0960740292117626,-3.1386590654443935
7.643125946989063,3.0957806708179936,-3.1386590654443935
7.543126377285724,3.0954873124242246,-3.1386590654443935
7.443126807582386,3.0951939540304556,-3.1386590654443935
7.343127237879048,3.0949005956366866,-3.1386590654443935
7.24312766817571,3.0946072372429176,-3.1386590654443935
7.1431280984723715,3.0943138788491487,-3.1386590654443935
7.043128528769033,3.0940205204553797,-3.1386590654443935
6.943128959065695,3.0937271620616107,-3.1386590654443935
6.843129389362357,3.0934338036678417,-3.1386590654443935
6.743129819659019,3.0931404452740727,-3.1386590654443935
6.64313024995568,3.0928470868803037,-3.1386590654443935
6.543130680252342,3.0925537284865348,-3.1386590654443935
6.443131110549004,3.0922603700927658,-3.1386590654443935
6.343131540845666,3.091967011698997,-3.1386590654443935
6.243131971142327,3.091673653305228,-3.1386590654443935
6.143132401438989,3.091380294911459,-3.1386590654443935
6.043132831735651,3.09108693651769,-3.1386590654443935
5.943133262032313,3.090793578123921,-3.1386590654443935
5.8431336923289745,3.090500219730152,-3.1386590654443935
5.743134122625636,3.090206861336383,-3.1386590654443935
5.743134122625636,3.090206861336383,2.987446609055703
5.743134122625636,3.090206861336383,2.8303669763762134
5.743134122625636,3.090206861336383,2.6732873436967237
5.743134122625636,3.090206861336383,2.516207711017234
5.743134122625636,3.090206861336383,2.3591280783377444
5.743134122625636,3.090206861336383,2.2648802987300507
5.743134122625636,3.090206861336383,2.170632519122357
5.743134122625636,3.090206861336383,2.110942258704151
5.743134122625636,3.090206861336383,2.057221024327765
5.743134122625636,3.090206861336383,2.008871913389019
5.743134122625636,3.090206861336383,1.9653577135441473
5.743134122625636,3.090206861336383,1.9261949336837612
5.743134122625636,3.090206861336383,1.8909484318094156
5.743134122625636,3.090206861336383,1.859226580122503
5.743134122625636,3.090206861336383,1.8306769136042822
5.743134122625636,3.090206861336383,1.8049822137378837
5.743134122625636,3.090206861336383,1.7818569838581244
5.743134122625636,3.090206861336383,1.7610442769663415
5.743134122625636,3.090206861336383,1.7423128407637376
5.743134122625636,3.090206861336383,1.7254545481813932
5.743134122625636,3.090206861336383,1.7102820848572835
5.743134122625636,3.090206861336383,1.6951096215331736
5.743134122625636,3.090206861336383,1.682971650873886
5.743134122625636,3.090206861336383,1.6720474772805267
5.743134122625636,3.090206861336383,1.6611233036871684
5.743134122625636,3.090206861336383,1.6523839648124805
5.743134122625636,3.090206861336383,1.6445185598252627
5.743134122625636,3.090206861336383,1.6366531548380443
5.743134122625636,3.090206861336383,1.6303608308482693
5.743134122625636,3.090206861336383,1.6246977392574717
5.743134122625636,3.090206861336383,1.6196009568257537
5.743134122625636,3.090206861336383,1.6145041743940367
5.743134122625636,3.090206861336383,1.6104267484486627
5.743134122625636,3.090206861336383,1.6067570650978262
5.743134122625636,3.090206861336383,1.6034543500820733
5.743134122625636,3.090206861336383,1.6004819065678952
5.743134122625636,3.090206861336383,1.5978067074051354
5.743134122625636,3.090206861336383,1.5953990281586516
5.743134122625636,3.090206861336383,1.593232116836816
5.743134122625636,3.090206861336383,1.5912818966471638
5.743134122625636,3.090206861336383,1.589526698476477
5.743134122625636,3.090206861336383,1.5879470201228587
5.743134122625636,3.090206861336383,1.5865253096046028
5.743134122625636,3.090206861336383,1.585245770138172
5.743134122625636,3.090206861336383,1.5840941846183842
5.743134122625636,3.090206861336383,1.5830577576505758
5.743134122625636,3.090206861336383,1.582124973379547
5.743134122625636,3.090206861336383,1.5812854675356223
5.743134122625636,3.090206861336383,1.5804459616916973
5.743134122625636,3.090206861336383,1.579774357016557
5.743134122625636,3.090206861336383,1.5791027523414174
5.743134122625636,3.090206861336383,1.5785654686013053
5.743134122625636,3.090206861336383,1.5780281848611932
5.743134122625636,3.090206861336383,1.5775983578691033
5.743134122625636,3.090206861336383,1.5772115135762226
5.743134122625636,3.090206861336383,1.57686335371263
5.743134122625636,3.090206861336383,1.5765500098353964
5.743134122625636,3.090206861336383,1.5762680003458869
5.743134122625636,3.090206861336383,1.5760141918053276
5.743134122625636,3.090206861336383,1.5757603832647689
5.743134122625636,3.090206861336383,1.5755573364323212
5.743134122625636,3.090206861336383,1.5753745942831192
5.743134122625636,3.090206861336383,1.575210126348837
5.743134122625636,3.090206861336383,1.5750621052079825
5.743134122625636,3.090206861336383,1.5749288861812136
5.743134122625636,3.090206861336383,1.5748089890571224
5.743134122625636,3.090206861336383,1.5747010816454396
5.742938885379244,3.1402064801591063,1.5747010816454396
5.742743648132852,3.1902060989818297,1.5747010816454396
5.74254841088646,3.240205717804553,1.5747010816454396
5.742353173640068,3.2902053366272765,1.5747010816454396
5.742157936393676,3.34020495545,1.5747010816454396
5.74206031777048,3.3652047648613617,1.5747010816454396
5.741962699147283,3.3902045742727234,1.5747010816454396
5.741884604248726,3.4102044218018124,1.5747010816454396
5.74180650935017,3.4302042693309014,1.5747010816454396
5.741744033431324,3.4462041473541727,1.5747010816454396
5.741681557512479,3.462204025377444,1.5747010816454396
5.741631576777403,3.475003927796061,1.5747010816454396
5.741581596042327,3.487803830214678,1.5747010816454396
5.741541611454266,3.4980437521495715,1.5747010816454396
5.741501626866205,3.508283674084465,1.5747010816454396
5.741469639195755,3.51647561163238,1.5747010816454396
5.741437651525306,3.524667549180295,1.5747010816454396
5.741412061388947,3.531221099218627,1.5747010816454396
5.7413864712525875,3.537774649256959,1.5747010816454396
5.7413659991435,3.5430174892876245,1.5747010816454396
5.741345527034413,3.54826032931829,1.5747010816454396
5.741327102136235,3.552978885345889,1.5747010816454396
5.741308677238056,3.557697441373488,1.5747010816454396
5.741295984530422,3.5609480021925006,1.5747010816454396
5.741283291822787,3.564198563011513,1.5747010816454396
5.74127313765668,3.566799011666723,1.5747010816454396
5.741262983490573,3.5693994603219332,1.5747010816454396
5.741254860157688,3.5714798192461013,1.5747010816454396
5.741246736824802,3.5735601781702693,1.5747010816454396
5.741240238158493,3.5752244653096037,1.5747010816454396
5.741233739492184,3.576888752448938,1.5747010816454396
5.741227240825875,3.5785530395882725,1.5747010816454396
5.741220742159566,3.580217326727607,1.5747010816454396
5.741214243493257,3.5818816138669414,1.5747010816454396
5.741210338748329,3.582881606243396,1.5747010816454396
5.7412064340034,3.5838815986198505,1.5747010816454396
5.741202529258472,3.584881590996305,1.5747010816454396
5.741198624513544,3.5858815833727595,1.5747010816454396
5.741198624513544,3.5858815833727595,1.4176214489659502
5.741198624513544,3.5858815833727595,1.2762497795544094
5.741198624513544,3.5858815833727595,1.1490152770840227
5.741198624513544,3.5858815833727595,1.0345042248606746
5.741198624513544,3.5858815833727595,0.9314442778596614
5.741198624513544,3.5858815833727595,0.8386903255587498
5.741198624513544,3.5858815833727595,0.745936373257838
5.741198624513544,3.5858815833727595,0.6531824209569262
5.741198624513544,3.5858815833727595,0.5882546543462879
5.741198624513544,3.5858815833727595,0.5298196643967136
5.741198624513544,3.5858815833727595,0.4772281734420965
5.741198624513544,3.5858815833727595,0.4246366824874796
5.741198624513544,3.5858815833727595,0.38256348972378584
5.741198624513544,3.5858815833727595,0.34469761623646133
5.741198624513544,3.5858815833727595,0.31061833009786977
5.741198624513544,3.5858815833727595,0.27994697257313705
5.741198624513544,3.5858815833727595,0.25234275080087765
5.741198624513544,3.5858815833727595,0.2247385290286183
5.741198624513544,3.5858815833727595,0.2026551516108108
5.741198624513544,3.5858815833727595,0.18278011193478402
5.741198624513544,3.5858815833727595,0.16489257622635992
5.741198624513544,3.5858815833727595,0.14700504051793584
5.741198624513544,3.5858815833727595,0.1326950119511966
5.741198624513544,3.5858815833727595,0.11981598624113125
5.741198624513544,3.5858815833727595,0.10822486310207244
5.741198624513544,3.5858815833727595,0.09663373996301362
5.741198624513544,3.5858815833727595,0.08736084145176656
5.741198624513544,3.5858815833727595,0.07901523279164424
5.741198624513544,3.5858815833727595,0.07150418499753412
5.741198624513544,3.5858815833727595,0.06474424198283504
5.741198624513544,3.5858815833727595,0.058660293269605854
5.741198624513544,3.5858815833727595,0.05257634455637666
5.741198624513544,3.5858815833727595,0.04770918558579333
5.741198624513544,3.5858815833727595,0.043328742512268315
5.741198624513544,3.5858815833727595,0.03938634374609578
5.741198624513544,3.5858815833727595,0.035838184856540535
5.741198624513544,3.5858815833727595,0.032644841855940784
5.741198624513544,3.5858815833727595,0.029451498855341072
5.741198624513544,3.5858815833727595,0.026896824454861263
5.741198624513544,3.5858815833727595,0.024342150054381492
5.741198624513544,3.5858815833727595,0.022298410533997663
5.741198624513544,3.5858815833727595,0.020459044965652217
5.741198624513544,3.5858815833727595,0.018803615954141314
5.741198624513544,3.5858815833727595,0.017313729843781503
5.741198624513544,3.5858815833727595,0.015972832344457667
5.741198624513544,3.5858815833727595,0.014766024595066228
5.741198624513544,3.5858815833727595,0.013679897620613925
5.741198624513544,3.5858815833727595,0.012702383343606849
5.741198624513544,3.5858815833727595,0.011822620494300483
5.741198624513544,3.5858815833727595,0.011030833929924754
5.741198624513544,3.5858815833727595,0.0103182260219866
5.741198624513544,3.5858815833727595,0.009605618114048446
5.741198624513544,3.5858815833727595,0.009035531787697918
5.741198624513544,3.5858815833727595,0.008522454093982449
5.741198624513544,3.5858815833727595,0.008060684169638526
5.741198624513544,3.5858815833727595,0.007598914245294598
5.741198624513544,3.5858815833727595,0.007137144320950673
5.741198624513544,3.5858815833727595,0.006675374396606745
5.741198624513544,3.5858815833727595,0.006398312442000394
5.741198624513544,3.5858815833727595,0.006148956682854675
5.741198624513544,3.5858815833727595,0.005924536499623527
5.741198624513544,3.5858815833727595,0.005722558334715493
5.741198624513544,3.5858815833727595,0.005540777986298264
5.741198624513544,3.5858815833727595,0.005377175672722757
5.741198624513544,3.5858815833727595,0.005229933590504799
5.741198624513544,3.5858815833727595,0.005097415716508641
5.741198624513544,3.5858815833727595,0.0049781496299120985
5.741198624513544,3.5858815833727595,0.004870810151975209
5.841197438276312,3.5863686624619766,0.004870810151975209
5.941196252039081,3.5868557415511937,0.004870810151975209
6.041195065801849,3.5873428206404108,0.004870810151975209
6.141193879564618,3.587829899729628,0.004870810151975209
6.2411926933273865,3.588316978818845,0.004870810151975209
6.341191507090155,3.588804057908062,0.004870810151975209
6.4411903208529235,3.589291136997279,0.004870810151975209
6.541189134615692,3.589778216086496,0.004870810151975209
6.641187948378461,3.5902652951757132,0.004870810151975209
6.741186762141229,3.5907523742649303,0.004870810151975209
6.841185575903998,3.5912394533541474,0.004870810151975209
6.941184389666766,3.5917265324433645,0.004870810151975209
7.041183203429535,3.5922136115325816,0.004870810151975209
7.141182017192303,3.5927006906217986,0.004870810151975209
7.241180830955072,3.5931877697110157,0.004870810151975209
7.34117964471784,3.593674848800233,0.004870810151975209
7.441178458480609,3.59416192788945,0.004870810151975209
7.541177272243377,3.594649006978667,0.004870810151975209
7.641176086006146,3.595136086067884,0.004870810151975209
7.7411748997689145,3.595623165157101,0.004870810151975209
7.841173713531683,3.596110244246318,0.004870810151975209
7.9411725272944516,3.5965973233355353,0.004870810151975209
8.04117134105722,3.5970844024247524,0.004870810151975209
8.141170154819989,3.5975714815139694,0.004870810151975209
8.241168968582757,3.5980585606031865,0.004870810151975209
8.341167782345526,3.5985456396924036,0.004870810151975209
8.441166596108294,3.5990327187816207,0.004870810151975209
8.541165409871063,3.5995197978708378,0.004870810151975209
8.641164223633831,3.600006876960055,0.004870810151975209
8.7411630373966,3.600493956049272,0.004870810151975209
8.841161851159368,3.600981035138489,0.004870810151975209
8.941160664922137,3.601468114227706,0.004870810151975209
9.041159478684905,3.601955193316923,0.004870810151975209
9.141158292447674,3.6024422724061402,0.004870810151975209
9.141158292447674,3.6024422724061402,0.1619504428314649
9.141158292447674,3.6024422724061402,0.30332211224300565
9.141158292447674,3.6024422724061402,0.44469378165454626
9.141158292447674,3.6024422724061402,0.5577911171837789
9.141158292447674,3.6024422724061402,0.6595787191600881
9.141158292447674,3.6024422724061402,0.7511875609387664
9.141158292447674,3.6024422724061402,0.842796402717445
9.141158292447674,3.6024422724061402,0.9252443603182556
9.141158292447674,3.6024422724061402,0.9902866379811172
9.141158292447674,3.6024422724061402,1.0488246878776928
9.141158292447674,3.6024422724061402,1.1015089327846104
9.141158292447674,3.6024422724061402,1.1489247532008364
9.141158292447674,3.6024422724061402,1.1963405736170631
9.141158292447674,3.6024422724061402,1.234273229950043
9.141158292447674,3.6024422724061402,1.2684126206497264
9.141158292447674,3.6024422724061402,1.2991380722794408
9.141158292447674,3.6024422724061402,1.3267909787461833
9.141158292447674,3.6024422724061402,1.3516785945662526
9.141158292447674,3.6024422724061402,1.3740774488043148
9.141158292447674,3.6024422724061402,1.3964763030423766
9.141158292447674,3.6024422724061402,1.4143953864328263
9.141158292447674,3.6024422724061402,1.430522561484231
9.141158292447674,3.6024422724061402,1.4450370190304949
9.141158292447674,3.6024422724061402,1.459551476576759
9.141158292447674,3.6024422724061402,1.47116304261377
9.141158292447674,3.6024422724061402,1.4816134520470805
9.141158292447674,3.6024422724061402,1.4910188205370596
9.141158292447674,3.6024422724061402,1.4994836521780406
9.141158292447674,3.6024422724061402,1.5071020006549236
9.141158292447674,3.6024422724061402,1.5147203491318066
9.141158292447674,3.6024422724061402,1.5208150279133132
9.141158292447674,3.6024422724061402,1.5263002388166693
9.141158292447674,3.6024422724061402,1.5312369286296894
9.141158292447674,3.6024422724061402,1.535679949461408
9.141158292447674,3.6024422724061402,1.5401229702931265
9.141158292447674,3.6024422724061402,1.5441216890416725
9.141158292447674,3.6024422724061402,1.5472762338321926
9.141158292447674,3.6024422724061402,1.5504307786227125
9.141158292447674,3.6024422724061402,1.5535853234132324
9.141158292447674,3.6024422724061402,1.5567398682037525
9.141158292447674,3.6024422724061402,1.5598944129942718
9.141158292447674,3.6024422724061402,1.5630489577847921
9.141158292447674,3.6024422724061402,1.566203502575312
9.141158292447674,3.6024422724061402,1.5671498660124679
9.141158292447674,3.6024422724061402,1.5680015931059081
9.141158292447674,3.6024422724061402,1.5688533201993484
9.141158292447674,3.6024422724061402,1.5695347018741013
9.141158292447674,3.6024422724061402,1.5702160835488532
9.141158292447674,3.6024422724061402,1.5707611888886552
9.141158292447674,3.6024422724061402,1.5712517836944768
9.141158292447674,3.6024422724061402,1.5716933190197164
9.141158292447674,3.6024422724061402,1.5720907008124316
9.141158292447674,3.6024422724061402,1.572488082605147
9.141158292447674,3.6024422724061402,1.5728854643978623
9.141158292447674,3.6024422724061402,1.5731636316527633
9.141158292447674,3.6024422724061402,1.5734139821821749
9.141158292447674,3.6024422724061402,1.5736392976586442
9.141158292447674,3.6024422724061402,1.573842081587467
9.141158292447674,3.6024422724061402,1.5740245871234073
9.141158292447674,3.6024422724061402,1.5741888421057537
9.141158292447674,3.6024422724061402,1.5743366715898652
9.141158292447674,3.6024422724061402,1.574469718125566
9.141158292447674,3.6024422724061402,1.5745894600076966
9.141158292447674,3.6024422724061402,1.5746972277016142
9.141158292447674,3.6024422724061402,1.5748049953955319
9.140957859554451,3.6524418706710793,1.5748049953955319
9.140757426661228,3.7024414689360183,1.5748049953955319
9.140597080346648,3.7424411475479697,1.5748049953955319
9.140436734032068,3.782440826159921,1.5748049953955319
9.140308456980405,3.8144405690494825,1.5748049953955319
9.140180179928741,3.846440311939044,1.5748049953955319
9.140051902877078,3.878440054828605,1.5748049953955319
9.139923625825414,3.9104397977181664,1.5748049953955319
9.13979534877375,3.9424395406077277,1.5748049953955319
9.139667071722087,3.974439283497289,1.5748049953955319
9.139538794670424,4.00643902638685,1.5748049953955319
9.13941051761876,4.038438769276412,1.5748049953955319
9.139384862208427,4.044838717854324,1.5748049953955319
9.139361772339127,4.050598671574445,1.5748049953955319
9.139338682469827,4.056358625294566,1.5748049953955319
9.139320210574388,4.060966588270662,1.5748049953955319
9.139301738678949,4.065574551246758,1.5748049953955319
9.139286961162597,4.069260921627635,1.5748049953955319
9.139272183646245,4.072947292008513,1.5748049953955319
9.139258883881528,4.076265025351303,1.5748049953955319
9.13924558411681,4.079582758694093,1.5748049953955319
9.139232284352094,4.082900492036883,1.5748049953955319
9.139218984587377,4.086218225379673,1.5748049953955319
9.13920568482266,4.089535958722463,1.5748049953955319
9.139192385057942,4.092853692065253,1.5748049953955319
9.139179085293225,4.096171425408043,1.5748049953955319
9.139165785528508,4.099489158750833,1.5748049953955319
9.139165785528508,4.099489158750833,1.7318846280750215
9.139165785528508,4.099489158750833,1.888964260754511
9.139165785528508,4.099489158750833,2.0146279668981024
9.139165785528508,4.099489158750833,2.1402916730416943
9.139165785528508,4.099489158750833,2.240822637956568
9.139165785528508,4.099489158750833,2.331300506379954
9.139165785528508,4.099489158750833,2.412730587961001
9.139165785528508,4.099489158750833,2.486017661383944
9.139165785528508,4.099489158750833,2.5519760274645926
9.139165785528508,4.099489158750833,2.6113385569371763
9.139165785528508,4.099489158750833,2.6647648334625016
9.139165785528508,4.099489158750833,2.718191109987827
9.139165785528508,4.099489158750833,2.76627475886062
9.139165785528508,4.099489158750833,2.80901578008088
9.139165785528508,4.099489158750833,2.85175680130114
9.139165785528508,4.099489158750833,2.881141253390069
9.139165785528508,4.099489158750833,2.9105257054789977
9.139165785528508,4.099489158750833,2.934033267150141
9.139165785528508,4.099489158750833,2.9551900726541698
9.139165785528508,4.099489158750833,2.9742311976077955
9.139165785528508,4.099489158750833,2.9932723225614213
9.139165785528508,4.099489158750833,3.008505222524322
9.139165785528508,4.099489158750833,3.0222148324909326
9.139165785528508,4.099489158750833,3.034553481460882
9.139165785528508,4.099489158750833,3.0456582655338367
9.139165785528508,4.099489158750833,3.055652571199496
9.139165785528508,4.099489158750833,3.0656468768651552
9.139165785528508,4.099489158750833,3.0746417519642484
9.139165785528508,4.099489158750833,3.0817377089868665
9.139165785528508,4.099489158750833,3.088124070307223
9.139165785528508,4.099489158750833,3.0938717954955433
9.139165785528508,4.099489158750833,3.0996195206838637
9.139165785528508,4.099489158750833,3.105367245872184
9.139165785528508,4.099489158750833,3.1093906535040086
9.139165785528508,4.099489158750833,3.113414061135833
9.139165785528508,4.099489158750833,3.1166327872412927
9.139165785528508,4.099489158750833,3.1195296407362063
9.139165785528508,4.099489158750833,3.1221368088816286
9.139165785528508,4.099489158750833,3.1244832602125086
9.139165785528508,4.099489158750833,3.1265950664103004
9.139165785528508,4.099489158750833,3.128706872608092
9.139165785528508,4.099489158750833,3.130396317566326
9.139165785528508,4.099489158750833,3.1319168180287362
9.139165785528508,4.099489158750833,3.1332852684449053
9.139165785528508,4.099489158750833,3.1345168738194578
9.139165785528508,4.099489158750833,3.135625318656555
9.139165785528508,4.099489158750833,3.1366229190099424
9.139165785528508,4.099489158750833,3.1376205193633298
9.139165785528508,4.099489158750833,3.1384185996460396
9.139165785528508,4.099489158750833,3.1391368719004786
9.139165785528508,4.099489158750833,3.1397833169294738
9.139165785528508,4.099489158750833,3.1403651174555693
9.139165785528508,4.099489158750833,3.140888737929055
9.139165785528508,4.099489158750833,3.1413599963551926
9.139165785528508,4.099489158750833,-3.14140117824087
9.139165785528508,4.099489158750833,-3.141019458915699
9.139165785528508,4.099489158750833,-3.1406759115230445
9.139165785528508,4.099489158750833,-3.1403667188696556
9.139165785528508,4.099489158750833,-3.140088445481606
9.139165785528508,4.099489158750833,-3.139837999432361
9.139165785528508,4.099489158750833,-3.1396125979880405
9.139165785528508,4.099489158750833,-3.1394097366881524
9.139165785528508,4.099489158750833,-3.139227161518253
9.139165785528508,4.099489158750833,-3.1390628438653434
9.139165785528508,4.099489158750833,-3.138898526212434
9.139165785528508,4.099489158750833,-3.138767072090106
9.139165785528508,4.099489158750833,-3.138648763380011
9.139165785528508,4.099489158750833,-3.1385422855409257
9.03916625076541,4.099184122418994,-3.1385422855409257
8.939166716002312,4.098879086087155,-3.1385422855409257
8.839167181239214,4.0985740497553165,-3.1385422855409257
8.739167646476115,4.098269013423478,-3.1385422855409257
8.639168111713017,4.097963977091639,-3.1385422855409257
8.539168576949919,4.0976589407598,-3.1385422855409257
8.43916904218682,4.097353904427961,-3.1385422855409257
8.339169507423723,4.097048868096122,-3.1385422855409257
8.239169972660624,4.096743831764283,-3.1385422855409257
8.139170437897526,4.096438795432444,-3.1385422855409257
8.039170903134428,4.0961337591006055,-3.1385422855409257
7.939171368371329,4.095828722768767,-3.1385422855409257
7.83917183360823,4.095523686436928,-3.1385422855409257
7.739172298845131,4.095218650105089,-3.1385422855409257
7.639172764082032,4.09491361377325,-3.1385422855409257
7.539173229318933,4.094608577441411,-3.1385422855409257
7.4391736945558335,4.094303541109572,-3.1385422855409257
7.3391741597927345,4.093998504777733,-3.1385422855409257
7.239174625029635,4.0936934684458945,-3.1385422855409257
7.139175090266536,4.093388432114056,-3.1385422855409257
7.039175555503437,4.093083395782217,-3.1385422855409257
6.939176020740338,4.092778359450378,-3.1385422855409257
6.839176485977239,4.092473323118539,-3.1385422855409257
6.73917695121414,4.0921682867867,-3.1385422855409257
6.639177416451041,4.091863250454861,-3.1385422855409257
6.539177881687942,4.0915582141230225,-3.1385422855409257
6.439178346924843,4.091253177791184,-3.1385422855409257
6.339178812161744,4.090948141459345,-3.1385422855409257
6.2391792773986445,4.090643105127506,-3.1385422855409257
6.1391797426355454,4.090338068795667,-3.1385422855409257
6.039180207872446,4.090033032463828,-3.1385422855409257
5.939180673109347,4.089727996131989,-3.1385422855409257
5.839181138346248,4.08942295980015,-3.1385422855409257
5.839181138346248,4.08942295980015,2.987563388959171
5.839181138346248,4.08942295980015,2.84619171954763
5.839181138346248,4.08942295980015,2.7048200501360893
5.839181138346248,4.08942295980015,2.5917227146068567
5.839181138346248,4.08942295980015,2.4899351126305476
5.839181138346248,4.08942295980015,2.39832627085187
5.839181138346248,4.08942295980015,2.3158783132510585
5.839181138346248,4.08942295980015,2.241675151410329
5.839181138346248,4.08942295980015,2.1748923057536724
5.839181138346248,4.08942295980015,2.1147877446626815
5.839181138346248,4.08942295980015,2.0606936396807902
5.839181138346248,4.08942295980015,2.0120089451970875
5.839181138346248,4.08942295980015,1.9681927201617553
5.839181138346248,4.08942295980015,1.9243764951264226
5.839181138346248,4.08942295980015,1.8893235150981562
5.839181138346248,4.08942295980015,1.857775833072717
5.839181138346248,4.08942295980015,1.8293829192498217
5.839181138346248,4.08942295980015,1.800990005426926
5.839181138346248,4.08942295980015,1.7782756743686103
5.839181138346248,4.08942295980015,1.7578327764161257
5.839181138346248,4.08942295980015,1.737389878463641
5.839181138346248,4.08942295980015,1.7210355601016534
5.839181138346248,4.08942295980015,1.7046812417396657
5.839181138346248,4.08942295980015,1.689962355213877
5.839181138346248,4.08942295980015,1.6783507891768654
5.839181138346248,4.08942295980015,1.6679003797435552
5.839181138346248,4.08942295980015,1.6574499703102452
5.839181138346248,4.08942295980015,1.6490896427635966
5.839181138346248,4.08942295980015,1.6407293152169489
5.839181138346248,4.08942295980015,1.63404105317963
5.839181138346248,4.08942295980015,1.6280216173460436
5.839181138346248,4.08942295980015,1.6226041250958154
5.839181138346248,4.08942295980015,1.6177283820706108
5.839181138346248,4.08942295980015,1.6133402133479258
5.839181138346248,4.08942295980015,1.6089520446252408
5.839181138346248,4.08942295980015,1.605441509647093
5.839181138346248,4.08942295980015,1.6022820281667602
5.839181138346248,4.08942295980015,1.599438494834461
5.839181138346248,4.08942295980015,1.5968793148353915
5.839181138346248,4.08942295980015,1.5945760528362283
5.839181138346248,4.08942295980015,1.5925031170369817
5.839181138346248,4.08942295980015,1.5904301812377357
5.839181138346248,4.08942295980015,1.5887718325983387
5.839181138346248,4.08942295980015,1.587279318822881
5.839181138346248,4.08942295980015,1.5859360564249692
5.839181138346248,4.08942295980015,1.5847271202668487
5.839181138346248,4.08942295980015,1.58363907772454
5.839181138346248,4.08942295980015,1.5826598394364624
5.839181138346248,4.08942295980015,1.581778524977193
5.839181138346248,4.08942295980015,1.58098534196385
5.839181138346248,4.08942295980015,1.5802714772518414
5.839181138346248,4.08942295980015,1.5796289990110337
5.839181138346248,4.08942295980015,1.5790507685943067
5.839181138346248,4.08942295980015,1.5785303612192525
5.839181138346248,4.08942295980015,1.5780099538441987
5.839181138346248,4.08942295980015,1.5775936279441551
5.839181138346248,4.08942295980015,1.5771773020441109
5.839181138346248,4.08942295980015,1.576844241324076
5.839181138346248,4.08942295980015,1.5765444866760454
5.839181138346248,4.08942295980015,1.5762747074928174
5.839181138346248,4.08942295980015,1.5760319062279116
5.839181138346248,4.08942295980015,1.575813385089497
5.839181138346248,4.08942295980015,1.5756167160649233
5.839181138346248,4.08942295980015,1.5754397139428074
5.839181138346248,4.08942295980015,1.5752804120329031
5.839181138346248,4.08942295980015,1.5751211101229987
5.839181138346248,4.08942295980015,1.5749777384040846
5.839181138346248,4.08942295980015,1.5748343666851707
5.839181138346248,4.08942295980015,1.5746909949662573
5.839181138346248,4.08942295980015,1.5745476232473434
5.839181138346248,4.08942295980015,1.5744042515284293
5.839000742500945,4.139422634372481,1.5744042515284293
5.838820346655641,4.189422308944812,1.5744042515284293
5.838676029979398,4.229422048602677,1.5744042515284293
5.838531713303155,4.269421788260542,1.5744042515284293
5.838416259962161,4.301421579986833,1.5744042515284293
5.838300806621167,4.333421371713125,1.5744042515284293
5.838208443948371,4.359021205094158,1.5744042515284293
5.838116081275576,4.384621038475191,1.5744042515284293
5.83803295487006,4.407660888518121,1.5744042515284293
5.837949828464543,4.430700738561051,1.5744042515284293
5.837884250966859,4.4488766202615855,1.5744042515284293
5.837818673469174,4.46705250196212,1.5744042515284293
5.837774524111578,4.479289222318254,1.5744042515284293
5.837730374753981,4.4915259426743885,1.5744042515284293
5.837695055267904,4.501315318959295,1.5744042515284293
5.837659735781827,4.511104695244202,1.5744042515284293
5.837631480192965,4.518936196272128,1.5744042515284293
5.837603224604104,4.526767697300055,1.5744042515284293
5.837580620133014,4.5330328981223955,1.5744042515284293
5.837558015661925,4.5392980989447365,1.5744042515284293
5.837539932085053,4.544310259602609,1.5744042515284293
5.837521848508182,4.549322420260482,1.5744042515284293
5.8375073816466845,4.5533321487867795,1.5744042515284293
5.837492914785187,4.557341877313077,1.5744042515284293
5.837481341295989,4.560549660134115,1.5744042515284293
5.837469767806791,4.563757442955153,1.5744042515284293
5.837460509015433,4.566323669211984,1.5744042515284293
5.837451250224074,4.568889895468815,1.5744042515284293
5.837443843190988,4.570942876474279,1.5744042515284293
5.837436436157901,4.572995857479744,1.5744042515284293
5.837430510531432,4.574638242284116,1.5744042515284293
5.837424584904962,4.5762806270884875,1.5744042515284293
5.837419844403787,4.577594534931984,1.5744042515284293
5.837415103902611,4.578908442775481,1.5744042515284293
5.837410837451553,4.580090959834629,1.5744042515284293
5.8374065710004945,4.581273476893776,1.5744042515284293
5.837402963083589,4.582273470385223,1.5744042515284293
5.837399355166683,4.58327346387667,1.5744042515284293
5.8373957472497775,4.584273457368116,1.5744042515284293
5.837392139332872,4.585273450859563,1.5744042515284293
5.837392139332872,4.585273450859563,1.4173246188489397
5.837392139332872,4.585273450859563,1.2602449861694498
5.837392139332872,4.585273450859563,1.1031653534899604
5.837392139332872,4.585273450859563,0.9932096106143177
5.837392139332872,4.585273450859563,0.8942494420262389
5.837392139332872,4.585273450859563,0.8051852902969683
5.837392139332872,4.585273450859563,0.7250275537406248
5.837392139332872,4.585273450859563,0.6528855908399157
5.837392139332872,4.585273450859563,0.5807436279392064
5.837392139332872,4.585273450859563,0.5086016650384971
5.837392139332872,4.585273450859563,0.4581022910080008
5.837392139332872,4.585273450859563,0.41265285438055394
5.837392139332872,4.585273450859563,0.37174836141585177
5.837392139332872,4.585273450859563,0.33493431774761995
5.837392139332872,4.585273450859563,0.30180167844621125
5.837392139332872,4.585273450859563,0.2719823030749433
5.837392139332872,4.585273450859563,0.24514486524080237
5.837392139332872,4.585273450859563,0.21830742740666131
5.837392139332872,4.585273450859563,0.1968374771393484
5.837392139332872,4.585273450859563,0.17536752687203566
5.837392139332872,4.585273450859563,0.15389757660472275
5.837392139332872,4.585273450859563,0.1388686114176037
5.837392139332872,4.585273450859563,0.12534254274919665
5.837392139332872,4.585273450859563,0.11316908094763029
5.837392139332872,4.585273450859563,0.10221296532622051
5.837392139332872,4.585273450859563,0.09235246126695171
5.837392139332872,4.585273450859563,0.08347800761360986
5.837392139332872,4.585273450859563,0.07549099932560219
5.837392139332872,4.585273450859563,0.06830269186639526
5.837392139332872,4.585273450859563,0.06183321515310903
5.837392139332872,4.585273450859563,0.05601068611115139
5.837392139332872,4.585273450859563,0.05077040997338953
5.837392139332872,4.585273450859563,0.046054161449403844
5.837392139332872,4.585273450859563,0.04180953777781676
5.837392139332872,4.585273450859563,0.03798937647338839
5.837392139332872,4.585273450859563,0.03416921516896001
5.837392139332872,4.585273450859563,0.03034905386453162
5.837392139332872,4.585273450859563,0.02691090869054606
5.837392139332872,4.585273450859563,0.024236795777446182
5.837392139332872,4.585273450859563,0.022173908673054857
5.837392139332872,4.585273450859563,0.020317310279102656
5.837392139332872,4.585273450859563,0.01864637172454568
5.837392139332872,4.585273450859563,0.017142527025444394
5.837392139332872,4.585273450859563,0.015789066796253255
5.837392139332872,4.585273450859563,0.01457095258998121
5.837392139332872,4.585273450859563,0.013474649804336382
5.837392139332872,4.585273450859563,0.01248797729725603
5.837392139332872,4.585273450859563,0.011599972040883717
5.837392139332872,4.585273450859563,0.010800767310148628
5.837392139332872,4.585273450859563,0.010001562579413545
5.837392139332872,4.585273450859563,0.009202357848678467
5.837392139332872,4.585273450859563,0.008642914537163905
5.837392139332872,4.585273450859563,0.008139415556800802
5.837392139332872,4.585273450859563,0.007686266474474015
5.837392139332872,4.585273450859563,0.0072784323003799
5.837392139332872,4.585273450859563,0.006870598126285789
5.837392139332872,4.585273450859563,0.0065443307870104985
5.837392139332872,4.585273450859563,0.006250690181662733
5.837392139332872,4.585273450859563,0.005986413636849751
5.837392139332872,4.585273450859563,0.005748564746518065
5.837392139332872,4.585273450859563,0.005510715856186379
5.837392139332872,4.585273450859563,0.005320436743921029
5.837392139332872,4.585273450859563,0.005149185542882214
5.837392139332872,4.585273450859563,0.004995059461947278
5.837392139332872,4.585273450859563,0.004856345989105841
5.837392139332872,4.585273450859563,0.004731503863548547
5.837392139332872,4.585273450859563,0.004619145950546979
5.837392139332872,4.585273450859563,0.00451802382884557
5.937391118707642,4.585725251705377,0.00451802382884557
6.037390098082412,4.58617705255119,0.00451802382884557
6.137389077457182,4.586628853397004,0.00451802382884557
6.237388056831952,4.5870806542428175,0.00451802382884557
6.337387036206722,4.587532455088631,0.00451802382884557
6.437386015581492,4.587984255934445,0.00451802382884557
6.537384994956262,4.5884360567802585,0.00451802382884557
6.637383974331032,4.588887857626072,0.00451802382884557
6.737382953705802,4.589339658471886,0.00451802382884557
6.837381933080572,4.589791459317699,0.00451802382884557
6.937380912455342,4.590243260163513,0.00451802382884557
7.037379891830112,4.590695061009327,0.00451802382884557
7.137378871204882,4.59114686185514,0.00451802382884557
7.2373778505796516,4.591598662700954,0.00451802382884557
7.3373768299544215,4.592050463546768,0.00451802382884557
7.4373758093291915,4.592502264392581,0.00451802382884557
7.5373747887039615,4.592954065238395,0.00451802382884557
7.6373737680787315,4.5934058660842085,0.00451802382884557
7.7373727474535015,4.593857666930022,0.00451802382884557
7.837371726828271,4.594309467775836,0.00451802382884557
7.937370706203041,4.5947612686216495,0.00451802382884557
8.037369685577811,4.595213069467463,0.00451802382884557
8.137368664952582,4.595664870313277,0.00451802382884557
8.237367644327353,4.59611667115909,0.00451802382884557
8.337366623702124,4.596568472004904,0.00451802382884557
8.437365603076895,4.597020272850718,0.00451802382884557
8.537364582451666,4.597472073696531,0.00451802382884557
8.637363561826437,4.597923874542345,0.00451802382884557
8.737362541201207,4.598375675388159,0.00451802382884557
8.837361520575978,4.598827476233972,0.00451802382884557
8.93736049995075,4.599279277079786,0.00451802382884557
9.03735947932552,4.5997310779255995,0.00451802382884557
9.137358458700291,4.600182878771413,0.00451802382884557
9.237357438075062,4.600634679617227,0.00451802382884557
9.337356417449833,4.6010864804630405,0.00451802382884557
9.437355396824604,4.601538281308854,0.00451802382884557
9.437355396824604,4.601538281308854,0.16159765650833524
9.437355396824604,4.601538281308854,0.302969325919876
9.437355396824604,4.601538281308854,0.4302038283902626
9.437355396824604,4.601538281308854,0.5447148806136104
9.437355396824604,4.601538281308854,0.6477748276146237
9.437355396824604,4.601538281308854,0.7405287799155353
9.437355396824604,4.601538281308854,0.8240073369863562
9.437355396824604,4.601538281308854,0.9074858940571771
9.437355396824604,4.601538281308854,0.9826165954209156
9.437355396824604,4.601538281308854,1.0418863709411985
9.437355396824604,4.601538281308854,1.0952291689094524
9.437355396824604,4.601538281308854,1.1432376870808816
9.437355396824604,4.601538281308854,1.1864453534351673
9.437355396824604,4.601538281308854,1.2296530197894535
9.437355396824604,4.601538281308854,1.2642191528728823
9.437355396824604,4.601538281308854,1.2953286726479687
9.437355396824604,4.601538281308854,1.326438192423054
9.437355396824604,4.601538281308854,1.3513258082431225
9.437355396824604,4.601538281308854,1.3737246624811847
9.437355396824604,4.601538281308854,1.3938836312954408
9.437355396824604,4.601538281308854,1.4140426001096964
9.437355396824604,4.601538281308854,1.4321856720425268
9.437355396824604,4.601538281308854,1.4503287439753567
9.437355396824604,4.601538281308854,1.4628273046401952
9.437355396824604,4.601538281308854,1.47407600923855
9.437355396824604,4.601538281308854,1.4841998433770693
9.437355396824604,4.601538281308854,1.4933112941017366
9.437355396824604,4.601538281308854,1.5015115997539372
9.437355396824604,4.601538281308854,1.5097119054061376
9.437355396824604,4.601538281308854,1.5162721499278986
9.437355396824604,4.601538281308854,1.522832394449659
9.437355396824604,4.601538281308854,1.528080590067067
9.437355396824604,4.601538281308854,1.532803966122735
9.437355396824604,4.601538281308854,1.5370550045728355
9.437355396824604,4.601538281308854,1.541306043022936
9.437355396824604,4.601538281308854,1.5447068737830165
9.437355396824604,4.601538281308854,1.547767621467089
9.437355396824604,4.601538281308854,1.5505222943827546
9.437355396824604,4.601538281308854,1.5530015000068533
9.437355396824604,4.601538281308854,1.555232785068542
9.437355396824604,4.601538281308854,1.557240941624062
9.437355396824604,4.601538281308854,1.5590482825240302
9.437355396824604,4.601538281308854,1.560855623423998
9.437355396824604,4.601538281308854,1.5626629643239658
9.437355396824604,4.601538281308854,1.5641088370439404
9.437355396824604,4.601538281308854,1.5653739756739182
9.437355396824604,4.601538281308854,1.5663680131689002
9.437355396824604,4.601538281308854,1.5673620506638828
9.437355396824604,4.601538281308854,1.5681572806598685
9.437355396824604,4.601538281308854,1.5688729876562557
9.437355396824604,4.601538281308854,1.5695171239530044
9.437355396824604,4.601538281308854,1.5700968466200782
9.437355396824604,4.601538281308854,1.570618597020445
9.437355396824604,4.601538281308854,1.571088172380775
9.437355396824604,4.601538281308854,1.571557747741104
9.437355396824604,4.601538281308854,1.5719334080293683
9.437355396824604,4.601538281308854,1.5722715022888052
9.437355396824604,4.601538281308854,1.5725757871222996
9.437355396824604,4.601538281308854,1.5728496434724433
9.437355396824604,4.601538281308854,1.573096114187573
9.437355396824604,4.601538281308854,1.5733179378311906
9.437355396824604,4.601538281308854,1.5735175791104452
9.437355396824604,4.601538281308854,1.5737172203897005
9.437355396824604,4.601538281308854,1.5738968975410297
9.437355396824604,4.601538281308854,1.574038642849301
9.437355396824604,4.601538281308854,1.574180388157573
9.437355396824604,4.601538281308854,1.5742937844041895
9.437355396824604,4.601538281308854,1.5744071806508062
9.437174854524136,4.651537955352569,1.5744071806508062
9.436994312223668,4.701537629396284,1.5744071806508062
9.436849878383294,4.741537368631255,1.5744071806508062
9.43670544454292,4.781537107866227,1.5744071806508062
9.43658989747062,4.8135368992542045,1.5744071806508062
9.43647435039832,4.845536690642182,1.5744071806508062
9.436381912740481,4.871136523752564,1.5744071806508062
9.436289475082642,4.896736356862946,1.5744071806508062
9.43621552495637,4.917216223351252,1.5744071806508062
9.4361415748301,4.937696089839558,1.5744071806508062
9.436082414729082,4.954079983030202,1.5744071806508062
9.436023254628065,4.970463876220847,1.5744071806508062
9.43597592654725,4.983570990773362,1.5744071806508062
9.435928598466436,4.996678105325878,1.5744071806508062
9.435890736001785,5.00716379696789,1.5744071806508062
9.435852873537133,5.017649488609902,1.5744071806508062
9.435822583565413,5.0260380419235124,1.5744071806508062
9.435792293593693,5.0344265952371225,1.5744071806508062
9.435768061616315,5.04113743788801,1.5744071806508062
9.435746252836676,5.047177196273809,1.5744071806508062
9.435724444057037,5.053216954659608,1.5744071806508062
9.435706997033325,5.058048761368248,1.5744071806508062
9.435689550009613,5.062880568076888,1.5744071806508062
9.435675592390645,5.066746013443799,1.5744071806508062
9.435663030533572,5.07022491427402,1.5744071806508062
9.4356504686765,5.07370381510424,1.5744071806508062
9.435640419190841,5.076486935768417,1.5744071806508062
9.435630369705184,5.079270056432593,1.5744071806508062
9.435622330116658,5.081496552963934,1.5744071806508062
9.435614290528132,5.0837230494952745,1.5744071806508062
9.435607858857312,5.0855042467203475,1.5744071806508062
9.43560142718649,5.0872854439454205,1.5744071806508062
9.435596281849834,5.0887104017254785,1.5744071806508062
9.435591136513178,5.0901353595055365,1.5744071806508062
9.435585991176522,5.0915603172855946,1.5744071806508062
9.435580845839866,5.092985275065653,1.5744071806508062
9.43557570050321,5.094410232845711,1.5744071806508062
9.435570555166553,5.095835190625769,1.5744071806508062
9.435566944320543,5.096835184106643,1.5744071806508062
9.435563333474533,5.097835177587518,1.5744071806508062
9.435563333474533,5.097835177587518,1.7314868133302959
9.435563333474533,5.097835177587518,1.8728584827418369
9.435563333474533,5.097835177587518,2.0000929852122233
9.435563333474533,5.097835177587518,2.114604037435572
9.435563333474533,5.097835177587518,2.2176639844365846
9.435563333474533,5.097835177587518,2.3104179367374966
9.435563333474533,5.097835177587518,2.393896493808317
9.435563333474533,5.097835177587518,2.469027195172056
9.435563333474533,5.097835177587518,2.536644826399421
9.435563333474533,5.097835177587518,2.597500694504049
9.435563333474533,5.097835177587518,2.6522709757982144
9.435563333474533,5.097835177587518,2.701564228962963
9.435563333474533,5.097835177587518,2.745928156811237
9.435563333474533,5.097835177587518,2.7858556918746835
9.435563333474533,5.097835177587518,2.8217904734317854
9.435563333474533,5.097835177587518,2.854131776833177
9.435563333474533,5.097835177587518,2.8832389498944297
9.435563333474533,5.097835177587518,2.9094354056495573
9.435563333474533,5.097835177587518,2.933012215829172
9.435563333474533,5.097835177587518,2.9542313449908253
9.435563333474533,5.097835177587518,2.9754504741524785
9.435563333474533,5.097835177587518,2.996669603314132
9.435563333474533,5.097835177587518,3.017888732475785
9.435563333474533,5.097835177587518,3.0391078616374383
9.435563333474533,5.097835177587518,3.0603269907990915
9.435563333474533,5.097835177587518,3.081546119960745
9.435563333474533,5.097835177587518,3.102765249122398
9.435563333474533,5.097835177587518,3.1070090749547283
9.435563333474533,5.097835177587518,3.1108285182038258
9.435563333474533,5.097835177587518,3.1142660171280134
9.435563333474533,5.097835177587518,3.1173597661597823
9.435563333474533,5.097835177587518,3.1201441402883745
9.435563333474533,5.097835177587518,3.1226500770041072
9.435563333474533,5.097835177587518,3.12515601371984
9.435563333474533,5.097835177587518,3.127160763092426
9.435563333474533,5.097835177587518,3.128965037527754
9.435563333474533,5.097835177587518,3.1307693119630815
9.435563333474533,5.097835177587518,3.132573586398409
9.435563333474533,5.097835177587518,3.134377860833737
9.435563333474533,5.097835177587518,3.1361821352690646
9.435563333474533,5.097835177587518,3.1379864097043924
9.435563333474533,5.097835177587518,3.1387081194785234
9.435563333474533,5.097835177587518,3.1393576582752414
9.435563333474533,5.097835177587518,3.1399422431922877
9.435563333474533,5.097835177587518,3.140468369617629
9.435563333474533,5.097835177587518,3.1409418834004366
9.435563333474533,5.097835177587518,3.141415397183244
9.435563333474533,5.097835177587518,-3.141391098970096
9.435563333474533,5.097835177587518,-3.141050169046475
9.435563333474533,5.097835177587518,-3.140743332115216
9.435563333474533,5.097835177587518,-3.1404671788770826
9.435563333474533,5.097835177587518,-3.140218640962763
9.435563333474533,5.097835177587518,-3.139994956839875
9.435563333474533,5.097835177587518,-3.139793641129276
9.435563333474533,5.097835177587518,-3.139612456989737
9.435563333474533,5.097835177587518,-3.1394493912641512
9.435563333474533,5.097835177587518,-3.1393026321111246
9.435563333474533,5.097835177587518,-3.1391705488734005
9.435563333474533,5.097835177587518,-3.1390384656356765
9.435563333474533,5.097835177587518,-3.138932799045497
9.435563333474533,5.097835177587518,-3.1388271324553174
9.335563715879648,5.097558625826587,-3.1388271324553174
9.235564098284762,5.097282074065657,-3.1388271324553174
9.135564480689876,5.097005522304726,-3.1388271324553174
9.03556486309499,5.096728970543795,-3.1388271324553174
8.935565245500104,5.096452418782865,-3.1388271324553174
8.835565627905218,5.096175867021934,-3.1388271324553174
8.735566010310333,5.095899315261003,-3.1388271324553174
8.635566392715447,5.095622763500073,-3.1388271324553174
8.53556677512056,5.095346211739142,-3.1388271324553174
8.435567157525675,5.095069659978211,-3.1388271324553174
8.33556753993079,5.094793108217281,-3.1388271324553174
8.235567922335903,5.09451655645635,-3.1388271324553174
8.135568304741017,5.094240004695419,-3.1388271324553174
8.035568687146132,5.093963452934489,-3.1388271324553174
7.935569069551245,5.093686901173558,-3.1388271324553174
7.835569451956358,5.093410349412627,-3.1388271324553174
7.735569834361471,5.093133797651697,-3.1388271324553174
7.635570216766585,5.092857245890766,-3.1388271324553174
7.535570599171698,5.092580694129835,-3.1388271324553174
7.435570981576811,5.092304142368905,-3.1388271324553174
7.335571363981924,5.092027590607974,-3.1388271324553174
7.235571746387038,5.091751038847043,-3.1388271324553174
7.135572128792151,5.091474487086113,-3.1388271324553174
7.035572511197264,5.091197935325182,-3.1388271324553174
6.9355728936023775,5.090921383564251,-3.1388271324553174
6.835573276007491,5.090644831803321,-3.1388271324553174
6.735573658412604,5.09036828004239,-3.1388271324553174
6.635574040817717,5.090091728281459,-3.1388271324553174
6.5355744232228306,5.089815176520529,-3.1388271324553174
6.435574805627944,5.089538624759598,-3.1388271324553174
6.335575188033057,5.089262072998667,-3.1388271324553174
6.23557557043817,5.088985521237737,-3.1388271324553174
6.135575952843284,5.088708969476806,-3.1388271324553174
6.035576335248397,5.088432417715875,-3.1388271324553174
5.93557671765351,5.088155865954945,-3.1388271324553174
5.835577100058623,5.087879314194014,-3.1388271324553174
5.735577482463737,5.087602762433083,-3.1388271324553174
5.63557786486885,5.087326210672153,-3.1388271324553174
5.535578247273963,5.087049658911222,-3.1388271324553174
5.4355786296790765,5.086773107150291,-3.1388271324553174
5.33557901208419,5.086496555389361,-3.1388271324553174
5.235579394489303,5.08622000362843,-3.1388271324553174
5.135579776894416,5.085943451867499,-3.1388271324553174
5.0355801592995295,5.085666900106569,-3.1388271324553174
4.935580541704643,5.085390348345638,-3.1388271324553174
4.835580924109756,5.085113796584707,-3.1388271324553174
4.735581306514869,5.084837244823777,-3.1388271324553174
4.635581688919983,5.084560693062846,-3.1388271324553174
4.535582071325096,5.084284141301915,-3.1388271324553174
4.435582453730209,5.084007589540985,-3.1388271324553174
4.335582836135322,5.083731037780054,-3.1388271324553174
4.235583218540436,5.083454486019123,-3.1388271324553174
4.135583600945549,5.083177934258193,-3.1388271324553174
4.035583983350662,5.082901382497262,-3.1388271324553174
3.935584365755776,5.082624830736331,-3.1388271324553174
3.8355847481608896,5.082348278975401,-3.1388271324553174
3.7355851305660033,5.08207172721447,-3.1388271324553174
3.635585512971117,5.081795175453539,-3.1388271324553174
3.5355858953762307,5.081518623692609,-3.1388271324553174
3.4355862777813444,5.081242071931678,-3.1388271324553174
3.335586660186458,5.080965520170747,-3.1388271324553174
3.235587042591572,5.080688968409817,-3.1388271324553174
3.1355874249966855,5.080412416648886,-3.1388271324553174
3.0355878074017992,5.080135864887955,-3.1388271324553174
2.935588189806913,5.079859313127025,-3.1388271324553174
2.8355885722120266,5.079582761366094,-3.1388271324553174
2.7355889546171404,5.079306209605163,-3.1388271324553174
2.635589337022254,5.079029657844233,-3.1388271324553174
2.5355897194273678,5.078753106083302,-3.1388271324553174
2.4355901018324815,5.078476554322371,-3.1388271324553174
2.335590484237595,5.078200002561441,-3.1388271324553174
2.235590866642709,5.07792345080051,-3.1388271324553174
2.1355912490478226,5.077646899039579,-3.1388271324553174
2.0355916314529363,5.077370347278649,-3.1388271324553174
1.9355920138580498,5.077093795517718,-3.1388271324553174
1.8355923962631633,5.076817243756787,-3.1388271324553174
1.7355927786682768,5.076540691995857,-3.1388271324553174
1.6355931610733903,5.076264140234926,-3.1388271324553174
1.5355935434785037,5.075987588473995,-3.1388271324553174
1.4355939258836172,5.075711036713065,-3.1388271324553174
1.3355943082887307,5.075434484952134,-3.1388271324553174
1.2355946906938442,5.075157933191203,-3.1388271324553174
1.1355950730989577,5.074881381430273,-3.1388271324553174
1.0355954555040712,5.074604829669342,-3.1388271324553174
0.9355958379091847,5.074328277908411,-3.1388271324553174
0.8355962203142981,5.074051726147481,-3.1388271324553174
0.7355966027194116,5.07377517438655,-3.1388271324553174
0.6355969851245251,5.073498622625619,-3.1388271324553174
0.5355973675296386,5.073222070864689,-3.1388271324553174
0.43559774993475214,5.072945519103758,-3.1388271324553174
0.3355981323398657,5.072668967342827,-3.1388271324553174
0.23559851474497923,5.072392415581897,-3.1388271324553174
0.13559889715009277,5.072115863820966,-3.1388271324553174
0.03559927955520631,5.071839312060035,-3.1388271324553174
-0.06440033803968015,5.071562760299105,-3.1388271324553174
-0.1643999556345666,5.071286208538174,-3.1388271324553174
-0.26439957322945307,5.071009656777243,-3.1388271324553174
-0.3643991908243395,5.070733105016313,-3.1388271324553174
-0.464398808419226,5.070456553255382,-3.1388271324553174
-0.5643984260141124,5.070180001494451,-3.1388271324553174
-0.6643980436089989,5.069903449733521,-3.1388271324553174
-0.7643976612038854,5.06962689797259,-3.1388271324553174
-0.8643972787987719,5.069350346211659,-3.1388271324553174
-0.9643968963936584,5.069073794450729,-3.1388271324553174
-1.064396513988545,5.068797242689798,-3.1388271324553174
-1.1643961315834315,5.068520690928867,-3.1388271324553174
-1.264395749178318,5.068244139167937,-3.1388271324553174
-1.3643953667732045,5.067967587407006,-3.1388271324553174
-1.464394984368091,5.067691035646075,-3.1388271324553174
-1.5643946019629775,5.067414483885145,-3.1388271324553174
-1.664394219557864,5.067137932124214,-3.1388271324553174
-1.7643938371527506,5.066861380363283,-3.1388271324553174
-1.864393454747637,5.066584828602353,-3.1388271324553174
-1.9643930723425236,5.066308276841422,-3.1388271324553174
-2.06439268993741,5.066031725080491,-3.1388271324553174
-2.1643923075322964,5.065755173319561,-3.1388271324553174
-2.2643919251271827,5.06547862155863,-3.1388271324553174
-2.364391542722069,5.065202069797699,-3.1388271324553174
-2.4643911603169553,5.064925518036769,-3.1388271324553174
-2.5643907779118416,5.064648966275838,-3.1388271324553174
-2.664390395506728,5.064372414514907,-3.1388271324553174
-2.764390013101614,5.064095862753977,-3.1388271324553174
-2.8643896306965004,5.063819310993046,-3.1388271324553174
-2.9643892482913867,5.063542759232115,-3.1388271324553174
-3.064388865886273,5.063266207471185,-3.1388271324553174
-3.1643884834811593,5.062989655710254,-3.1388271324553174
-3.2643881010760456,5.062713103949323,-3.1388271324553174
-3.364387718670932,5.062436552188393,-3.1388271324553174
-3.464387336265818,5.062160000427462,-3.1388271324553174
-3.5643869538607045,5.061883448666531,-3.1388271324553174
-3.6643865714555908,5.061606896905601,-3.1388271324553174
-3.764386189050477,5.06133034514467,-3.1388271324553174
-3.8643858066453634,5.061053793383739,-3.1388271324553174
-3.9643854242402496,5.060777241622809,-3.1388271324553174
-4.064385041835136,5.060500689861878,-3.1388271324553174
-4.164384659430023,5.060224138100947,-3.1388271324553174
-4.264384277024909,5.059947586340017,-3.1388271324553174
-4.364383894619796,5.059671034579086,-3.1388271324553174
-4.464383512214683,5.059394482818155,-3.1388271324553174
-4.56438312980957,5.059117931057225,-3.1388271324553174
-4.664382747404456,5.058841379296294,-3.1388271324553174
-4.764382364999343,5.058564827535363,-3.1388271324553174
-4.86438198259423,5.058288275774433,-3.1388271324553174
-4.964381600189117,5.058011724013502,-3.1388271324553174
-5.064381217784003,5.057735172252571,-3.1388271324553174
-5.16438083537889,5.057458620491641,-3.1388271324553174
-5.264380452973777,5.05718206873071,-3.1388271324553174
-5.3643800705686635,5.056905516969779,-3.1388271324553174
-5.46437968816355,5.056628965208849,-3.1388271324553174
-5.564379305758437,5.056352413447918,-3.1388271324553174
-5.664378923353324,5.056075861686987,-3.1388271324553174
-5.7643785409482104,5.055799309926057,-3.1388271324553174
-5.864378158543097,5.055522758165126,-3.1388271324553174
-5.964377776137984,5.055246206404195,-3.1388271324553174
-6.064377393732871,5.054969654643265,-3.1388271324553174
-6.164377011327757,5.054693102882334,-3.1388271324553174
-6.264376628922644,5.054416551121403,-3.1388271324553174
-6.364376246517531,5.054139999360473,-3.1388271324553174
-6.464375864112418,5.053863447599542,-3.1388271324553174
-6.564375481707304,5.053586895838611,-3.1388271324553174
-6.664375099302191,5.053310344077681,-3.1388271324553174
-6.764374716897078,5.05303379231675,-3.1388271324553174
-6.8643743344919645,5.052757240555819,-3.1388271324553174
-6.964373952086851,5.052480688794889,-3.1388271324553174
-7.064373569681738,5.052204137033958,-3.1388271324553174
-7.164373187276625,5.051927585273027,-3.1388271324553174
-7.2643728048715115,5.051651033512097,-3.1388271324553174
-7.364372422466398,5.051374481751166,-3.1388271324553174
-7.464372040061285,5.051097929990235,-3.1388271324553174
-7.564371657656172,5.050821378229305,-3.1388271324553174
-7.664371275251058,5.050544826468374,-3.1388271324553174
-7.764370892845945,5.050268274707443,-3.1388271324553174
-7.864370510440832,5.049991722946513,-3.1388271324553174
-7.964370128035719,5.049715171185582,-3.1388271324553174
-8.064369745630605,5.049438619424651,-3.1388271324553174
-8.164369363225491,5.049162067663721,-3.1388271324553174
-8.264368980820377,5.04888551590279,-3.1388271324553174
-8.364368598415263,5.0486089641418594,-3.1388271324553174
-8.464368216010149,5.048332412380929,-3.1388271324553174
-8.564367833605035,5.048055860619998,-3.1388271324553174
-8.66436745119992,5.0477793088590674,-3.1388271324553174
-8.764367068794806,5.047502757098137,-3.1388271324553174
-8.864366686389692,5.047226205337206,-3.1388271324553174
-8.964366303984578,5.0469496535762755,-3.1388271324553174
-9.064365921579464,5.046673101815345,-3.1388271324553174
-9.16436553917435,5.046396550054414,-3.1388271324553174
-9.264365156769236,5.0461199982934835,-3.1388271324553174
-9.364364774364121,5.045843446532553,-3.1388271324553174
-9.364364774364121,5.045843446532553,2.987278542044779
-9.364364774364121,5.045843446532553,2.8459068726332384
-9.364364774364121,5.045843446532553,2.7186723701628517
-9.364364774364121,5.045843446532553,2.591437867692465
-9.364364774364121,5.045843446532553,2.489650265716156
-9.364364774364121,5.045843446532553,2.387862663739847
-9.364364774364121,5.045843446532553,2.3064325821587994
-9.364364774364121,5.045843446532553,2.2331455087358574
-9.364364774364121,5.045843446532553,2.1671871426552083
-9.364364774364121,5.045843446532553,2.1078246131826246
-9.364364774364121,5.045843446532553,2.0543983366572998
-9.364364774364121,5.045843446532553,2.006314687784507
-9.364364774364121,5.045843446532553,1.9630394037989936
-9.364364774364121,5.045843446532553,1.9240916482120307
-9.364364774364121,5.045843446532553,1.8890386681837654
-9.364364774364121,5.045843446532553,1.8539856881554992
-9.364364774364121,5.045843446532553,1.825943304132887
-9.364364774364121,5.045843446532553,1.800705158512535
-9.364364774364121,5.045843446532553,1.7779908274542187
-9.364364774364121,5.045843446532553,1.7575479295017349
-9.364364774364121,5.045843446532553,1.7371050315492498
-9.364364774364121,5.045843446532553,1.7207507131872626
-9.364364774364121,5.045843446532553,1.7060318266614736
-9.364364774364121,5.045843446532553,1.6913129401356841
-9.364364774364121,5.045843446532553,1.679537830915053
-9.364364774364121,5.045843446532553,1.6689402326164853
-9.364364774364121,5.045843446532553,1.659402394147774
-9.364364774364121,5.045843446532553,1.6508183395259335
-9.364364774364121,5.045843446532553,1.6430926903662775
-9.364364774364121,5.045843446532553,1.636139606122587
-9.364364774364121,5.045843446532553,1.6291865218788968
-9.364364774364121,5.045843446532553,1.623624054483944
-9.364364774364121,5.045843446532553,1.6186178338284876
-9.364364774364121,5.045843446532553,1.614112235238576
-9.364364774364121,5.045843446532553,1.6100571965076558
-9.364364774364121,5.045843446532553,1.6064076616498268
-9.364364774364121,5.045843446532553,1.602758126791999
-9.364364774364121,5.045843446532553,1.5998384989057364
-9.364364774364121,5.045843446532553,1.5972108338081
-9.364364774364121,5.045843446532553,1.5945831687104635
-9.364364774364121,5.045843446532553,1.5924810366323545
-9.364364774364121,5.045843446532553,1.5905891177620557
-9.364364774364121,5.045843446532553,1.5888863907787876
-9.364364774364121,5.045843446532553,1.5873539364938463
-9.364364774364121,5.045843446532553,1.5859747276373988
-9.364364774364121,5.045843446532553,1.584733439666596
-9.364364774364121,5.045843446532553,1.583616280492874
-9.364364774364121,5.045843446532553,1.5826108372365235
-9.364364774364121,5.045843446532553,1.5816053939801737
-9.364364774364121,5.045843446532553,1.5808010393750929
-9.364364774364121,5.045843446532553,1.5800771202305206
-9.364364774364121,5.045843446532553,1.5794255930004062
-9.364364774364121,5.045843446532553,1.578839218493303
-9.364364774364121,5.045843446532553,1.57831148143691
-9.364364774364121,5.045843446532553,1.5777837443805172
-9.364364774364121,5.045843446532553,1.5773615547354025
-9.364364774364121,5.045843446532553,1.5769815840547994
-9.364364774364121,5.045843446532553,1.5766396104422569
-9.364364774364121,5.045843446532553,1.5762976368297141
-9.364364774364121,5.045843446532553,1.576024057939681
-9.364364774364121,5.045843446532553,1.5757778369386493
-9.364364774364121,5.045843446532553,1.5755562380377217
-9.364364774364121,5.045843446532553,1.5753567990268869
-9.364364774364121,5.045843446532553,1.5751773039171353
-9.364364774364121,5.045843446532553,1.5749978088073842
-9.364364774364121,5.045843446532553,1.5748542127195833
-9.364364774364121,5.045843446532553,1.574724976240562
-9.364364774364121,5.045843446532553,1.5745957397615413
-9.364364774364121,5.045843446532553,1.5744923505783242
-9.364364774364121,5.045843446532553,1.7315719832578136
-9.364364774364121,5.045843446532553,1.888651615937303
-9.364364774364121,5.045843446532553,2.0457312486167933
-9.364364774364121,5.045843446532553,2.1556869914924355
-9.364364774364121,5.045843446532553,2.254647160080514
-9.364364774364121,5.045843446532553,2.3437113118097845
-9.364364774364121,5.045843446532553,2.4327754635390546
-9.364364774364121,5.045843446532553,2.5040267849224715
-9.364364774364121,5.045843446532553,2.5681529741675466
-9.364364774364121,5.045843446532553,2.625866544488114
-9.364364774364121,5.045843446532553,2.6835801148086813
-9.364364774364121,5.045843446532553,2.729750971065135
-9.364364774364121,5.045843446532553,2.7713047416959435
-9.364364774364121,5.045843446532553,2.8087031352636713
-9.364364774364121,5.045843446532553,2.846101528831399
-9.364364774364121,5.045843446532553,2.876020243685581
-9.364364774364121,5.045843446532553,2.9029470870543452
-9.364364774364121,5.045843446532553,2.9271812460862328
-9.364364774364121,5.045843446532553,2.9514154051181203
-9.364364774364121,5.045843446532553,2.97080273234363
-9.364364774364121,5.045843446532553,2.9882513268465893
-9.364364774364121,5.045843446532553,3.0039550618992523
-9.364364774364121,5.045843446532553,3.018088423446649
-9.364364774364121,5.045843446532553,3.030808448839306
-9.364364774364121,5.045843446532553,3.0422564716926974
-9.364364774364121,5.045843446532553,3.0525596922607496
-9.364364774364121,5.045843446532553,3.0618325907719965
-9.364364774364121,5.045843446532553,3.070178199432119
-9.364364774364121,5.045843446532553,3.077689247226229
-9.364364774364121,5.045843446532553,3.085200295020339
-9.364364774364121,5.045843446532553,3.0927113428144493
-9.364364774364121,5.045843446532553,3.1002223906085593
-9.364364774364121,5.045843446532553,3.1047290192850254
-9.364364774364121,5.045843446532553,3.1087849850938447
-9.364364774364121,5.045843446532553,3.112840950902664
-9.364364774364121,5.045843446532553,3.1164913201306015
-9.364364774364121,5.045843446532553,3.1193710558548635
-9.364364774364121,5.045843446532553,3.121962818006699
-9.364364774364121,5.045843446532553,3.124554580158535
-9.364364774364121,5.045843446532553,3.1266279898800033
-9.364364774364121,5.045843446532553,3.1284940586293253
-9.364364774364121,5.045843446532553,3.130173520503715
-9.364364774364121,5.045843446532553,3.1316850361906656
-9.364364774364121,5.045843446532553,3.133045400308921
-9.364364774364121,5.045843446532553,3.1342697280153513
-9.364364774364121,5.045843446532553,3.1354940557217814
-9.364364774364121,5.045843446532553,3.1364735178869254
-9.364364774364121,5.045843446532553,3.1374529800520694
-9.364364774364121,5.045843446532553,3.1382365497841844
-9.364364774364121,5.045843446532553,3.1390201195162994
-9.364364774364121,5.045843446532553,3.1396469753019915
-9.364364774364121,5.045843446532553,3.1402738310876837
-9.364364774364121,5.045843446532553,3.1408380012948065
-9.364364774364121,5.045843446532553,3.141283068902648
-9.364364774364121,5.045843446532553,-3.141501677429881
-9.364364774364121,5.045843446532553,-3.1411411726675293
-9.364364774364121,5.045843446532553,-3.1407806679051777
-9.364364774364121,5.045843446532553,-3.1404562136190615
-9.364364774364121,5.045843446532553,-3.140200255237792
-9.364364774364121,5.045843446532553,-3.139969892694649
-9.364364774364121,5.045843446532553,-3.1397625664058206
-9.364364774364121,5.045843446532553,-3.139555240116992
-9.364364774364121,5.045843446532553,-3.1393686464570467
-9.364364774364121,5.045843446532553,-3.139221444791979
-9.364364774364121,5.045843446532553,-3.1390889632934176
-9.364364774364121,5.045843446532553,-3.1389697299447126
-9.364364774364121,5.045843446532553,-3.1388504965960076
-9.364364774364121,5.045843446532553,-3.1387312632473026
-9.364364774364121,5.045843446532553,-2.981651630567813
-9.364364774364121,5.045843446532553,-2.840279961156272
-9.364364774364121,5.045843446532553,-2.7130454586858854
-9.364364774364121,5.045843446532553,-2.5985344064625373
-9.364364774364121,5.045843446532553,-2.484023354239189
-9.364364774364121,5.045843446532553,-2.392414512460511
-9.364364774364121,5.045843446532553,-2.3099665548597006
-9.364364774364121,5.045843446532553,-2.235763393018971
-9.364364774364121,5.045843446532553,-2.1689805473623145
-9.364364774364121,5.045843446532553,-2.102197701705658
-9.364364774364121,5.045843446532553,-2.0487714251803326
-9.364364774364121,5.045843446532553,-2.00068777630754
-9.364364774364121,5.045843446532553,-1.9526041274347476
-9.364364774364121,5.045843446532553,-1.909328843449233
-9.364364774364121,5.045843446532553,-1.8751894527495514
-9.364364774364121,5.045843446532553,-1.8410500620498682
-9.364364774364121,5.045843446532553,-1.813738549490123
-9.364364774364121,5.045843446532553,-1.7891581881863505
-9.364364774364121,5.045843446532553,-1.7670358630129568
-9.364364774364121,5.045843446532553,-1.7471257703569005
-9.364364774364121,5.045843446532553,-1.7292066869664522
-9.364364774364121,5.045843446532553,-1.7130795119150473
-9.364364774364121,5.045843446532553,-1.698565054368783
-9.364364774364121,5.045843446532553,-1.684050596822519
-9.364364774364121,5.045843446532553,-1.6724390307855075
-9.364364774364121,5.045843446532553,-1.6619886213521973
-9.364364774364121,5.045843446532553,-1.6515382119188873
-9.364364774364121,5.045843446532553,-1.6410878024855766
-9.364364774364121,5.045843446532553,-1.63377251588226
-9.364364774364121,5.045843446532553,-1.627188757939274
-9.364364774364121,5.045843446532553,-1.6212633757905879
-9.364364774364121,5.045843446532553,-1.615337993641901
-9.364364774364121,5.045843446532553,-1.6094126114932141
-9.364364774364121,5.045843446532553,-1.6052648439891333
-9.364364774364121,5.045843446532553,-1.6015318532354605
-9.364364774364121,5.045843446532553,-1.5981721615571554
-9.364364774364121,5.045843446532553,-1.5951484390466806
-9.364364774364121,5.045843446532553,-1.5924270887872527
-9.364364774364121,5.045843446532553,-1.5899778735537682
-9.364364774364121,5.045843446532553,-1.5877735798436317
-9.364364774364121,5.045843446532553,-1.5857897155045093
-9.364364774364121,5.045843446532553,-1.5840042375992993
-9.364364774364121,5.045843446532553,-1.5823973074846096
-9.364364774364121,5.045843446532553,-1.5809510703813894
-9.364364774364121,5.045843446532553,-1.579649456988491
-9.364364774364121,5.045843446532553,-1.5784780049348826
-9.364364774364121,5.045843446532553,-1.5774236980866347
-9.364364774364121,5.045843446532553,-1.5763693912383872
-9.364364774364121,5.045843446532553,-1.5754205150749647
-9.364364774364121,5.045843446532553,-1.5746719572127088
-9.364364774364121,5.045843446532553,-1.5739982551366778
-9.364364774364121,5.045843446532553,-1.5733919232682512
-9.364364774364121,5.045843446532553,-1.572785591399824
-9.364364774364121,5.045843446532553,-1.5723005259050824
-9.364364774364121,5.045843446532553,-1.5718639669598147
-9.364364774364121,5.045843446532553,-1.571471063909074
-9.364364774364121,5.045843446532553,-1.5711174511634074
-9.364364774364121,5.045843446532553,-1.570799199692307
-9.364364774364121,5.045843446532553,-1.5704809482212068
-9.364364774364121,5.045843446532553,-1.5701945218972164
-9.364364774364121,5.045843446532553,-1.5699399207203368
-9.364364774364121,5.045843446532553,-1.5697394222935437
-9.364364774364121,5.045843446532553,-1.5695589737094298
-9.364364774364121,5.045843446532553,-1.5693965699837276
-9.364364774364121,5.045843446532553,-1.5692504066305955
-9.364364774364121,5.045843446532553,-1.5691188596127768
-9.364364774364121,5.045843446532553,-1.5690004672967395
-9.364364774364121,5.045843446532553,-1.5688939142123062
-9.364174533220615,4.94584362749118,-1.5688939142123062
-9.363984292077108,4.845843808449807,-1.5688939142123062
-9.3637940509336,4.745843989408434,-1.5688939142123062
-9.363603809790094,4.645844170367061,-1.5688939142123062
-9.363413568646587,4.545844351325688,-1.5688939142123062
-9.36322332750308,4.445844532284315,-1.5688939142123062
-9.363033086359573,4.3458447132429425,-1.5688939142123062
-9.362842845216067,4.24584489420157,-1.5688939142123062
-9.36265260407256,4.145845075160197,-1.5688939142123062
-9.362462362929053,4.045845256118824,-1.5688939142123062
-9.362272121785546,3.945845437077451,-1.5688939142123062
-9.36208188064204,3.845845618036078,-1.5688939142123062
-9.361891639498532,3.745845798994705,-1.5688939142123062
-9.361701398355025,3.6458459799533323,-1.5688939142123062
-9.361511157211519,3.5458461609119594,-1.5688939142123062
-9.361320916068012,3.4458463418705865,-1.5688939142123062
-9.361130674924505,3.3458465228292136,-1.5688939142123062
-9.360940433780998,3.2458467037878407,-1.5688939142123062
-9.360750192637491,3.145846884746468,-1.5688939142123062
-9.360559951493984,3.045847065705095,-1.5688939142123062
-9.360369710350477,2.945847246663722,-1.5688939142123062
-9.36017946920697,2.845847427622349,-1.5688939142123062
-9.359989228063464,2.745847608580976,-1.5688939142123062
-9.359798986919957,2.6458477895396033,-1.5688939142123062
-9.35960874577645,2.5458479704982304,-1.5688939142123062
-9.359418504632943,2.4458481514568575,-1.5688939142123062
-9.359228263489436,2.3458483324154846,-1.5688939142123062
-9.35903802234593,2.2458485133741117,-1.5688939142123062
-9.358847781202423,2.145848694332739,-1.5688939142123062
-9.358657540058916,2.045848875291366,-1.5688939142123062
-9.358467298915409,1.945849056249993,-1.5688939142123062
-9.358277057771902,1.8458492372086202,-1.5688939142123062
-9.358086816628395,1.7458494181672473,-1.5688939142123062
-9.357896575484888,1.6458495991258744,-1.5688939142123062
-9.357706334341382,1.5458497800845015,-1.5688939142123062
-9.357516093197875,1.4458499610431286,-1.5688939142123062
-9.357325852054368,1.3458501420017557,-1.5688939142123062
-9.357135610910861,1.2458503229603828,-1.5688939142123062
-9.356945369767354,1.1458505039190099,-1.5688939142123062
-9.356755128623847,1.045850684877637,-1.5688939142123062
-9.35656488748034,0.9458508658362641,-1.5688939142123062
-9.356374646336834,0.8458510467948912,-1.5688939142123062
-9.356184405193327,0.7458512277535183,-1.5688939142123062
-9.35599416404982,0.6458514087121454,-1.5688939142123062
-9.355803922906313,0.5458515896707725,-1.5688939142123062
-9.355613681762806,0.4458517706293996,-1.5688939142123062
-9.3554234406193,0.34585195158802673,-1.5688939142123062
-9.355233199475792,0.24585213254665386,-1.5688939142123062
-9.355042958332286,0.145852313505281,-1.5688939142123062
-9.354852717188779,0.04585249446390813,-1.5688939142123062
-9.354662476045272,-0.05414732457746474,-1.5688939142123062
-9.354472234901765,-0.1541471436188376,-1.5688939142123062
-9.354281993758258,-0.2541469626602105,-1.5688939142123062
-9.354091752614751,-0.3541467817015833,-1.5688939142123062
-9.353901511471244,-0.4541466007429562,-1.5688939142123062
-9.353711270327738,-0.5541464197843291,-1.5688939142123062
-9.35352102918423,-0.654146238825702,-1.5688939142123062
-9.353330788040724,-0.7541460578670749,-1.5688939142123062
-9.353140546897217,-0.8541458769084478,-1.5688939142123062
-9.35295030575371,-0.9541456959498207,-1.5688939142123062
-9.352760064610203,-1.0541455149911936,-1.5688939142123062
-9.352569823466697,-1.1541453340325665,-1.5688939142123062
-9.35237958232319,-1.2541451530739394,-1.5688939142123062
-9.352189341179683,-1.3541449721153123,-1.5688939142123062
-9.351999100036176,-1.4541447911566852,-1.5688939142123062
-9.351808858892669,-1.554144610198058,-1.5688939142123062
-9.351618617749162,-1.654144429239431,-1.5688939142123062
-9.351428376605655,-1.7541442482808038,-1.5688939142123062
-9.351238135462149,-1.8541440673221767,-1.5688939142123062
-9.351047894318642,-1.9541438863635496,-1.5688939142123062
-9.350857653175135,-2.0541437054049223,-1.5688939142123062
-9.350667412031628,-2.154143524446295,-1.5688939142123062
-9.350477170888121,-2.254143343487668,-1.5688939142123062
-9.350286929744614,-2.354143162529041,-1.5688939142123062
-9.350096688601107,-2.454142981570414,-1.5688939142123062
-9.3499064474576,-2.554142800611787,-1.5688939142123062
-9.349716206314094,-2.6541426196531597,-1.5688939142123062
-9.349525965170587,-2.7541424386945326,-1.5688939142123062
-9.34933572402708,-2.8541422577359055,-1.5688939142123062
-9.349145482883573,-2.9541420767772784,-1.5688939142123062
-9.348955241740066,-3.0541418958186513,-1.5688939142123062
-9.34876500059656,-3.154141714860024,-1.5688939142123062
-9.348574759453053,-3.254141533901397,-1.5688939142123062
-9.348384518309546,-3.35414135294277,-1.5688939142123062
-9.348194277166039,-3.454141171984143,-1.5688939142123062
-9.348004036022532,-3.5541409910255157,-1.5688939142123062
-9.347813794879025,-3.6541408100668886,-1.5688939142123062
-9.347623553735518,-3.7541406291082615,-1.5688939142123062
-9.347433312592011,-3.8541404481496344,-1.5688939142123062
-9.347243071448505,-3.9541402671910073,-1.5688939142123062
-9.347052830304998,-4.05414008623238,-1.5688939142123062
-9.346862589161491,-4.154139905273753,-1.5688939142123062
-9.346672348017984,-4.2541397243151255,-1.5688939142123062
-9.346482106874477,-4.354139543356498,-1.5688939142123062
-9.34629186573097,-4.454139362397871,-1.5688939142123062
-9.346101624587464,-4.554139181439244,-1.5688939142123062
-9.345911383443957,-4.654139000480617,-1.5688939142123062
-9.34572114230045,-4.75413881952199,-1.5688939142123062
-9.345530901156943,-4.854138638563363,-1.5688939142123062
-9.345340660013436,-4.954138457604736,-1.5688939142123062
-9.34515041886993,-5.054138276646109,-1.5688939142123062
-9.344960177726422,-5.154138095687482,-1.5688939142123062
-9.344960177726422,-5.154138095687482,-1.725973546891796
-9.344960177726422,-5.154138095687482,-1.8673452163033364
-9.344960177726422,-5.154138095687482,-1.9945797187737235
-9.344960177726422,-5.154138095687482,-2.1218142212441102
-9.344960177726422,-5.154138095687482,-2.223601823220419
-9.344960177726422,-5.154138095687482,-2.315210664999097
-9.344960177726422,-5.154138095687482,-2.4068195067777753
-9.344960177726422,-5.154138095687482,-2.4984283485564536
-9.344960177726422,-5.154138095687482,-2.5717154219793965
-9.344960177726422,-5.154138095687482,-2.6285129038821773
-9.344960177726422,-5.154138095687482,-2.6796306375946797
-9.344960177726422,-5.154138095687482,-2.725636597935932
-9.344960177726422,-5.154138095687482,-2.7670419622430593
-9.344960177726422,-5.154138095687482,-2.804306790119474
-9.344960177726422,-5.154138095687482,-2.8378451352082465
-9.344960177726422,-5.154138095687482,-2.868029645788142
-9.344960177726422,-5.154138095687482,-2.8982141563680375
-9.344960177726422,-5.154138095687482,-2.922361764831954
-9.344960177726422,-5.154138095687482,-2.944094612449479
-9.344960177726422,-5.154138095687482,-2.963654175305251
-9.344960177726422,-5.154138095687482,-2.9812577818754464
-9.344960177726422,-5.154138095687482,-2.997101027788622
-9.344960177726422,-5.154138095687482,-3.01135994911048
-9.344960177726422,-5.154138095687482,-3.0256188704323383
-9.344960177726422,-5.154138095687482,-3.0370260074898248
-9.344960177726422,-5.154138095687482,-3.048433144547311
-9.344960177726422,-5.154138095687482,-3.0575588541933003
-9.344960177726422,-5.154138095687482,-3.0657719928746907
-9.344960177726422,-5.154138095687482,-3.073163817687942
-9.344960177726422,-5.154138095687482,-3.079816460019868
-9.344960177726422,-5.154138095687482,-3.0858038381186015
-9.344960177726422,-5.154138095687482,-3.0911924784074616
-9.344960177726422,-5.154138095687482,-3.0965811186963217
-9.344960177726422,-5.154138095687482,-3.101969758985182
-9.344960177726422,-5.154138095687482,-3.107358399274042
-9.344960177726422,-5.154138095687482,-3.112747039562902
-9.344960177726422,-5.154138095687482,-3.118135679851762
-9.344960177726422,-5.154138095687482,-3.1202911359673062
-9.344960177726422,-5.154138095687482,-3.122231046471296
-9.344960177726422,-5.154138095687482,-3.1239769659248866
-9.344960177726422,-5.154138095687482,-3.125548293433118
-9.344960177726422,-5.154138095687482,-3.1269624881905265
-9.344960177726422,-5.154138095687482,-3.128235263472194
-9.344960177726422,-5.154138095687482,-3.1293807612256948
-9.344960177726422,-5.154138095687482,-3.1305262589791956
-9.344960177726422,-5.154138095687482,-3.1315572069573463
-9.344960177726422,-5.154138095687482,-3.132370510362332
-9.344960177726422,-5.154138095687482,-3.133102483426819
-9.344960177726422,-5.154138095687482,-3.1338344564913063
-9.344960177726422,-5.154138095687482,-3.1345664295557936
-9.344960177726422,-5.154138095687482,-3.135298402620281
-9.344960177726422,-5.154138095687482,-3.136030375684768
-9.344960177726422,-5.154138095687482,-3.1367623487492553
-9.344960177726422,-5.154138095687482,-3.13705513797505
-9.344960177726422,-5.154138095687482,-3.1373186482782653
-9.344960177726422,-5.154138095687482,-3.137555807551159
-9.344960177726422,-5.154138095687482,-3.1377692508967634
-9.344960177726422,-5.154138095687482,-3.1379826942423676
-9.344960177726422,-5.154138095687482,-3.138153448918851
-9.344960177726422,-5.154138095687482,-3.1383242035953343
-9.344960177726422,-5.154138095687482,-3.138460807336521
-9.344960177726422,-5.154138095687482,-3.138583750703589
-9.344960177726422,-5.154138095687482,-3.1386943997339505
