-9.45,-5.45,0.0
-9.399999999999999,-5.45,0.0
-9.349999999999998,-5.45,0.0
-9.309999999999999,-5.45,0.0
-9.27,-5.45,0.0
-9.238,-5.45,0.0
-9.206,-5.45,0.0
-9.180399999999999,-5.45,0.0
-9.154799999999998,-5.45,0.0
-9.134319999999999,-5.45,0.0
-9.11384,-5.45,0.0
-9.097456,-5.45,0.0
-9.081071999999999,-5.45,0.0
-9.067964799999999,-5.45,0.0
-9.054857599999998,-5.45,0.0
-9.044371839999998,-5.45,0.0
-9.033886079999998,-5.45,0.0
-9.025497471999998,-5.45,0.0
-9.017108863999997,-5.45,0.0
-9.010397977599997,-5.45,0.0
-9.003687091199996,-5.45,0.0
-8.998318382079997,-5.45,0.0
-8.992949672959998,-5.45,0.0
-8.988654705663999,-5.45,0.0
-8.984359738368,-5.45,0.0
-8.9809237645312,-5.45,0.0
-8.9774877906944,-5.45,0.0
-8.97473901162496,-5.45,0.0
-8.97199023255552,-5.45,0.0
-8.969791209299968,-5.45,0.0
-8.967592186044417,-5.45,0.0
-8.965832967439976,-5.45,0.0
-8.964073748835535,-5.45,0.0
-8.962666373951981,-5.45,0.0
-8.961258999068427,-5.45,0.0
-8.960133099161585,-5.45,0.0
-8.959007199254742,-5.45,0.0
-8.958007199254743,-5.45,0.0
-8.957007199254743,-5.45,0.0
-8.956007199254744,-5.45,0.0
-8.955007199254744,-5.45,0.0
-8.954007199254745,-5.45,0.0
-8.953007199254746,-5.45,0.0
-8.903007199254745,-5.45,0.0
-8.853007199254744,-5.45,0.0
-8.813007199254745,-5.45,0.0
-8.773007199254746,-5.45,0.0
-8.741007199254746,-5.45,0.0
-8.709007199254746,-5.45,0.0
-8.683407199254745,-5.45,0.0
-8.657807199254744,-5.45,0.0
-8.637327199254745,-5.45,0.0
-8.616847199254746,-5.45,0.0
-8.600463199254746,-5.45,0.0
-8.584079199254745,-5.45,0.0
-8.570971999254745,-5.45,0.0
-8.557864799254745,-5.45,0.0
-8.547379039254745,-5.45,0.0
-8.536893279254745,-5.45,0.0
-8.528504671254744,-5.45,0.0
-8.520116063254743,-5.45,0.0
-8.513405176854743,-5.45,0.0
-8.506694290454742,-5.45,0.0
-8.501325581334743,-5.45,0.0
-8.495956872214744,-5.45,0.0
-8.491661904918745,-5.45,0.0
-8.487366937622745,-5.45,0.0
-8.483930963785946,-5.45,0.0
-8.480494989949147,-5.45,0.0
-8.477746210879706,-5.45,0.0
-8.474997431810266,-5.45,0.0
-8.472798408554715,-5.45,0.0
-8.470599385299163,-5.45,0.0
-8.468840166694722,-5.45,0.0
-8.467080948090281,-5.45,0.0
-8.465673573206727,-5.45,0.0
-8.464266198323173,-5.45,0.0
-8.46314029841633,-5.45,0.0
-8.462014398509488,-5.45,0.0
-8.461014398509489,-5.45,0.0
-8.46001439850949,-5.45,0.0
-8.45901439850949,-5.45,0.0
-8.45801439850949,-5.45,0.0
-8.457014398509491,-5.45,0.0
-8.456014398509492,-5.45,0.0
-8.406014398509491,-5.45,0.0
-8.35601439850949,-5.45,0.0
-8.316014398509491,-5.45,0.0
-8.276014398509492,-5.45,0.0
-8.240014398509492,-5.45,0.0
-8.204014398509493,-5.45,0.0
-8.179214398509492,-5.45,0.0
-8.154414398509491,-5.45,0.0
-8.134574398509491,-5.45,0.0
-8.11473439850949,-5.45,0.0
-8.09886239850949,-5.45,0.0
-8.08299039850949,-5.45,0.0
-8.070292798509492,-5.45,0.0
-8.057595198509492,-5.45,0.0
-8.047437118509492,-5.45,0.0
-8.037279038509492,-5.45,0.0
-8.029152574509492,-5.45,0.0
-8.021026110509492,-5.45,0.0
-8.014524939309492,-5.45,0.0
-8.008023768109492,-5.45,0.0
-8.002822831149492,-5.45,0.0
-7.997621894189493,-5.45,0.0
-7.9934611446214925,-5.45,0.0
-7.989300395053492,-5.45,0.0
-7.9859717953990925,-5.45,0.0
-7.982643195744693,-5.45,0.0
-7.979980316021173,-5.45,0.0
-7.977317436297653,-5.45,0.0
-7.975187132518837,-5.45,0.0
-7.97305682874002,-5.45,0.0
-7.971352585716968,-5.45,0.0
-7.969648342693915,-5.45,0.0
-7.968284948275473,-5.45,0.0
-7.966921553857031,-5.45,0.0
-7.965694498880432,-5.45,0.0
-7.964467443903834,-5.45,0.0
-7.963467443903833,-5.45,0.0
-7.962467443903833,-5.45,0.0
-7.961467443903833,-5.45,0.0
-7.960467443903832,-5.45,0.0
-7.9104674439038325,-5.45,0.0
-7.860467443903833,-5.45,0.0
-7.820467443903833,-5.45,0.0
-7.780467443903833,-5.45,0.0
-7.748467443903833,-5.45,0.0
-7.7164674439038325,-5.45,0.0
-7.690867443903833,-5.45,0.0
-7.665267443903833,-5.45,0.0
-7.644787443903833,-5.45,0.0
-7.624307443903833,-5.45,0.0
-7.607923443903832,-5.45,0.0
-7.591539443903832,-5.45,0.0
-7.578432243903832,-5.45,0.0
-7.565325043903831,-5.45,0.0
-7.554839283903831,-5.45,0.0
-7.5443535239038315,-5.45,0.0
-7.535964915903832,-5.45,0.0
-7.527576307903832,-5.45,0.0
-7.520865421503832,-5.45,0.0
-7.514154535103833,-5.45,0.0
-7.508785825983833,-5.45,0.0
-7.503417116863833,-5.45,0.0
-7.499122149567833,-5.45,0.0
-7.494827182271832,-5.45,0.0
-7.491391208435032,-5.45,0.0
-7.487955234598232,-5.45,0.0
-7.485206455528792,-5.45,0.0
-7.482457676459353,-5.45,0.0
-7.4802586532038005,-5.45,0.0
-7.478059629948248,-5.45,0.0
-7.476300411343806,-5.45,0.0
-7.474541192739364,-5.45,0.0
-7.473133817855811,-5.45,0.0
-7.471726442972258,-5.45,0.0
-7.470600543065416,-5.45,0.0
-7.4694746431585735,-5.45,0.0
-7.468474643158573,-5.45,0.0
-7.467474643158573,-5.45,0.0
-7.4664746431585725,-5.45,0.0
-7.465474643158572,-5.45,0.0
-7.464474643158572,-5.45,0.0
-7.4634746431585715,-5.45,0.0
-7.413474643158572,-5.45,0.0
-7.363474643158572,-5.45,0.0
-7.323474643158572,-5.45,0.0
-7.283474643158572,-5.45,0.0
-7.251474643158572,-5.45,0.0
-7.219474643158572,-5.45,0.0
-7.193874643158572,-5.45,0.0
-7.168274643158572,-5.45,0.0
-7.147794643158572,-5.45,0.0
-7.127314643158572,-5.45,0.0
-7.1109306431585715,-5.45,0.0
-7.094546643158571,-5.45,0.0
-7.081439443158571,-5.45,0.0
-7.0683322431585704,-5.45,0.0
-7.0578464831585705,-5.45,0.0
-7.047360723158571,-5.45,0.0
-7.038972115158571,-5.45,0.0
-7.030583507158571,-5.45,0.0
-7.0238726207585715,-5.45,0.0
-7.017161734358572,-5.45,0.0
-7.011793025238572,-5.45,0.0
-7.006424316118572,-5.45,0.0
-7.002129348822572,-5.45,0.0
-6.997834381526571,-5.45,0.0
-6.994398407689771,-5.45,0.0
-6.990962433852971,-5.45,0.0
-6.988213654783531,-5.45,0.0
-6.985464875714092,-5.45,0.0
-6.98326585245854,-5.45,0.0
-6.981066829202987,-5.45,0.0
-6.979307610598545,-5.45,0.0
-6.9775483919941035,-5.45,0.0
-6.9761410171105505,-5.45,0.0
-6.974733642226997,-5.45,0.0
-6.973607742320155,-5.45,0.0
-6.972481842413313,-5.45,0.0
-6.971481842413312,-5.45,0.0
-6.970481842413312,-5.45,0.0
-6.969481842413312,-5.45,0.0
-6.968481842413311,-5.45,0.0
-6.967481842413311,-5.45,0.0
-6.966481842413311,-5.45,0.0
-6.916481842413311,-5.45,0.0
-6.866481842413311,-5.45,0.0
-6.826481842413311,-5.45,0.0
-6.786481842413311,-5.45,0.0
-6.754481842413311,-5.45,0.0
-6.722481842413311,-5.45,0.0
-6.696881842413311,-5.45,0.0
-6.671281842413311,-5.45,0.0
-6.650801842413311,-5.45,0.0
-6.630321842413311,-5.45,0.0
-6.613937842413311,-5.45,0.0
-6.59755384241331,-5.45,0.0
-6.58444664241331,-5.45,0.0
-6.57133944241331,-5.45,0.0
-6.56085368241331,-5.45,0.0
-6.55036792241331,-5.45,0.0
-6.54197931441331,-5.45,0.0
-6.53359070641331,-5.45,0.0
-6.526879820013311,-5.45,0.0
-6.520168933613311,-5.45,0.0
-6.514800224493311,-5.45,0.0
-6.509431515373311,-5.45,0.0
-6.505136548077311,-5.45,0.0
-6.5008415807813105,-5.45,0.0
-6.49740560694451,-5.45,0.0
-6.49396963310771,-5.45,0.0
-6.4912208540382705,-5.45,0.0
-6.488472074968831,-5.45,0.0
-6.486273051713279,-5.45,0.0
-6.4840740284577265,-5.45,0.0
-6.482314809853285,-5.45,0.0
-6.480555591248843,-5.45,0.0
-6.478972294504845,-5.45,0.0
-6.477388997760848,-5.45,0.0
-6.476298282226094,-5.45,0.0
-6.47520756669134,-5.45,0.0
-6.47420756669134,-5.45,0.0
-6.47320756669134,-5.45,0.0
-6.472207566691339,-5.45,0.0
-6.471207566691339,-5.45,0.0
-6.421207566691339,-5.45,0.0
-6.371207566691339,-5.45,0.0
-6.331207566691339,-5.45,0.0
-6.291207566691339,-5.45,0.0
-6.259207566691339,-5.45,0.0
-6.227207566691339,-5.45,0.0
-6.201607566691339,-5.45,0.0
-6.176007566691339,-5.45,0.0
-6.155527566691339,-5.45,0.0
-6.135047566691339,-5.45,0.0
-6.118663566691339,-5.45,0.0
-6.1022795666913385,-5.45,0.0
-6.089172366691338,-5.45,0.0
-6.076065166691338,-5.45,0.0
-6.065579406691338,-5.45,0.0
-6.055093646691338,-5.45,0.0
-6.046705038691338,-5.45,0.0
-6.038316430691339,-5.45,0.0
-6.031605544291339,-5.45,0.0
-6.024894657891339,-5.45,0.0
-6.0195259487713395,-5.45,0.0
-6.01415723965134,-5.45,0.0
-6.0093254014433395,-5.45,0.0
-6.004493563235339,-5.45,0.0
-6.00116496358094,-5.45,0.0
-5.99783636392654,-5.45,0.0
-5.99517348420302,-5.45,0.0
-5.9925106044795005,-5.45,0.0
-5.990380300700684,-5.45,0.0
-5.988249996921867,-5.45,0.0
-5.986545753898815,-5.45,0.0
-5.984841510875762,-5.45,0.0
-5.98347811645732,-5.45,0.0
-5.982114722038878,-5.45,0.0
-5.981024006504124,-5.45,0.0
-5.97993329096937,-5.45,0.0
-5.97893329096937,-5.45,0.0
-5.97793329096937,-5.45,0.0
-5.976933290969369,-5.45,0.0
-5.975933290969369,-5.45,0.0
-5.925933290969369,-5.45,0.0
-5.875933290969369,-5.45,0.0
-5.835933290969369,-5.45,0.0
-5.795933290969369,-5.45,0.0
-5.75993329096937,-5.45,0.0
-5.72393329096937,-5.45,0.0
-5.69913329096937,-5.45,0.0
-5.67433329096937,-5.45,0.0
-5.65449329096937,-5.45,0.0
-5.63465329096937,-5.45,0.0
-5.61878129096937,-5.45,0.0
-5.60290929096937,-5.45,0.0
-5.59021169096937,-5.45,0.0
-5.57751409096937,-5.45,0.0
-5.56608625096937,-5.45,0.0
-5.55465841096937,-5.45,0.0
-5.54678589896937,-5.45,0.0
-5.538913386969369,-5.45,0.0
-5.532615377369369,-5.45,0.0
-5.526317367769369,-5.45,0.0
-5.5212789600893695,-5.45,0.0
-5.51624055240937,-5.45,0.0
-5.512209826265369,-5.45,0.0
-5.508179100121369,-5.45,0.0
-5.504954519206169,-5.45,0.0
-5.5017299382909695,-5.45,0.0
-5.49915027355881,-5.45,0.0
-5.49657060882665,-5.45,0.0
-5.494506877040922,-5.45,0.0
-5.492443145255194,-5.45,0.0
-5.490792159826611,-5.45,0.0
-5.4891411743980285,-5.45,0.0
-5.487820386055162,-5.45,0.0
-5.486499597712296,-5.45,0.0
-5.485442967038003,-5.45,0.0
-5.484386336363711,-5.45,0.0
-5.4833863363637105,-5.45,0.0
-5.48238633636371,-5.45,0.0
-5.48138633636371,-5.45,0.0
-5.4803863363637095,-5.45,0.0
-5.43038633636371,-5.45,0.0
-5.38038633636371,-5.45,0.0
-5.34038633636371,-5.45,0.0
-5.30038633636371,-5.45,0.0
-5.26838633636371,-5.45,0.0
-5.23638633636371,-5.45,0.0
-5.21078633636371,-5.45,0.0
-5.18518633636371,-5.45,0.0
-5.16470633636371,-5.45,0.0
-5.14422633636371,-5.45,0.0
-5.12784233636371,-5.45,0.0
-5.111458336363709,-5.45,0.0
-5.098351136363709,-5.45,0.0
-5.0852439363637085,-5.45,0.0
-5.074758176363709,-5.45,0.0
-5.064272416363709,-5.45,0.0
-5.0548352323637085,-5.45,0.0
-5.045398048363708,-5.45,0.0
-5.038896877163708,-5.45,0.0
-5.032395705963708,-5.45,0.0
-5.027194769003708,-5.45,0.0
-5.021993832043709,-5.45,0.0
-5.0178330824757085,-5.45,0.0
-5.013672332907708,-5.45,0.0
-5.0103437332533085,-5.45,0.0
-5.007015133598909,-5.45,0.0
-5.004352253875389,-5.45,0.0
-5.001689374151869,-5.45,0.0
-4.999559070373054,-5.45,0.0
-4.997428766594238,-5.45,0.0
-4.995724523571186,-5.45,0.0
-4.994020280548133,-5.45,0.0
-4.992656886129691,-5.45,0.0
-4.991293491711248,-5.45,0.0
-4.990202776176495,-5.45,0.0
-4.989112060641741,-5.45,0.0
-4.988112060641741,-5.45,0.0
-4.98711206064174,-5.45,0.0
-4.98611206064174,-5.45,0.0
-4.98511206064174,-5.45,0.0
-4.93511206064174,-5.45,0.0
-4.88511206064174,-5.45,0.0
-4.84511206064174,-5.45,0.0
-4.80511206064174,-5.45,0.0
-4.77311206064174,-5.45,0.0
-4.74111206064174,-5.45,0.0
-4.71551206064174,-5.45,0.0
-4.68991206064174,-5.45,0.0
-4.66943206064174,-5.45,0.0
-4.64895206064174,-5.45,0.0
-4.63256806064174,-5.45,0.0
-4.616184060641739,-5.45,0.0
-4.603076860641739,-5.45,0.0
-4.589969660641739,-5.45,0.0
-4.579483900641739,-5.45,0.0
-4.568998140641739,-5.45,0.0
-4.560609532641739,-5.45,0.0
-4.552220924641739,-5.45,0.0
-4.54551003824174,-5.45,0.0
-4.53879915184174,-5.45,0.0
-4.53343044272174,-5.45,0.0
-4.52806173360174,-5.45,0.0
-4.52376676630574,-5.45,0.0
-4.5194717990097395,-5.45,0.0
-4.516035825172939,-5.45,0.0
-4.512599851336139,-5.45,0.0
-4.5098510722667,-5.45,0.0
-4.50710229319726,-5.45,0.0
-4.504903269941708,-5.45,0.0
-4.5027042466861555,-5.45,0.0
-4.5007251257561585,-5.45,0.0
-4.498746004826161,-5.45,0.0
-4.49718469831472,-5.45,0.0
-4.495623391803278,-5.45,0.0
-4.494572258687124,-5.45,0.0
-4.49352112557097,-5.45,0.0
-4.49252112557097,-5.45,0.0
-4.491521125570969,-5.45,0.0
-4.490521125570969,-5.45,0.0
-4.489521125570969,-5.45,0.0
-4.439521125570969,-5.45,0.0
-4.389521125570969,-5.45,0.0
-4.349521125570969,-5.45,0.0
-4.309521125570969,-5.45,0.0
-4.277521125570969,-5.45,0.0
-4.245521125570969,-5.45,0.0
-4.219921125570969,-5.45,0.0
-4.194321125570969,-5.45,0.0
-4.173841125570969,-5.45,0.0
-4.153361125570969,-5.45,0.0
-4.136977125570969,-5.45,0.0
-4.120593125570968,-5.45,0.0
-4.107485925570968,-5.45,0.0
-4.094378725570968,-5.45,0.0
-4.083892965570968,-5.45,0.0
-4.073407205570968,-5.45,0.0
-4.065018597570968,-5.45,0.0
-4.056629989570968,-5.45,0.0
-4.049919103170969,-5.45,0.0
-4.043208216770969,-5.45,0.0
-4.037839507650969,-5.45,0.0
-4.032470798530969,-5.45,0.0
-4.028175831234969,-5.45,0.0
-4.0238808639389685,-5.45,0.0
-4.020444890102168,-5.45,0.0
-4.017008916265368,-5.45,0.0
-4.014260137195929,-5.45,0.0
-4.011511358126489,-5.45,0.0
-4.009312334870937,-5.45,0.0
-4.0071133116153845,-5.45,0.0
-4.005354093010943,-5.45,0.0
-4.003594874406501,-5.45,0.0
-4.002187499522948,-5.45,0.0
-4.000780124639395,-5.45,0.0
-3.999654224732552,-5.45,0.0
-3.9985283248257097,-5.45,0.0
-3.99752832482571,-5.45,0.0
-3.99652832482571,-5.45,0.0
-3.99552832482571,-5.45,0.0
-3.99452832482571,-5.45,0.0
-3.9935283248257103,-5.45,0.0
-3.9925283248257104,-5.45,0.0
-3.9425283248257106,-5.45,0.0
-3.8925283248257108,-5.45,0.0
-3.8525283248257107,-5.45,0.0
-3.8125283248257107,-5.45,0.0
-3.7805283248257107,-5.45,0.0
-3.7485283248257106,-5.45,0.0
-3.722928324825711,-5.45,0.0
-3.697328324825711,-5.45,0.0
-3.676848324825711,-5.45,0.0
-3.656368324825711,-5.45,0.0
-3.639984324825711,-5.45,0.0
-3.623600324825711,-5.45,0.0
-3.610493124825711,-5.45,0.0
-3.597385924825711,-5.45,0.0
-3.5869001648257113,-5.45,0.0
-3.5764144048257114,-5.45,0.0
-3.568025796825711,-5.45,0.0
-3.559637188825711,-5.45,0.0
-3.552926302425711,-5.45,0.0
-3.546215416025711,-5.45,0.0
-3.540846706905711,-5.45,0.0
-3.535477997785711,-5.45,0.0
-3.531183030489711,-5.45,0.0
-3.526888063193711,-5.45,0.0
-3.523452089356911,-5.45,0.0
-3.520016115520111,-5.45,0.0
-3.517267336450671,-5.45,0.0
-3.5145185573812308,-5.45,0.0
-3.5123195341256785,-5.45,0.0
-3.5101205108701263,-5.45,0.0
-3.508361292265685,-5.45,0.0
-3.5066020736612433,-5.45,0.0
-3.50519469877769,-5.45,0.0
-3.5037873238941364,-5.45,0.0
-3.502661423987294,-5.45,0.0
-3.5015355240804515,-5.45,0.0
-3.500522214164293,-5.45,0.0
-3.4995089042481347,-5.45,0.0
-3.4985089042481348,-5.45,0.0
-3.497508904248135,-5.45,0.0
-3.447508904248135,-5.45,0.0
-3.3975089042481352,-5.45,0.0
-3.357508904248135,-5.45,0.0
-3.317508904248135,-5.45,0.0
-3.285508904248135,-5.45,0.0
-3.253508904248135,-5.45,0.0
-3.2279089042481353,-5.45,0.0
-3.2023089042481354,-5.45,0.0
-3.1818289042481354,-5.45,0.0
-3.1613489042481353,-5.45,0.0
-3.1449649042481354,-5.45,0.0
-3.1285809042481354,-5.45,0.0
-3.1154737042481355,-5.45,0.0
-3.1023665042481356,-5.45,0.0
-3.0918807442481357,-5.45,0.0
-3.081394984248136,-5.45,0.0
-3.0730063762481357,-5.45,0.0
-3.0646177682481355,-5.45,0.0
-3.0579068818481354,-5.45,0.0
-3.0511959954481354,-5.45,0.0
-3.0458272863281355,-5.45,0.0
-3.0404585772081356,-5.45,0.0
-3.0361636099121356,-5.45,0.0
-3.0318686426161356,-5.45,0.0
-3.0284326687793355,-5.45,0.0
-3.0249966949425353,-5.45,0.0
-3.0219043184894154,-5.45,0.0
-3.0188119420362955,-5.45,0.0
-3.0166816382574795,-5.45,0.0
-3.0145513344786634,-5.45,0.0
-3.0128470914556105,-5.45,0.0
-3.0111428484325575,-5.45,0.0
-3.009779454014115,-5.45,0.0
-3.008416059595673,-5.45,0.0
-3.007325344060919,-5.45,0.0
-3.0062346285261654,-5.45,0.0
-3.0052346285261655,-5.45,0.0
-3.0042346285261656,-5.45,0.0
-3.0032346285261657,-5.45,0.0
-3.002234628526166,-5.45,0.0
-2.952234628526166,-5.45,0.0
-2.902234628526166,-5.45,0.0
-2.862234628526166,-5.45,0.0
-2.822234628526166,-5.45,0.0
-2.786234628526166,-5.45,0.0
-2.750234628526166,-5.45,0.0
-2.725434628526166,-5.45,0.0
-2.700634628526166,-5.45,0.0
-2.6807946285261663,-5.45,0.0
-2.6609546285261665,-5.45,0.0
-2.6450826285261666,-5.45,0.0
-2.6292106285261667,-5.45,0.0
-2.6165130285261666,-5.45,0.0
-2.6038154285261665,-5.45,0.0
-2.5936573485261665,-5.45,0.0
-2.5834992685261664,-5.45,0.0
-2.5753728045261663,-5.45,0.0
-2.5672463405261663,-5.45,0.0
-2.5607451693261662,-5.45,0.0
-2.554243998126166,-5.45,0.0
-2.549043061166166,-5.45,0.0
-2.543842124206166,-5.45,0.0
-2.539681374638166,-5.45,0.0
-2.5355206250701663,-5.45,0.0
-2.532192025415766,-5.45,0.0
-2.528863425761366,-5.45,0.0
-2.526200546037846,-5.45,0.0
-2.5235376663143256,-5.45,0.0
-2.5211410745631575,-5.45,0.0
-2.5187444828119894,-5.45,0.0
-2.51685383820829,-5.45,0.0
-2.514963193604591,-5.45,0.0
-2.5136903370967483,-5.45,0.0
-2.5124174805889057,-5.45,0.0
-2.511399195382632,-5.45,0.0
-2.510380910176358,-5.45,0.0
-2.509380910176358,-5.45,0.0
-2.508380910176358,-5.45,0.0
-2.5073809101763582,-5.45,0.0
-2.5063809101763583,-5.45,0.0
-2.4563809101763585,-5.45,0.0
-2.4063809101763587,-5.45,0.0
-2.3663809101763587,-5.45,0.0
-2.3263809101763586,-5.45,0.0
-2.2943809101763586,-5.45,0.0
-2.2623809101763586,-5.45,0.0
-2.2367809101763587,-5.45,0.0
-2.211180910176359,-5.45,0.0
-2.190700910176359,-5.45,0.0
-2.1702209101763588,-5.45,0.0
-2.153836910176359,-5.45,0.0
-2.137452910176359,-5.45,0.0
-2.124345710176359,-5.45,0.0
-2.111238510176359,-5.45,0.0
-2.100752750176359,-5.45,0.0
-2.0902669901763593,-5.45,0.0
-2.081878382176359,-5.45,0.0
-2.073489774176359,-5.45,0.0
-2.066778887776359,-5.45,0.0
-2.060068001376359,-5.45,0.0
-2.0540282036163586,-5.45,0.0
-2.0479884058563584,-5.45,0.0
-2.0438276562883586,-5.45,0.0
-2.0396669067203588,-5.45,0.0
-2.0363383070659586,-5.45,0.0
-2.0330097074115585,-5.45,0.0
-2.0303468276880383,-5.45,0.0
-2.027683947964518,-5.45,0.0
-2.025553644185702,-5.45,0.0
-2.023423340406886,-5.45,0.0
-2.021719097383833,-5.45,0.0
-2.02001485436078,-5.45,0.0
-2.0186514599423377,-5.45,0.0
-2.0172880655238954,-5.45,0.0
-2.0161973499891417,-5.45,0.0
-2.015106634454388,-5.45,0.0
-2.014106634454388,-5.45,0.0
-2.013106634454388,-5.45,0.0
-2.0121066344543883,-5.45,0.0
-2.0111066344543884,-5.45,0.0
-1.9611066344543884,-5.45,0.0
-1.9111066344543883,-5.45,0.0
-1.8711066344543883,-5.45,0.0
-1.8311066344543883,-5.45,0.0
-1.7991066344543882,-5.45,0.0
-1.7671066344543882,-5.45,0.0
-1.7415066344543881,-5.45,0.0
-1.715906634454388,-5.45,0.0
-1.695426634454388,-5.45,0.0
-1.674946634454388,-5.45,0.0
-1.656514634454388,-5.45,0.0
-1.638082634454388,-5.45,0.0
-1.625385034454388,-5.45,0.0
-1.6126874344543882,-5.45,0.0
-1.6025293544543882,-5.45,0.0
-1.592371274454388,-5.45,0.0
-1.584244810454388,-5.45,0.0
-1.576118346454388,-5.45,0.0
-1.569617175254388,-5.45,0.0
-1.5631160040543879,-5.45,0.0
-1.557915067094388,-5.45,0.0
-1.552714130134388,-5.45,0.0
-1.548553380566388,-5.45,0.0
-1.544392630998388,-5.45,0.0
-1.541064031343988,-5.45,0.0
-1.5377354316895882,-5.45,0.0
-1.5350725519660682,-5.45,0.0
-1.5324096722425482,-5.45,0.0
-1.5300130804913803,-5.45,0.0
-1.5276164887402124,-5.45,0.0
-1.52596550331163,-5.45,0.0
-1.5243145178830475,-5.45,0.0
-1.5228286309973234,-5.45,0.0
-1.5213427441115992,-5.45,0.0
-1.520319133145878,-5.45,0.0
-1.519295522180157,-5.45,0.0
-1.518295522180157,-5.45,0.0
-1.5172955221801572,-5.45,0.0
-1.5162955221801573,-5.45,0.0
-1.5152955221801574,-5.45,0.0
-1.4652955221801574,-5.45,0.0
-1.4152955221801573,-5.45,0.0
-1.3702955221801574,-5.45,0.0
-1.3252955221801574,-5.45,0.0
-1.2942955221801575,-5.45,0.0
-1.2632955221801576,-5.45,0.0
-1.2384955221801577,-5.45,0.0
-1.2136955221801577,-5.45,0.0
-1.1938555221801577,-5.45,0.0
-1.1740155221801576,-5.45,0.0
-1.1581435221801575,-5.45,0.0
-1.1422715221801574,-5.45,0.0
-1.1295739221801573,-5.45,0.0
-1.1168763221801572,-5.45,0.0
-1.1067182421801571,-5.45,0.0
-1.096560162180157,-5.45,0.0
-1.088433698180157,-5.45,0.0
-1.080307234180157,-5.45,0.0
-1.073806062980157,-5.45,0.0
-1.0673048917801569,-5.45,0.0
-1.062103954820157,-5.45,0.0
-1.056903017860157,-5.45,0.0
-1.052742268292157,-5.45,0.0
-1.048581518724157,-5.45,0.0
-1.045252919069757,-5.45,0.0
-1.0419243194153571,-5.45,0.0
-1.0389285797263972,-5.45,0.0
-1.0359328400374372,-5.45,0.0
-1.0338691082517093,-5.45,0.0
-1.0318053764659814,-5.45,0.0
-1.030154391037399,-5.45,0.0
-1.0285034056088165,-5.45,0.0
-1.0271826172659506,-5.45,0.0
-1.0258618289230848,-5.45,0.0
-1.024805198248792,-5.45,0.0
-1.0237485675744993,-5.45,0.0
-1.0227485675744994,-5.45,0.0
-1.0217485675744995,-5.45,0.0
-1.0207485675744996,-5.45,0.0
-1.0197485675744997,-5.45,0.0
-0.9697485675744997,-5.45,0.0
-0.9197485675744996,-5.45,0.0
-0.8797485675744996,-5.45,0.0
-0.8397485675744996,-5.45,0.0
-0.8077485675744995,-5.45,0.0
-0.7757485675744995,-5.45,0.0
-0.7501485675744995,-5.45,0.0
-0.7245485675744996,-5.45,0.0
-0.7040685675744996,-5.45,0.0
-0.6835885675744997,-5.45,0.0
-0.6672045675744998,-5.45,0.0
-0.6508205675744998,-5.45,0.0
-0.6377133675744998,-5.45,0.0
-0.6246061675744998,-5.45,0.0
-0.6141204075744998,-5.45,0.0
-0.6036346475744998,-5.45,0.0
-0.5952460395744998,-5.45,0.0
-0.5868574315744999,-5.45,0.0
-0.5801465451744998,-5.45,0.0
-0.5734356587744998,-5.45,0.0
-0.5680669496544998,-5.45,0.0
-0.5626982405344998,-5.45,0.0
-0.5584032732384998,-5.45,0.0
-0.5541083059424998,-5.45,0.0
-0.5502428353760999,-5.45,0.0
-0.5463773648096999,-5.45,0.0
-0.5437144850861799,-5.45,0.0
-0.54105160536266,-5.45,0.0
-0.5389213015838439,-5.45,0.0
-0.5367909978050278,-5.45,0.0
-0.535086754781975,-5.45,0.0
-0.5333825117589222,-5.45,0.0
-0.5320191173404799,-5.45,0.0
-0.5306557229220377,-5.45,0.0
-0.5295650073872838,-5.45,0.0
-0.52847429185253,-5.45,0.0
-0.52747429185253,-5.45,0.0
-0.52647429185253,-5.45,0.0
-0.52547429185253,-5.45,0.0
-0.52447429185253,-5.45,0.0
-0.52347429185253,-5.45,0.0
-0.52247429185253,-5.45,0.0
-0.47247429185253004,-5.45,0.0
-0.42247429185253005,-5.45,0.0
-0.38247429185253,-5.45,0.0
-0.34247429185253,-5.45,0.0
-0.31047429185253,-5.45,0.0
-0.27847429185253003,-5.45,0.0
-0.25287429185253,-5.45,0.0
-0.22727429185253,-5.45,0.0
-0.20679429185253,-5.45,0.0
-0.18631429185253,-5.45,0.0
-0.16993029185253,-5.45,0.0
-0.15354629185253,-5.45,0.0
-0.14043909185253,-5.45,0.0
-0.12733189185253002,-5.45,0.0
-0.11684613185253002,-5.45,0.0
-0.10636037185253003,-5.45,0.0
-0.09797176385253002,-5.45,0.0
-0.08958315585253002,-5.45,0.0
-0.08287226945253001,-5.45,0.0
-0.07616138305253001,-5.45,0.0
-0.07079267393253001,-5.45,0.0
-0.06542396481253002,-5.45,0.0
-0.06112899751653002,-5.45,0.0
-0.05683403022053002,-5.45,0.0
-0.05339805638373002,-5.45,0.0
-0.04996208254693002,-5.45,0.0
-0.04721330347749002,-5.45,0.0
-0.044464524408050016,-5.45,0.0
-0.04226550115249802,-5.45,0.0
-0.04006647789694602,-5.45,0.0
-0.03830725929250442,-5.45,0.0
-0.03654804068806282,-5.45,0.0
-0.03514066580450954,-5.45,0.0
-0.033733290920956255,-5.45,0.0
-0.03260739101411363,-5.45,0.0
-0.03148149110727101,-5.45,0.0
-0.03048149110727101,-5.45,0.0
-0.02948149110727101,-5.45,0.0
-0.02848149110727101,-5.45,0.0
-0.02748149110727101,-5.45,0.0
-0.026481491107271007,-5.45,0.0
-0.025481491107271007,-5.45,0.0
0.024518508892728996,-5.45,0.0
0.074518508892729,-5.45,0.0
0.114518508892729,-5.45,0.0
0.154518508892729,-5.45,0.0
0.190518508892729,-5.45,0.0
0.226518508892729,-5.45,0.0
0.251318508892729,-5.45,0.0
0.276118508892729,-5.45,0.0
0.295958508892729,-5.45,0.0
0.31579850889272904,-5.45,0.0
0.33167050889272903,-5.45,0.0
0.34754250889272903,-5.45,0.0
0.360240108892729,-5.45,0.0
0.372937708892729,-5.45,0.0
0.383095788892729,-5.45,0.0
0.393253868892729,-5.45,0.0
0.402396140892729,-5.45,0.0
0.411538412892729,-5.45,0.0
0.418750649692729,-5.45,0.0
0.425962886492729,-5.45,0.0
0.430818448732729,-5.45,0.0
0.435674010972729,-5.45,0.0
0.439558460764729,-5.45,0.0
0.443054465577529,-5.45,0.0
0.44655047039032897,-5.45,0.0
0.449696874721849,-5.45,0.0
0.452843279053369,-5.45,0.0
0.45501080203730504,-5.45,0.0
0.45717832502124106,-5.45,0.0
0.4589123434083899,-5.45,0.0
0.4606463617955387,-5.45,0.0
0.4620335765052577,-5.45,0.0
0.46342079121497676,-5.45,0.0
0.46453056298275197,-5.45,0.0
0.4656403347505272,-5.45,0.0
0.4666403347505272,-5.45,0.0
0.4676403347505272,-5.45,0.0
0.4686403347505272,-5.45,0.0
0.4696403347505272,-5.45,0.0
0.5196403347505272,-5.45,0.0
0.5696403347505272,-5.45,0.0
0.6096403347505273,-5.45,0.0
0.6496403347505273,-5.45,0.0
0.6816403347505273,-5.45,0.0
0.7136403347505273,-5.45,0.0
0.7392403347505273,-5.45,0.0
0.7648403347505273,-5.45,0.0
0.7853203347505272,-5.45,0.0
0.8058003347505271,-5.45,0.0
0.8221843347505271,-5.45,0.0
0.8385683347505271,-5.45,0.0
0.851675534750527,-5.45,0.0
0.864782734750527,-5.45,0.0
0.875268494750527,-5.45,0.0
0.885754254750527,-5.45,0.0
0.894142862750527,-5.45,0.0
0.902531470750527,-5.45,0.0
0.909242357150527,-5.45,0.0
0.9159532435505271,-5.45,0.0
0.9213219526705271,-5.45,0.0
0.9266906617905271,-5.45,0.0
0.930985629086527,-5.45,0.0
0.935280596382527,-5.45,0.0
0.9387165702193271,-5.45,0.0
0.9421525440561271,-5.45,0.0
0.9449013231255672,-5.45,0.0
0.9476501021950072,-5.45,0.0
0.9498491254505592,-5.45,0.0
0.9520481487061112,-5.45,0.0
0.9538073673105528,-5.45,0.0
0.9555665859149944,-5.45,0.0
0.9569739607985477,-5.45,0.0
0.9583813356821009,-5.45,0.0
0.9595072355889436,-5.45,0.0
0.9606331354957862,-5.45,0.0
0.9616331354957862,-5.45,0.0
0.9626331354957862,-5.45,0.0
0.9636331354957862,-5.45,0.0
0.9646331354957862,-5.45,0.0
0.9656331354957862,-5.45,0.0
0.9666331354957862,-5.45,0.0
1.0166331354957863,-5.45,0.0
1.0666331354957863,-5.45,0.0
1.1066331354957863,-5.45,0.0
1.1466331354957864,-5.45,0.0
1.1786331354957864,-5.45,0.0
1.2106331354957864,-5.45,0.0
1.2362331354957865,-5.45,0.0
1.2618331354957866,-5.45,0.0
1.2823131354957866,-5.45,0.0
1.3027931354957867,-5.45,0.0
1.3191771354957866,-5.45,0.0
1.3355611354957866,-5.45,0.0
1.3486683354957865,-5.45,0.0
1.3617755354957863,-5.45,0.0
1.3722612954957862,-5.45,0.0
1.3827470554957861,-5.45,0.0
1.391135663495786,-5.45,0.0
1.399524271495786,-5.45,0.0
1.4062351578957861,-5.45,0.0
1.4129460442957862,-5.45,0.0
1.4183147534157863,-5.45,0.0
1.4236834625357864,-5.45,0.0
1.4279784298317864,-5.45,0.0
1.4322733971277863,-5.45,0.0
1.4357093709645863,-5.45,0.0
1.4391453448013862,-5.45,0.0
1.4418941238708263,-5.45,0.0
1.4446429029402663,-5.45,0.0
1.4468419261958183,-5.45,0.0
1.4490409494513703,-5.45,0.0
1.4508001680558118,-5.45,0.0
1.4525593866602533,-5.45,0.0
1.4539667615438066,-5.45,0.0
1.4553741364273598,-5.45,0.0
1.4565000363342024,-5.45,0.0
1.457625936241045,-5.45,0.0
1.458625936241045,-5.45,0.0
1.4596259362410449,-5.45,0.0
1.4606259362410448,-5.45,0.0
1.4616259362410446,-5.45,0.0
1.4626259362410445,-5.45,0.0
1.4636259362410444,-5.45,0.0
1.5136259362410445,-5.45,0.0
1.5636259362410445,-5.45,0.0
1.6036259362410445,-5.45,0.0
1.6436259362410446,-5.45,0.0
1.6756259362410446,-5.45,0.0
1.7076259362410446,-5.45,0.0
1.7332259362410447,-5.45,0.0
1.7588259362410448,-5.45,0.0
1.7793059362410448,-5.45,0.0
1.7997859362410449,-5.45,0.0
1.8161699362410448,-5.45,0.0
1.8325539362410448,-5.45,0.0
1.8456611362410447,-5.45,0.0
1.8587683362410445,-5.45,0.0
1.8692540962410444,-5.45,0.0
1.8797398562410443,-5.45,0.0
1.8881284642410443,-5.45,0.0
1.8965170722410443,-5.45,0.0
1.9032279586410443,-5.45,0.0
1.9099388450410444,-5.45,0.0
1.9153075541610445,-5.45,0.0
1.9206762632810446,-5.45,0.0
1.9249712305770446,-5.45,0.0
1.9292661978730445,-5.45,0.0
1.9327021717098445,-5.45,0.0
1.9361381455466444,-5.45,0.0
1.9388869246160845,-5.45,0.0
1.9416357036855245,-5.45,0.0
1.9438347269410765,-5.45,0.0
1.9460337501966285,-5.45,0.0
1.94779296880107,-5.45,0.0
1.9495521874055115,-5.45,0.0
1.951135484149509,-5.45,0.0
1.9527187808935065,-5.45,0.0
1.9538094964282602,-5.45,0.0
1.954900211963014,-5.45,0.0
1.9559002119630138,-5.45,0.0
1.9569002119630137,-5.45,0.0
1.9579002119630136,-5.45,0.0
1.9589002119630134,-5.45,0.0
2.0089002119630135,-5.45,0.0
2.0589002119630133,-5.45,0.0
2.0989002119630134,-5.45,0.0
2.1389002119630134,-5.45,0.0
2.1709002119630134,-5.45,0.0
2.2029002119630134,-5.45,0.0
2.2285002119630133,-5.45,0.0
2.254100211963013,-5.45,0.0
2.274580211963013,-5.45,0.0
2.2950602119630132,-5.45,0.0
2.311444211963013,-5.45,0.0
2.327828211963013,-5.45,0.0
2.340935411963013,-5.45,0.0
2.354042611963013,-5.45,0.0
2.364528371963013,-5.45,0.0
2.3750141319630127,-5.45,0.0
2.383402739963013,-5.45,0.0
2.391791347963013,-5.45,0.0
2.398502234363013,-5.45,0.0
2.405213120763013,-5.45,0.0
2.410581829883013,-5.45,0.0
2.415950539003013,-5.45,0.0
2.420245506299013,-5.45,0.0
2.424540473595013,-5.45,0.0
2.427976447431813,-5.45,0.0
2.4314124212686132,-5.45,0.0
2.4341612003380533,-5.45,0.0
2.4369099794074933,-5.45,0.0
2.4393838805699892,-5.45,0.0
2.441857781732485,-5.45,0.0
2.443562024755538,-5.45,0.0
2.445266267778591,-5.45,0.0
2.4466296621970334,-5.45,0.0
2.4479930566154757,-5.45,0.0
2.4492201115920738,-5.45,0.0
2.450447166568672,-5.45,0.0
2.4514471665686717,-5.45,0.0
2.4524471665686716,-5.45,0.0
2.4534471665686715,-5.45,0.0
2.4544471665686713,-5.45,0.0
2.504447166568671,-5.45,0.0
2.554447166568671,-5.45,0.0
2.594447166568671,-5.45,0.0
2.634447166568671,-5.45,0.0
2.666447166568671,-5.45,0.0
2.698447166568671,-5.45,0.0
2.724047166568671,-5.45,0.0
2.749647166568671,-5.45,0.0
2.770127166568671,-5.45,0.0
2.790607166568671,-5.45,0.0
2.806991166568671,-5.45,0.0
2.823375166568671,-5.45,0.0
2.8364823665686707,-5.45,0.0
2.8495895665686706,-5.45,0.0
2.8600753265686705,-5.45,0.0
2.8705610865686704,-5.45,0.0
2.8789496945686706,-5.45,0.0
2.8873383025686707,-5.45,0.0
2.894049188968671,-5.45,0.0
2.900760075368671,-5.45,0.0
2.9061287844886707,-5.45,0.0
2.9114974936086706,-5.45,0.0
2.9157924609046706,-5.45,0.0
2.9200874282006706,-5.45,0.0
2.9235234020374707,-5.45,0.0
2.926959375874271,-5.45,0.0
2.929708154943711,-5.45,0.0
2.932456934013151,-5.45,0.0
2.934655957268703,-5.45,0.0
2.9368549805242554,-5.45,0.0
2.938614199128697,-5.45,0.0
2.9403734177331384,-5.45,0.0
2.941780792616692,-5.45,0.0
2.9431881675002454,-5.45,0.0
2.944314067407088,-5.45,0.0
2.94543996731393,-5.45,0.0
2.94643996731393,-5.45,0.0
2.94743996731393,-5.45,0.0
2.94843996731393,-5.45,0.0
2.9494399673139298,-5.45,0.0
2.9504399673139297,-5.45,0.0
2.9514399673139295,-5.45,0.0
3.0014399673139294,-5.45,0.0
3.051439967313929,-5.45,0.0
3.096439967313929,-5.45,0.0
3.141439967313929,-5.45,0.0
3.172439967313929,-5.45,0.0
3.2034399673139293,-5.45,0.0
3.2282399673139293,-5.45,0.0
3.253039967313929,-5.45,0.0
3.272879967313929,-5.45,0.0
3.292719967313929,-5.45,0.0
3.308591967313929,-5.45,0.0
3.3244639673139287,-5.45,0.0
3.3371615673139288,-5.45,0.0
3.349859167313929,-5.45,0.0
3.360017247313929,-5.45,0.0
3.370175327313929,-5.45,0.0
3.378301791313929,-5.45,0.0
3.386428255313929,-5.45,0.0
3.392929426513929,-5.45,0.0
3.399430597713929,-5.45,0.0
3.4046315346739293,-5.45,0.0
3.4098324716339294,-5.45,0.0
3.4139932212019293,-5.45,0.0
3.418153970769929,-5.45,0.0
3.4214825704243292,-5.45,0.0
3.4248111700787294,-5.45,0.0
3.4274740498022496,-5.45,0.0
3.4301369295257698,-5.45,0.0
3.432267233304586,-5.45,0.0
3.434397537083402,-5.45,0.0
3.436101780106455,-5.45,0.0
3.437806023129508,-5.45,0.0
3.43916941754795,-5.45,0.0
3.4405328119663925,-5.45,0.0
3.441623527501146,-5.45,0.0
3.4427142430359,-5.45,0.0
3.4437142430359,-5.45,0.0
3.4447142430358997,-5.45,0.0
3.4457142430358996,-5.45,0.0
3.4467142430358995,-5.45,0.0
3.4967142430358993,-5.45,0.0
3.546714243035899,-5.45,0.0
3.586714243035899,-5.45,0.0
3.626714243035899,-5.45,0.0
3.658714243035899,-5.45,0.0
3.6907142430358992,-5.45,0.0
3.716314243035899,-5.45,0.0
3.741914243035899,-5.45,0.0
3.762394243035899,-5.45,0.0
3.782874243035899,-5.45,0.0
3.799258243035899,-5.45,0.0
3.815642243035899,-5.45,0.0
3.828749443035899,-5.45,0.0
3.8418566430358987,-5.45,0.0
3.8523424030358986,-5.45,0.0
3.8628281630358985,-5.45,0.0
3.8712167710358987,-5.45,0.0
3.879605379035899,-5.45,0.0
3.886316265435899,-5.45,0.0
3.893027151835899,-5.45,0.0
3.898395860955899,-5.45,0.0
3.9037645700758987,-5.45,0.0
3.9080595373718987,-5.45,0.0
3.9123545046678987,-5.45,0.0
3.915790478504699,-5.45,0.0
3.919226452341499,-5.45,0.0
3.921975231410939,-5.45,0.0
3.924724010480379,-5.45,0.0
3.9269230337359313,-5.45,0.0
3.9291220569914835,-5.45,0.0
3.930881275595925,-5.45,0.0
3.9326404942003665,-5.45,0.0
3.93404786908392,-5.45,0.0
3.9354552439674735,-5.45,0.0
3.936581143874316,-5.45,0.0
3.9377070437811583,-5.45,0.0
3.938707043781158,-5.45,0.0
3.939707043781158,-5.45,0.0
3.940707043781158,-5.45,0.0
3.941707043781158,-5.45,0.0
3.9427070437811578,-5.45,0.0
3.9437070437811577,-5.45,0.0
3.9937070437811575,-5.45,0.0
4.043707043781158,-5.45,0.0
4.083707043781158,-5.45,0.0
4.123707043781158,-5.45,0.0
4.155707043781158,-5.45,0.0
4.187707043781158,-5.45,0.0
4.213307043781158,-5.45,0.0
4.238907043781158,-5.45,0.0
4.259387043781158,-5.45,0.0
4.279867043781158,-5.45,0.0
4.296251043781158,-5.45,0.0
4.3126350437811585,-5.45,0.0
4.325742243781159,-5.45,0.0
4.338849443781159,-5.45,0.0
4.349335203781159,-5.45,0.0
4.359820963781159,-5.45,0.0
4.368209571781159,-5.45,0.0
4.376598179781158,-5.45,0.0
4.383309066181158,-5.45,0.0
4.390019952581158,-5.45,0.0
4.3953886617011575,-5.45,0.0
4.400757370821157,-5.45,0.0
4.405052338117158,-5.45,0.0
4.409347305413158,-5.45,0.0
4.412783279249958,-5.45,0.0
4.416219253086759,-5.45,0.0
4.418968032156198,-5.45,0.0
4.421716811225638,-5.45,0.0
4.42391583448119,-5.45,0.0
4.426114857736742,-5.45,0.0
4.427874076341184,-5.45,0.0
4.429633294945626,-5.45,0.0
4.431040669829179,-5.45,0.0
4.432448044712732,-5.45,0.0
4.4335739446195745,-5.45,0.0
4.434699844526417,-5.45,0.0
4.435699844526417,-5.45,0.0
4.436699844526418,-5.45,0.0
4.437699844526418,-5.45,0.0
4.438699844526418,-5.45,0.0
4.439699844526419,-5.45,0.0
4.440699844526419,-5.45,0.0
4.490699844526419,-5.45,0.0
4.540699844526419,-5.45,0.0
4.580699844526419,-5.45,0.0
4.620699844526419,-5.45,0.0
4.652699844526419,-5.45,0.0
4.684699844526419,-5.45,0.0
4.710299844526419,-5.45,0.0
4.735899844526418,-5.45,0.0
4.7563798445264185,-5.45,0.0
4.7768598445264185,-5.45,0.0
4.793243844526419,-5.45,0.0
4.809627844526419,-5.45,0.0
4.82437344452642,-5.45,0.0
4.83911904452642,-5.45,0.0
4.84927712452642,-5.45,0.0
4.85943520452642,-5.45,0.0
4.86857747652642,-5.45,0.0
4.87771974852642,-5.45,0.0
4.88401775812642,-5.45,0.0
4.89031576772642,-5.45,0.0
4.89535417540642,-5.45,0.0
4.90039258308642,-5.45,0.0
4.90442330923042,-5.45,0.0
4.908454035374421,-5.45,0.0
4.91167861628962,-5.45,0.0
4.91490319720482,-5.45,0.0
4.91748286193698,-5.45,0.0
4.92006252666914,-5.45,0.0
4.922126258454868,-5.45,0.0
4.9241899902405954,-5.45,0.0
4.9258409756691774,-5.45,0.0
4.927491961097759,-5.45,0.0
4.928812749440626,-5.45,0.0
4.930133537783492,-5.45,0.0
4.931190168457785,-5.45,0.0
4.932246799132077,-5.45,0.0
4.933246799132077,-5.45,0.0
4.934246799132078,-5.45,0.0
4.935246799132078,-5.45,0.0
4.936246799132078,-5.45,0.0
4.986246799132078,-5.45,0.0
5.036246799132078,-5.45,0.0
5.076246799132078,-5.45,0.0
5.116246799132078,-5.45,0.0
5.148246799132078,-5.45,0.0
5.180246799132078,-5.45,0.0
5.205846799132078,-5.45,0.0
5.231446799132078,-5.45,0.0
5.251926799132078,-5.45,0.0
5.272406799132078,-5.45,0.0
5.288790799132078,-5.45,0.0
5.305174799132079,-5.45,0.0
5.318281999132079,-5.45,0.0
5.331389199132079,-5.45,0.0
5.341874959132079,-5.45,0.0
5.352360719132079,-5.45,0.0
5.360749327132079,-5.45,0.0
5.369137935132079,-5.45,0.0
5.375848821532078,-5.45,0.0
5.382559707932078,-5.45,0.0
5.387928417052078,-5.45,0.0
5.393297126172078,-5.45,0.0
5.397592093468078,-5.45,0.0
5.4018870607640785,-5.45,0.0
5.405323034600879,-5.45,0.0
5.408759008437679,-5.45,0.0
5.4115077875071185,-5.45,0.0
5.414256566576558,-5.45,0.0
5.41645558983211,-5.45,0.0
5.4186546130876625,-5.45,0.0
5.4204138316921044,-5.45,0.0
5.422173050296546,-5.45,0.0
5.423580425180099,-5.45,0.0
5.424987800063652,-5.45,0.0
5.426113699970495,-5.45,0.0
5.427239599877337,-5.45,0.0
5.428252909793495,-5.45,0.0
5.429266219709653,-5.45,0.0
5.430266219709654,-5.45,0.0
5.431266219709654,-5.45,0.0
5.481266219709654,-5.45,0.0
5.531266219709654,-5.45,0.0
5.571266219709654,-5.45,0.0
5.611266219709654,-5.45,0.0
5.643266219709654,-5.45,0.0
5.675266219709654,-5.45,0.0
5.700866219709654,-5.45,0.0
5.726466219709653,-5.45,0.0
5.7469462197096535,-5.45,0.0
5.7674262197096535,-5.45,0.0
5.783810219709654,-5.45,0.0
5.800194219709654,-5.45,0.0
5.813301419709655,-5.45,0.0
5.826408619709655,-5.45,0.0
5.836894379709655,-5.45,0.0
5.847380139709655,-5.45,0.0
5.8557687477096545,-5.45,0.0
5.864157355709654,-5.45,0.0
5.870868242109654,-5.45,0.0
5.8775791285096535,-5.45,0.0
5.882947837629653,-5.45,0.0
5.888316546749653,-5.45,0.0
5.892611514045654,-5.45,0.0
5.896906481341654,-5.45,0.0
5.900342455178454,-5.45,0.0
5.903778429015254,-5.45,0.0
5.906527208084694,-5.45,0.0
5.909275987154134,-5.45,0.0
5.9117498883166295,-5.45,0.0
5.914223789479125,-5.45,0.0
5.915928032502178,-5.45,0.0
5.91763227552523,-5.45,0.0
5.918995669943673,-5.45,0.0
5.920359064362115,-5.45,0.0
5.921449779896869,-5.45,0.0
5.9225404954316225,-5.45,0.0
5.923540495431623,-5.45,0.0
5.924540495431623,-5.45,0.0
5.9255404954316235,-5.45,0.0
5.926540495431624,-5.45,0.0
5.976540495431624,-5.45,0.0
6.0265404954316235,-5.45,0.0
6.0665404954316235,-5.45,0.0
6.106540495431624,-5.45,0.0
6.138540495431624,-5.45,0.0
6.170540495431624,-5.45,0.0
6.1961404954316235,-5.45,0.0
6.221740495431623,-5.45,0.0
6.242220495431623,-5.45,0.0
6.262700495431623,-5.45,0.0
6.279084495431624,-5.45,0.0
6.295468495431624,-5.45,0.0
6.3085756954316246,-5.45,0.0
6.321682895431625,-5.45,0.0
6.332168655431625,-5.45,0.0
6.342654415431625,-5.45,0.0
6.351043023431624,-5.45,0.0
6.359431631431624,-5.45,0.0
6.366142517831624,-5.45,0.0
6.372853404231623,-5.45,0.0
6.378222113351623,-5.45,0.0
6.383590822471623,-5.45,0.0
6.387885789767624,-5.45,0.0
6.392180757063624,-5.45,0.0
6.395616730900424,-5.45,0.0
6.399052704737224,-5.45,0.0
6.401801483806664,-5.45,0.0
6.4045502628761035,-5.45,0.0
6.406749286131656,-5.45,0.0
6.408948309387208,-5.45,0.0
6.41070752799165,-5.45,0.0
6.412466746596092,-5.45,0.0
6.413874121479645,-5.45,0.0
6.415281496363198,-5.45,0.0
6.41640739627004,-5.45,0.0
6.417533296176883,-5.45,0.0
6.418533296176883,-5.45,0.0
6.419533296176883,-5.45,0.0
6.420533296176884,-5.45,0.0
6.421533296176884,-5.45,0.0
6.422533296176884,-5.45,0.0
6.423533296176885,-5.45,0.0
6.4735332961768846,-5.45,0.0
6.523533296176884,-5.45,0.0
6.563533296176884,-5.45,0.0
6.6035332961768844,-5.45,0.0
6.6355332961768845,-5.45,0.0
6.6675332961768845,-5.45,0.0
6.693133296176884,-5.45,0.0
6.718733296176884,-5.45,0.0
6.739213296176884,-5.45,0.0
6.759693296176884,-5.45,0.0
6.776077296176885,-5.45,0.0
6.792461296176885,-5.45,0.0
6.805568496176885,-5.45,0.0
6.818675696176886,-5.45,0.0
6.829161456176886,-5.45,0.0
6.8396472161768855,-5.45,0.0
6.848035824176885,-5.45,0.0
6.856424432176885,-5.45,0.0
6.863135318576885,-5.45,0.0
6.869846204976884,-5.45,0.0
6.875214914096884,-5.45,0.0
6.880583623216884,-5.45,0.0
6.884878590512884,-5.45,0.0
6.889173557808885,-5.45,0.0
6.892609531645685,-5.45,0.0
6.896045505482485,-5.45,0.0
6.898794284551925,-5.45,0.0
6.901543063621364,-5.45,0.0
6.903742086876917,-5.45,0.0
6.905941110132469,-5.45,0.0
6.907700328736911,-5.45,0.0
6.909459547341353,-5.45,0.0
6.910866922224906,-5.45,0.0
6.912274297108459,-5.45,0.0
6.913400197015301,-5.45,0.0
6.914526096922144,-5.45,0.0
6.915526096922144,-5.45,0.0
6.916526096922144,-5.45,0.0
6.917526096922145,-5.45,0.0
6.918526096922145,-5.45,0.0
6.919526096922145,-5.45,0.0
6.920526096922146,-5.45,0.0
6.970526096922145,-5.45,0.0
7.020526096922145,-5.45,0.0
7.060526096922145,-5.45,0.0
7.100526096922145,-5.45,0.0
7.132526096922145,-5.45,0.0
7.164526096922145,-5.45,0.0
7.190126096922145,-5.45,0.0
7.215726096922145,-5.45,0.0
7.236206096922145,-5.45,0.0
7.256686096922145,-5.45,0.0
7.275118096922145,-5.45,0.0
7.293550096922145,-5.45,0.0
7.306247696922145,-5.45,0.0
7.318945296922145,-5.45,0.0
7.329103376922145,-5.45,0.0
7.339261456922145,-5.45,0.0
7.347387920922145,-5.45,0.0
7.355514384922145,-5.45,0.0
7.362828202522145,-5.45,0.0
7.370142020122145,-5.45,0.0
7.375180427802145,-5.45,0.0
7.380218835482145,-5.45,0.0
7.384249561626145,-5.45,0.0
7.3882802877701454,-5.45,0.0
7.391504868685345,-5.45,0.0
7.394729449600545,-5.45,0.0
7.397631572424225,-5.45,0.0
7.400533695247905,-5.45,0.0
7.402532935415329,-5.45,0.0
7.404532175582753,-5.45,0.0
7.406131567716693,-5.45,0.0
7.407730959850632,-5.45,0.0
7.4090104735577835,-5.45,0.0
7.410289987264935,-5.45,0.0
7.411313598230656,-5.45,0.0
7.412337209196377,-5.45,0.0
7.413337209196377,-5.45,0.0
7.414337209196377,-5.45,0.0
7.415337209196378,-5.45,0.0
7.416337209196378,-5.45,0.0
7.466337209196378,-5.45,0.0
7.516337209196378,-5.45,0.0
7.556337209196378,-5.45,0.0
7.596337209196378,-5.45,0.0
7.628337209196378,-5.45,0.0
7.660337209196378,-5.45,0.0
7.685937209196378,-5.45,0.0
7.711537209196377,-5.45,0.0
7.7320172091963775,-5.45,0.0
7.7524972091963775,-5.45,0.0
7.768881209196378,-5.45,0.0
7.785265209196378,-5.45,0.0
7.798372409196379,-5.45,0.0
7.811479609196379,-5.45,0.0
7.821965369196379,-5.45,0.0
7.832451129196379,-5.45,0.0
7.8408397371963785,-5.45,0.0
7.849228345196378,-5.45,0.0
7.855939231596378,-5.45,0.0
7.8626501179963775,-5.45,0.0
7.868018827116377,-5.45,0.0
7.873387536236377,-5.45,0.0
7.877682503532378,-5.45,0.0
7.881977470828378,-5.45,0.0
7.885413444665178,-5.45,0.0
7.888849418501978,-5.45,0.0
7.891598197571418,-5.45,0.0
7.894346976640858,-5.45,0.0
7.89654599989641,-5.45,0.0
7.898745023151962,-5.45,0.0
7.900504241756404,-5.45,0.0
7.902263460360846,-5.45,0.0
7.903670835244399,-5.45,0.0
7.905078210127952,-5.45,0.0
7.906204110034794,-5.45,0.0
7.907330009941637,-5.45,0.0
7.908330009941637,-5.45,0.0
7.9093300099416375,-5.45,0.0
7.910330009941638,-5.45,0.0
7.911330009941638,-5.45,0.0
7.9123300099416385,-5.45,0.0
7.913330009941639,-5.45,0.0
7.963330009941639,-5.45,0.0
8.013330009941638,-5.45,0.0
8.05333000994164,-5.45,0.0
8.093330009941639,-5.45,0.0
8.125330009941639,-5.45,0.0
8.157330009941639,-5.45,0.0
8.18293000994164,-5.45,0.0
8.20853000994164,-5.45,0.0
8.22901000994164,-5.45,0.0
8.249490009941638,-5.45,0.0
8.265874009941639,-5.45,0.0
8.28225800994164,-5.45,0.0
8.29536520994164,-5.45,0.0
8.30847240994164,-5.45,0.0
8.31895816994164,-5.45,0.0
8.32944392994164,-5.45,0.0
8.33783253794164,-5.45,0.0
8.34622114594164,-5.45,0.0
8.352932032341641,-5.45,0.0
8.359642918741642,-5.45,0.0
8.365682716501642,-5.45,0.0
8.371722514261641,-5.45,0.0
8.376487243605641,-5.45,0.0
8.381251972949642,-5.45,0.0
8.384459776648841,-5.45,0.0
8.38766758034804,-5.45,0.0
8.3902338233074,-5.45,0.0
8.392800066266759,-5.45,0.0
8.394853060634247,-5.45,0.0
8.396906055001736,-5.45,0.0
8.398548450495726,-5.45,0.0
8.400190845989716,-5.45,0.0
8.401504762384908,-5.45,0.0
8.4028186787801,-5.45,0.0
8.403869811896254,-5.45,0.0
8.404920945012407,-5.45,0.0
8.405920945012406,-5.45,0.0
8.406920945012406,-5.45,0.0
8.407920945012405,-5.45,0.0
8.408920945012405,-5.45,0.0
8.458920945012405,-5.45,0.0
8.508920945012406,-5.45,0.0
8.548920945012405,-5.45,0.0
8.588920945012404,-5.45,0.0
8.624920945012404,-5.45,0.0
8.660920945012403,-5.45,0.0
8.685720945012404,-5.45,0.0
8.710520945012405,-5.45,0.0
8.730360945012405,-5.45,0.0
8.750200945012406,-5.45,0.0
8.766072945012406,-5.45,0.0
8.781944945012405,-5.45,0.0
8.794642545012405,-5.45,0.0
8.807340145012404,-5.45,0.0
8.817498225012404,-5.45,0.0
8.827656305012404,-5.45,0.0
8.835782769012404,-5.45,0.0
8.843909233012404,-5.45,0.0
8.850410404212404,-5.45,0.0
8.856911575412404,-5.45,0.0
8.862112512372404,-5.45,0.0
8.867313449332404,-5.45,0.0
8.871474198900403,-5.45,0.0
8.875634948468402,-5.45,0.0
8.878963548122803,-5.45,0.0
8.882292147777203,-5.45,0.0
8.884955027500723,-5.45,0.0
8.887617907224243,-5.45,0.0
8.88974821100306,-5.45,0.0
8.891878514781876,-5.45,0.0
8.893582757804928,-5.45,0.0
8.895287000827981,-5.45,0.0
8.896650395246423,-5.45,0.0
8.898013789664866,-5.45,0.0
8.89910450519962,-5.45,0.0
8.900195220734375,-5.45,0.0
8.901195220734374,-5.45,0.0
8.902195220734374,-5.45,0.0
8.903195220734373,-5.45,0.0
8.904195220734373,-5.45,0.0
8.954195220734373,-5.45,0.0
9.004195220734374,-5.45,0.0
9.044195220734373,-5.45,0.0
9.084195220734372,-5.45,0.0
9.116195220734372,-5.45,0.0
9.148195220734372,-5.45,0.0
9.173795220734373,-5.45,0.0
9.199395220734374,-5.45,0.0
9.219875220734373,-5.45,0.0
9.240355220734372,-5.45,0.0
9.256739220734373,-5.45,0.0
9.273123220734373,-5.45,0.0
9.286230420734373,-5.45,0.0
9.299337620734374,-5.45,0.0
9.309823380734374,-5.45,0.0
9.320309140734373,-5.45,0.0
9.328697748734374,-5.45,0.0
9.337086356734375,-5.45,0.0
9.343797243134375,-5.45,0.0
9.350508129534376,-5.45,0.0
9.355876838654375,-5.45,0.0
9.361245547774374,-5.45,0.0
9.365540515070373,-5.45,0.0
9.369835482366373,-5.45,0.0
9.373271456203172,-5.45,0.0
9.376707430039971,-5.45,0.0
9.379456209109412,-5.45,0.0
9.382204988178852,-5.45,0.0
9.384404011434404,-5.45,0.0
9.386603034689955,-5.45,0.0
9.388362253294396,-5.45,0.0
9.390121471898837,-5.45,0.0
9.391528846782391,-5.45,0.0
9.392936221665945,-5.45,0.0
9.394062121572787,-5.45,0.0
9.39518802147963,-5.45,0.0
9.39618802147963,-5.45,0.0
9.397188021479629,-5.45,0.0
9.398188021479628,-5.45,0.0
9.399188021479628,-5.45,0.0
9.400188021479627,-5.45,0.0
9.401188021479626,-5.45,0.0
9.401188021479626,-5.45,0.1570796326794897
9.401188021479626,-5.45,0.3141592653589794
9.401188021479626,-5.45,0.4398229715025711
9.401188021479626,-5.45,0.5654866776461629
9.401188021479626,-5.45,0.6785840131753955
9.401188021479626,-5.45,0.7678052445373457
9.401188021479626,-5.45,0.8481043527631006
9.401188021479626,-5.45,0.9203735501662801
9.401188021479626,-5.45,0.9854158278291417
9.401188021479626,-5.45,1.0439538777257171
9.401188021479626,-5.45,1.0966381226326354
9.401188021479626,-5.45,1.144053943048861
9.401188021479626,-5.45,1.1867281814234647
9.401188021479626,-5.45,1.225134995960608
9.401188021479626,-5.45,1.2597011290440367
9.401188021479626,-5.45,1.2908106488191229
9.401188021479626,-5.45,1.3188092166167003
9.401188021479626,-5.45,1.3440079276345198
9.401188021479626,-5.45,1.3692066386523392
9.401188021479626,-5.45,1.3893656074665952
9.401188021479626,-5.45,1.407508679399425
9.401188021479626,-5.45,1.4238374441389725
9.401188021479626,-5.45,1.4385333324045648
9.401188021479626,-5.45,1.4517596318435977
9.401188021479626,-5.45,1.4636633013387275
9.401188021479626,-5.45,1.4743766038843442
9.401188021479626,-5.45,1.4840185761754001
9.401188021479626,-5.45,1.4926963512373497
9.401188021479626,-5.45,1.500506348793104
9.401188021479626,-5.45,1.5075353465932826
9.401188021479626,-5.45,1.5138614446134442
9.401188021479626,-5.45,1.5195549328315898
9.401188021479626,-5.45,1.5246790722279202
9.401188021479626,-5.45,1.5292907976846175
9.401188021479626,-5.45,1.533441350595646
9.401188021479626,-5.45,1.5371768482155712
9.401188021479626,-5.45,1.5409123458354959
9.401188021479626,-5.45,1.5439007439314358
9.401188021479626,-5.45,1.546590302217782
9.401188021479626,-5.45,1.5490109046754932
9.401188021479626,-5.45,1.5511894468874337
9.401188021479626,-5.45,1.5531501348781804
9.401188021479626,-5.45,1.5549147540698511
9.401188021479626,-5.45,1.556502911342356
9.401188021479626,-5.45,1.5579322528876098
9.401188021479626,-5.45,1.5592186602783387
9.401188021479626,-5.45,1.5603764269299947
9.401188021479626,-5.45,1.5614184169164846
9.401188021479626,-5.45,1.5623562079043258
9.401188021479626,-5.45,1.5632002197933832
9.401188021479626,-5.45,1.563959830493534
9.401188021479626,-5.45,1.5646434801236704
9.401188021479626,-5.45,1.565327129753807
9.401188021479626,-5.45,1.5659424144209295
9.401188021479626,-5.45,1.5664893341250388
9.401188021479626,-5.45,1.566974725362435
9.401188021479626,-5.45,1.567356885505681
9.401188021479626,-5.45,1.567700829634603
9.401188021479626,-5.45,1.5680447737635241
9.401188021479626,-5.45,1.5683199290666616
9.401188021479626,-5.45,1.568567568839485
9.401188021479626,-5.45,1.5687904446350263
9.401188021479626,-5.45,1.5689910328510137
9.401188021479626,-5.45,1.5691715622454017
9.401188021479626,-5.45,1.5693340387003512
9.401188021479626,-5.45,1.5694802675098056
9.401188021479626,-5.45,1.5696118734383147
9.401188021479626,-5.45,1.5697303187739726
9.401188021479626,-5.45,1.569836919576065
9.40123599183321,-5.400000023011554,1.569836919576065
9.401283962186792,-5.350000046023108,1.569836919576065
9.401322338469658,-5.310000064432351,1.569836919576065
9.401360714752524,-5.270000082841594,1.569836919576065
9.401391415778816,-5.238000097568988,1.569836919576065
9.401422116805108,-5.206000112296382,1.569836919576065
9.401446677626142,-5.1804001240782975,1.569836919576065
9.401471238447176,-5.154800135860213,1.569836919576065
9.401490887104003,-5.134320145285745,1.569836919576065
9.401510535760831,-5.113840154711277,1.569836919576065
9.401528219551976,-5.095408163194256,1.569836919576065
9.40154590334312,-5.076976171677235,1.569836919576065
9.401558085510352,-5.0642785775210655,1.569836919576065
9.401570267677585,-5.051580983364896,1.569836919576065
9.401581231628095,-5.040153148624342,1.569836919576065
9.401592195578605,-5.028725313883789,1.569836919576065
9.401599748522289,-5.020852805506964,1.569836919576065
9.401607301465972,-5.012980297130139,1.569836919576065
9.40161334382092,-5.006682290428679,1.569836919576065
9.401619386175867,-5.000384283727219,1.569836919576065
9.40162482429532,-4.994716077695904,1.569836919576065
9.401629114367333,-4.990244492937867,1.569836919576065
9.401633404439346,-4.98577290817983,1.569836919576065
9.401636836496957,-4.9821956403734005,1.569836919576065
9.401640268554567,-4.978618372566971,1.569836919576065
9.401643700612178,-4.975041104760542,1.569836919576065
9.401646446258265,-4.972179290515398,1.569836919576065
9.401649191904353,-4.9693174762702546,1.569836919576065
9.401651045215463,-4.967385751654783,1.569836919576065
9.401652898526573,-4.9654540270393115,1.569836919576065
9.40165456650657,-4.963715474885387,1.569836919576065
9.401656234486568,-4.961976922731462,1.569836919576065
9.401657550337456,-4.960605398254477,1.569836919576065
9.401658699390344,-4.959407728992884,1.569836919576065
9.401659848443233,-4.958210059731292,1.569836919576065
9.401660807850304,-4.957210060191523,1.569836919576065
9.401661767257375,-4.956210060651753,1.569836919576065
9.401662726664446,-4.955210061111984,1.569836919576065
9.401663686071517,-4.954210061572215,1.569836919576065
9.4017116564251,-4.904210084583768,1.569836919576065
9.401759626778682,-4.854210107595322,1.569836919576065
9.401798003061549,-4.814210126004565,1.569836919576065
9.401836379344415,-4.774210144413808,1.569836919576065
9.401867080370707,-4.7422101591412025,1.569836919576065
9.401897781396999,-4.710210173868597,1.569836919576065
9.401922342218032,-4.684610185650512,1.569836919576065
9.401946903039066,-4.659010197432427,1.569836919576065
9.401966551695894,-4.6385302068579595,1.569836919576065
9.401986200352722,-4.618050216283492,1.569836919576065
9.402001919278185,-4.601666223823917,1.569836919576065
9.402017638203647,-4.585282231364343,1.569836919576065
9.402030213344016,-4.572175037396684,1.569836919576065
9.402042788484385,-4.559067843429024,1.569836919576065
9.40205284859668,-4.548582088254896,1.569836919576065
9.402062908708976,-4.538096333080769,1.569836919576065
9.402070956798813,-4.5297077289414664,1.569836919576065
9.40207900488865,-4.521319124802164,1.569836919576065
9.40208544336052,-4.5146082414907225,1.569836919576065
9.402091881832389,-4.507897358179281,1.569836919576065
9.402097032609884,-4.5025286515301275,1.569836919576065
9.40210218338738,-4.497159944880974,1.569836919576065
9.402106304009376,-4.492864979561652,1.569836919576065
9.402110424631372,-4.48857001424233,1.569836919576065
9.40211372112897,-4.485134041986872,1.569836919576065
9.402117017626567,-4.481698069731414,1.569836919576065
9.402119654824645,-4.478949291927048,1.569836919576065
9.402122292022723,-4.476200514122682,1.569836919576065
9.402124401781185,-4.474001491879188,1.569836919576065
9.402126511539647,-4.471802469635695,1.569836919576065
9.402128199346416,-4.470043251840901,1.569836919576065
9.402129887153185,-4.468284034046106,1.569836919576065
9.402131237398601,-4.4668766598102705,1.569836919576065
9.402132587644017,-4.465469285574435,1.569836919576065
9.40213366784035,-4.464343386185766,1.569836919576065
9.402134748036682,-4.463217486797098,1.569836919576065
9.402135707443753,-4.462217487257329,1.569836919576065
9.402136666850824,-4.461217487717559,1.569836919576065
9.402137626257895,-4.46021748817779,1.569836919576065
9.402138585664966,-4.4592174886380205,1.569836919576065
9.402139545072037,-4.458217489098251,1.569836919576065
9.402140504479108,-4.457217489558482,1.569836919576065
9.402188474832691,-4.4072175125700355,1.569836919576065
9.402236445186274,-4.357217535581589,1.569836919576065
9.40227482146914,-4.317217553990832,1.569836919576065
9.402313197752006,-4.277217572400075,1.569836919576065
9.402343898778298,-4.2452175871274695,1.569836919576065
9.40237459980459,-4.213217601854864,1.569836919576065
9.402399160625624,-4.187617613636779,1.569836919576065
9.402423721446658,-4.162017625418694,1.569836919576065
9.402443370103486,-4.1415376348442265,1.569836919576065
9.402463018760313,-4.121057644269759,1.569836919576065
9.402478737685776,-4.1046736518101845,1.569836919576065
9.402494456611239,-4.08828965935061,1.569836919576065
9.402507031751608,-4.075182465382951,1.569836919576065
9.402519606891977,-4.062075271415291,1.569836919576065
9.402529667004272,-4.0515895162411635,1.569836919576065
9.402539727116567,-4.041103761067036,1.569836919576065
9.402547775206404,-4.0327151569277335,1.569836919576065
9.402555823296241,-4.024326552788431,1.569836919576065
9.40256226176811,-4.01761566947699,1.569836919576065
9.40256870023998,-4.010904786165548,1.569836919576065
9.402573851017475,-4.005536079516395,1.569836919576065
9.40257900179497,-4.000167372867241,1.569836919576065
9.402583122416967,-3.995872407547919,1.569836919576065
9.402587243038964,-3.9915774422285963,1.569836919576065
9.402590539536561,-3.9881414699731383,1.569836919576065
9.402593506384399,-3.9850490949432262,1.569836919576065
9.402596473232236,-3.981956719913314,1.569836919576065
9.402598846710505,-3.9794828198893843,1.569836919576065
9.402601220188775,-3.9770089198654546,1.569836919576065
9.40260311897139,-3.9750297998463107,1.569836919576065
9.402605017754006,-3.9730506798271668,1.569836919576065
9.402606536780098,-3.9714673838118517,1.569836919576065
9.40260805580619,-3.9698840877965367,1.569836919576065
9.402609271027066,-3.9686174509842846,1.569836919576065
9.40261048624794,-3.9673508141720326,1.569836919576065
9.40261145842464,-3.966337504722231,1.569836919576065
9.40261243060134,-3.965324195272429,1.569836919576065
9.402613390008412,-3.9643241957326603,1.569836919576065
9.402614349415483,-3.9633241961928913,1.569836919576065
9.402615308822554,-3.9623241966531224,1.569836919576065
9.402616268229625,-3.9613241971133535,1.569836919576065
9.402617227636696,-3.9603241975735846,1.569836919576065
9.402618187043768,-3.9593241980338156,1.569836919576065
9.40266615739735,-3.9093242210453694,1.569836919576065
9.402714127750933,-3.859324244056923,1.569836919576065
9.402757301069157,-3.8143242647673214,1.569836919576065
9.40280047438738,-3.76932428547772,1.569836919576065
9.4028302160066,-3.738324299744883,1.569836919576065
9.402859957625822,-3.7073243140120464,1.569836919576065
9.402883750921198,-3.682524325425777,1.569836919576065
9.402907544216575,-3.6577243368395074,1.569836919576065
9.402926578852876,-3.637884345970492,1.569836919576065
9.402945613489177,-3.6180443551014765,1.569836919576065
9.402960841198217,-3.602172362406264,1.569836919576065
9.402976068907257,-3.5863003697110516,1.569836919576065
9.40298825107449,-3.5736027755548814,1.569836919576065
9.403000433241722,-3.560905181398711,1.569836919576065
9.403010178975508,-3.550747106073775,1.569836919576065
9.403019924709294,-3.540589030748839,1.569836919576065
9.403027721296324,-3.53246257048889,1.569836919576065
9.403035517883353,-3.5243361102289414,1.569836919576065
9.403041755152977,-3.5178349420209822,1.569836919576065
9.4030479924226,-3.511333773813023,1.569836919576065
9.403052982238298,-3.5061328392466558,1.569836919576065
9.403057972053997,-3.5009319046802885,1.569836919576065
9.403061963906556,-3.4967711570271947,1.569836919576065
9.403065955759114,-3.492610409374101,1.569836919576065
9.403069149241162,-3.489281811251626,1.569836919576065
9.40307234272321,-3.485953213129151,1.569836919576065
9.403074897508848,-3.483290334631171,1.569836919576065
9.403077452294486,-3.480627456133191,1.569836919576065
9.403079496122997,-3.478497153334807,1.569836919576065
9.403081539951508,-3.476366850536423,1.569836919576065
9.403083175014316,-3.474662608297716,1.569836919576065
9.403084810077125,-3.472958366059009,1.569836919576065
9.403086118127371,-3.4715949722680435,1.569836919576065
9.403087426177617,-3.470231578477078,1.569836919576065
9.403088472617814,-3.4691408634443053,1.569836919576065
9.40308951905801,-3.4680501484115327,1.569836919576065
9.403090478465082,-3.4670501488717638,1.569836919576065
9.403091437872153,-3.466050149331995,1.569836919576065
9.403092397279224,-3.465050149792226,1.569836919576065
9.403093356686295,-3.464050150252457,1.569836919576065
9.403094316093366,-3.463050150712688,1.569836919576065
9.403095275500437,-3.462050151172919,1.569836919576065
9.40314324585402,-3.412050174184473,1.569836919576065
9.403191216207603,-3.3620501971960266,1.569836919576065
9.403229592490469,-3.3220502156052696,1.569836919576065
9.403267968773335,-3.2820502340145126,1.569836919576065
9.403298669799627,-3.250050248741907,1.569836919576065
9.403329370825919,-3.2180502634693013,1.569836919576065
9.403353931646953,-3.1924502752512165,1.569836919576065
9.403378492467986,-3.1668502870331317,1.569836919576065
9.403398141124814,-3.146370296458664,1.569836919576065
9.403417789781642,-3.1258903058841963,1.569836919576065
9.403433508707105,-3.109506313424622,1.569836919576065
9.403449227632567,-3.0931223209650476,1.569836919576065
9.403463374665483,-3.0783767277514307,1.569836919576065
9.403477521698399,-3.0636311345378138,1.569836919576065
9.403487267432185,-3.053473059212878,1.569836919576065
9.403497013165971,-3.0433149838879423,1.569836919576065
9.403504809753,-3.0351885236279936,1.569836919576065
9.40351260634003,-3.027062063368045,1.569836919576065
9.403518843609653,-3.0205608951600857,1.569836919576065
9.403525080879277,-3.0140597269521265,1.569836919576065
9.403530070694975,-3.0088587923857593,1.569836919576065
9.403535060510674,-3.003657857819392,1.569836919576065
9.403539052363232,-2.999497110166298,1.569836919576065
9.403543044215791,-2.9953363625132043,1.569836919576065
9.403546237697839,-2.9920077643907295,1.569836919576065
9.403549431179886,-2.9886791662682546,1.569836919576065
9.403551985965525,-2.9860162877702745,1.569836919576065
9.403554540751163,-2.9833534092722944,1.569836919576065
9.403556584579674,-2.9812231064739105,1.569836919576065
9.403558628408184,-2.9790928036755266,1.569836919576065
9.403560467853843,-2.977175531156981,1.569836919576065
9.403562307299502,-2.9752582586384353,1.569836919576065
9.403563574473178,-2.9739374709034374,1.569836919576065
9.403564841646855,-2.9726166831684395,1.569836919576065
9.403565855385796,-2.971560052980441,1.569836919576065
9.403566869124738,-2.9705034227924427,1.569836919576065
9.40356782853181,-2.969503423252674,1.569836919576065
9.40356878793888,-2.968503423712905,1.569836919576065
9.403569747345951,-2.967503424173136,1.569836919576065
9.403570706753023,-2.966503424633367,1.569836919576065
9.403618677106605,-2.9165034476449208,1.569836919576065
9.403666647460188,-2.8665034706564745,1.569836919576065
9.403705023743054,-2.8265034890657175,1.569836919576065
9.40374340002592,-2.7865035074749605,1.569836919576065
9.403774101052212,-2.754503522202355,1.569836919576065
9.403804802078504,-2.7225035369297492,1.569836919576065
9.403829362899538,-2.6969035487116644,1.569836919576065
9.403853923720572,-2.6713035604935795,1.569836919576065
9.4038735723774,-2.650823569919112,1.569836919576065
9.403893221034227,-2.630343579344644,1.569836919576065
9.40390893995969,-2.61395958688507,1.569836919576065
9.403924658885153,-2.5975755944254955,1.569836919576065
9.403937234025522,-2.584468400457836,1.569836919576065
9.40394980916589,-2.5713612064901765,1.569836919576065
9.403959869278186,-2.560875451316049,1.569836919576065
9.403969929390481,-2.550389696141922,1.569836919576065
9.403977977480318,-2.54200109200262,1.569836919576065
9.403986025570156,-2.5336124878633184,1.569836919576065
9.403992464042025,-2.5269016045518766,1.569836919576065
9.403998902513894,-2.520190721240435,1.569836919576065
9.40400405329139,-2.5148220145912816,1.569836919576065
9.404009204068885,-2.5094533079421284,1.569836919576065
9.404013324690881,-2.505158342622806,1.569836919576065
9.404017445312878,-2.5008633773034834,1.569836919576065
9.404020741810475,-2.4974274050480254,1.569836919576065
9.404024038308073,-2.4939914327925674,1.569836919576065
9.40402667550615,-2.4912426549882007,1.569836919576065
9.404029312704228,-2.488493877183834,1.569836919576065
9.40403142246269,-2.4862948549403407,1.569836919576065
9.404033532221153,-2.4840958326968474,1.569836919576065
9.404035220027922,-2.482336614902053,1.569836919576065
9.40403690783469,-2.4805773971072584,1.569836919576065
9.404038258080107,-2.479170022871423,1.569836919576065
9.404039608325522,-2.4777626486355873,1.569836919576065
9.404040688521855,-2.476636749246919,1.569836919576065
9.404041768718187,-2.4755108498582503,1.569836919576065
9.404042728125258,-2.4745108503184814,1.569836919576065
9.40404368753233,-2.4735108507787125,1.569836919576065
9.4040446469394,-2.4725108512389435,1.569836919576065
9.404045606346472,-2.4715108516991746,1.569836919576065
9.404046565753543,-2.4705108521594057,1.569836919576065
9.404047525160614,-2.4695108526196368,1.569836919576065
9.404095495514197,-2.4195108756311905,1.569836919576065
9.40414346586778,-2.3695108986427442,1.569836919576065
9.404181842150646,-2.329510917051987,1.569836919576065
9.404220218433512,-2.28951093546123,1.569836919576065
9.404250919459804,-2.2575109501886246,1.569836919576065
9.404281620486096,-2.225510964916019,1.569836919576065
9.40430618130713,-2.199910976697934,1.569836919576065
9.404330742128163,-2.1743109884798493,1.569836919576065
9.404350390784991,-2.1538309979053816,1.569836919576065
9.404370039441819,-2.133351007330914,1.569836919576065
9.404385758367281,-2.1169670148713395,1.569836919576065
9.404401477292744,-2.100583022411765,1.569836919576065
9.404414052433113,-2.0874758284441057,1.569836919576065
9.404426627573482,-2.0743686344764463,1.569836919576065
9.404436687685777,-2.063882879302319,1.569836919576065
9.404446747798072,-2.0533971241281916,1.569836919576065
9.40445479588791,-2.04500851998889,1.569836919576065
9.404462843977747,-2.036619915849588,1.569836919576065
9.404469282449616,-2.0299090325381464,1.569836919576065
9.404475720921486,-2.0231981492267046,1.569836919576065
9.404480871698981,-2.0178294425775514,1.569836919576065
9.404486022476476,-2.012460735928398,1.569836919576065
9.404490143098473,-2.0081657706090756,1.569836919576065
9.40449426372047,-2.003870805289753,1.569836919576065
9.404497560218067,-2.000434833034295,1.569836919576065
9.404500856715664,-1.996998860778837,1.569836919576065
9.404503493913742,-1.9942500829744705,1.569836919576065
9.40450613111182,-1.991501305170104,1.569836919576065
9.404508240870282,-1.989302282926611,1.569836919576065
9.404510350628744,-1.9871032606831178,1.569836919576065
9.404512038435513,-1.9853440428883233,1.569836919576065
9.404513726242282,-1.9835848250935288,1.569836919576065
9.404515076487698,-1.9821774508576933,1.569836919576065
9.404516426733114,-1.9807700766218577,1.569836919576065
9.404517506929446,-1.9796441772331892,1.569836919576065
9.404518587125779,-1.9785182778445207,1.569836919576065
9.40451954653285,-1.9775182783047518,1.569836919576065
9.40452050593992,-1.9765182787649829,1.569836919576065
9.404521465346992,-1.975518279225214,1.569836919576065
9.404522424754063,-1.974518279685445,1.569836919576065
9.404523384161134,-1.973518280145676,1.569836919576065
9.404524343568205,-1.9725182806059072,1.569836919576065
9.404572313921788,-1.9225183036174607,1.569836919576065
9.40462028427537,-1.8725183266290142,1.569836919576065
9.404658660558237,-1.832518345038257,1.569836919576065
9.404697036841103,-1.7925183634474997,1.569836919576065
9.404727737867395,-1.7605183781748939,1.569836919576065
9.404758438893687,-1.728518392902288,1.569836919576065
9.40478299971472,-1.7029184046842034,1.569836919576065
9.404807560535755,-1.6773184164661188,1.569836919576065
9.404827209192582,-1.656838425891651,1.569836919576065
9.40484685784941,-1.6363584353171834,1.569836919576065
9.404862576774873,-1.6199744428576093,1.569836919576065
9.404878295700335,-1.6035904503980352,1.569836919576065
9.404890870840704,-1.590483256430376,1.569836919576065
9.404903445981073,-1.5773760624627167,1.569836919576065
9.404913506093369,-1.5668903072885891,1.569836919576065
9.404923566205664,-1.5564045521144616,1.569836919576065
9.404931614295501,-1.5480159479751596,1.569836919576065
9.404939662385338,-1.5396273438358576,1.569836919576065
9.404946100857208,-1.532916460524416,1.569836919576065
9.404952539329077,-1.5262055772129746,1.569836919576065
9.404957690106572,-1.5208368705638213,1.569836919576065
9.404962840884068,-1.515468163914668,1.569836919576065
9.404966961506064,-1.5111731985953456,1.569836919576065
9.40497108212806,-1.506878233276023,1.569836919576065
9.404974378625658,-1.503442261020565,1.569836919576065
9.404977675123256,-1.500006288765107,1.569836919576065
9.404980312321333,-1.4972575109607407,1.569836919576065
9.404982949519411,-1.4945087331563742,1.569836919576065
9.404985059277873,-1.4923097109128811,1.569836919576065
9.404987169036335,-1.490110688669388,1.569836919576065
9.404988856843104,-1.4883514708745935,1.569836919576065
9.404990544649873,-1.486592253079799,1.569836919576065
9.40499189489529,-1.4851848788439634,1.569836919576065
9.404993245140705,-1.4837775046081279,1.569836919576065
9.404994325337038,-1.4826516052194594,1.569836919576065
9.40499540553337,-1.481525705830791,1.569836919576065
9.404996364940441,-1.480525706291022,1.569836919576065
9.404997324347512,-1.479525706751253,1.569836919576065
9.404998283754583,-1.4785257072114841,1.569836919576065
9.404999243161654,-1.4775257076717152,1.569836919576065
9.405000202568726,-1.4765257081319463,1.569836919576065
9.405001161975797,-1.4755257085921774,1.569836919576065
9.40504913232938,-1.4255257316037309,1.569836919576065
9.405097102682962,-1.3755257546152844,1.569836919576065
9.405135478965828,-1.3355257730245271,1.569836919576065
9.405173855248695,-1.29552579143377,1.569836919576065
9.405204556274986,-1.263525806161164,1.569836919576065
9.405235257301278,-1.2315258208885582,1.569836919576065
9.405259818122312,-1.2059258326704736,1.569836919576065
9.405284378943346,-1.180325844452389,1.569836919576065
9.405304027600174,-1.1598458538779213,1.569836919576065
9.405323676257002,-1.1393658633034536,1.569836919576065
9.405339395182464,-1.1229818708438795,1.569836919576065
9.405355114107927,-1.1065978783843053,1.569836919576065
9.405367689248296,-1.093490684416646,1.569836919576065
9.405380264388665,-1.0803834904489868,1.569836919576065
9.40539032450096,-1.0698977352748593,1.569836919576065
9.405400384613255,-1.0594119801007318,1.569836919576065
9.405408432703092,-1.0510233759614298,1.569836919576065
9.40541648079293,-1.0426347718221278,1.569836919576065
9.4054229192648,-1.0359238885106863,1.569836919576065
9.405429357736669,-1.0292130051992447,1.569836919576065
9.405434508514164,-1.0238442985500915,1.569836919576065
9.405439659291659,-1.0184755919009383,1.569836919576065
9.405443779913655,-1.0141806265816158,1.569836919576065
9.405447900535652,-1.0098856612622933,1.569836919576065
9.40545119703325,-1.0064496890068353,1.569836919576065
9.405454493530847,-1.0030137167513773,1.569836919576065
9.405457130728925,-1.0002649389470109,1.569836919576065
9.405459767927002,-0.9975161611426444,1.569836919576065
9.405461877685465,-0.9953171388991512,1.569836919576065
9.405463987443927,-0.993118116655658,1.569836919576065
9.405465675250696,-0.9913588988608635,1.569836919576065
9.405467363057465,-0.989599681066069,1.569836919576065
9.40546871330288,-0.9881923068302334,1.569836919576065
9.405470063548297,-0.9867849325943978,1.569836919576065
9.405471143744629,-0.9856590332057293,1.569836919576065
9.405472223940961,-0.9845331338170609,1.569836919576065
9.405473183348033,-0.9835331342772919,1.569836919576065
9.405474142755104,-0.982533134737523,1.569836919576065
9.405475102162175,-0.9815331351977541,1.569836919576065
9.405476061569246,-0.9805331356579852,1.569836919576065
9.405477020976317,-0.9795331361182162,1.569836919576065
9.405477980383388,-0.9785331365784473,1.569836919576065
9.40552595073697,-0.9285331595900008,1.569836919576065
9.405573921090554,-0.8785331826015543,1.569836919576065
9.40561229737342,-0.8385332010107971,1.569836919576065
9.405650673656286,-0.7985332194200399,1.569836919576065
9.405681374682578,-0.7665332341474341,1.569836919576065
9.40571207570887,-0.7345332488748284,1.569836919576065
9.405736636529904,-0.7089332606567438,1.569836919576065
9.405761197350937,-0.6833332724386592,1.569836919576065
9.405780846007765,-0.6628532818641915,1.569836919576065
9.405800494664593,-0.6423732912897238,1.569836919576065
9.405816213590056,-0.6259892988301496,1.569836919576065
9.405831932515518,-0.6096053063705755,1.569836919576065
9.405844507655887,-0.5964981124029163,1.569836919576065
9.405857082796256,-0.583390918435257,1.569836919576065
9.405867142908551,-0.5729051632611296,1.569836919576065
9.405877203020847,-0.5624194080870022,1.569836919576065
9.405885251110684,-0.5540308039477002,1.569836919576065
9.405893299200521,-0.5456421998083982,1.569836919576065
9.40589973767239,-0.5389313164969567,1.569836919576065
9.40590617614426,-0.5322204331855152,1.569836919576065
9.405911326921755,-0.5268517265363619,1.569836919576065
9.40591647769925,-0.5214830198872087,1.569836919576065
9.405920598321247,-0.5171880545678861,1.569836919576065
9.405924718943243,-0.5128930892485635,1.569836919576065
9.405928015440841,-0.5094571169931054,1.569836919576065
9.405931311938438,-0.5060211447376473,1.569836919576065
9.405933949136516,-0.5032723669332808,1.569836919576065
9.405936586334594,-0.5005235891289144,1.569836919576065
9.405938959812863,-0.49804968910498454,1.569836919576065
9.405941333291132,-0.4955757890810547,1.569836919576065
9.40594296835394,-0.49387154684234746,1.569836919576065
9.40594460341675,-0.4921673046036402,1.569836919576065
9.405945911466995,-0.49080391081267444,1.569836919576065
9.405947219517241,-0.48944051702170865,1.569836919576065
9.405948265957438,-0.488349801988936,1.569836919576065
9.405949312397635,-0.4872590869561634,1.569836919576065
9.405950271804706,-0.48625908741639445,1.569836919576065
9.405951231211777,-0.48525908787662553,1.569836919576065
9.405952190618848,-0.4842590883368566,1.569836919576065
9.405953150025919,-0.4832590887970877,1.569836919576065
9.406001120379502,-0.4332591118086412,1.569836919576065
9.406049090733084,-0.3832591348201947,1.569836919576065
9.40608746701595,-0.3432591532294375,1.569836919576065
9.406125843298817,-0.3032591716386803,1.569836919576065
9.406156544325109,-0.2712591863660746,1.569836919576065
9.4061872453514,-0.23925920109346888,1.569836919576065
9.406211806172434,-0.21365921287538428,1.569836919576065
9.406236366993468,-0.18805922465729968,1.569836919576065
9.406256015650296,-0.167579234082832,1.569836919576065
9.406275664307124,-0.14709924350836434,1.569836919576065
9.406291383232587,-0.1307152510487902,1.569836919576065
9.406307102158049,-0.11433125858921606,1.569836919576065
9.406319677298418,-0.10122406462155674,1.569836919576065
9.406332252438787,-0.08811687065389742,1.569836919576065
9.406342312551082,-0.07763111547976997,1.569836919576065
9.406352372663378,-0.06714536030564253,1.569836919576065
9.406360420753215,-0.05875675616634056,1.569836919576065
9.406368468843052,-0.05036815202703859,1.569836919576065
9.406374907314921,-0.043657268715597025,1.569836919576065
9.40638134578679,-0.03694638540415546,1.569836919576065
9.406386496564286,-0.0315776787550022,1.569836919576065
9.406391647341781,-0.02620897210584894,1.569836919576065
9.406395767963778,-0.021914006786526337,1.569836919576065
9.406399888585774,-0.017619041467203733,1.569836919576065
9.406403597145571,-0.013753572679813388,1.569836919576065
9.406407305705368,-0.009888103892423044,1.569836919576065
9.406409860491006,-0.007225225394443029,1.569836919576065
9.406412415276645,-0.004562346896463013,1.569836919576065
9.406414459105156,-0.002432044098079001,1.569836919576065
9.406416502933666,-0.0003017412996949888,1.569836919576065
9.406418137996475,0.0014025009390122207,1.569836919576065
9.406419773059284,0.0031067431777194302,1.569836919576065
9.40642108110953,0.004470136968685198,1.569836919576065
9.406422389159776,0.005833530759650965,1.569836919576065
9.406423435599972,0.00692424579242358,1.569836919576065
9.406424482040169,0.008014960825196194,1.569836919576065
9.40642544144724,0.009014960364965123,1.569836919576065
9.406426400854311,0.010014959904734052,1.569836919576065
9.406427360261382,0.01101495944450298,1.569836919576065
9.406428319668453,0.01201495898427191,1.569836919576065
9.406476290022036,0.062014935972718385,1.569836919576065
9.406524260375619,0.11201491296116486,1.569836919576065
9.406562636658485,0.15201489455192205,1.569836919576065
9.406601012941351,0.19201487614267923,1.569836919576065
9.406631713967643,0.22401486141528498,1.569836919576065
9.406662414993935,0.2560148466878907,1.569836919576065
9.406686975814969,0.2816148349059753,1.569836919576065
9.406711536636003,0.3072148231240599,1.569836919576065
9.40673118529283,0.3276948136985276,1.569836919576065
9.406750833949658,0.3481748042729953,1.569836919576065
9.406766552875121,0.3645587967325694,1.569836919576065
9.406782271800584,0.3809427891921435,1.569836919576065
9.406794846940953,0.39404998315980283,1.569836919576065
9.406807422081322,0.40715717712746213,1.569836919576065
9.406817482193617,0.4176429323015896,1.569836919576065
9.406827542305912,0.4281286874757171,1.569836919576065
9.40683559039575,0.43651729161501907,1.569836919576065
9.406843638485586,0.44490589575432105,1.569836919576065
9.406850076957456,0.4516167790657626,1.569836919576065
9.406856515429325,0.4583276623772041,1.569836919576065
9.40686166620682,0.46369636902635736,1.569836919576065
9.406866816984316,0.4690650756755106,1.569836919576065
9.406870937606312,0.4733600409948332,1.569836919576065
9.406875058228309,0.4776550063141558,1.569836919576065
9.406878354725906,0.4810909785696139,1.569836919576065
9.406881651223504,0.484526950825072,1.569836919576065
9.406884288421582,0.48727572862943846,1.569836919576065
9.40688692561966,0.4900245064338049,1.569836919576065
9.406889035378121,0.49222352867729807,1.569836919576065
9.406891145136584,0.49442255092079124,1.569836919576065
9.406892832943353,0.4961817687155858,1.569836919576065
9.406894520750122,0.4979409865103803,1.569836919576065
9.406895870995537,0.49934836074621597,1.569836919576065
9.406897221240953,0.5007557349820516,1.569836919576065
9.406898301437286,0.5018816343707201,1.569836919576065
9.406899381633618,0.5030075337593886,1.569836919576065
9.40690034104069,0.5040075332991575,1.569836919576065
9.40690130044776,0.5050075328389264,1.569836919576065
9.406902259854832,0.5060075323786953,1.569836919576065
9.406903219261903,0.5070075319184643,1.569836919576065
9.406904178668974,0.5080075314582332,1.569836919576065
9.406905138076045,0.5090075309980021,1.569836919576065
9.406953108429628,0.5590075079864486,1.569836919576065
9.40700107878321,0.6090074849748951,1.569836919576065
9.407039455066077,0.6490074665656522,1.569836919576065
9.407077831348943,0.6890074481564095,1.569836919576065
9.407108532375235,0.7210074334290152,1.569836919576065
9.407139233401526,0.7530074187016209,1.569836919576065
9.40716379422256,0.7786074069197055,1.569836919576065
9.407188355043594,0.8042073951377902,1.569836919576065
9.407208003700422,0.8246873857122579,1.569836919576065
9.40722765235725,0.8451673762867256,1.569836919576065
9.407243371282712,0.8615513687462997,1.569836919576065
9.407259090208175,0.8779353612058738,1.569836919576065
9.407271665348544,0.8910425551735331,1.569836919576065
9.407284240488913,0.9041497491411925,1.569836919576065
9.407294300601208,0.9146355043153199,1.569836919576065
9.407304360713503,0.9251212594894473,1.569836919576065
9.40731240880334,0.9335098636287493,1.569836919576065
9.407320456893178,0.9418984677680513,1.569836919576065
9.407326895365047,0.9486093510794928,1.569836919576065
9.407333333836917,0.9553202343909344,1.569836919576065
9.407338484614412,0.9606889410400876,1.569836919576065
9.407343635391907,0.9660576476892409,1.569836919576065
9.407347756013904,0.9703526130085635,1.569836919576065
9.4073518766359,0.9746475783278861,1.569836919576065
9.407355173133498,0.9780835505833442,1.569836919576065
9.407358469631095,0.9815195228388023,1.569836919576065
9.407361106829173,0.9842683006431687,1.569836919576065
9.40736374402725,0.9870170784475352,1.569836919576065
9.407365853785713,0.9892161006910284,1.569836919576065
9.407367963544175,0.9914151229345216,1.569836919576065
9.40736986232679,0.9933942429536654,1.569836919576065
9.407371761109406,0.9953733629728092,1.569836919576065
9.407373069159652,0.9967367567637749,1.569836919576065
9.407374377209898,0.9981001505547407,1.569836919576065
9.407375423650095,0.9991908655875132,1.569836919576065
9.407376470090291,1.0002815806202858,1.569836919576065
9.407377429497362,1.0012815801600548,1.569836919576065
9.407378388904434,1.0022815796998237,1.569836919576065
9.407379348311505,1.0032815792395926,1.569836919576065
9.407380307718576,1.0042815787793615,1.569836919576065
9.407428278072159,1.054281555767808,1.569836919576065
9.407476248425741,1.1042815327562545,1.569836919576065
9.407514624708607,1.1442815143470118,1.569836919576065
9.407553000991474,1.184281495937769,1.569836919576065
9.407583702017766,1.2162814812103748,1.569836919576065
9.407614403044057,1.2482814664829807,1.569836919576065
9.407638963865091,1.2738814547010653,1.569836919576065
9.407663524686125,1.29948144291915,1.569836919576065
9.407683173342953,1.3199614334936176,1.569836919576065
9.40770282199978,1.3404414240680853,1.569836919576065
9.407718540925243,1.3568254165276594,1.569836919576065
9.407734259850706,1.3732094089872335,1.569836919576065
9.407746834991075,1.3863166029548928,1.569836919576065
9.407759410131444,1.399423796922552,1.569836919576065
9.407769470243739,1.4099095520966796,1.569836919576065
9.407779530356034,1.420395307270807,1.569836919576065
9.407787578445872,1.428783911410109,1.569836919576065
9.407795626535709,1.437172515549411,1.569836919576065
9.407802065007578,1.4438833988608526,1.569836919576065
9.407808503479448,1.4505942821722941,1.569836919576065
9.407813654256943,1.4559629888214474,1.569836919576065
9.407818805034438,1.4613316954706006,1.569836919576065
9.407822925656435,1.465626660789923,1.569836919576065
9.407827046278431,1.4699216261092456,1.569836919576065
9.407830342776029,1.4733575983647036,1.569836919576065
9.407833639273626,1.4767935706201616,1.569836919576065
9.407836276471704,1.479542348424528,1.569836919576065
9.407838913669782,1.4822911262288945,1.569836919576065
9.407841023428244,1.4844901484723876,1.569836919576065
9.407843133186706,1.4866891707158807,1.569836919576065
9.407845031969321,1.4886682907350246,1.569836919576065
9.407846930751937,1.4906474107541685,1.569836919576065
9.407848238802183,1.4920108045451344,1.569836919576065
9.407849546852429,1.4933741983361002,1.569836919576065
9.407850593292626,1.4944649133688728,1.569836919576065
9.407851639732822,1.4955556284016454,1.569836919576065
9.407852599139893,1.4965556279414143,1.569836919576065
9.407853558546964,1.4975556274811832,1.569836919576065
9.407854517954036,1.4985556270209521,1.569836919576065
9.407855477361107,1.499555626560721,1.569836919576065
9.40790344771469,1.5495556035491675,1.569836919576065
9.407951418068272,1.599555580537614,1.569836919576065
9.407989794351138,1.6395555621283713,1.569836919576065
9.408028170634005,1.6795555437191285,1.569836919576065
9.408058871660296,1.7115555289917344,1.569836919576065
9.408089572686588,1.7435555142643402,1.569836919576065
9.408114133507622,1.7691555024824248,1.569836919576065
9.408138694328656,1.7947554907005094,1.569836919576065
9.408158342985484,1.8152354812749771,1.569836919576065
9.408177991642312,1.8357154718494448,1.569836919576065
9.408193710567774,1.852099464309019,1.569836919576065
9.408209429493237,1.868483456768593,1.569836919576065
9.408222004633606,1.8815906507362523,1.569836919576065
9.408234579773975,1.8946978447039116,1.569836919576065
9.40824463988627,1.905183599878039,1.569836919576065
9.408254699998565,1.9156693550521666,1.569836919576065
9.408262748088402,1.9240579591914686,1.569836919576065
9.40827079617824,1.9324465633307706,1.569836919576065
9.40827723465011,1.9391574466422121,1.569836919576065
9.408283673121979,1.9458683299536537,1.569836919576065
9.408288823899474,1.951237036602807,1.569836919576065
9.408293974676969,1.9566057432519601,1.569836919576065
9.408298610376715,1.961437579236198,1.569836919576065
9.40830324607646,1.9662694152204359,1.569836919576065
9.408306903128482,1.9700811969413345,1.569836919576065
9.408310560180503,1.9738929786622332,1.569836919576065
9.408313022252146,1.9764592204405285,1.569836919576065
9.40831548432379,1.9790254622188237,1.569836919576065
9.408317453981104,1.98107845564146,1.569836919576065
9.408319423638417,1.9831314490640963,1.569836919576065
9.40832099936427,1.9847738438022053,1.569836919576065
9.408322575090121,1.9864162385403143,1.569836919576065
9.408323993243387,1.9878943938046123,1.569836919576065
9.408325411396653,1.9893725490689103,1.569836919576065
9.408326530162007,1.9905386493329675,1.569836919576065
9.408327648927362,1.9917047495970248,1.569836919576065
9.408328608334433,1.9927047491367937,1.569836919576065
9.408329567741504,1.9937047486765627,1.569836919576065
9.408330527148575,1.9947047482163316,1.569836919576065
9.408331486555646,1.9957047477561005,1.569836919576065
9.408379456909229,2.045704724744547,1.569836919576065
9.408427427262811,2.095704701732993,1.569836919576065
9.408465803545678,2.13570468332375,1.569836919576065
9.408504179828544,2.175704664914507,1.569836919576065
9.408534880854836,2.2077046501871127,1.569836919576065
9.408565581881128,2.2397046354597183,1.569836919576065
9.408590142702161,2.265304623677803,1.569836919576065
9.408614703523195,2.290904611895888,1.569836919576065
9.408634352180023,2.3113846024703557,1.569836919576065
9.40865400083685,2.3318645930448234,1.569836919576065
9.408669719762313,2.3482485855043977,1.569836919576065
9.408685438687776,2.364632577963972,1.569836919576065
9.408698013828145,2.3777397719316316,1.569836919576065
9.408710588968514,2.390846965899291,1.569836919576065
9.40872064908081,2.4013327210734183,1.569836919576065
9.408730709193105,2.4118184762475456,1.569836919576065
9.408738757282942,2.4202070803868474,1.569836919576065
9.408746805372779,2.428595684526149,1.569836919576065
9.408753243844648,2.435306567837591,1.569836919576065
9.408759682316518,2.4420174511490327,1.569836919576065
9.408764833094013,2.447386157798186,1.569836919576065
9.408769983871508,2.452754864447339,1.569836919576065
9.408774104493505,2.4570498297666616,1.569836919576065
9.408778225115501,2.461344795085984,1.569836919576065
9.408781521613099,2.464780767341442,1.569836919576065
9.408784818110696,2.4682167395969,1.569836919576065
9.408787455308774,2.470965517401267,1.569836919576065
9.408790092506852,2.4737142952056335,1.569836919576065
9.408792202265314,2.475913317449127,1.569836919576065
9.408794312023776,2.47811233969262,1.569836919576065
9.408795999830545,2.4798715574874146,1.569836919576065
9.408797687637314,2.481630775282209,1.569836919576065
9.40879903788273,2.4830381495180447,1.569836919576065
9.408800388128146,2.4844455237538803,1.569836919576065
9.408801468324478,2.4855714231425488,1.569836919576065
9.40880254852081,2.4866973225312172,1.569836919576065
9.408803507927882,2.487697322070986,1.569836919576065
9.408804467334953,2.488697321610755,1.569836919576065
9.408805426742024,2.489697321150524,1.569836919576065
9.408806386149095,2.490697320690293,1.569836919576065
9.408807345556166,2.491697320230062,1.569836919576065
9.408808304963237,2.4926973197698308,1.569836919576065
9.40885627531682,2.542697296758277,1.569836919576065
9.408904245670403,2.5926972737467233,1.569836919576065
9.408942621953269,2.6326972553374803,1.569836919576065
9.408980998236135,2.6726972369282374,1.569836919576065
9.409011699262427,2.704697222200843,1.569836919576065
9.409042400288719,2.7366972074734486,1.569836919576065
9.409066961109753,2.7622971956915334,1.569836919576065
9.409091521930787,2.7878971839096183,1.569836919576065
9.409111170587614,2.808377174484086,1.569836919576065
9.409130819244442,2.8288571650585537,1.569836919576065
9.409146538169905,2.845241157518128,1.569836919576065
9.409162257095367,2.8616251499777023,1.569836919576065
9.409174832235736,2.874732343945362,1.569836919576065
9.409187407376105,2.8878395379130213,1.569836919576065
9.4091974674884,2.8983252930871486,1.569836919576065
9.409207527600696,2.908811048261276,1.569836919576065
9.409215575690533,2.9171996524005777,1.569836919576065
9.40922362378037,2.9255882565398794,1.569836919576065
9.40923006225224,2.932299139851321,1.569836919576065
9.40923650072411,2.939010023162763,1.569836919576065
9.409241651501604,2.944378729811916,1.569836919576065
9.4092468022791,2.9497474364610694,1.569836919576065
9.409250922901096,2.954042401780392,1.569836919576065
9.409255043523093,2.9583373670997144,1.569836919576065
9.40925834002069,2.9617733393551724,1.569836919576065
9.409261636518288,2.9652093116106304,1.569836919576065
9.409264273716365,2.967958089414997,1.569836919576065
9.409266910914443,2.9707068672193637,1.569836919576065
9.409269020672905,2.972905889462857,1.569836919576065
9.409271130431367,2.9751049117063504,1.569836919576065
9.409272818238136,2.976864129501145,1.569836919576065
9.409274506044905,2.9786233472959394,1.569836919576065
9.409275856290321,2.980030721531775,1.569836919576065
9.409277206535737,2.9814380957676105,1.569836919576065
9.40927828673207,2.982563995156279,1.569836919576065
9.409279366928402,2.9836898945449475,1.569836919576065
9.409280326335473,2.9846898940847164,1.569836919576065
9.409281285742544,2.9856898936244853,1.569836919576065
9.409282245149615,2.9866898931642543,1.569836919576065
9.409283204556687,2.987689892704023,1.569836919576065
9.409284163963758,2.988689892243792,1.569836919576065
9.409285123370829,2.989689891783561,1.569836919576065
9.409333093724412,3.0396898687720073,1.569836919576065
9.409381064077994,3.0896898457604536,1.569836919576065
9.409424237396218,3.1346898250500552,1.569836919576065
9.409467410714441,3.179689804339657,1.569836919576065
9.409501469665486,3.215189788001454,1.569836919576065
9.40953552861653,3.250689771663251,1.569836919576065
9.409558458445542,3.2745897606637286,1.569836919576065
9.409581388274553,3.2984897496642063,1.569836919576065
9.409599732137764,3.3176097408645884,1.569836919576065
9.409618076000974,3.3367297320649705,1.569836919576065
9.409634585477864,3.353937724145314,1.569836919576065
9.409651094954754,3.3711457162256577,1.569836919576065
9.409662468149945,3.3830001107698946,1.569836919576065
9.409673841345136,3.3948545053141315,1.569836919576065
9.409682939901288,3.404338020949521,1.569836919576065
9.40969203845744,3.4138215365849103,1.569836919576065
9.409699317302362,3.421408349093222,1.569836919576065
9.409706596147284,3.4289951616015335,1.569836919576065
9.409712419223222,3.435064611608183,1.569836919576065
9.40971824229916,3.4411340616148323,1.569836919576065
9.40972290075991,3.4459896216201518,1.569836919576065
9.40972755922066,3.4508451816254713,1.569836919576065
9.40973128598926,3.4547296296297265,1.569836919576065
9.40973501275786,3.4586140776339818,1.569836919576065
9.40973799417274,3.461721636037386,1.569836919576065
9.40974097558762,3.4648291944407905,1.569836919576065
9.409743360719524,3.467315241163514,1.569836919576065
9.409745745851428,3.469801287886238,1.569836919576065
9.40974765395695,3.4717901252644165,1.569836919576065
9.409749562062473,3.4737789626425952,1.569836919576065
9.409751279357444,3.475568916282956,1.569836919576065
9.409752996652415,3.477358869923317,1.569836919576065
9.409754351407337,3.478770944461824,1.569836919576065
9.409755706162258,3.4801830190003313,1.569836919576065
9.40975666556933,3.4811830185401003,1.569836919576065
9.4097576249764,3.482183018079869,1.569836919576065
9.409758584383471,3.483183017619638,1.569836919576065
9.409759543790543,3.484183017159407,1.569836919576065
9.409760503197614,3.485183016699176,1.569836919576065
9.409761462604685,3.486183016238945,1.569836919576065
9.409809432958268,3.536182993227391,1.569836919576065
9.40985740331185,3.5861829702158374,1.569836919576065
9.409895779594716,3.6261829518065944,1.569836919576065
9.409934155877583,3.6661829333973515,1.569836919576065
9.409964856903875,3.698182918669957,1.569836919576065
9.409995557930166,3.7301829039425627,1.569836919576065
9.4100201187512,3.7557828921606475,1.569836919576065
9.410044679572234,3.7813828803787324,1.569836919576065
9.410064328229062,3.8018628709532,1.569836919576065
9.41008397688589,3.822342861527668,1.569836919576065
9.410099695811352,3.838726853987242,1.569836919576065
9.410115414736815,3.8551108464468165,1.569836919576065
9.410127989877184,3.868218040414476,1.569836919576065
9.410140565017553,3.8813252343821354,1.569836919576065
9.410150625129848,3.8918109895562627,1.569836919576065
9.410160685242143,3.90229674473039,1.569836919576065
9.41016873333198,3.9106853488696918,1.569836919576065
9.410176781421818,3.9190739530089935,1.569836919576065
9.410183219893687,3.9257848363204353,1.569836919576065
9.410189658365557,3.932495719631877,1.569836919576065
9.410194809143052,3.9378644262810303,1.569836919576065
9.410199959920547,3.9432331329301835,1.569836919576065
9.410204080542544,3.947528098249506,1.569836919576065
9.41020820116454,3.9518230635688285,1.569836919576065
9.410211497662138,3.9552590358242865,1.569836919576065
9.410214794159735,3.9586950080797445,1.569836919576065
9.410217431357813,3.961443785884111,1.569836919576065
9.41022006855589,3.964192563688478,1.569836919576065
9.410222178314353,3.966391585931971,1.569836919576065
9.410224288072815,3.9685906081754645,1.569836919576065
9.410225975879584,3.970349825970259,1.569836919576065
9.410227663686353,3.9721090437650535,1.569836919576065
9.410229013931769,3.973516418000889,1.569836919576065
9.410230364177185,3.9749237922367247,1.569836919576065
9.410231444373517,3.976049691625393,1.569836919576065
9.41023252456985,3.9771755910140616,1.569836919576065
9.41023348397692,3.9781755905538305,1.569836919576065
9.410234443383992,3.9791755900935994,1.569836919576065
9.410235402791063,3.9801755896333684,1.569836919576065
9.410236362198134,3.9811755891731373,1.569836919576065
9.410237321605205,3.9821755887129062,1.569836919576065
9.410238281012276,3.983175588252675,1.569836919576065
9.410286251365859,4.033175565241121,1.569836919576065
9.410334221719442,4.083175542229568,1.569836919576065
9.410372598002308,4.123175523820325,1.569836919576065
9.410410974285174,4.163175505411082,1.569836919576065
9.410441675311466,4.195175490683687,1.569836919576065
9.410472376337758,4.227175475956293,1.569836919576065
9.410496937158792,4.252775464174378,1.569836919576065
9.410521497979826,4.278375452392463,1.569836919576065
9.410541146636653,4.29885544296693,1.569836919576065
9.410560795293481,4.319335433541398,1.569836919576065
9.410576514218944,4.335719426000972,1.569836919576065
9.410592233144406,4.352103418460547,1.569836919576065
9.410604808284775,4.365210612428206,1.569836919576065
9.410617383425144,4.378317806395866,1.569836919576065
9.41062744353744,4.388803561569993,1.569836919576065
9.410637503649735,4.399289316744121,1.569836919576065
9.410645551739572,4.407677920883423,1.569836919576065
9.41065359982941,4.416066525022726,1.569836919576065
9.410660038301279,4.422777408334167,1.569836919576065
9.410666476773148,4.429488291645609,1.569836919576065
9.410671627550643,4.434856998294762,1.569836919576065
9.410676778328138,4.4402257049439156,1.569836919576065
9.410680898950135,4.444520670263238,1.569836919576065
9.410685019572131,4.44881563558256,1.569836919576065
9.410688316069729,4.452251607838018,1.569836919576065
9.410691612567327,4.455687580093476,1.569836919576065
9.410694249765404,4.458436357897842,1.569836919576065
9.410696886963482,4.461185135702208,1.569836919576065
9.410698996721944,4.463384157945701,1.569836919576065
9.410701106480406,4.465583180189195,1.569836919576065
9.410702794287175,4.467342397983989,1.569836919576065
9.410704482093944,4.469101615778784,1.569836919576065
9.41070583233936,4.470508990014619,1.569836919576065
9.410707182584776,4.471916364250455,1.569836919576065
9.410708262781109,4.473042263639123,1.569836919576065
9.41070934297744,4.474168163027792,1.569836919576065
9.410710302384512,4.475168162567561,1.569836919576065
9.410711261791583,4.476168162107331,1.569836919576065
9.410712221198654,4.4771681616471,1.569836919576065
9.410713180605725,4.478168161186869,1.569836919576065
9.410714140012796,4.479168160726639,1.569836919576065
9.410715099419868,4.480168160266408,1.569836919576065
9.41076306977345,4.530168137254854,1.569836919576065
9.410811040127033,4.580168114243301,1.569836919576065
9.4108494164099,4.620168095834058,1.569836919576065
9.410887792692765,4.660168077424815,1.569836919576065
9.410918493719057,4.69216806269742,1.569836919576065
9.41094919474535,4.724168047970026,1.569836919576065
9.410973755566383,4.749768036188111,1.569836919576065
9.410998316387417,4.775368024406196,1.569836919576065
9.411020421126347,4.798408013802471,1.569836919576065
9.411042525865277,4.821448003198747,1.569836919576065
9.411057753574317,4.83731999589396,1.569836919576065
9.411072981283358,4.853191988589173,1.569836919576065
9.41108516345059,4.865889582745343,1.569836919576065
9.411097345617822,4.878587176901513,1.569836919576065
9.411107091351608,4.888745252226449,1.569836919576065
9.411116837085395,4.898903327551385,1.569836919576065
9.411124633672424,4.907029787811334,1.569836919576065
9.411132430259453,4.915156248071283,1.569836919576065
9.411138667529077,4.921657416279242,1.569836919576065
9.4111449047987,4.928158584487201,1.569836919576065
9.411149894614399,4.9333595190535675,1.569836919576065
9.411154884430097,4.938560453619934,1.569836919576065
9.411158876282656,4.942721201273028,1.569836919576065
9.411162868135214,4.946881948926122,1.569836919576065
9.411166061617262,4.950210547048597,1.569836919576065
9.41116925509931,4.953539145171072,1.569836919576065
9.411171809884948,4.956202023669052,1.569836919576065
9.411174364670586,4.958864902167032,1.569836919576065
9.411176408499097,4.960995204965416,1.569836919576065
9.411178452327608,4.9631255077638,1.569836919576065
9.411180087390417,4.964829750002507,1.569836919576065
9.411181722453225,4.966533992241215,1.569836919576065
9.411183030503471,4.96789738603218,1.569836919576065
9.411184338553717,4.969260779823146,1.569836919576065
9.411185384993914,4.970351494855919,1.569836919576065
9.41118643143411,4.971442209888692,1.569836919576065
9.411187390841182,4.972442209428461,1.569836919576065
9.411188350248253,4.973442208968231,1.569836919576065
9.411189309655324,4.974442208508,1.569836919576065
9.411190269062395,4.975442208047769,1.569836919576065
9.411238239415978,5.025442185036216,1.569836919576065
9.41128620976956,5.075442162024662,1.569836919576065
9.411324586052427,5.115442143615419,1.569836919576065
9.411362962335293,5.155442125206176,1.569836919576065
9.411393663361585,5.187442110478782,1.569836919576065
9.411424364387877,5.219442095751387,1.569836919576065
9.41144892520891,5.245042083969472,1.569836919576065
9.411473486029944,5.270642072187557,1.569836919576065
9.411493134686772,5.291122062762025,1.569836919576065
9.4115127833436,5.311602053336492,1.569836919576065
9.411528502269062,5.327986045796067,1.569836919576065
9.411544221194525,5.344370038255641,1.569836919576065
9.411556796334894,5.3574772322233,1.569836919576065
9.411569371475263,5.37058442619096,1.569836919576065
9.411579431587558,5.381070181365088,1.569836919576065
9.411589491699853,5.391555936539215,1.569836919576065
9.41159753978969,5.399944540678518,1.569836919576065
9.411605587879528,5.40833314481782,1.569836919576065
9.411612026351397,5.4150440281292616,1.569836919576065
9.411618464823267,5.421754911440703,1.569836919576065
9.411623615600762,5.4271236180898565,1.569836919576065
9.411628766378257,5.43249232473901,1.569836919576065
9.411632887000254,5.436787290058332,1.569836919576065
9.41163700762225,5.441082255377654,1.569836919576065
9.411640304119848,5.444518227633112,1.569836919576065
9.411643600617445,5.44795419988857,1.569836919576065
9.411646237815523,5.450702977692936,1.569836919576065
9.4116488750136,5.453451755497302,1.569836919576065
9.411650984772063,5.455650777740796,1.569836919576065
9.411653094530525,5.457849799984289,1.569836919576065
9.411654782337294,5.4596090177790835,1.569836919576065
9.411656470144063,5.461368235573878,1.569836919576065
9.411657820389479,5.4627756098097136,1.569836919576065
9.411659170634895,5.464182984045549,1.569836919576065
9.411660250831227,5.465308883434218,1.569836919576065
9.41166133102756,5.466434782822886,1.569836919576065
9.41166229043463,5.4674347823626555,1.569836919576065
9.411663249841702,5.468434781902425,1.569836919576065
9.411664209248773,5.469434781442194,1.569836919576065
9.411665168655844,5.470434780981964,1.569836919576065
9.411666128062915,5.471434780521733,1.569836919576065
9.411667087469986,5.472434780061502,1.569836919576065
9.411667087469986,5.472434780061502,1.7269165522555554
9.411667087469986,5.472434780061502,1.8839961849350444
9.411667087469986,5.472434780061502,2.009659891078637
9.411667087469986,5.472434780061502,2.122757226607869
9.411667087469986,5.472434780061502,2.224544828584178
9.411667087469986,5.472434780061502,2.3161536703628562
9.411667087469986,5.472434780061502,2.3986016279636666
9.411667087469986,5.472434780061502,2.472804789804396
9.411667087469986,5.472434780061502,2.5395876354610527
9.411667087469986,5.472434780061502,2.5996921965520436
9.411667087469986,5.472434780061502,2.6537863015339354
9.411667087469986,5.472434780061502,2.702470996017638
9.411667087469986,5.472434780061502,2.7462872210529703
9.411667087469986,5.472434780061502,2.7857218235847694
9.411667087469986,5.472434780061502,2.8212129658633884
9.411667087469986,5.472434780061502,2.8531549939141456
9.411667087469986,5.472434780061502,2.8819028191598273
9.411667087469986,5.472434780061502,2.907775861880941
9.411667087469986,5.472434780061502,2.931061600329943
9.411667087469986,5.472434780061502,2.952018764934045
9.411667087469986,5.472434780061502,2.9708802130777365
9.411667087469986,5.472434780061502,2.987855516407059
9.411667087469986,5.472434780061502,3.0031332894034493
9.411667087469986,5.472434780061502,3.0168832851002003
9.411667087469986,5.472434780061502,3.0306332807969514
9.411667087469986,5.472434780061502,3.0430082769240276
9.411667087469986,5.472434780061502,3.052770773868721
9.411667087469986,5.472434780061502,3.061557021118945
9.411667087469986,5.472434780061502,3.0694646436441464
9.411667087469986,5.472434780061502,3.076581503916828
9.411667087469986,5.472434780061502,3.082986678162241
9.411667087469986,5.472434780061502,3.088751334983113
9.411667087469986,5.472434780061502,3.093939526121898
9.411667087469986,5.472434780061502,3.098608898146804
9.411667087469986,5.472434780061502,3.1028113329692197
9.411667087469986,5.472434780061502,3.106593524309394
9.411667087469986,5.472434780061502,3.109997496515551
9.411667087469986,5.472434780061502,3.113061071501092
9.411667087469986,5.472434780061502,3.1158182889880788
9.411667087469986,5.472434780061502,3.118299784726367
9.411667087469986,5.472434780061502,3.1205331308908266
9.411667087469986,5.472434780061502,3.12254314243884
9.411667087469986,5.472434780061502,3.1243521528320524
9.411667087469986,5.472434780061502,3.1259802621859434
9.411667087469986,5.472434780061502,3.1276083715398344
9.411667087469986,5.472434780061502,3.1289108590229473
9.411667087469986,5.472434780061502,3.130083097757749
9.411667087469986,5.472434780061502,3.1311381126190705
9.411667087469986,5.472434780061502,3.13208762599426
9.411667087469986,5.472434780061502,3.13294218803193
9.411667087469986,5.472434780061502,3.133711293865833
9.411667087469986,5.472434780061502,3.134403489116346
9.411667087469986,5.472434780061502,3.1350264648418076
9.411667087469986,5.472434780061502,3.135587142994723
9.411667087469986,5.472434780061502,3.1360917533323467
9.411667087469986,5.472434780061502,3.1365459026362084
9.411667087469986,5.472434780061502,3.136954637009684
9.411667087469986,5.472434780061502,3.137322497945812
9.411667087469986,5.472434780061502,3.137653572788327
9.411667087469986,5.472434780061502,3.1379515401465903
9.411667087469986,5.472434780061502,3.1382197107690275
9.411667087469986,5.472434780061502,3.138461064329221
9.411667087469986,5.472434780061502,3.138678282533395
9.411667087469986,5.472434780061502,3.1388737789171515
9.411667087469986,5.472434780061502,3.1390497256625327
9.411667087469986,5.472434780061502,3.1392080777333757
9.411667087469986,5.472434780061502,3.1393505945971345
9.411667087469986,5.472434780061502,3.1394788597745173
9.411667087469986,5.472434780061502,3.1396071249519
9.411667087469986,5.472434780061502,3.1397225636115444
9.361667174900875,5.4725282845059136,3.1397225636115444
9.311667262331763,5.472621788950325,3.1397225636115444
9.271667332276474,5.472696592505854,3.1397225636115444
9.231667402221184,5.4727713960613835,3.1397225636115444
9.199667458176952,5.4728312389058065,3.1397225636115444
9.16766751413272,5.472891081750229,3.1397225636115444
9.142067558897335,5.472938956025768,3.1397225636115444
9.116467603661949,5.4729868303013065,3.1397225636115444
9.095987639473641,5.473025129721737,3.1397225636115444
9.075507675285333,5.473063429142168,3.1397225636115444
9.059123703934686,5.473094068678512,3.1397225636115444
9.042739732584039,5.473124708214857,3.1397225636115444
9.029632555503522,5.473149219843933,3.1397225636115444
9.016525378423005,5.4731737314730085,3.1397225636115444
9.00603963675859,5.473193340776269,3.1397225636115444
8.995553895094176,5.473212950079529,3.1397225636115444
8.987165301762644,5.473228637522137,3.1397225636115444
8.978776708431113,5.473244324964745,3.1397225636115444
8.972065833765887,5.473256874918832,3.1397225636115444
8.965354959100662,5.473269424872918,3.1397225636115444
8.959986259368481,5.473279464836188,3.1397225636115444
8.9546175596363,5.473289504799458,3.1397225636115444
8.950322599850557,5.473297536770073,3.1397225636115444
8.946027640064813,5.473305568740689,3.1397225636115444
8.942591672236217,5.473311994317181,3.1397225636115444
8.939155704407622,5.4733184198936735,3.1397225636115444
8.936406930144745,5.473323560354867,3.1397225636115444
8.933658155881869,5.473328700816061,3.1397225636115444
8.931459136471569,5.473332813185016,3.1397225636115444
8.929260117061268,5.473336925553972,3.1397225636115444
8.927500901533028,5.473340215449136,3.1397225636115444
8.925741686004788,5.4733435053443005,3.1397225636115444
8.924334313582195,5.473346137260432,3.1397225636115444
8.922926941159602,5.473348769176563,3.1397225636115444
8.921801043221528,5.473350874709468,3.1397225636115444
8.920675145283454,5.473352980242374,3.1397225636115444
8.919661837139188,5.473354875221988,3.1397225636115444
8.918648528994922,5.473356770201602,3.1397225636115444
8.91764853074354,5.47335864029049,3.1397225636115444
8.916648532492157,5.473360510379378,3.1397225636115444
8.866648619923046,5.47345401482379,3.1397225636115444
8.816648707353934,5.473547519268201,3.1397225636115444
8.776648777298645,5.47362232282373,3.1397225636115444
8.736648847243355,5.4736971263792595,3.1397225636115444
8.704648903199123,5.4737569692236825,3.1397225636115444
8.672648959154891,5.473816812068105,3.1397225636115444
8.647049003919506,5.473864686343644,3.1397225636115444
8.62144904868412,5.4739125606191825,3.1397225636115444
8.600969084495812,5.473950860039613,3.1397225636115444
8.580489120307504,5.473989159460044,3.1397225636115444
8.564105148956857,5.474019798996388,3.1397225636115444
8.54772117760621,5.474050438532733,3.1397225636115444
8.534614000525693,5.474074950161809,3.1397225636115444
8.521506823445176,5.4740994617908845,3.1397225636115444
8.511021081780761,5.474119071094145,3.1397225636115444
8.500535340116347,5.474138680397405,3.1397225636115444
8.491098172618374,5.47415632877034,3.1397225636115444
8.4816610051204,5.474173977143274,3.1397225636115444
8.475159845288465,5.474186134911296,3.1397225636115444
8.468658685456528,5.474198292679318,3.1397225636115444
8.463457757590978,5.4742080188937345,3.1397225636115444
8.458256829725428,5.4742177451081515,3.1397225636115444
8.454096087432989,5.474225526079685,3.1397225636115444
8.449935345140549,5.474233307051219,3.1397225636115444
8.446606751306598,5.474239531828446,3.1397225636115444
8.443278157472648,5.474245756605673,3.1397225636115444
8.440282423022092,5.474251358905177,3.1397225636115444
8.437286688571536,5.474256961204682,3.1397225636115444
8.435222960394485,5.474260820566562,3.1397225636115444
8.433159232217434,5.474264679928443,3.1397225636115444
8.431508249675794,5.474267767417948,3.1397225636115444
8.429857267134153,5.474270854907453,3.1397225636115444
8.428536481100842,5.474273324899056,3.1397225636115444
8.427215695067531,5.4742757948906595,3.1397225636115444
8.426159066240881,5.474277770883942,3.1397225636115444
8.425102437414232,5.474279746877225,3.1397225636115444
8.42410243916285,5.474281616966113,3.1397225636115444
8.423102440911467,5.4742834870550015,3.1397225636115444
8.422102442660085,5.47428535714389,3.1397225636115444
8.421102444408703,5.474287227232778,3.1397225636115444
8.371102531839592,5.474380731677189,3.1397225636115444
8.32110261927048,5.4744742361216,3.1397225636115444
8.28110268921519,5.47454903967713,3.1397225636115444
8.2411027591599,5.474623843232659,3.1397225636115444
8.209102815115669,5.474683686077082,3.1397225636115444
8.177102871071437,5.474743528921505,3.1397225636115444
8.151502915836051,5.4747914031970435,3.1397225636115444
8.125902960600666,5.474839277472582,3.1397225636115444
8.105422996412358,5.474877576893013,3.1397225636115444
8.08494303222405,5.474915876313443,3.1397225636115444
8.068559060873403,5.474946515849788,3.1397225636115444
8.052175089522756,5.474977155386132,3.1397225636115444
8.039067912442238,5.475001667015208,3.1397225636115444
8.025960735361721,5.475026178644284,3.1397225636115444
8.015474993697307,5.475045787947544,3.1397225636115444
8.004989252032892,5.4750653972508045,3.1397225636115444
7.996600658701361,5.475081084693413,3.1397225636115444
7.988212065369829,5.475096772136021,3.1397225636115444
7.981501190704605,5.475109322090107,3.1397225636115444
7.97479031603938,5.475121872044194,3.1397225636115444
7.9694216163072005,5.4751319120074635,3.1397225636115444
7.964052916575021,5.475141951970733,3.1397225636115444
7.959757956789277,5.475149983941349,3.1397225636115444
7.955462997003533,5.475158015911965,3.1397225636115444
7.952027029174937,5.475164441488457,3.1397225636115444
7.948591061346342,5.475170867064949,3.1397225636115444
7.945842287083465,5.475176007526143,3.1397225636115444
7.943093512820589,5.475181147987336,3.1397225636115444
7.940894493410288,5.475185260356292,3.1397225636115444
7.938695473999987,5.475189372725247,3.1397225636115444
7.936936258471746,5.475192662620412,3.1397225636115444
7.935177042943506,5.475195952515576,3.1397225636115444
7.933769670520913,5.475198584431707,3.1397225636115444
7.932362298098321,5.4752012163478385,3.1397225636115444
7.9312364001602464,5.475203321880744,3.1397225636115444
7.930110502222172,5.475205427413649,3.1397225636115444
7.92911050397079,5.475207297502537,3.1397225636115444
7.928110505719408,5.475209167591426,3.1397225636115444
7.927110507468026,5.475211037680314,3.1397225636115444
7.9261105092166435,5.475212907769202,3.1397225636115444
7.925110510965261,5.47521477785809,3.1397225636115444
7.924110512713879,5.475216647946978,3.1397225636115444
7.874110600144767,5.47531015239139,3.1397225636115444
7.824110687575654,5.475403656835801,3.1397225636115444
7.784110757520365,5.47547846039133,3.1397225636115444
7.744110827465075,5.47555326394686,3.1397225636115444
7.712110883420843,5.4756131067912825,3.1397225636115444
7.680110939376611,5.4756729496357055,3.1397225636115444
7.6545109841412255,5.475720823911244,3.1397225636115444
7.62891102890584,5.475768698186783,3.1397225636115444
7.608431064717531,5.475806997607213,3.1397225636115444
7.587951100529223,5.475845297027644,3.1397225636115444
7.571567129178576,5.475875936563988,3.1397225636115444
7.55518315782793,5.475906576100333,3.1397225636115444
7.542075980747413,5.475931087729409,3.1397225636115444
7.528968803666896,5.4759555993584845,3.1397225636115444
7.518483062002482,5.475975208661745,3.1397225636115444
7.5079973203380685,5.475994817965005,3.1397225636115444
7.499608727006537,5.476010505407613,3.1397225636115444
7.4912201336750055,5.476026192850221,3.1397225636115444
7.484509259009781,5.476038742804308,3.1397225636115444
7.477798384344556,5.476051292758394,3.1397225636115444
7.4724296846123766,5.476061332721664,3.1397225636115444
7.467060984880197,5.476071372684934,3.1397225636115444
7.462766025094453,5.476079404655549,3.1397225636115444
7.458471065308709,5.476087436626165,3.1397225636115444
7.455035097480113,5.476093862202657,3.1397225636115444
7.451599129651518,5.47610028777915,3.1397225636115444
7.448850355388641,5.476105428240343,3.1397225636115444
7.446101581125765,5.476110568701537,3.1397225636115444
7.443902561715464,5.476114681070492,3.1397225636115444
7.441703542305163,5.476118793439448,3.1397225636115444
7.4399443267769225,5.476122083334612,3.1397225636115444
7.438185111248682,5.4761253732297765,3.1397225636115444
7.436777738826089,5.476128005145908,3.1397225636115444
7.435370366403497,5.476130637062039,3.1397225636115444
7.4342444684654225,5.476132742594944,3.1397225636115444
7.433118570527348,5.47613484812785,3.1397225636115444
7.432118572275966,5.476136718216738,3.1397225636115444
7.431118574024584,5.476138588305626,3.1397225636115444
7.430118575773202,5.476140458394514,3.1397225636115444
7.42911857752182,5.4761423284834025,3.1397225636115444
7.428118579270437,5.476144198572291,3.1397225636115444
7.427118581019055,5.476146068661179,3.1397225636115444
7.377118668449943,5.47623957310559,3.1397225636115444
7.32711875588083,5.476333077550001,3.1397225636115444
7.287118825825541,5.476407881105531,3.1397225636115444
7.247118895770251,5.47648268466106,3.1397225636115444
7.215118951726019,5.476542527505483,3.1397225636115444
7.183119007681787,5.476602370349906,3.1397225636115444
7.157519052446402,5.476650244625445,3.1397225636115444
7.131919097211016,5.476698118900983,3.1397225636115444
7.111439133022707,5.476736418321414,3.1397225636115444
7.090959168834399,5.476774717741844,3.1397225636115444
7.074575197483752,5.476805357278189,3.1397225636115444
7.058191226133106,5.4768359968145335,3.1397225636115444
7.045084049052589,5.476860508443609,3.1397225636115444
7.031976871972072,5.476885020072685,3.1397225636115444
7.021491130307658,5.476904629375945,3.1397225636115444
7.011005388643245,5.476924238679206,3.1397225636115444
7.002616795311713,5.476939926121814,3.1397225636115444
6.994228201980182,5.476955613564422,3.1397225636115444
6.986678467981804,5.476969732262769,3.1397225636115444
6.979128733983426,5.476983850961116,3.1397225636115444
6.973927806117877,5.476993577175533,3.1397225636115444
6.968726878252328,5.47700330338995,3.1397225636115444
6.964566135959888,5.477011084361484,3.1397225636115444
6.960405393667449,5.477018865333018,3.1397225636115444
6.957076799833497,5.477025090110245,3.1397225636115444
6.9537482059995455,5.477031314887472,3.1397225636115444
6.951085330932385,5.4770362947092535,3.1397225636115444
6.948422455865224,5.477041274531035,3.1397225636115444
6.946292155811495,5.47704525838846,3.1397225636115444
6.944161855757766,5.477049242245886,3.1397225636115444
6.942457615714783,5.477052429331826,3.1397225636115444
6.9407533756718,5.477055616417766,3.1397225636115444
6.9393899836374136,5.477058166086518,3.1397225636115444
6.938026591603027,5.477060715755271,3.1397225636115444
6.936935877975517,5.477062755490272,3.1397225636115444
6.935845164348008,5.477064795225274,3.1397225636115444
6.9348451660966255,5.477066665314162,3.1397225636115444
6.933845167845243,5.47706853540305,3.1397225636115444
6.932845169593861,5.477070405491938,3.1397225636115444
6.931845171342479,5.477072275580826,3.1397225636115444
6.8818452587733665,5.477165780025238,3.1397225636115444
6.831845346204254,5.477259284469649,3.1397225636115444
6.7918454161489645,5.477334088025178,3.1397225636115444
6.751845486093675,5.4774088915807075,3.1397225636115444
6.719845542049443,5.4774687344251305,3.1397225636115444
6.687845598005211,5.4775285772695534,3.1397225636115444
6.662245642769825,5.477576451545092,3.1397225636115444
6.63664568753444,5.4776243258206305,3.1397225636115444
6.616165723346131,5.477662625241061,3.1397225636115444
6.595685759157822,5.477700924661492,3.1397225636115444
6.579301787807176,5.477731564197836,3.1397225636115444
6.56291781645653,5.477762203734181,3.1397225636115444
6.5498106393760125,5.477786715363257,3.1397225636115444
6.536703462295495,5.4778112269923325,3.1397225636115444
6.526217720631082,5.477830836295593,3.1397225636115444
6.515731978966668,5.477850445598853,3.1397225636115444
6.507343385635137,5.477866133041461,3.1397225636115444
6.498954792303605,5.477881820484069,3.1397225636115444
6.492243917638381,5.477894370438156,3.1397225636115444
6.485533042973156,5.477906920392242,3.1397225636115444
6.480164343240976,5.477916960355512,3.1397225636115444
6.474795643508797,5.477927000318782,3.1397225636115444
6.470500683723053,5.477935032289397,3.1397225636115444
6.466205723937309,5.477943064260013,3.1397225636115444
6.462769756108713,5.477949489836505,3.1397225636115444
6.459333788280118,5.4779559154129975,3.1397225636115444
6.456585014017241,5.477961055874191,3.1397225636115444
6.453836239754365,5.477966196335385,3.1397225636115444
6.451637220344064,5.47797030870434,3.1397225636115444
6.449438200933763,5.477974421073296,3.1397225636115444
6.447678985405522,5.47797771096846,3.1397225636115444
6.445919769877282,5.4779810008636245,3.1397225636115444
6.444512397454689,5.477983632779756,3.1397225636115444
6.4431050250320965,5.477986264695887,3.1397225636115444
6.441979127094022,5.477988370228792,3.1397225636115444
6.440853229155948,5.477990475761698,3.1397225636115444
6.439853230904566,5.477992345850586,3.1397225636115444
6.438853232653184,5.477994215939474,3.1397225636115444
6.437853234401802,5.477996086028362,3.1397225636115444
6.436853236150419,5.4779979561172505,3.1397225636115444
6.435853237899037,5.477999826206139,3.1397225636115444
6.434853239647655,5.478001696295027,3.1397225636115444
6.384853327078543,5.478095200739438,3.1397225636115444
6.33485341450943,5.478188705183849,3.1397225636115444
6.294853484454141,5.478263508739379,3.1397225636115444
6.254853554398851,5.478338312294908,3.1397225636115444
6.222853610354619,5.478398155139331,3.1397225636115444
6.190853666310387,5.478457997983754,3.1397225636115444
6.165253711075001,5.4785058722592925,3.1397225636115444
6.139653755839616,5.478553746534831,3.1397225636115444
6.116613796127769,5.478596833382816,3.1397225636115444
6.093573836415922,5.4786399202308,3.1397225636115444
6.077701864169983,5.478669602281634,3.1397225636115444
6.061829891924043,5.4786992843324684,3.1397225636115444
6.049132314127292,5.4787230299731355,3.1397225636115444
6.036434736330541,5.478746775613803,3.1397225636115444
6.026276674093141,5.478765772126336,3.1397225636115444
6.01611861185574,5.47878476863887,3.1397225636115444
6.007992162065819,5.478799965848897,3.1397225636115444
5.9998657122758985,5.478815163058925,3.1397225636115444
5.993364552443962,5.478827320826946,3.1397225636115444
5.986863392612026,5.478839478594968,3.1397225636115444
5.981662464746477,5.478849204809385,3.1397225636115444
5.976461536880928,5.478858931023802,3.1397225636115444
5.972300794588488,5.478866711995336,3.1397225636115444
5.968140052296048,5.478874492966869,3.1397225636115444
5.964811458462097,5.478880717744096,3.1397225636115444
5.961482864628145,5.478886942521323,3.1397225636115444
5.9588199895609835,5.478891922343105,3.1397225636115444
5.956157114493822,5.478896902164887,3.1397225636115444
5.954026814440093,5.478900886022312,3.1397225636115444
5.951896514386364,5.478904869879737,3.1397225636115444
5.950192274343381,5.478908056965677,3.1397225636115444
5.948488034300398,5.478911244051617,3.1397225636115444
5.947124642266012,5.47891379372037,3.1397225636115444
5.945761250231625,5.478916343389122,3.1397225636115444
5.944670536604115,5.478918383124124,3.1397225636115444
5.943579822976606,5.478920422859125,3.1397225636115444
5.9425798247252235,5.478922292948013,3.1397225636115444
5.941579826473841,5.478924163036901,3.1397225636115444
5.940579828222459,5.47892603312579,3.1397225636115444
5.939579829971077,5.478927903214678,3.1397225636115444
5.8895799174019645,5.479021407659089,3.1397225636115444
5.839580004832852,5.4791149121035,3.1397225636115444
5.7995800747775625,5.47918971565903,3.1397225636115444
5.759580144722273,5.479264519214559,3.1397225636115444
5.727580200678041,5.479324362058982,3.1397225636115444
5.695580256633809,5.479384204903405,3.1397225636115444
5.666780306994,5.479438063463386,3.1397225636115444
5.637980357354191,5.479491922023366,3.1397225636115444
5.618140392046768,5.479529024586909,3.1397225636115444
5.598300426739344,5.479566127150451,3.1397225636115444
5.582428454493405,5.479595809201285,3.1397225636115444
5.566556482247465,5.479625491252119,3.1397225636115444
5.553858904450714,5.4796492368927865,3.1397225636115444
5.541161326653963,5.479672982533454,3.1397225636115444
5.5310032644165625,5.479691979045987,3.1397225636115444
5.520845202179162,5.479710975558521,3.1397225636115444
5.512718752389241,5.479726172768548,3.1397225636115444
5.50459230259932,5.4797413699785755,3.1397225636115444
5.498091142767384,5.479753527746597,3.1397225636115444
5.491589982935448,5.479765685514619,3.1397225636115444
5.486389055069899,5.479775411729036,3.1397225636115444
5.48118812720435,5.479785137943453,3.1397225636115444
5.47702738491191,5.4797929189149865,3.1397225636115444
5.47286664261947,5.47980069988652,3.1397225636115444
5.469538048785519,5.479806924663747,3.1397225636115444
5.466209454951567,5.479813149440974,3.1397225636115444
5.463546579884405,5.479818129262756,3.1397225636115444
5.460883704817244,5.4798231090845375,3.1397225636115444
5.458753404763515,5.479827092941963,3.1397225636115444
5.456623104709786,5.479831076799388,3.1397225636115444
5.454918864666803,5.479834263885328,3.1397225636115444
5.45321462462382,5.479837450971268,3.1397225636115444
5.4518512325894335,5.479840000640021,3.1397225636115444
5.450487840555047,5.479842550308773,3.1397225636115444
5.449397126927537,5.479844590043775,3.1397225636115444
5.448306413300028,5.479846629778776,3.1397225636115444
5.447306415048645,5.479848499867664,3.1397225636115444
5.446306416797263,5.479850369956552,3.1397225636115444
5.445306418545881,5.479852240045441,3.1397225636115444
5.444306420294499,5.479854110134329,3.1397225636115444
5.3943065077253864,5.47994761457874,3.1397225636115444
5.344306595156274,5.480041119023151,3.1397225636115444
5.3043066651009845,5.480115922578681,3.1397225636115444
5.264306735045695,5.48019072613421,3.1397225636115444
5.232306791001463,5.480250568978633,3.1397225636115444
5.200306846957231,5.480310411823056,3.1397225636115444
5.174706891721845,5.480358286098594,3.1397225636115444
5.14910693648646,5.480406160374133,3.1397225636115444
5.128626972298151,5.480444459794564,3.1397225636115444
5.108147008109842,5.480482759214994,3.1397225636115444
5.091763036759196,5.480513398751339,3.1397225636115444
5.0753790654085496,5.480544038287683,3.1397225636115444
5.062271888328032,5.480568549916759,3.1397225636115444
5.049164711247515,5.480593061545835,3.1397225636115444
5.038678969583102,5.480612670849095,3.1397225636115444
5.028193227918688,5.4806322801523555,3.1397225636115444
5.019804634587157,5.4806479675949635,3.1397225636115444
5.011416041255625,5.480663655037572,3.1397225636115444
5.0047051665904005,5.480676204991658,3.1397225636115444
4.997994291925176,5.480688754945745,3.1397225636115444
4.992625592192996,5.4806987949090145,3.1397225636115444
4.987256892460817,5.480708834872284,3.1397225636115444
4.982961932675073,5.4807168668429,3.1397225636115444
4.978666972889329,5.4807248988135155,3.1397225636115444
4.975231005060733,5.480731324390008,3.1397225636115444
4.971795037232138,5.4807377499665,3.1397225636115444
4.969046262969261,5.480742890427694,3.1397225636115444
4.966297488706385,5.480748030888887,3.1397225636115444
4.964098469296084,5.480752143257843,3.1397225636115444
4.961899449885783,5.480756255626798,3.1397225636115444
4.960140234357542,5.480759545521963,3.1397225636115444
4.958381018829302,5.480762835417127,3.1397225636115444
4.956973646406709,5.480765467333258,3.1397225636115444
4.955566273984116,5.4807680992493895,3.1397225636115444
4.954440376046042,5.480770204782295,3.1397225636115444
4.953314478107968,5.4807723103152,3.1397225636115444
4.952314479856586,5.480774180404088,3.1397225636115444
4.951314481605204,5.480776050492977,3.1397225636115444
4.9503144833538215,5.480777920581865,3.1397225636115444
4.949314485102439,5.480779790670753,3.1397225636115444
4.948314486851057,5.480781660759641,3.1397225636115444
4.947314488599675,5.480783530848529,3.1397225636115444
4.8973145760305625,5.480877035292941,3.1397225636115444
4.84731466346145,5.480970539737352,3.1397225636115444
4.802314742149249,5.481054693737322,3.1397225636115444
4.757314820837047,5.481138847737292,3.1397225636115444
4.7263148750441974,5.481196820492827,3.1397225636115444
4.695314929251348,5.481254793248362,3.1397225636115444
4.6705149726170685,5.48130117145279,3.1397225636115444
4.645715015982789,5.481347549657218,3.1397225636115444
4.625875050675366,5.48138465222076,3.1397225636115444
4.606035085367942,5.481421754784303,3.1397225636115444
4.590163113122004,5.481451436835137,3.1397225636115444
4.574291140876065,5.481481118885971,3.1397225636115444
4.561593563079314,5.481504864526638,3.1397225636115444
4.548895985282563,5.481528610167305,3.1397225636115444
4.538737923045162,5.481547606679839,3.1397225636115444
4.528579860807762,5.481566603192372,3.1397225636115444
4.520453411017841,5.4815818004024,3.1397225636115444
4.51232696122792,5.481596997612427,3.1397225636115444
4.505825801395983,5.481609155380449,3.1397225636115444
4.499324641564046,5.48162131314847,3.1397225636115444
4.494123713698497,5.481631039362887,3.1397225636115444
4.488922785832948,5.481640765577304,3.1397225636115444
4.484762043540508,5.481648546548838,3.1397225636115444
4.480601301248068,5.481656327520372,3.1397225636115444
4.477272707414117,5.481662552297599,3.1397225636115444
4.473944113580165,5.481668777074826,3.1397225636115444
4.471281238513004,5.481673756896607,3.1397225636115444
4.468618363445843,5.481678736718389,3.1397225636115444
4.466488063392115,5.481682720575814,3.1397225636115444
4.464357763338386,5.48168670443324,3.1397225636115444
4.462653523295403,5.48168989151918,3.1397225636115444
4.46094928325242,5.48169307860512,3.1397225636115444
4.459585891218033,5.481695628273872,3.1397225636115444
4.4582224991836465,5.481698177942625,3.1397225636115444
4.457131785556137,5.481700217677626,3.1397225636115444
4.456041071928627,5.4817022574126275,3.1397225636115444
4.455041073677245,5.481704127501516,3.1397225636115444
4.454041075425863,5.481705997590404,3.1397225636115444
4.453041077174481,5.481707867679292,3.1397225636115444
4.452041078923099,5.48170973776818,3.1397225636115444
4.402041166353986,5.4818032422125915,3.1397225636115444
4.352041253784874,5.481896746657003,3.1397225636115444
4.312041323729584,5.481971550212532,3.1397225636115444
4.272041393674295,5.4820463537680615,3.1397225636115444
4.240041449630063,5.482106196612484,3.1397225636115444
4.208041505585831,5.482166039456907,3.1397225636115444
4.182441550350445,5.482213913732446,3.1397225636115444
4.1568415951150595,5.4822617880079845,3.1397225636115444
4.136361630926751,5.482300087428415,3.1397225636115444
4.115881666738442,5.482338386848846,3.1397225636115444
4.099497695387796,5.48236902638519,3.1397225636115444
4.083113724037149,5.482399665921535,3.1397225636115444
4.070006546956632,5.482424177550611,3.1397225636115444
4.056899369876115,5.482448689179686,3.1397225636115444
4.046413628211702,5.482468298482947,3.1397225636115444
4.035927886547288,5.482487907786207,3.1397225636115444
4.026490719049315,5.482505556159142,3.1397225636115444
4.017053551551342,5.482523204532076,3.1397225636115444
4.010552391719406,5.482535362300098,3.1397225636115444
4.00405123188747,5.4825475200681195,3.1397225636115444
3.9982001880387266,5.482558462059339,3.1397225636115444
3.9923491441899834,5.482569404050559,3.1397225636115444
3.9883184250941826,5.482576941866732,3.1397225636115444
3.9842877059983817,5.482584479682905,3.1397225636115444
3.9810631307217412,5.482590509935844,3.1397225636115444
3.977838555445101,5.482596540188783,3.1397225636115444
3.975258895223788,5.482601364391134,3.1397225636115444
3.9726792350024756,5.482606188593485,3.1397225636115444
3.9706155068254256,5.482610047955366,3.1397225636115444
3.9685517786483757,5.482613907317247,3.1397225636115444
3.9669007961067355,5.482616994806752,3.1397225636115444
3.9652498135650953,5.482620082296257,3.1397225636115444
3.9639290275317833,5.48262255228786,3.1397225636115444
3.9626082414984714,5.482625022279463,3.1397225636115444
3.9615516126718218,5.482626998272746,3.1397225636115444
3.960494983845172,5.482628974266029,3.1397225636115444
3.95949498559379,5.482630844354917,3.1397225636115444
3.958494987342408,5.482632714443805,3.1397225636115444
3.9574949890910256,5.482634584532693,3.1397225636115444
3.9564949908396434,5.482636454621582,3.1397225636115444
3.906495078270531,5.482729959065993,3.1397225636115444
3.8564951657014186,5.482823463510404,3.1397225636115444
3.8164952356461286,5.482898267065933,3.1397225636115444
3.7764953055908386,5.482973070621463,3.1397225636115444
3.7444953615466066,5.483032913465886,3.1397225636115444
3.7124954175023746,5.483092756310309,3.1397225636115444
3.6836954678625657,5.483146614870289,3.1397225636115444
3.654895518222757,5.48320047343027,3.1397225636115444
3.6350555529153334,5.483237575993813,3.1397225636115444
3.61521558760791,5.483274678557355,3.1397225636115444
3.599343615361971,5.483304360608189,3.1397225636115444
3.583471643116032,5.483334042659023,3.1397225636115444
3.5707740653192808,5.48335778829969,3.1397225636115444
3.5580764875225297,5.483381533940357,3.1397225636115444
3.5479184252851286,5.483400530452891,3.1397225636115444
3.5377603630477275,5.483419526965425,3.1397225636115444
3.5296339132578067,5.483434724175452,3.1397225636115444
3.521507463467886,5.483449921385479,3.1397225636115444
3.5150063036359493,5.483462079153501,3.1397225636115444
3.5085051438040127,5.483474236921523,3.1397225636115444
3.5033042159384635,5.4834839631359396,3.1397225636115444
3.4981032880729144,5.4834936893503565,3.1397225636115444
3.493942545780475,5.48350147032189,3.1397225636115444
3.489781803488036,5.483509251293424,3.1397225636115444
3.4860371354248403,5.483516254167805,3.1397225636115444
3.4822924673616447,5.483523257042186,3.1397225636115444
3.479712807140332,5.483528081244537,3.1397225636115444
3.4771331469190194,5.483532905446888,3.1397225636115444
3.4750694187419695,5.483536764808769,3.1397225636115444
3.4730056905649196,5.48354062417065,3.1397225636115444
3.47135470802328,5.483543711660155,3.1397225636115444
3.46970372548164,5.48354679914966,3.1397225636115444
3.468382939448328,5.483549269141263,3.1397225636115444
3.467062153415016,5.483551739132866,3.1397225636115444
3.4660055245883665,5.483553715126149,3.1397225636115444
3.464948895761717,5.483555691119432,3.1397225636115444
3.4639488975103347,5.48355756120832,3.1397225636115444
3.4629488992589526,5.483559431297208,3.1397225636115444
3.4619489010075704,5.483561301386096,3.1397225636115444
3.460948902756188,5.483563171474985,3.1397225636115444
3.4109489901870758,5.483656675919396,3.1397225636115444
3.3609490776179634,5.483750180363807,3.1397225636115444
3.3209491475626733,5.4838249839193365,3.1397225636115444
3.2809492175073833,5.483899787474866,3.1397225636115444
3.2489492734631513,5.483959630319289,3.1397225636115444
3.2169493294189193,5.484019473163712,3.1397225636115444
3.1913493741835337,5.48406734743925,3.1397225636115444
3.165749418948148,5.484115221714789,3.1397225636115444
3.14526945475984,5.4841535211352195,3.1397225636115444
3.1247894905715317,5.48419182055565,3.1397225636115444
3.108405519220885,5.484222460091995,3.1397225636115444
3.092021547870238,5.484253099628339,3.1397225636115444
3.078914370789721,5.484277611257415,3.1397225636115444
3.0658071937092037,5.484302122886491,3.1397225636115444
3.0553214520447898,5.484321732189751,3.1397225636115444
3.044835710380376,5.484341341493011,3.1397225636115444
3.0364471170488447,5.484357028935619,3.1397225636115444
3.0280585237173137,5.484372716378227,3.1397225636115444
3.021347649052089,5.484385266332314,3.1397225636115444
3.0146367743868643,5.484397816286401,3.1397225636115444
3.0092680746546843,5.48440785624967,3.1397225636115444
3.0038993749225043,5.48441789621294,3.1397225636115444
2.9996044151367602,5.484425928183556,3.1397225636115444
2.9953094553510162,5.484433960154171,3.1397225636115444
2.991873487522421,5.484440385730664,3.1397225636115444
2.988437519693826,5.484446811307156,3.1397225636115444
2.98568874543095,5.484451951768349,3.1397225636115444
2.982939971168074,5.484457092229543,3.1397225636115444
2.980740951757773,5.484461204598499,3.1397225636115444
2.978541932347472,5.484465316967454,3.1397225636115444
2.976782716819231,5.4844686068626185,3.1397225636115444
2.9750235012909902,5.484471896757783,3.1397225636115444
2.9736161288683975,5.484474528673914,3.1397225636115444
2.972208756445805,5.484477160590045,3.1397225636115444
2.9710828585077307,5.484479266122951,3.1397225636115444
2.9699569605696565,5.484481371655856,3.1397225636115444
2.9689569623182743,5.484483241744744,3.1397225636115444
2.967956964066892,5.484485111833632,3.1397225636115444
2.96695696581551,5.484486981922521,3.1397225636115444
2.9659569675641277,5.484488852011409,3.1397225636115444
2.9649569693127455,5.484490722100297,3.1397225636115444
2.9639569710613634,5.484492592189185,3.1397225636115444
2.913957058492251,5.484586096633596,3.1397225636115444
2.8639571459231385,5.484679601078008,3.1397225636115444
2.8239572158678485,5.484754404633537,3.1397225636115444
2.7839572858125585,5.484829208189066,3.1397225636115444
2.7519573417683265,5.484889051033489,3.1397225636115444
2.7199573977240945,5.484948893877912,3.1397225636115444
2.694357442488709,5.484996768153451,3.1397225636115444
2.6687574872533233,5.485044642428989,3.1397225636115444
2.648277523065015,5.48508294184942,3.1397225636115444
2.627797558876707,5.485121241269851,3.1397225636115444
2.61141358752606,5.485151880806195,3.1397225636115444
2.595029616175413,5.48518252034254,3.1397225636115444
2.581922439094896,5.4852070319716155,3.1397225636115444
2.568815262014379,5.485231543600691,3.1397225636115444
2.558329520349965,5.485251152903952,3.1397225636115444
2.547843778685551,5.485270762207212,3.1397225636115444
2.53945518535402,5.48528644964982,3.1397225636115444
2.531066592022489,5.485302137092428,3.1397225636115444
2.524355717357264,5.485314687046515,3.1397225636115444
2.5176448426920395,5.485327237000601,3.1397225636115444
2.5122761429598595,5.485337276963871,3.1397225636115444
2.5069074432276794,5.4853473169271405,3.1397225636115444
2.5026124834419354,5.485355348897756,3.1397225636115444
2.4983175236561914,5.485363380868372,3.1397225636115444
2.4948815558275963,5.485369806444864,3.1397225636115444
2.491445587999001,5.485376232021356,3.1397225636115444
2.488696813736125,5.48538137248255,3.1397225636115444
2.485948039473249,5.485386512943744,3.1397225636115444
2.483749020062948,5.485390625312699,3.1397225636115444
2.481550000652647,5.485394737681655,3.1397225636115444
2.4797907851244063,5.485398027576819,3.1397225636115444
2.4780315695961654,5.485401317471983,3.1397225636115444
2.4766241971735727,5.485403949388115,3.1397225636115444
2.47521682475098,5.485406581304246,3.1397225636115444
2.4739501895706466,5.485408950028764,3.1397225636115444
2.472683554390313,5.485411318753282,3.1397225636115444
2.471683556138931,5.48541318884217,3.1397225636115444
2.470683557887549,5.485415058931058,3.1397225636115444
2.4696835596361666,5.485416929019946,3.1397225636115444
2.4686835613847844,5.485418799108834,3.1397225636115444
2.418683648815672,5.485512303553246,3.1397225636115444
2.3686837362465596,5.485605807997657,3.1397225636115444
2.3286838061912696,5.485680611553186,3.1397225636115444
2.2886838761359796,5.485755415108716,3.1397225636115444
2.2566839320917476,5.4858152579531385,3.1397225636115444
2.2246839880475155,5.4858751007975615,3.1397225636115444
2.19908403281213,5.4859229750731,3.1397225636115444
2.1734840775767443,5.4859708493486385,3.1397225636115444
2.153004113388436,5.486009148769069,3.1397225636115444
2.132524149200128,5.4860474481895,3.1397225636115444
2.116140177849481,5.486078087725844,3.1397225636115444
2.099756206498834,5.486108727262189,3.1397225636115444
2.086649029418317,5.486133238891265,3.1397225636115444
2.0735418523378,5.4861577505203405,3.1397225636115444
2.063056110673386,5.486177359823601,3.1397225636115444
2.052570369008972,5.486196969126861,3.1397225636115444
2.044181775677441,5.486212656569469,3.1397225636115444
2.03579318234591,5.486228344012077,3.1397225636115444
2.029082307680685,5.486240893966164,3.1397225636115444
2.0223714330154605,5.48625344392025,3.1397225636115444
2.0170027332832805,5.48626348388352,3.1397225636115444
2.0116340335511005,5.48627352384679,3.1397225636115444
2.0073390737653565,5.486281555817405,3.1397225636115444
2.0030441139796125,5.486289587788021,3.1397225636115444
1.9996081461510173,5.486296013364513,3.1397225636115444
1.9961721783224222,5.4863024389410056,3.1397225636115444
1.9934234040595462,5.486307579402199,3.1397225636115444
1.9906746297966702,5.486312719863393,3.1397225636115444
1.9884756103863692,5.486316832232348,3.1397225636115444
1.9862765909760682,5.486320944601304,3.1397225636115444
1.9845173754478276,5.486324234496468,3.1397225636115444
1.982758159919587,5.4863275243916325,3.1397225636115444
1.9813507874969944,5.486330156307764,3.1397225636115444
1.979943415074402,5.486332788223895,3.1397225636115444
1.9788175171363278,5.4863348937568,3.1397225636115444
1.9776916191982536,5.486336999289706,3.1397225636115444
1.9766916209468715,5.486338869378594,3.1397225636115444
1.9756916226954893,5.486340739467482,3.1397225636115444
1.974691624444107,5.48634260955637,3.1397225636115444
1.9736916261927249,5.4863444796452585,3.1397225636115444
1.9726916279413427,5.486346349734147,3.1397225636115444
1.9716916296899605,5.486348219823035,3.1397225636115444
1.921691717120848,5.486441724267446,3.1397225636115444
1.8716918045517357,5.486535228711857,3.1397225636115444
1.8316918744964459,5.486610032267387,3.1397225636115444
1.791691944441156,5.486684835822916,3.1397225636115444
1.7596920003969243,5.486744678667339,3.1397225636115444
1.7276920563526925,5.486804521511762,3.1397225636115444
1.702092101117307,5.4868523957873006,3.1397225636115444
1.6764921458819213,5.486900270062839,3.1397225636115444
1.6560121816936129,5.48693856948327,3.1397225636115444
1.6355322175053044,5.4869768689037,3.1397225636115444
1.6191482461546578,5.487007508440045,3.1397225636115444
1.6027642748040112,5.4870381479763894,3.1397225636115444
1.5896570977234938,5.487062659605465,3.1397225636115444
1.5765499206429765,5.487087171234541,3.1397225636115444
1.5660641789785625,5.487106780537801,3.1397225636115444
1.5555784373141486,5.487126389841062,3.1397225636115444
1.5471898439826175,5.48714207728367,3.1397225636115444
1.5388012506510864,5.487157764726278,3.1397225636115444
1.5320903759858615,5.487170314680364,3.1397225636115444
1.5253795013206366,5.487182864634451,3.1397225636115444
1.5200108015884566,5.487192904597721,3.1397225636115444
1.5146421018562766,5.48720294456099,3.1397225636115444
1.5103471420705326,5.487210976531606,3.1397225636115444
1.5060521822847885,5.487219008502222,3.1397225636115444
1.5026162144561934,5.487225434078714,3.1397225636115444
1.4991802466275983,5.487231859655206,3.1397225636115444
1.4964314723647223,5.4872370001164,3.1397225636115444
1.4936826981018463,5.487242140577593,3.1397225636115444
1.4914836786915453,5.487246252946549,3.1397225636115444
1.4892846592812443,5.4872503653155045,3.1397225636115444
1.4875254437530037,5.487253655210669,3.1397225636115444
1.485766228224763,5.487256945105833,3.1397225636115444
1.4843588558021705,5.487259577021964,3.1397225636115444
1.482951483379578,5.487262208938096,3.1397225636115444
1.481825585441504,5.487264314471001,3.1397225636115444
1.4806996875034297,5.487266420003906,3.1397225636115444
1.479686379359163,5.48726831498352,3.1397225636115444
1.4786730712148963,5.4872702099631345,3.1397225636115444
1.4776730729635141,5.487272080052023,3.1397225636115444
1.476673074712132,5.487273950140911,3.1397225636115444
1.4756730764607497,5.487275820229799,3.1397225636115444
1.4746730782093675,5.487277690318687,3.1397225636115444
1.4246731656402551,5.4873711947630985,3.1397225636115444
1.3746732530711427,5.48746469920751,3.1397225636115444
1.334673323015853,5.487539502763039,3.1397225636115444
1.2946733929605632,5.4876143063185685,3.1397225636115444
1.2626734489163314,5.4876741491629915,3.1397225636115444
1.2306735048720996,5.487733992007414,3.1397225636115444
1.205073549636714,5.487781866282953,3.1397225636115444
1.1794735944013284,5.4878297405584915,3.1397225636115444
1.1564336346894815,5.487872827406476,3.1397225636115444
1.1333936749776345,5.487915914254461,3.1397225636115444
1.1175217027316955,5.487945596305295,3.1397225636115444
1.1016497304857564,5.487975278356129,3.1397225636115444
1.0873649554644114,5.4880019922018795,3.1397225636115444
1.0730801804430663,5.48802870604763,3.1397225636115444
1.0632395576505842,5.488047108919147,3.1397225636115444
1.053398934858102,5.488065511790665,3.1397225636115444
1.0455264366241164,5.488080234087878,3.1397225636115444
1.0376539383901306,5.488094956385091,3.1397225636115444
1.031355939802942,5.488106734222862,3.1397225636115444
1.0250579412157532,5.488118512060633,3.1397225636115444
1.0200195423460023,5.4881279343308496,3.1397225636115444
1.0149811434762515,5.488137356601066,3.1397225636115444
1.0109504243804508,5.488144894417239,3.1397225636115444
1.0069197052846501,5.488152432233412,3.1397225636115444
1.0036951300080095,5.488158462486351,3.1397225636115444
1.0004705547313688,5.48816449273929,3.1397225636115444
0.9978908945100564,5.488169316941641,3.1397225636115444
0.995311234288744,5.488174141143992,3.1397225636115444
0.9932475061116941,5.488178000505873,3.1397225636115444
0.9911837779346442,5.488181859867754,3.1397225636115444
0.9895327953930042,5.488184947357259,3.1397225636115444
0.9878818128513642,5.488188034846764,3.1397225636115444
0.9863959285638882,5.488190813587318,3.1397225636115444
0.9849100442764123,5.488193592327872,3.1397225636115444
0.9837378466718479,5.48819578444542,3.1397225636115444
0.9825656490672836,5.488197976562968,3.1397225636115444
0.9815656508159014,5.488199846651856,3.1397225636115444
0.9805656525645192,5.488201716740744,3.1397225636115444
0.979565654313137,5.488203586829632,3.1397225636115444
0.9785656560617548,5.488205456918521,3.1397225636115444
0.9285657434926425,5.488298961362932,3.1397225636115444
0.8785658309235302,5.488392465807343,3.1397225636115444
0.8385659008682403,5.488467269362872,3.1397225636115444
0.7985659708129504,5.488542072918402,3.1397225636115444
0.7665660267687185,5.488601915762825,3.1397225636115444
0.7377660771289098,5.4886557743228055,3.1397225636115444
0.7089661274891011,5.488709632882786,3.1397225636115444
0.6859261677772542,5.488752719730771,3.1397225636115444
0.6628862080654073,5.488795806578755,3.1397225636115444
0.6444542402959298,5.4888302760571435,3.1397225636115444
0.6260222725264523,5.4888647455355315,3.1397225636115444
0.6112766983108702,5.488892321118242,3.1397225636115444
0.5965311240952881,5.488919896700953,3.1397225636115444
0.5847346647228224,5.488941957167121,3.1397225636115444
0.5729382053503568,5.48896401763329,3.1397225636115444
0.5635010378523843,5.488981666006224,3.1397225636115444
0.5540638703544117,5.488999314379159,3.1397225636115444
0.5465141363560337,5.489013433077506,3.1397225636115444
0.5389644023576557,5.4890275517758536,3.1397225636115444
0.5329246151589534,5.489038846734531,3.1397225636115444
0.526884827960251,5.489050141693209,3.1397225636115444
0.5220529982012891,5.489059177660152,3.1397225636115444
0.5172211684423272,5.489068213627094,3.1397225636115444
0.5133557046351577,5.489075442400648,3.1397225636115444
0.5094902408279881,5.489082671174202,3.1397225636115444
0.5063978697822524,5.489088454193046,3.1397225636115444
0.5033054987365168,5.489094237211889,3.1397225636115444
0.5008316018999283,5.489098863626963,3.1397225636115444
0.49835770506333976,5.489103490042037,3.1397225636115444
0.49637858759406894,5.489107191174097,3.1397225636115444
0.4943994701247981,5.489110892306156,3.1397225636115444
0.4928161761493815,5.489113853211804,3.1397225636115444
0.4912328821739649,5.489116814117452,3.1397225636115444
0.48996624699363156,5.48911918284197,3.1397225636115444
0.48869961181329824,5.4891215515664875,3.1397225636115444
0.4876863036690316,5.489123446546102,3.1397225636115444
0.48667299552476495,5.489125341525716,3.1397225636115444
0.4856729972733827,5.489127211614604,3.1397225636115444
0.48467299902200045,5.489129081703492,3.1397225636115444
0.4836730007706182,5.48913095179238,3.1397225636115444
0.48267300251923595,5.4891328218812685,3.1397225636115444
0.43267308995012366,5.48922632632568,3.1397225636115444
0.38267317738101136,5.489319830770091,3.1397225636115444
0.3426732473257215,5.48939463432562,3.1397225636115444
0.3026733172704317,5.48946943788115,3.1397225636115444
0.2706733732261998,5.489529280725573,3.1397225636115444
0.23867342918196788,5.489589123569996,3.1397225636115444
0.21307347394658238,5.489636997845534,3.1397225636115444
0.18747351871119688,5.489684872121073,3.1397225636115444
0.16443355899934992,5.489727958969057,3.1397225636115444
0.14139359928750295,5.489771045817042,3.1397225636115444
0.12552162704156394,5.489800727867876,3.1397225636115444
0.10964965479562493,5.48983040991871,3.1397225636115444
0.09695207699887372,5.489854155559377,3.1397225636115444
0.08425449920212251,5.489877901200044,3.1397225636115444
0.07409643696472154,5.489896897712578,3.1397225636115444
0.06393837472732057,5.489915894225112,3.1397225636115444
0.055811924937399796,5.489931091435139,3.1397225636115444
0.048498120126471096,5.489944768924163,3.1397225636115444
0.0411843153155424,5.489958446413187,3.1397225636115444
0.03460189098570657,5.489970756153308,3.1397225636115444
0.02801946665587074,5.48998306589343,3.1397225636115444
0.022826665240111364,5.489992776910637,3.1397225636115444
0.01763386382435199,5.490002487927844,3.1397225636115444
0.013618584983152136,5.490009996869318,3.1397225636115444
0.009603306141952282,5.490017505810792,3.1397225636115444
0.006910363210568336,5.490022541862251,3.1397225636115444
0.00421742027918439,5.490027577913709,3.1397225636115444
0.0020630659340772333,5.490031606754877,3.1397225636115444
-9.128841102992377e-05,5.490035635596044,3.1397225636115444
-0.0018147718871156491,5.490038858668978,3.1397225636115444
-0.0035382553632013745,5.490042081741912,3.1397225636115444
-0.005089390491678527,5.490044982507552,3.1397225636115444
-0.00664052562015568,5.490047883273192,3.1397225636115444
-0.007864198888176546,5.490050171654975,3.1397225636115444
-0.009087872156197411,5.4900524600367575,3.1397225636115444
-0.010087870407579658,5.490054330125646,3.1397225636115444
-0.011087868658961905,5.490056200214534,3.1397225636115444
-0.012087866910344152,5.490058070303422,3.1397225636115444
-0.013087865161726399,5.49005994039231,3.1397225636115444
-0.0630877777308387,5.4901534448367215,3.1397225636115444
-0.11308769029995103,5.490246949281133,3.1397225636115444
-0.15308762035524087,5.490321752836662,3.1397225636115444
-0.19308755041053072,5.4903965563921915,3.1397225636115444
-0.22508749445476262,5.490456399236614,3.1397225636115444
-0.2570874384989945,5.490516242081037,3.1397225636115444
-0.28268739373438,5.490564116356576,3.1397225636115444
-0.3082873489697655,5.4906119906321145,3.1397225636115444
-0.3287673131580739,5.490650290052545,3.1397225636115444
-0.3492472773463823,5.490688589472976,3.1397225636115444
-0.365631248697029,5.49071922900932,3.1397225636115444
-0.38201522004767574,5.490749868545665,3.1397225636115444
-0.39512239712819314,5.490774380174741,3.1397225636115444
-0.40822957420871053,5.490798891803816,3.1397225636115444
-0.41871531587312444,5.490818501107077,3.1397225636115444
-0.42920105753753834,5.490838110410337,3.1397225636115444
-0.4375896508690695,5.490853797852945,3.1397225636115444
-0.4459782442006006,5.490869485295553,3.1397225636115444
-0.4526891188658255,5.49088203524964,3.1397225636115444
-0.45939999353105043,5.490894585203726,3.1397225636115444
-0.46476869326323034,5.490904625166996,3.1397225636115444
-0.47013739299541024,5.490914665130266,3.1397225636115444
-0.4744323527811542,5.490922697100881,3.1397225636115444
-0.47872731256689816,5.490930729071497,3.1397225636115444
-0.4821632803954933,5.490937154647989,3.1397225636115444
-0.4855992482240884,5.4909435802244815,3.1397225636115444
-0.4883480224869645,5.490948720685675,3.1397225636115444
-0.49109679674984064,5.490953861146869,3.1397225636115444
-0.4932958161601415,5.490957973515824,3.1397225636115444
-0.4954948355704424,5.49096208588478,3.1397225636115444
-0.4972540510986831,5.490965375779944,3.1397225636115444
-0.4990132666269238,5.490968665675108,3.1397225636115444
-0.5004206390495164,5.49097129759124,3.1397225636115444
-0.501828011472109,5.490973929507371,3.1397225636115444
-0.502953909410183,5.490976035040276,3.1397225636115444
-0.5040798073482571,5.490978140573182,3.1397225636115444
-0.5050798055996393,5.49098001066207,3.1397225636115444
-0.5060798038510215,5.490981880750958,3.1397225636115444
-0.5070798021024037,5.490983750839846,3.1397225636115444
-0.5080798003537859,5.490985620928734,3.1397225636115444
-0.509079798605168,5.490987491017623,3.1397225636115444
-0.5590797111742803,5.491080995462034,3.1397225636115444
-0.6090796237433926,5.491174499906445,3.1397225636115444
-0.6490795537986825,5.4912493034619745,3.1397225636115444
-0.6890794838539724,5.491324107017504,3.1397225636115444
-0.7210794278982043,5.491383949861927,3.1397225636115444
-0.7530793719424362,5.49144379270635,3.1397225636115444
-0.7786793271778217,5.491491666981888,3.1397225636115444
-0.8042792824132072,5.491539541257427,3.1397225636115444
-0.8247592466015157,5.4915778406778575,3.1397225636115444
-0.8452392107898241,5.491616140098288,3.1397225636115444
-0.8616231821404708,5.491646779634633,3.1397225636115444
-0.8780071534911176,5.491677419170977,3.1397225636115444
-0.8927527277066996,5.491704994753688,3.1397225636115444
-0.9074983019222815,5.491732570336398,3.1397225636115444
-0.9176563641596825,5.491751566848932,3.1397225636115444
-0.9278144263970836,5.491770563361466,3.1397225636115444
-0.9359408761870043,5.491785760571493,3.1397225636115444
-0.944067325976925,5.49180095778152,3.1397225636115444
-0.9505684858088617,5.491813115549542,3.1397225636115444
-0.9570696456407983,5.491825273317564,3.1397225636115444
-0.9622705735063476,5.491834999531981,3.1397225636115444
-0.9674715013718969,5.491844725746398,3.1397225636115444
-0.9716322436643363,5.491852506717931,3.1397225636115444
-0.9757929859567758,5.491860287689465,3.1397225636115444
-0.9791215797907273,5.491866512466692,3.1397225636115444
-0.9824501736246789,5.491872737243919,3.1397225636115444
-0.9851130486918401,5.491877717065701,3.1397225636115444
-0.9877759237590014,5.491882696887482,3.1397225636115444
-0.9899062238127303,5.491886680744908,3.1397225636115444
-0.9920365238664592,5.491890664602333,3.1397225636115444
-0.9937407639094424,5.491893851688273,3.1397225636115444
-0.9954450039524256,5.491897038774213,3.1397225636115444
-0.9968083959868121,5.4918995884429656,3.1397225636115444
-0.9981717880211987,5.491902138111718,3.1397225636115444
-0.9992625016487079,5.4919041778467195,3.1397225636115444
-1.0003532152762171,5.491906217581721,3.1397225636115444
-1.0013532135275993,5.491908087670609,3.1397225636115444
-1.0023532117789815,5.491909957759497,3.1397225636115444
-1.0033532100303637,5.491911827848385,3.1397225636115444
-1.004353208281746,5.491913697937274,3.1397225636115444
-1.0543531208508583,5.492007202381685,3.1397225636115444
-1.1043530334199707,5.492100706826096,3.1397225636115444
-1.1443529634752605,5.492175510381625,3.1397225636115444
-1.1843528935305503,5.492250313937155,3.1397225636115444
-1.220352830580311,5.4923176371371305,3.1397225636115444
-1.2563527676300719,5.492384960337106,3.1397225636115444
-1.2847527179693277,5.492438070861532,3.1397225636115444
-1.3131526683085835,5.492491181385957,3.1397225636115444
-1.332272634875012,5.4925269374855,3.1397225636115444
-1.3513926014414406,5.492562693585042,3.1397225636115444
-1.3666885746945834,5.492591298464676,3.1397225636115444
-1.3819845479477262,5.49261990334431,3.1397225636115444
-1.3957509238755548,5.492645647735981,3.1397225636115444
-1.4095172998033834,5.492671392127652,3.1397225636115444
-1.4190008032203318,5.492689127153025,3.1397225636115444
-1.4284843066372803,5.492706862178399,3.1397225636115444
-1.437019459712534,5.492722823701235,3.1397225636115444
-1.4455546127877879,5.492738785224071,3.1397225636115444
-1.4522879002138214,5.492751377092086,3.1397225636115444
-1.4590211876398549,5.492763968960101,3.1397225636115444
-1.4635543022731563,5.492772446302229,3.1397225636115444
-1.4680874169064577,5.492780923644358,3.1397225636115444
-1.4717139086130988,5.492787705518061,3.1397225636115444
-1.47534040031974,5.492794487391763,3.1397225636115444
-1.4782415936850528,5.4927999128907254,3.1397225636115444
-1.4811427870503657,5.4928053383896875,3.1397225636115444
-1.483463741742616,5.492809678788857,3.1397225636115444
-1.4857846964348662,5.492814019188027,3.1397225636115444
-1.4876414601886665,5.492817491507363,3.1397225636115444
-1.4894982239424668,5.492820963826699,3.1397225636115444
-1.490983634945507,5.492823741682168,3.1397225636115444
-1.4924690459485472,5.492826519537636,3.1397225636115444
-1.4936573747509794,5.492828741822011,3.1397225636115444
-1.4948457035534115,5.492830964106386,3.1397225636115444
-1.4958457018047937,5.492832834195275,3.1397225636115444
-1.496845700056176,5.492834704284163,3.1397225636115444
-1.497845698307558,5.492836574373051,3.1397225636115444
-1.4988456965589403,5.492838444461939,3.1397225636115444
-1.4998456948103225,5.492840314550827,3.1397225636115444
-1.5008456930617047,5.4928421846397155,3.1397225636115444
-1.550845605630817,5.492935689084127,3.1397225636115444
-1.6008455181999295,5.493029193528538,3.1397225636115444
-1.6408454482552193,5.493103997084067,3.1397225636115444
-1.680845378310509,5.493178800639597,3.1397225636115444
-1.7128453223547409,5.49323864348402,3.1397225636115444
-1.7448452663989726,5.493298486328443,3.1397225636115444
-1.7704452216343582,5.493346360603981,3.1397225636115444
-1.7960451768697439,5.49339423487952,3.1397225636115444
-1.8165251410580523,5.49343253429995,3.1397225636115444
-1.8370051052463607,5.493470833720381,3.1397225636115444
-1.8533890765970074,5.4935014732567256,3.1397225636115444
-1.869773047947654,5.49353211279307,3.1397225636115444
-1.8828802250281713,5.493556624422146,3.1397225636115444
-1.8959874021086887,5.493581136051222,3.1397225636115444
-1.9064731437731026,5.493600745354482,3.1397225636115444
-1.9169588854375166,5.493620354657742,3.1397225636115444
-1.9253474787690477,5.49363604210035,3.1397225636115444
-1.9337360721005787,5.493651729542958,3.1397225636115444
-1.9404469467658036,5.493664279497045,3.1397225636115444
-1.9471578214310286,5.493676829451132,3.1397225636115444
-1.9525265211632086,5.493686869414401,3.1397225636115444
-1.9578952208953886,5.493696909377671,3.1397225636115444
-1.9621901806811326,5.493704941348287,3.1397225636115444
-1.9664851404668766,5.493712973318902,3.1397225636115444
-1.9699211082954717,5.4937193988953945,3.1397225636115444
-1.9733570761240669,5.493725824471887,3.1397225636115444
-1.9761058503869429,5.49373096493308,3.1397225636115444
-1.9788546246498189,5.493736105394274,3.1397225636115444
-1.9810536440601199,5.4937402177632295,3.1397225636115444
-1.9832526634704208,5.493744330132185,3.1397225636115444
-1.9850118789986615,5.493747620027349,3.1397225636115444
-1.9867710945269021,5.493750909922514,3.1397225636115444
-1.9881784669494946,5.493753541838645,3.1397225636115444
-1.989585839372087,5.493756173754776,3.1397225636115444
-1.9908524745524203,5.493758542479294,3.1397225636115444
-1.9921191097327535,5.493760911203812,3.1397225636115444
-1.9931191079841357,5.4937627812927,3.1397225636115444
-1.994119106235518,5.493764651381588,3.1397225636115444
-1.9951191044869,5.4937665214704765,3.1397225636115444
-1.9961191027382823,5.493768391559365,3.1397225636115444
-1.9971191009896645,5.493770261648253,3.1397225636115444
-1.9981190992410467,5.493772131737141,3.1397225636115444
-2.048119011810159,5.493865636181552,3.1397225636115444
-2.0981189243792713,5.493959140625964,3.1397225636115444
-2.1431188456914723,5.494043294625934,3.1397225636115444
-2.1881187670036732,5.494127448625904,3.1397225636115444
-2.219118712796523,5.494185421381439,3.1397225636115444
-2.250118658589373,5.494243394136974,3.1397225636115444
-2.2749186152236525,5.494289772341402,3.1397225636115444
-2.299718571857932,5.49433615054583,3.1397225636115444
-2.319558537165356,5.494373253109372,3.1397225636115444
-2.33939850247278,5.4944103556729145,3.1397225636115444
-2.355270474718719,5.494440037723749,3.1397225636115444
-2.371142446964658,5.494469719774583,3.1397225636115444
-2.383840024761409,5.49449346541525,3.1397225636115444
-2.39653760255816,5.494517211055917,3.1397225636115444
-2.4066956647955613,5.4945362075684505,3.1397225636115444
-2.4168537270329624,5.494555204080984,3.1397225636115444
-2.424980176822883,5.4945704012910115,3.1397225636115444
-2.433106626612804,5.494585598501039,3.1397225636115444
-2.4396077864447405,5.49459775626906,3.1397225636115444
-2.446108946276677,5.494609914037082,3.1397225636115444
-2.4513098741422263,5.494619640251499,3.1397225636115444
-2.4565108020077755,5.494629366465916,3.1397225636115444
-2.4606715443002147,5.49463714743745,3.1397225636115444
-2.464832286592654,5.4946449284089836,3.1397225636115444
-2.4681608804266055,5.494651153186211,3.1397225636115444
-2.471489474260557,5.494657377963438,3.1397225636115444
-2.4741523493277184,5.494662357785219,3.1397225636115444
-2.4768152243948798,5.494667337607001,3.1397225636115444
-2.478945524448609,5.494671321464426,3.1397225636115444
-2.481075824502338,5.494675305321851,3.1397225636115444
-2.482780064545321,5.494678492407791,3.1397225636115444
-2.484484304588304,5.494681679493731,3.1397225636115444
-2.485847696622691,5.494684229162484,3.1397225636115444
-2.4872110886570775,5.494686778831237,3.1397225636115444
-2.4883018022845866,5.494688818566238,3.1397225636115444
-2.4893925159120958,5.494690858301239,3.1397225636115444
-2.490392514163478,5.4946927283901275,3.1397225636115444
-2.49139251241486,5.494694598479016,3.1397225636115444
-2.4923925106662423,5.494696468567904,3.1397225636115444
-2.4933925089176245,5.494698338656792,3.1397225636115444
-2.543392421486737,5.494791843101203,3.1397225636115444
-2.5933923340558493,5.4948853475456145,3.1397225636115444
-2.6333922641111394,5.494960151101144,3.1397225636115444
-2.6733921941664294,5.495034954656673,3.1397225636115444
-2.7053921382106614,5.495094797501096,3.1397225636115444
-2.7373920822548934,5.495154640345519,3.1397225636115444
-2.762992037490279,5.495202514621058,3.1397225636115444
-2.7885919927256646,5.495250388896596,3.1397225636115444
-2.809071956913973,5.495288688317027,3.1397225636115444
-2.829551921102281,5.4953269877374575,3.1397225636115444
-2.845935892452928,5.495357627273802,3.1397225636115444
-2.8623198638035747,5.495388266810147,3.1397225636115444
-2.875427040884092,5.495412778439222,3.1397225636115444
-2.888534217964609,5.495437290068298,3.1397225636115444
-2.9003306773370747,5.495459350534467,3.1397225636115444
-2.9121271367095405,5.495481411000635,3.1397225636115444
-2.920253586499461,5.495496608210662,3.1397225636115444
-2.928380036289382,5.49551180542069,3.1397225636115444
-2.9348811961213186,5.495523963188711,3.1397225636115444
-2.9413823559532553,5.495536120956733,3.1397225636115444
-2.9465832838188044,5.49554584717115,3.1397225636115444
-2.9517842116843536,5.495555573385567,3.1397225636115444
-2.955944953976793,5.495563354357101,3.1397225636115444
-2.960105696269232,5.4955711353286345,3.1397225636115444
-2.9638503643324277,5.495578138203015,3.1397225636115444
-2.9675950323956233,5.495585141077396,3.1397225636115444
-2.970549159423255,5.495590665567185,3.1397225636115444
-2.973503286450887,5.4955961900569745,3.1397225636115444
-2.975492121266673,5.495599909361368,3.1397225636115444
-2.9774809560824593,5.495603628665761,3.1397225636115444
-2.979072023935088,5.495606604109276,3.1397225636115444
-2.980663091787717,5.495609579552791,3.1397225636115444
-2.98193594606982,5.4956119599076025,3.1397225636115444
-2.983208800351923,5.4956143402624145,3.1397225636115444
-2.9842270837776055,5.495616244546264,3.1397225636115444
-2.985245367203288,5.495618148830114,3.1397225636115444
-2.9862453654546703,5.495620018919002,3.1397225636115444
-2.9872453637060525,5.49562188900789,3.1397225636115444
-2.9882453619574347,5.4956237590967785,3.1397225636115444
-2.989245360208817,5.495625629185667,3.1397225636115444
-3.0392452727779293,5.495719133630078,3.1397225636115444
-3.0892451853470417,5.495812638074489,3.1397225636115444
-3.1292451154023317,5.4958874416300185,3.1397225636115444
-3.1692450454576218,5.495962245185548,3.1397225636115444
-3.2012449895018538,5.496022088029971,3.1397225636115444
-3.2332449335460858,5.496081930874394,3.1397225636115444
-3.2588448887814714,5.496129805149932,3.1397225636115444
-3.284444844016857,5.496177679425471,3.1397225636115444
-3.304924808205165,5.4962159788459015,3.1397225636115444
-3.3254047723934734,5.496254278266332,3.1397225636115444
-3.3417887437441203,5.496284917802677,3.1397225636115444
-3.358172715094767,5.496315557339021,3.1397225636115444
-3.3712798921752842,5.496340068968097,3.1397225636115444
-3.3843870692558014,5.496364580597173,3.1397225636115444
-3.3948728109202153,5.496384189900433,3.1397225636115444
-3.4053585525846293,5.496403799203693,3.1397225636115444
-3.4137471459161604,5.496419486646301,3.1397225636115444
-3.4221357392476914,5.4964351740889095,3.1397225636115444
-3.428846613912916,5.496447724042996,3.1397225636115444
-3.435557488578141,5.496460273997083,3.1397225636115444
-3.440926188310321,5.496470313960352,3.1397225636115444
-3.446294888042501,5.496480353923622,3.1397225636115444
-3.450589847828245,5.496488385894238,3.1397225636115444
-3.454884807613989,5.496496417864853,3.1397225636115444
-3.458320775442584,5.496502843441346,3.1397225636115444
-3.461756743271179,5.496509269017838,3.1397225636115444
-3.464505517534055,5.4965144094790315,3.1397225636115444
-3.467254291796931,5.496519549940225,3.1397225636115444
-3.469453311207232,5.496523662309181,3.1397225636115444
-3.471652330617533,5.496527774678136,3.1397225636115444
-3.473411546145774,5.4965310645733005,3.1397225636115444
-3.475170761674015,5.496534354468465,3.1397225636115444
-3.4765781340966075,5.496536986384596,3.1397225636115444
-3.4779855065192002,5.496539618300727,3.1397225636115444
-3.4791114044572744,5.496541723833633,3.1397225636115444
-3.4802373023953486,5.496543829366538,3.1397225636115444
-3.4812373006467308,5.496545699455426,3.1397225636115444
-3.482237298898113,5.4965475695443144,3.1397225636115444
-3.483237297149495,5.496549439633203,3.1397225636115444
-3.4842372954008773,5.496551309722091,3.1397225636115444
-3.4852372936522595,5.496553179810979,3.1397225636115444
-3.4862372919036417,5.496555049899867,3.1397225636115444
-3.536237204472754,5.4966485543442785,3.1397225636115444
-3.5862371170418665,5.49674205878869,3.1397225636115444
-3.6262370470971566,5.496816862344219,3.1397225636115444
-3.6662369771524466,5.496891665899748,3.1397225636115444
-3.7022369142022074,5.496958989099724,3.1397225636115444
-3.738236851251968,5.4970263122997,3.1397225636115444
-3.7630368078862477,5.497072690504128,3.1397225636115444
-3.7878367645205273,5.497119068708556,3.1397225636115444
-3.8076767298279512,5.497156171272098,3.1397225636115444
-3.827516695135375,5.497193273835641,3.1397225636115444
-3.8433886673813142,5.497222955886475,3.1397225636115444
-3.8592606396272533,5.497252637937309,3.1397225636115444
-3.8719582174240044,5.497276383577976,3.1397225636115444
-3.8846557952207554,5.497300129218643,3.1397225636115444
-3.8948138574581566,5.497319125731177,3.1397225636115444
-3.9049719196955577,5.49733812224371,3.1397225636115444
-3.9130983694854784,5.497353319453738,3.1397225636115444
-3.921224819275399,5.497368516663765,3.1397225636115444
-3.927725979107336,5.497380674431787,3.1397225636115444
-3.9342271389392725,5.497392832199808,3.1397225636115444
-3.9394280668048216,5.497402558414225,3.1397225636115444
-3.9446289946703708,5.497412284628642,3.1397225636115444
-3.94878973696281,5.497420065600176,3.1397225636115444
-3.9529504792552492,5.49742784657171,3.1397225636115444
-3.956279073089201,5.497434071348937,3.1397225636115444
-3.9596076669231524,5.497440296126164,3.1397225636115444
-3.9622705419903137,5.497445275947945,3.1397225636115444
-3.964933417057475,5.497450255769727,3.1397225636115444
-3.967063717111204,5.497454239627152,3.1397225636115444
-3.9691940171649334,5.4974582234845775,3.1397225636115444
-3.971111287213289,5.497461808956261,3.1397225636115444
-3.973028557261645,5.497465394427944,3.1397225636115444
-3.974349343294957,5.497467864419547,3.1397225636115444
-3.975670129328269,5.49747033441115,3.1397225636115444
-3.9767267581549186,5.497472310404433,3.1397225636115444
-3.977783386981568,5.497474286397716,3.1397225636115444
-3.9787833852329504,5.497476156486604,3.1397225636115444
-3.9797833834843326,5.497478026575492,3.1397225636115444
-3.9807833817357148,5.49747989666438,3.1397225636115444
-3.981783379987097,5.4974817667532685,3.1397225636115444
-4.031783292556209,5.49757527119768,3.1397225636115444
-4.081783205125322,5.497668775642091,3.1397225636115444
-4.121783135180611,5.49774357919762,3.1397225636115444
-4.161783065235901,5.49781838275315,3.1397225636115444
-4.193783009280133,5.497878225597573,3.1397225636115444
-4.225782953324365,5.497938068441996,3.1397225636115444
-4.2513829085597505,5.497985942717534,3.1397225636115444
-4.276982863795136,5.498033816993073,3.1397225636115444
-4.297462827983445,5.498072116413503,3.1397225636115444
-4.3179427921717535,5.498110415833934,3.1397225636115444
-4.3343267635224,5.4981410553702785,3.1397225636115444
-4.350710734873046,5.498171694906623,3.1397225636115444
-4.363817911953563,5.498196206535699,3.1397225636115444
-4.3769250890340805,5.498220718164775,3.1397225636115444
-4.387410830698494,5.498240327468035,3.1397225636115444
-4.3978965723629075,5.498259936771295,3.1397225636115444
-4.406285165694439,5.498275624213903,3.1397225636115444
-4.414673759025971,5.498291311656511,3.1397225636115444
-4.421384633691195,5.498303861610598,3.1397225636115444
-4.42809550835642,5.4983164115646845,3.1397225636115444
-4.4334642080885995,5.498326451527954,3.1397225636115444
-4.438832907820779,5.498336491491224,3.1397225636115444
-4.443127867606523,5.4983445234618396,3.1397225636115444
-4.447422827392267,5.498352555432455,3.1397225636115444
-4.450858795220863,5.4983589810089475,3.1397225636115444
-4.454294763049458,5.49836540658544,3.1397225636115444
-4.457043537312335,5.498370547046633,3.1397225636115444
-4.459792311575211,5.498375687507827,3.1397225636115444
-4.461991330985512,5.4983797998767825,3.1397225636115444
-4.464190350395813,5.498383912245738,3.1397225636115444
-4.465949565924054,5.498387202140902,3.1397225636115444
-4.467708781452294,5.498390492036067,3.1397225636115444
-4.469116153874887,5.498393123952198,3.1397225636115444
-4.470523526297479,5.498395755868329,3.1397225636115444
-4.471649424235554,5.4983978614012345,3.1397225636115444
-4.472775322173628,5.49839996693414,3.1397225636115444
-4.47377532042501,5.498401837023028,3.1397225636115444
-4.474775318676392,5.498403707111916,3.1397225636115444
-4.475775316927774,5.4984055772008045,3.1397225636115444
-4.4767753151791565,5.498407447289693,3.1397225636115444
-4.477775313430539,5.498409317378581,3.1397225636115444
-4.478775311681921,5.498411187467469,3.1397225636115444
-4.528775224251033,5.49850469191188,3.1397225636115444
-4.578775136820146,5.4985981963562915,3.1397225636115444
-4.618775066875435,5.498672999911821,3.1397225636115444
-4.658774996930725,5.49874780346735,3.1397225636115444
-4.690774940974957,5.498807646311773,3.1397225636115444
-4.722774885019189,5.498867489156196,3.1397225636115444
-4.7483748402545745,5.498915363431735,3.1397225636115444
-4.77397479548996,5.498963237707273,3.1397225636115444
-4.794454759678269,5.499001537127704,3.1397225636115444
-4.814934723866577,5.4990398365481346,3.1397225636115444
-4.831318695217224,5.499070476084479,3.1397225636115444
-4.84770266656787,5.499101115620824,3.1397225636115444
-4.860809843648387,5.499125627249899,3.1397225636115444
-4.873917020728904,5.499150138878975,3.1397225636115444
-4.884402762393318,5.4991697481822355,3.1397225636115444
-4.8948885040577315,5.499189357485496,3.1397225636115444
-4.903277097389263,5.499205044928104,3.1397225636115444
-4.9116656907207945,5.499220732370712,3.1397225636115444
-4.918376565386019,5.4992332823247985,3.1397225636115444
-4.925087440051244,5.499245832278885,3.1397225636115444
-4.9304561397834235,5.499255872242155,3.1397225636115444
-4.935824839515603,5.499265912205424,3.1397225636115444
-4.940119799301347,5.49927394417604,3.1397225636115444
-4.944414759087091,5.499281976146656,3.1397225636115444
-4.948280222894261,5.49928920492021,3.1397225636115444
-4.952145686701431,5.499296433693764,3.1397225636115444
-4.9548085617685915,5.499301413515545,3.1397225636115444
-4.957471436835752,5.499306393337327,3.1397225636115444
-4.959601736889481,5.499310377194752,3.1397225636115444
-4.96173203694321,5.4993143610521775,3.1397225636115444
-4.963436276986193,5.499317548138118,3.1397225636115444
-4.965140517029176,5.499320735224058,3.1397225636115444
-4.9665039090635625,5.49932328489281,3.1397225636115444
-4.967867301097949,5.499325834561563,3.1397225636115444
-4.968958014725459,5.499327874296564,3.1397225636115444
-4.970048728352968,5.4993299140315655,3.1397225636115444
-4.971048726604351,5.499331784120454,3.1397225636115444
-4.972048724855733,5.499333654209342,3.1397225636115444
-4.973048723107115,5.49933552429823,3.1397225636115444
-4.974048721358497,5.499337394387118,3.1397225636115444
-5.02404863392761,5.4994308988315295,3.1397225636115444
-5.074048546496722,5.499524403275941,3.1397225636115444
-5.114048476552012,5.49959920683147,3.1397225636115444
-5.154048406607301,5.499674010386999,3.1397225636115444
-5.190048343657062,5.499741333586975,3.1397225636115444
-5.226048280706823,5.499808656786951,3.1397225636115444
-5.250848237341103,5.499855034991379,3.1397225636115444
-5.275648193975383,5.499901413195807,3.1397225636115444
-5.295488159282806,5.499938515759349,3.1397225636115444
-5.31532812459023,5.499975618322892,3.1397225636115444
-5.331200096836169,5.500005300373726,3.1397225636115444
-5.347072069082109,5.50003498242456,3.1397225636115444
-5.35976964687886,5.500058728065227,3.1397225636115444
-5.372467224675611,5.500082473705894,3.1397225636115444
-5.382625286913012,5.500101470218428,3.1397225636115444
-5.392783349150412,5.500120466730961,3.1397225636115444
-5.400909798940333,5.500135663940989,3.1397225636115444
-5.409036248730254,5.500150861151016,3.1397225636115444
-5.415537408562191,5.500163018919038,3.1397225636115444
-5.422038568394127,5.500175176687059,3.1397225636115444
-5.427239496259676,5.500184902901476,3.1397225636115444
-5.432440424125225,5.500194629115893,3.1397225636115444
-5.436601166417665,5.500202410087427,3.1397225636115444
-5.440761908710105,5.500210191058961,3.1397225636115444
-5.4445065767733,5.5002171939333415,3.1397225636115444
-5.448251244836495,5.500224196807722,3.1397225636115444
-5.450830905057807,5.500229021010074,3.1397225636115444
-5.453410565279119,5.500233845212425,3.1397225636115444
-5.455474293456169,5.500237704574306,3.1397225636115444
-5.457538021633219,5.500241563936187,3.1397225636115444
-5.459189004174859,5.5002446514256915,3.1397225636115444
-5.460839986716499,5.5002477389151965,3.1397225636115444
-5.462160772749811,5.5002502089068,3.1397225636115444
-5.463481558783123,5.500252678898403,3.1397225636115444
-5.464538187609772,5.500254654891686,3.1397225636115444
-5.465594816436422,5.5002566308849685,3.1397225636115444
-5.466594814687804,5.500258500973857,3.1397225636115444
-5.467594812939186,5.500260371062745,3.1397225636115444
-5.4685948111905684,5.500262241151633,3.1397225636115444
-5.469594809441951,5.500264111240521,3.1397225636115444
-5.469594809441951,5.500264111240521,-2.986383110888552
-5.469594809441951,5.500264111240521,-2.8450114414770113
-5.469594809441951,5.500264111240521,-2.7177769390066246
-5.469594809441951,5.500264111240521,-2.6032658867832765
-5.469594809441951,5.500264111240521,-2.5002059397822634
-5.469594809441951,5.500264111240521,-2.4074519874813514
-5.469594809441951,5.500264111240521,-2.323973430410531
-5.469594809441951,5.500264111240521,-2.2488427290467925
-5.469594809441951,5.500264111240521,-2.1812250978194276
-5.469594809441951,5.500264111240521,-2.120369229714799
-5.469594809441951,5.500264111240521,-2.065598948420634
-5.469594809441951,5.500264111240521,-2.0163056952558853
-5.469594809441951,5.500264111240521,-1.9719417674076103
-5.469594809441951,5.500264111240521,-1.9320142323441643
-5.469594809441951,5.500264111240521,-1.896079450787062
-5.469594809441951,5.500264111240521,-1.8637381473856705
-5.469594809441951,5.500264111240521,-1.8346309743244171
-5.469594809441951,5.500264111240521,-1.8084345185692905
-5.469594809441951,5.500264111240521,-1.7848577083896764
-5.469594809441951,5.500264111240521,-1.763638579228023
-5.469594809441951,5.500264111240521,-1.7445413629825348
-5.469594809441951,5.500264111240521,-1.7273538683615957
-5.469594809441951,5.500264111240521,-1.7118851232027505
-5.469594809441951,5.500264111240521,-1.69796325255979
-5.469594809441951,5.500264111240521,-1.685433568981125
-5.469594809441951,5.500264111240521,-1.6741568537603273
-5.469594809441951,5.500264111240521,-1.6640078100616094
-5.469594809441951,5.500264111240521,-1.6538587663628908
-5.469594809441951,5.500264111240521,-1.6457395314039163
-5.469594809441951,5.500264111240521,-1.6384322199408394
-5.469594809441951,5.500264111240521,-1.6318556396240702
-5.469594809441951,5.500264111240521,-1.625936717338977
-5.469594809441951,5.500264111240521,-1.620609687282394
-5.469594809441951,5.500264111240521,-1.6158153602314687
-5.469594809441951,5.500264111240521,-1.6115004658856362
-5.469594809441951,5.500264111240521,-1.6076170609743872
-5.469594809441951,5.500264111240521,-1.6041219965542635
-5.469594809441951,5.500264111240521,-1.600976438576151
-5.469594809441951,5.500264111240521,-1.5981454363958507
-5.469594809441951,5.500264111240521,-1.59559753443358
-5.469594809441951,5.500264111240521,-1.5933044226675366
-5.469594809441951,5.500264111240521,-1.591240622078098
-5.469594809441951,5.500264111240521,-1.589383201547602
-5.469594809441951,5.500264111240521,-1.5877115230701562
-5.469594809441951,5.500264111240521,-1.5862070124404557
-5.469594809441951,5.500264111240521,-1.5848529528737243
-5.469594809441951,5.500264111240521,-1.583634299263666
-5.469594809441951,5.500264111240521,-1.582537511014614
-5.469594809441951,5.500264111240521,-1.5815504015904676
-5.469594809441951,5.500264111240521,-1.5806620031087348
-5.469594809441951,5.500264111240521,-1.5798624444751757
-5.469594809441951,5.500264111240521,-1.5791428417049724
-5.469594809441951,5.500264111240521,-1.5784951992117904
-5.469594809441951,5.500264111240521,-1.5779123209679256
-5.469594809441951,5.500264111240521,-1.577387730548447
-5.469594809441951,5.500264111240521,-1.576915599170917
-5.469594809441951,5.500264111240521,-1.5764906809311392
-5.469594809441951,5.500264111240521,-1.5761082545153402
-5.469594809441951,5.500264111240521,-1.57576407074112
-5.469594809441951,5.500264111240521,-1.5754543053443226
-5.469594809441951,5.500264111240521,-1.5751755164872048
-5.469594809441951,5.500264111240521,-1.574924606515799
-5.469594809441951,5.500264111240521,-1.5746987875415337
-5.469594809441951,5.500264111240521,-1.5744955504646954
-5.469594809441951,5.500264111240521,-1.5743126370955396
-5.469594809441951,5.500264111240521,-1.5741480150632992
-5.469594809441951,5.500264111240521,-1.5739998552342847
-5.469594809441951,5.500264111240521,-1.5738665113881705
-5.469594809441951,5.500264111240521,-1.573746501926668
-5.469594809441951,5.500264111240521,-1.5736384934113155
-5.469736917581448,5.450264313188162,-1.5736384934113155
-5.469879025720946,5.400264515135803,-1.5736384934113155
-5.4699927122325445,5.360264676693916,-1.5736384934113155
-5.470106398744143,5.320264838252029,-1.5736384934113155
-5.470197347953421,5.2882649674985185,-1.5736384934113155
-5.4702882971627,5.256265096745008,-1.5736384934113155
-5.470361056530122,5.230665200142201,-1.5736384934113155
-5.470433815897545,5.205065303539393,-1.5736384934113155
-5.4704920233914835,5.1845853862571465,-1.5736384934113155
-5.470550230885422,5.1641054689749,-1.5736384934113155
-5.470596796880573,5.1477215351491035,-1.5736384934113155
-5.470643362875723,5.131337601323307,-1.5736384934113155
-5.470680615671844,5.11823045426267,-1.5736384934113155
-5.470717868467965,5.105123307202033,-1.5736384934113155
-5.470747670704861,5.094637589553522,-1.5736384934113155
-5.470777472941757,5.084151871905012,-1.5736384934113155
-5.470801314731274,5.075763297786204,-1.5736384934113155
-5.470825156520791,5.067374723667396,-1.5736384934113155
-5.470844229952404,5.06066386437235,-1.5736384934113155
-5.470863303384018,5.053953005077303,-1.5736384934113155
-5.470878562129309,5.048584317641266,-1.5736384934113155
-5.4708938208746005,5.043215630205229,-1.5736384934113155
-5.470906027870833,5.0389206802564,-1.5736384934113155
-5.4709182348670655,5.03462573030757,-1.5736384934113155
-5.470928000464052,5.031189770348506,-1.5736384934113155
-5.470937766061038,5.027753810389442,-1.5736384934113155
-5.470945578538627,5.025005042422191,-1.5736384934113155
-5.4709533910162165,5.02225627445494,-1.5736384934113155
-5.470959640998288,5.020057260081139,-1.5736384934113155
-5.470965890980359,5.017858245707338,-1.5736384934113155
-5.470970890966016,5.016099034208298,-1.5736384934113155
-5.470975890951673,5.014339822709258,-1.5736384934113155
-5.470979890940198,5.012932453510025,-1.5736384934113155
-5.470983890928723,5.011525084310793,-1.5736384934113155
-5.470987090919544,5.010399188951407,-1.5736384934113155
-5.470990290910365,5.009273293592021,-1.5736384934113155
-5.470993133073154,5.008273297630974,-1.5736384934113155
-5.470995975235944,5.007273301669927,-1.5736384934113155
-5.470998817398733,5.00627330570888,-1.5736384934113155
-5.471001659561523,5.005273309747833,-1.5736384934113155
-5.4710045017243125,5.004273313786785,-1.5736384934113155
-5.471007343887102,5.003273317825738,-1.5736384934113155
-5.4711494520266,4.953273519773379,-1.5736384934113155
-5.471291560166097,4.90327372172102,-1.5736384934113155
-5.471405246677696,4.863273883279133,-1.5736384934113155
-5.471518933189294,4.8232740448372455,-1.5736384934113155
-5.471609882398573,4.7912741740837355,-1.5736384934113155
-5.471700831607851,4.759274303330225,-1.5736384934113155
-5.471773590975274,4.733674406727418,-1.5736384934113155
-5.471846350342696,4.70807451012461,-1.5736384934113155
-5.471904557836635,4.6875945928423635,-1.5736384934113155
-5.471962765330574,4.667114675560117,-1.5736384934113155
-5.472009331325724,4.65073074173432,-1.5736384934113155
-5.472055897320875,4.634346807908524,-1.5736384934113155
-5.472093150116995,4.621239660847887,-1.5736384934113155
-5.472130402913116,4.6081325137872495,-1.5736384934113155
-5.472160205150012,4.597646796138739,-1.5736384934113155
-5.472190007386908,4.587161078490229,-1.5736384934113155
-5.472213849176425,4.578772504371421,-1.5736384934113155
-5.472237690965942,4.570383930252613,-1.5736384934113155
-5.472256764397556,4.563673070957567,-1.5736384934113155
-5.472275837829169,4.55696221166252,-1.5736384934113155
-5.472291096574461,4.551593524226483,-1.5736384934113155
-5.472306355319752,4.546224836790446,-1.5736384934113155
-5.4723185623159845,4.541929886841617,-1.5736384934113155
-5.472330769312217,4.537634936892787,-1.5736384934113155
-5.472340534909203,4.534198976933723,-1.5736384934113155
-5.472350300506189,4.530763016974659,-1.5736384934113155
-5.472358112983779,4.528014249007408,-1.5736384934113155
-5.472365925461368,4.525265481040157,-1.5736384934113155
-5.472372175443439,4.523066466666356,-1.5736384934113155
-5.472378425425511,4.520867452292555,-1.5736384934113155
-5.472383425411167,4.519108240793515,-1.5736384934113155
-5.472388425396824,4.517349029294475,-1.5736384934113155
-5.472392425385349,4.515941660095242,-1.5736384934113155
-5.472396425373875,4.51453429089601,-1.5736384934113155
-5.472399625364695,4.513408395536624,-1.5736384934113155
-5.472402825355516,4.512282500177238,-1.5736384934113155
-5.472405667518306,4.511282504216191,-1.5736384934113155
-5.472408509681095,4.510282508255144,-1.5736384934113155
-5.472411351843885,4.509282512294097,-1.5736384934113155
-5.472414194006674,4.5082825163330495,-1.5736384934113155
-5.472417036169464,4.507282520372002,-1.5736384934113155
-5.4724198783322535,4.506282524410955,-1.5736384934113155
-5.4724198783322535,4.506282524410955,-1.416558860731826
-5.4724198783322535,4.506282524410955,-1.2751871913202852
-5.4724198783322535,4.506282524410955,-1.1479526888498985
-5.4724198783322535,4.506282524410955,-1.0334416366265506
-5.4724198783322535,4.506282524410955,-0.9303816896255374
-5.4724198783322535,4.506282524410955,-0.8376277373246258
-5.4724198783322535,4.506282524410955,-0.7541491802538045
-5.4724198783322535,4.506282524410955,-0.6706706231829838
-5.4724198783322535,4.506282524410955,-0.5955399218192454
-5.4724198783322535,4.506282524410955,-0.5362701462989627
-5.4724198783322535,4.506282524410955,-0.4829273483307082
-5.4724198783322535,4.506282524410955,-0.42958455036245397
-5.4724198783322535,4.506282524410955,-0.3869103119878505
-5.4724198783322535,4.506282524410955,-0.34850349745070713
-5.4724198783322535,4.506282524410955,-0.31393736436727826
-5.4724198783322535,4.506282524410955,-0.2828278445921923
-5.4724198783322535,4.506282524410955,-0.2548292767946151
-5.4724198783322535,4.506282524410955,-0.22963056577679533
-5.4724198783322535,4.506282524410955,-0.20695172586075772
-5.4724198783322535,4.506282524410955,-0.18654076993632385
-5.4724198783322535,4.506282524410955,-0.16817090960433326
-5.4724198783322535,4.506282524410955,-0.15163803530554187
-5.4724198783322535,4.506282524410955,-0.13675844843662957
-5.4724198783322535,4.506282524410955,-0.12336682025460849
-5.4724198783322535,4.506282524410955,-0.11131435489078949
-5.4724198783322535,4.506282524410955,-0.10046713606335239
-5.4724198783322535,4.506282524410955,-0.09070463911865898
-5.4724198783322535,4.506282524410955,-0.08191839186843491
-5.4724198783322535,4.506282524410955,-0.07401076934323321
-5.4724198783322535,4.506282524410955,-0.0668939090705517
-5.4724198783322535,4.506282524410955,-0.06048873482513841
-5.4724198783322535,4.506282524410955,-0.05472407800426645
-5.4724198783322535,4.506282524410955,-0.04953588686548171
-5.4724198783322535,4.506282524410955,-0.0448665148405754
-5.4724198783322535,4.506282524410955,-0.04066408001815974
-5.4724198783322535,4.506282524410955,-0.03688188867798567
-5.4724198783322535,4.506282524410955,-0.03347791647182896
-5.4724198783322535,4.506282524410955,-0.030414341486287886
-5.4724198783322535,4.506282524410955,-0.027657123999300925
-5.4724198783322535,4.506282524410955,-0.025175628261012686
-5.4724198783322535,4.506282524410955,-0.022942282096553312
-5.4724198783322535,4.506282524410955,-0.020932270548539852
-5.4724198783322535,4.506282524410955,-0.019123260155327722
-5.4724198783322535,4.506282524410955,-0.017495150801436765
-5.4724198783322535,4.506282524410955,-0.016029852382934993
-5.4724198783322535,4.506282524410955,-0.01456455396443322
-5.4724198783322535,4.506282524410955,-0.013392315229631784
-5.4724198783322535,4.506282524410955,-0.012337300368310421
-5.4724198783322535,4.506282524410955,-0.011387786993121254
-5.4724198783322535,4.506282524410955,-0.010533224955451004
-5.4724198783322535,4.506282524410955,-0.009764119121547768
-5.4724198783322535,4.506282524410955,-0.009071923871034893
-5.4724198783322535,4.506282524410955,-0.008448948145573239
-5.4724198783322535,4.506282524410955,-0.00788826999265782
-5.4724198783322535,4.506282524410955,-0.007383659655033924
-5.4724198783322535,4.506282524410955,-0.006929510351172367
-5.4724198783322535,4.506282524410955,-0.006520775977696976
-5.4724198783322535,4.506282524410955,-0.006152915041569172
-5.4724198783322535,4.506282524410955,-0.005821840199054126
-5.4724198783322535,4.506282524410955,-0.0055238728407905596
-5.4724198783322535,4.506282524410955,-0.005255702218353358
-5.4724198783322535,4.506282524410955,-0.004987531595916158
-5.4724198783322535,4.506282524410955,-0.004772995097966436
-5.4724198783322535,4.506282524410955,-0.004579912249811628
-5.4724198783322535,4.506282524410955,-0.004406137686472299
-5.4724198783322535,4.506282524410955,-0.004249740579466934
-5.4724198783322535,4.506282524410955,-0.004108983183162142
-5.4724198783322535,4.506282524410955,-0.003982301526487755
-5.4724198783322535,4.506282524410955,-0.003868288035480814
-5.4724198783322535,4.506282524410955,-0.0037656758935746175
-5.422420232839708,4.506094241061263,-0.0037656758935746175
-5.372420587347163,4.505905957711572,-0.0037656758935746175
-5.3324208709531264,4.505755331031819,-0.0037656758935746175
-5.29242115455909,4.5056047043520655,-0.0037656758935746175
-5.2604213814438605,4.505484203008263,-0.0037656758935746175
-5.228421608328631,4.50536370166446,-0.0037656758935746175
-5.202821789836448,4.505267300589417,-0.0037656758935746175
-5.177221971344265,4.505170899514375,-0.0037656758935746175
-5.156742116550518,4.505093778654341,-0.0037656758935746175
-5.136262261756771,4.5050166577943065,-0.0037656758935746175
-5.119878377921774,4.50495496110628,-0.0037656758935746175
-5.103494494086776,4.504893264418253,-0.0037656758935746175
-5.090387387018779,4.504843907067831,-0.0037656758935746175
-5.077280279950781,4.504794549717409,-0.0037656758935746175
-5.066794594296383,4.504755063837072,-0.0037656758935746175
-5.056308908641984,4.504715577956735,-0.0037656758935746175
-5.047920360118466,4.504683989252465,-0.0037656758935746175
-5.039531811594948,4.504652400548195,-0.0037656758935746175
-5.032820972776133,4.504627129584779,-0.0037656758935746175
-5.026110133957317,4.5046018586213625,-0.0037656758935746175
-5.020741462902265,4.5045816418506295,-0.0037656758935746175
-5.015372791847213,4.504561425079896,-0.0037656758935746175
-5.011077855003172,4.50454525166331,-0.0037656758935746175
-5.00678291815913,4.5045290782467236,-0.0037656758935746175
-5.003346968683897,4.504516139513455,-0.0037656758935746175
-4.999911019208664,4.504503200780186,-0.0037656758935746175
-4.997162259628477,4.504492849793571,-0.0037656758935746175
-4.9944135000482905,4.504482498806955,-0.0037656758935746175
-4.992214492384141,4.504474218017663,-0.0037656758935746175
-4.990015484719992,4.50446593722837,-0.0037656758935746175
-4.988036377822257,4.504458484518008,-0.0037656758935746175
-4.9860572709245226,4.504451031807645,-0.0037656758935746175
-4.98469388617275,4.504445897718284,-0.0037656758935746175
-4.983330501420978,4.504440763628923,-0.0037656758935746175
-4.98223979361956,4.504436656357434,-0.0037656758935746175
-4.981149085818142,4.504432549085945,-0.0037656758935746175
-4.980149092908292,4.504428783418951,-0.0037656758935746175
-4.979149099998441,4.504425017751957,-0.0037656758935746175
-4.978149107088591,4.5044212520849625,-0.0037656758935746175
-4.97714911417874,4.504417486417968,-0.0037656758935746175
-4.927149468686195,4.5042292030682765,-0.0037656758935746175
-4.877149823193649,4.504040919718585,-0.0037656758935746175
-4.837150106799613,4.503890293038832,-0.0037656758935746175
-4.797150390405577,4.5037396663590785,-0.0037656758935746175
-4.761150645650944,4.503604102347301,-0.0037656758935746175
-4.7251509008963115,4.503468538335523,-0.0037656758935746175
-4.700351076732009,4.503375149794076,-0.0037656758935746175
-4.675551252567706,4.503281761252629,-0.0037656758935746175
-4.655711393236264,4.503207050419472,-0.0037656758935746175
-4.635871533904822,4.5031323395863145,-0.0037656758935746175
-4.618015660506525,4.503065099836473,-0.0037656758935746175
-4.600159787108227,4.502997860086631,-0.0037656758935746175
-4.587859074322733,4.502951539370073,-0.0037656758935746175
-4.575558361537238,4.502905218653516,-0.0037656758935746175
-4.565717791308843,4.5028681620802695,-0.0037656758935746175
-4.555877221080447,4.502831105507023,-0.0037656758935746175
-4.548004764897731,4.502801460248426,-0.0037656758935746175
-4.540132308715014,4.502771814989829,-0.0037656758935746175
-4.5338343437688415,4.502748098782951,-0.0037656758935746175
-4.527536378822669,4.502724382576074,-0.0037656758935746175
-4.522498006865731,4.502705409610572,-0.0037656758935746175
-4.517459634908793,4.50268643664507,-0.0037656758935746175
-4.513428937343242,4.5026712582726685,-0.0037656758935746175
-4.509398239777692,4.502656079900267,-0.0037656758935746175
-4.506173681725251,4.502643937202346,-0.0037656758935746175
-4.50294912367281,4.502631794504425,-0.0037656758935746175
-4.500369477230858,4.502622080346088,-0.0037656758935746175
-4.497789830788905,4.50261236618775,-0.0037656758935746175
-4.495726113635343,4.502604594861081,-0.0037656758935746175
-4.493662396481781,4.502596823534412,-0.0037656758935746175
-4.492011422758932,4.502590606473076,-0.0037656758935746175
-4.490360449036082,4.50258438941174,-0.0037656758935746175
-4.489039670057802,4.502579415762671,-0.0037656758935746175
-4.487718891079522,4.502574442113603,-0.0037656758935746175
-4.486662267896898,4.502570463194348,-0.0037656758935746175
-4.4856056447142745,4.502566484275094,-0.0037656758935746175
-4.484605651804424,4.502562718608099,-0.0037656758935746175
-4.483605658894573,4.502558952941105,-0.0037656758935746175
-4.482605665984723,4.502555187274111,-0.0037656758935746175
-4.481605673074872,4.502551421607117,-0.0037656758935746175
-4.431606027582327,4.502363138257425,-0.0037656758935746175
-4.381606382089782,4.502174854907733,-0.0037656758935746175
-4.341606665695745,4.50202422822798,-0.0037656758935746175
-4.301606949301709,4.501873601548227,-0.0037656758935746175
-4.269607176186479,4.501753100204424,-0.0037656758935746175
-4.23760740307125,4.501632598860621,-0.0037656758935746175
-4.212007584579067,4.501536197785579,-0.0037656758935746175
-4.186407766086884,4.501439796710536,-0.0037656758935746175
-4.165927911293137,4.501362675850502,-0.0037656758935746175
-4.14544805649939,4.501285554990468,-0.0037656758935746175
-4.129064172664393,4.501223858302441,-0.0037656758935746175
-4.112680288829395,4.501162161614414,-0.0037656758935746175
-4.099573181761397,4.501112804263992,-0.0037656758935746175
-4.0864660746934,4.50106344691357,-0.0037656758935746175
-4.075980389039001,4.501023961033233,-0.0037656758935746175
-4.065494703384603,4.5009844751528965,-0.0037656758935746175
-4.057106154861085,4.500952886448626,-0.0037656758935746175
-4.048717606337567,4.500921297744356,-0.0037656758935746175
-4.042006767518751,4.50089602678094,-0.0037656758935746175
-4.035295928699936,4.500870755817524,-0.0037656758935746175
-4.029927257644884,4.500850539046791,-0.0037656758935746175
-4.024558586589832,4.500830322276058,-0.0037656758935746175
-4.019726782640285,4.500812127182399,-0.0037656758935746175
-4.014894978690739,4.500793932088739,-0.0037656758935746175
-4.011566402636607,4.5007813976908855,-0.0037656758935746175
-4.008237826582475,4.500768863293032,-0.0037656758935746175
-4.005574965739169,4.500758835774748,-0.0037656758935746175
-4.002912104895863,4.500748808256465,-0.0037656758935746175
-4.0007818162212185,4.500740786241838,-0.0037656758935746175
-3.998651527546574,4.5007327642272115,-0.0037656758935746175
-3.9969472966068587,4.50072634661551,-0.0037656758935746175
-3.995243065667143,4.500719929003808,-0.0037656758935746175
-3.9938796809153705,4.5007147949144475,-0.0037656758935746175
-3.992516296163598,4.500709660825087,-0.0037656758935746175
-3.99142558836218,4.500705553553598,-0.0037656758935746175
-3.990334880560762,4.500701446282108,-0.0037656758935746175
-3.989334887650911,4.500697680615114,-0.0037656758935746175
-3.98833489474106,4.50069391494812,-0.0037656758935746175
-3.987334901831209,4.500690149281126,-0.0037656758935746175
-3.986334908921358,4.5006863836141315,-0.0037656758935746175
-3.986334908921358,4.5006863836141315,-0.1608453085730643
-3.986334908921358,4.5006863836141315,-0.31792494125255394
-3.986334908921358,4.5006863836141315,-0.4750045739320436
-3.986334908921358,4.5006863836141315,-0.6320842066115332
-3.986334908921358,4.5006863836141315,-0.7891638392910232
-3.986334908921358,4.5006863836141315,-0.9462434719705127
-3.986334908921358,4.5006863836141315,-1.1033231046500025
-3.986334908921358,4.5006863836141315,-1.2604027373294917
-3.986334908921358,4.5006863836141315,-1.4174823700089818
-3.986334908921358,4.5006863836141315,-1.5745620026884712
-3.986334908921358,4.5006863836141315,-1.7316416353679613
-3.986334908921358,4.5006863836141315,-1.8887212680474506
-3.986334908921358,4.5006863836141315,-2.04580090072694
-3.986334908921358,4.5006863836141315,-2.20288053340643
-3.986334908921358,4.5006863836141315,-2.3599601660859193
-3.986334908921358,4.5006863836141315,-2.517039798765409
-3.986334908921358,4.5006863836141315,-2.6741194314448986
-3.986334908921358,4.5006863836141315,-2.8311990641243883
-3.986334908921358,4.5006863836141315,-2.988278696803878
-3.986334908921358,4.5006863836141315,3.1378269776962187
-3.986334908921358,4.5006863836141315,2.980747345016729
-3.986334908921358,4.5006863836141315,2.839375675605188
-3.986334908921358,4.5006863836141315,2.7121411731348015
-3.986334908921358,4.5006863836141315,2.5976301209114534
-3.986334908921358,4.5006863836141315,2.4945701739104402
-3.986334908921358,4.5006863836141315,2.391510226909427
-3.986334908921358,4.5006863836141315,2.309062269308617
-3.986334908921358,4.5006863836141315,2.2266143117078063
-3.986334908921358,4.5006863836141315,2.1606559456271577
-3.986334908921358,4.5006863836141315,2.101293416154574
-3.986334908921358,4.5006863836141315,2.0478671396292483
-3.986334908921358,4.5006863836141315,1.999783490756456
-3.986334908921358,4.5006863836141315,1.9565082067709427
-3.986334908921358,4.5006863836141315,1.9175604511839806
-3.986334908921358,4.5006863836141315,1.8825074711557146
-3.986334908921358,4.5006863836141315,1.8509597891302756
-3.986334908921358,4.5006863836141315,1.8225668753073798
-3.986334908921358,4.5006863836141315,1.797013252866774
-3.986334908921358,4.5006863836141315,1.771459630426168
-3.986334908921358,4.5006863836141315,1.7510167324736838
-3.986334908921358,4.5006863836141315,1.7326181243164476
-3.986334908921358,4.5006863836141315,1.7142195161592109
-3.986334908921358,4.5006863836141315,1.6995006296334223
-3.986334908921358,4.5006863836141315,1.6862536317602124
-3.986334908921358,4.5006863836141315,1.674331333674323
-3.986334908921358,4.5006863836141315,1.6636012653970234
-3.986334908921358,4.5006863836141315,1.6539442039474532
-3.986334908921358,4.5006863836141315,1.64525284864284
-3.986334908921358,4.5006863836141315,1.6374306288686882
-3.986334908921358,4.5006863836141315,1.6303906310719516
-3.986334908921358,4.5006863836141315,1.6240546330548886
-3.986334908921358,4.5006863836141315,1.6177186350378254
-3.986334908921358,4.5006863836141315,1.6126498366241753
-3.986334908921358,4.5006863836141315,1.6080879180518894
-3.986334908921358,4.5006863836141315,1.6039821913368328
-3.986334908921358,4.5006863836141315,1.600287037293282
-3.986334908921358,4.5006863836141315,1.5969613986540858
-3.986334908921358,4.5006863836141315,1.59396832387881
-3.986334908921358,4.5006863836141315,1.5912745565810604
-3.986334908921358,4.5006863836141315,1.588850166013087
-3.986334908921358,4.5006863836141315,1.58666821450191
-3.986334908921358,4.5006863836141315,1.5847044581418512
-3.986334908921358,4.5006863836141315,1.5829370774177989
-3.986334908921358,4.5006863836141315,1.5813464347661508
-3.986334908921358,4.5006863836141315,1.5799148563796677
-3.986334908921358,4.5006863836141315,1.5786264358318343
-3.986334908921358,4.5006863836141315,1.577338015283999
-3.986334908921358,4.5006863836141315,1.5761784367909482
-3.986334908921358,4.5006863836141315,1.5752636582019852
-3.986334908921358,4.5006863836141315,1.574440357471919
-3.986334908921358,4.5006863836141315,1.573699386814859
-3.986334908921358,4.5006863836141315,1.573032513223505
-3.986334908921358,4.5006863836141315,1.5724323269912868
-3.986334908921358,4.5006863836141315,1.5718921593822903
-3.986334908921358,4.5006863836141315,1.5714060085341937
-3.986334908921358,4.5006863836141315,1.5709684727709066
-3.986334908921358,4.5006863836141315,1.5705746905839482
-3.986334908921358,4.5006863836141315,1.5702202866156856
-3.986334908921358,4.5006863836141315,1.5699013230442493
-3.986334908921358,4.5006863836141315,1.569614255829957
-3.986334908921358,4.5006863836141315,1.5693558953370925
-3.986334908921358,4.5006863836141315,1.569123370893515
-3.986334908921358,4.5006863836141315,1.5689140988942967
-3.986334908921358,4.5006863836141315,1.5687257540949993
-3.986334908921358,4.5006863836141315,1.5685562437756315
-3.986334908921358,4.5006863836141315,1.5684036844882003
-3.986334908921358,4.5006863836141315,1.568266381129512
-3.986334908921358,4.5006863836141315,1.5681428081066937
-3.986334908921358,4.5006863836141315,1.5680315923861567
-3.986334908921358,4.5006863836141315,1.5679314982376733
-3.986191667689433,4.550686178433205,1.5679314982376733
-3.986048426457508,4.600685973252278,1.5679314982376733
-3.985919509348775,4.645685788589445,1.5679314982376733
-3.9857905922400425,4.690685603926611,1.5679314982376733
-3.985688890965376,4.726185458248153,1.5679314982376733
-3.985587189690709,4.761685312569695,1.5679314982376733
-3.9855085502543823,4.789135199925367,1.5679314982376733
-3.9854299108180555,4.816585087281038,1.5679314982376733
-3.985369305452828,4.8377400004689886,1.5679314982376733
-3.9853087000876,4.858894913656939,1.5679314982376733
-3.985268079739051,4.873073855471731,1.5679314982376733
-3.9852274593905017,4.887252797286524,1.5679314982376733
-3.9851949631116623,4.8985959507383585,1.5679314982376733
-3.985162466832823,4.909939104190193,1.5679314982376733
-3.9851364698097513,4.919013626951661,1.5679314982376733
-3.9851104727866797,4.928088149713129,1.5679314982376733
-3.9850896751682225,4.935347767922303,1.5679314982376733
-3.9850688775497654,4.942607386131477,1.5679314982376733
-3.9850522394549994,4.948415080698816,1.5679314982376733
-3.9850356013602335,4.954222775266156,1.5679314982376733
-3.985022290884421,4.958868930920027,1.5679314982376733
-3.985008980408608,4.963515086573898,1.5679314982376733
-3.984998332027958,4.967232011096995,1.5679314982376733
-3.984987683647308,4.970948935620092,1.5679314982376733
-3.984979164942788,4.97392247523857,1.5679314982376733
-3.984970646238268,4.976896014857048,1.5679314982376733
-3.984963831274652,4.97927484655183,1.5679314982376733
-3.9849570163110357,4.981653678246611,1.5679314982376733
-3.9849515643401427,4.9835567436024375,1.5679314982376733
-3.98494611236925,4.985459808958264,1.5679314982376733
-3.9849417507925353,4.986982261242924,1.5679314982376733
-3.984937389215821,4.988504713527585,1.5679314982376733
-3.9849338999544495,4.989722675355313,1.5679314982376733
-3.984930410693078,4.990940637183042,1.5679314982376733
-3.9849275458684397,4.991940633079423,1.5679314982376733
-3.9849246810438013,4.992940628975805,1.5679314982376733
-3.984921816219163,4.993940624872186,1.5679314982376733
-3.9849189513945245,4.994940620768568,1.5679314982376733
-3.984916086569886,4.995940616664949,1.5679314982376733
-3.9849132217452476,4.996940612561331,1.5679314982376733
-3.9849132217452476,4.996940612561331,1.725011130917163
-3.9849132217452476,4.996940612561331,1.8663828003287033
-3.9849132217452476,4.996940612561331,1.9936173027990909
-3.9849132217452476,4.996940612561331,2.1081283550224383
-3.9849132217452476,4.996940612561331,2.222639407245786
-3.9849132217452476,4.996940612561331,2.3142482490244647
-3.9849132217452476,4.996940612561331,2.3966962066252746
-3.9849132217452476,4.996940612561331,2.470899368466004
-3.9849132217452476,4.996940612561331,2.5376822141226607
-3.9849132217452476,4.996940612561331,2.6044650597793173
-3.9849132217452476,4.996940612561331,2.6578913363046426
-3.9849132217452476,4.996940612561331,2.7059749851774355
-3.9849132217452476,4.996940612561331,2.749250269162949
-3.9849132217452476,4.996940612561331,2.788198024749911
-3.9849132217452476,4.996940612561331,2.823251004778177
-3.9849132217452476,4.996940612561331,2.8547986868036164
-3.9849132217452476,4.996940612561331,2.8831916006265117
-3.9849132217452476,4.996940612561331,2.9087452230671174
-3.9849132217452476,4.996940612561331,2.931743483263663
-3.9849132217452476,4.996940612561331,2.9547417434602083
-3.9849132217452476,4.996940612561331,2.975440177637099
-3.9849132217452476,4.996940612561331,2.991768942376646
-3.9849132217452476,4.996940612561331,3.0064648306422384
-3.9849132217452476,4.996940612561331,3.0211607189078307
-3.9849132217452476,4.996940612561331,3.0329174295203045
-3.9849132217452476,4.996940612561331,3.043498469071531
-3.9849132217452476,4.996940612561331,3.0530214046676347
-3.9849132217452476,4.996940612561331,3.061592046704128
-3.9849132217452476,4.996940612561331,3.0693056245369723
-3.9849132217452476,4.996940612561331,3.076247844586532
-3.9849132217452476,4.996940612561331,3.082495842631136
-3.9849132217452476,4.996940612561331,3.0881190408712795
-3.9849132217452476,4.996940612561331,3.0931799192874085
-3.9849132217452476,4.996940612561331,3.097734709861925
-3.9849132217452476,4.996940612561331,3.1018340213789894
-3.9849132217452476,4.996940612561331,3.1055234017443474
-3.9849132217452476,4.996940612561331,3.10884384407317
-3.9849132217452476,4.996940612561331,3.11183224216911
-3.9849132217452476,4.996940612561331,3.114521800455456
-3.9849132217452476,4.996940612561331,3.1169424029131676
-3.9849132217452476,4.996940612561331,3.119363005370879
-3.9849132217452476,4.996940612561331,3.121299487337048
-3.9849132217452476,4.996940612561331,3.123235969303217
-3.9849132217452476,4.996940612561331,3.1247851548761525
-3.9849132217452476,4.996940612561331,3.1261794218917944
-3.9849132217452476,4.996940612561331,3.127434262205872
-3.9849132217452476,4.996940612561331,3.128563618488542
-3.9849132217452476,4.996940612561331,3.1295800391429447
-3.9849132217452476,4.996940612561331,3.130494817731907
-3.9849132217452476,4.996940612561331,3.1313181184619734
-3.9849132217452476,4.996940612561331,3.132059089119033
-3.9849132217452476,4.996940612561331,3.1327259627103867
-3.9849132217452476,4.996940612561331,3.133326148942605
-3.9849132217452476,4.996940612561331,3.1338663165516016
-3.9849132217452476,4.996940612561331,3.1343524673996983
-3.9849132217452476,4.996940612561331,3.1347900031629856
-3.9849132217452476,4.996940612561331,3.1351837853499442
-3.9849132217452476,4.996940612561331,3.135538189318207
-3.9849132217452476,4.996940612561331,3.1358571528896433
-3.9849132217452476,4.996940612561331,3.136144220103936
-3.9849132217452476,4.996940612561331,3.136402580596799
-3.9849132217452476,4.996940612561331,3.136635105040376
-3.9849132217452476,4.996940612561331,3.1368443770395955
-3.9849132217452476,4.996940612561331,3.137032721838893
-3.9849132217452476,4.996940612561331,3.137202232158261
-3.9849132217452476,4.996940612561331,3.137354791445692
-3.9849132217452476,4.996940612561331,3.13749209480438
-3.9849132217452476,4.996940612561331,3.1376156678271987
-3.9849132217452476,4.996940612561331,3.1377268835477357
-3.9849132217452476,4.996940612561331,3.137826977696219
-4.034912867237793,4.997128895911023,3.137826977696219
-4.084912512730338,4.9973171792607145,3.137826977696219
-4.124912229124375,4.997467805940468,3.137826977696219
-4.164911945518411,4.997618432620221,3.137826977696219
-4.196911718633641,4.9977389339640235,3.137826977696219
-4.22891149174887,4.997859435307826,3.137826977696219
-4.254511310241053,4.997955836382869,3.137826977696219
-4.280111128733236,4.9980522374579115,3.137826977696219
-4.300590983526983,4.998129358317946,3.137826977696219
-4.32107083832073,4.99820647917798,3.137826977696219
-4.337454722155727,4.998268175866007,3.137826977696219
-4.353838605990725,4.9983298725540335,3.137826977696219
-4.366945713058723,4.998379229904455,3.137826977696219
-4.38005282012672,4.998428587254877,3.137826977696219
-4.391849216487919,4.998473008870257,3.137826977696219
-4.403645612849117,4.998517430485637,3.137826977696219
-4.411772019231276,4.9985480320428985,3.137826977696219
-4.419898425613435,4.99857863360016,3.137826977696219
-4.427212191357378,4.9986061750016955,3.137826977696219
-4.434525957101321,4.998633716403231,3.137826977696219
-4.4402957056326535,4.998655443508887,3.137826977696219
-4.446065454163986,4.998677170614543,3.137826977696219
-4.450526851267791,4.998693970869479,3.137826977696219
-4.454988248371596,4.998710771124416,3.137826977696219
-4.458426530911887,4.998723718643293,3.137826977696219
-4.461864813452178,4.998736666162171,3.137826977696219
-4.4641692997740305,4.998745344151779,3.137826977696219
-4.466473786095883,4.998754022141386,3.137826977696219
-4.468317375153365,4.998760964533073,3.137826977696219
-4.470160964210847,4.998767906924759,3.137826977696219
-4.471635835456833,4.998773460838109,3.137826977696219
-4.473110706702818,4.998779014751459,3.137826977696219
-4.474290603699607,4.998783457882138,3.137826977696219
-4.475470500696395,4.998787901012817,3.137826977696219
-4.476470493606246,4.998791666679812,3.137826977696219
-4.477470486516096,4.998795432346806,3.137826977696219
-4.478470479425947,4.9987991980138,3.137826977696219
-4.479470472335797,4.998802963680794,3.137826977696219
-4.480470465245648,4.9988067293477885,3.137826977696219
-4.481470458155498,4.998810495014783,3.137826977696219
-4.531470103648044,4.9989987783644745,3.137826977696219
-4.581469749140589,4.999187061714166,3.137826977696219
-4.621469465534625,4.999337688393919,3.137826977696219
-4.661469181928662,4.999488315073672,3.137826977696219
-4.697468926683294,4.99962387908545,3.137826977696219
-4.733468671437927,4.999759443097228,3.137826977696219
-4.761868470077693,4.9998663880398535,3.137826977696219
-4.790268268717459,4.999973332982479,3.137826977696219
-4.809388133153808,5.000045332535401,3.137826977696219
-4.828507997590157,5.000117332088323,3.137826977696219
-4.843803889139237,5.000174931730661,3.137826977696219
-4.859099780688317,5.0002325313729985,3.137826977696219
-4.871336493927581,5.000278611086869,3.137826977696219
-4.883573207166845,5.000324690800739,3.137826977696219
-4.893362577758255,5.000361554571835,3.137826977696219
-4.903151948349666,5.0003984183429315,3.137826977696219
-4.9109834448227945,5.000427909359808,3.137826977696219
-4.918814941295923,5.000457400376685,3.137826977696219
-4.925080138474426,5.000480993190187,3.137826977696219
-4.931345335652929,5.0005045860036885,3.137826977696219
-4.9363574933957315,5.00052346025449,3.137826977696219
-4.941369651138534,5.000542334505291,3.137826977696219
-4.945379377332776,5.000557433905932,3.137826977696219
-4.949389103527017,5.000572533306573,3.137826977696219
-4.952596884482411,5.000584612827086,3.137826977696219
-4.955804665437804,5.000596692347599,3.137826977696219
-4.958691668297658,5.00060756391606,3.137826977696219
-4.961578671157512,5.000618435484522,3.137826977696219
-4.9635674953498565,5.000625924787239,3.137826977696219
-4.965556319542201,5.000633414089957,3.137826977696219
-4.967147378896076,5.000639405532131,3.137826977696219
-4.968738438249951,5.000645396974305,3.137826977696219
-4.970011285733051,5.000650190128045,3.137826977696219
-4.971284133216151,5.000654983281785,3.137826977696219
-4.972302411202631,5.000658817804776,3.137826977696219
-4.973320689189111,5.000662652327768,3.137826977696219
-4.974320682098962,5.000666417994762,3.137826977696219
-4.975320675008812,5.000670183661756,3.137826977696219
-4.976320667918663,5.000673949328751,3.137826977696219
-4.977320660828513,5.000677714995745,3.137826977696219
