-9.45,-5.45,0.0
-9.35,-5.45,0.0
-9.25,-5.45,0.0
-9.15,-5.45,0.0
-9.05,-5.45,0.0
-8.950000000000001,-5.45,0.0
-8.850000000000001,-5.45,0.0
-8.750000000000002,-5.45,0.0
-8.650000000000002,-5.45,0.0
-8.550000000000002,-5.45,0.0
-8.450000000000003,-5.45,0.0
-8.350000000000003,-5.45,0.0
-8.250000000000004,-5.45,0.0
-8.150000000000004,-5.45,0.0
-8.050000000000004,-5.45,0.0
-7.950000000000005,-5.45,0.0
-7.850000000000005,-5.45,0.0
-7.750000000000005,-5.45,0.0
-7.650000000000006,-5.45,0.0
-7.550000000000006,-5.45,0.0
-7.450000000000006,-5.45,0.0
-7.350000000000007,-5.45,0.0
-7.250000000000007,-5.45,0.0
-7.1500000000000075,-5.45,0.0
-7.050000000000008,-5.45,0.0
-6.950000000000008,-5.45,0.0
-6.8500000000000085,-5.45,0.0
-6.750000000000009,-5.45,0.0
-6.650000000000009,-5.45,0.0
-6.55000000000001,-5.45,0.0
-6.45000000000001,-5.45,0.0
-6.35000000000001,-5.45,0.0
-6.250000000000011,-5.45,0.0
-6.150000000000011,-5.45,0.0
-6.050000000000011,-5.45,0.0
-5.950000000000012,-5.45,0.0
-5.850000000000012,-5.45,0.0
-5.750000000000012,-5.45,0.0
-5.650000000000013,-5.45,0.0
-5.550000000000013,-5.45,0.0
-5.4500000000000135,-5.45,0.0
-5.350000000000014,-5.45,0.0
-5.250000000000014,-5.45,0.0
-5.150000000000015,-5.45,0.0
-5.050000000000015,-5.45,0.0
-4.950000000000015,-5.45,0.0
-4.850000000000016,-5.45,0.0
-4.750000000000016,-5.45,0.0
-4.650000000000016,-5.45,0.0
-4.550000000000017,-5.45,0.0
-4.450000000000017,-5.45,0.0
-4.350000000000017,-5.45,0.0
-4.250000000000018,-5.45,0.0
-4.150000000000018,-5.45,0.0
-4.0500000000000185,-5.45,0.0
-3.9500000000000184,-5.45,0.0
-3.8500000000000183,-5.45,0.0
-3.750000000000018,-5.45,0.0
-3.650000000000018,-5.45,0.0
-3.550000000000018,-5.45,0.0
-3.450000000000018,-5.45,0.0
-3.350000000000018,-5.45,0.0
-3.2500000000000178,-5.45,0.0
-3.1500000000000177,-5.45,0.0
-3.0500000000000176,-5.45,0.0
-2.9500000000000175,-5.45,0.0
-2.8500000000000174,-5.45,0.0
-2.7500000000000173,-5.45,0.0
-2.6500000000000172,-5.45,0.0
-2.550000000000017,-5.45,0.0
-2.450000000000017,-5.45,0.0
-2.350000000000017,-5.45,0.0
-2.250000000000017,-5.45,0.0
-2.150000000000017,-5.45,0.0
-2.0500000000000167,-5.45,0.0
-1.9500000000000166,-5.45,0.0
-1.8500000000000165,-5.45,0.0
-1.7500000000000164,-5.45,0.0
-1.6500000000000163,-5.45,0.0
-1.5500000000000163,-5.45,0.0
-1.4500000000000162,-5.45,0.0
-1.350000000000016,-5.45,0.0
-1.250000000000016,-5.45,0.0
-1.150000000000016,-5.45,0.0
-1.0500000000000158,-5.45,0.0
-0.9500000000000158,-5.45,0.0
-0.8500000000000159,-5.45,0.0
-0.7500000000000159,-5.45,0.0
-0.6500000000000159,-5.45,0.0
-0.5500000000000159,-5.45,0.0
-0.45000000000001594,-5.45,0.0
-0.35000000000001597,-5.45,0.0
-0.250000000000016,-5.45,0.0
-0.15000000000001598,-5.45,0.0
-0.050000000000015976,-5.45,0.0
0.04999999999998403,-5.45,0.0
0.14999999999998403,-5.45,0.0
0.24999999999998404,-5.45,0.0
0.34999999999998405,-5.45,0.0
0.4499999999999841,-5.45,0.0
0.5499999999999841,-5.45,0.0
0.649999999999984,-5.45,0.0
0.749999999999984,-5.45,0.0
0.849999999999984,-5.45,0.0
0.949999999999984,-5.45,0.0
1.049999999999984,-5.45,0.0
1.1499999999999841,-5.45,0.0
1.2499999999999842,-5.45,0.0
1.3499999999999843,-5.45,0.0
1.4499999999999844,-5.45,0.0
1.5499999999999845,-5.45,0.0
1.6499999999999846,-5.45,0.0
1.7499999999999847,-5.45,0.0
1.8499999999999848,-5.45,0.0
1.9499999999999849,-5.45,0.0
2.0499999999999847,-5.45,0.0
2.149999999999985,-5.45,0.0
2.249999999999985,-5.45,0.0
2.349999999999985,-5.45,0.0
2.449999999999985,-5.45,0.0
2.549999999999985,-5.45,0.0
2.6499999999999853,-5.45,0.0
2.7499999999999853,-5.45,0.0
2.8499999999999854,-5.45,0.0
2.9499999999999855,-5.45,0.0
3.0499999999999856,-5.45,0.0
3.1499999999999857,-5.45,0.0
3.249999999999986,-5.45,0.0
3.349999999999986,-5.45,0.0
3.449999999999986,-5.45,0.0
3.549999999999986,-5.45,0.0
3.649999999999986,-5.45,0.0
3.7499999999999862,-5.45,0.0
3.8499999999999863,-5.45,0.0
3.9499999999999864,-5.45,0.0
4.0499999999999865,-5.45,0.0
4.149999999999986,-5.45,0.0
4.249999999999986,-5.45,0.0
4.349999999999985,-5.45,0.0
4.449999999999985,-5.45,0.0
4.549999999999985,-5.45,0.0
4.649999999999984,-5.45,0.0
4.749999999999984,-5.45,0.0
4.849999999999984,-5.45,0.0
4.949999999999983,-5.45,0.0
5.049999999999983,-5.45,0.0
5.149999999999983,-5.45,0.0
5.249999999999982,-5.45,0.0
5.349999999999982,-5.45,0.0
5.4499999999999815,-5.45,0.0
5.549999999999981,-5.45,0.0
5.649999999999981,-5.45,0.0
5.7499999999999805,-5.45,0.0
5.84999999999998,-5.45,0.0
5.94999999999998,-5.45,0.0
6.049999999999979,-5.45,0.0
6.149999999999979,-5.45,0.0
6.249999999999979,-5.45,0.0
6.349999999999978,-5.45,0.0
6.449999999999978,-5.45,0.0
6.549999999999978,-5.45,0.0
6.649999999999977,-5.45,0.0
6.749999999999977,-5.45,0.0
6.8499999999999766,-5.45,0.0
6.949999999999976,-5.45,0.0
7.049999999999976,-5.45,0.0
7.1499999999999755,-5.45,0.0
7.249999999999975,-5.45,0.0
7.349999999999975,-5.45,0.0
7.449999999999974,-5.45,0.0
7.549999999999974,-5.45,0.0
7.649999999999974,-5.45,0.0
7.749999999999973,-5.45,0.0
7.849999999999973,-5.45,0.0
7.949999999999973,-5.45,0.0
8.049999999999972,-5.45,0.0
8.149999999999972,-5.45,0.0
8.249999999999972,-5.45,0.0
8.349999999999971,-5.45,0.0
8.44999999999997,-5.45,0.0
8.54999999999997,-5.45,0.0
8.64999999999997,-5.45,0.0
8.74999999999997,-5.45,0.0
8.84999999999997,-5.45,0.0
8.949999999999969,-5.45,0.0
9.049999999999969,-5.45,0.0
9.149999999999968,-5.45,0.0
9.149999999999968,-5.45,0.1570796326794897
9.149999999999968,-5.45,0.2984513020910304
9.149999999999968,-5.45,0.43982297150257105
9.149999999999968,-5.45,0.5529203070318037
9.149999999999968,-5.45,0.6547079090081129
9.149999999999968,-5.45,0.7463167507867912
9.149999999999968,-5.45,0.8379255925654698
9.149999999999968,-5.45,0.9112126659884127
9.149999999999968,-5.45,0.9844997394113555
9.149999999999968,-5.45,1.0504581054920037
9.149999999999968,-5.45,1.1164164715726517
9.149999999999968,-5.45,1.1618544570948766
9.149999999999968,-5.45,1.2027486440648782
9.149999999999968,-5.45,1.2395534123378804
9.149999999999968,-5.45,1.2726777037835817
9.149999999999968,-5.45,1.3024895660847133
9.149999999999968,-5.45,1.3293202421557317
9.149999999999968,-5.45,1.353467850619648
9.149999999999968,-5.45,1.375200698237173
9.149999999999968,-5.45,1.3947602610929457
9.149999999999968,-5.45,1.4123638676631403
9.149999999999968,-5.45,1.4299674742333355
9.149999999999968,-5.45,1.4475710808035303
9.149999999999968,-5.45,1.4598936054026665
9.149999999999968,-5.45,1.4709838775418898
9.149999999999968,-5.45,1.4809651224671905
9.149999999999968,-5.45,1.4909463673924912
9.149999999999968,-5.45,1.498931363332732
9.149999999999968,-5.45,1.5061178596789477
9.149999999999968,-5.45,1.512585706390543
9.149999999999968,-5.45,1.519053553102138
9.149999999999968,-5.45,1.5242278304714136
9.149999999999968,-5.45,1.528884680103762
9.149999999999968,-5.45,1.5330758447728754
9.149999999999968,-5.45,1.5368478929750777
9.149999999999968,-5.45,1.5402427363570597
9.149999999999968,-5.45,1.5432980954008435
9.149999999999968,-5.45,1.5460479185402485
9.149999999999968,-5.45,1.548797741679654
9.149999999999968,-5.45,1.550997600191178
9.149999999999968,-5.45,1.5529774728515502
9.149999999999968,-5.45,1.5547593582458847
9.149999999999968,-5.45,1.5565412436402195
9.149999999999968,-5.45,1.5579667519556872
9.149999999999968,-5.45,1.559249709439608
9.149999999999968,-5.45,1.5605326669235289
9.149999999999968,-5.45,1.561559032910666
9.149999999999968,-5.45,1.562482762299089
9.149999999999968,-5.45,1.5633141187486699
9.149999999999968,-5.45,1.5640623395532924
9.149999999999968,-5.45,1.564810560357915
9.149999999999968,-5.45,1.5654091370016125
9.149999999999968,-5.45,1.5659478559809412
9.149999999999968,-5.45,1.5664865749602703
9.149999999999968,-5.45,1.566917550143732
9.149999999999968,-5.45,1.567305427808849
9.149999999999968,-5.45,1.5676545177074537
9.149999999999968,-5.45,1.567968698616198
9.149999999999968,-5.45,1.5682514614340677
9.149999999999968,-5.45,1.5685059479701509
9.149999999999968,-5.45,1.5687349858526252
9.149999999999968,-5.45,1.5689411199468524
9.149999999999968,-5.45,1.5691266406316569
9.149999999999968,-5.45,1.5692936092479808
9.149999999999968,-5.45,1.5694438810026727
9.149999999999968,-5.45,1.5695791255818952
9.149999999999968,-5.45,1.5697008457031953
9.149999999999968,-5.45,1.569810393812365
9.150049296641109,-5.400000024301594,1.569810393812365
9.15009859328225,-5.350000048603188,1.569810393812365
9.150142960259275,-5.305000070474622,1.569810393812365
9.150187327236301,-5.260000092346057,1.569810393812365
9.150217891153808,-5.229000107413046,1.569810393812365
9.150248455071315,-5.1980001224800345,1.569810393812365
9.15027290620532,-5.173200134533626,1.569810393812365
9.150297357339324,-5.148400146587217,1.569810393812365
9.15031936335993,-5.126080157435449,1.569810393812365
9.150341369380536,-5.103760168283681,1.569810393812365
9.15035872968568,-5.08615217684173,1.569810393812365
9.150376089990823,-5.068544185399779,1.569810393812365
9.150389513663391,-5.0549289920172,1.569810393812365
9.15040293733596,-5.041313798634621,1.569810393812365
9.150411940243501,-5.032182443072753,1.569810393812365
9.150420943151042,-5.023051087510885,1.569810393812365
9.150428145477076,-5.015746003061391,1.569810393812365
9.150435347803109,-5.008440918611897,1.569810393812365
9.150441109663936,-5.002596851052301,1.569810393812365
9.150446871524762,-4.996752783492705,1.569810393812365
9.150452057199505,-4.99149312268907,1.569810393812365
9.150457242874248,-4.986233461885434,1.569810393812365
9.15046081522796,-4.982610139998485,1.569810393812365
9.150464387581673,-4.978986818111536,1.569810393812365
9.150467245464643,-4.976088160601976,1.569810393812365
9.150470103347613,-4.973189503092416,1.569810393812365
9.15047238965399,-4.970870577084769,1.569810393812365
9.150474675960366,-4.968551651077122,1.569810393812365
9.150476505005466,-4.966696510271004,1.569810393812365
9.150478334050566,-4.964841369464886,1.569810393812365
9.150479980191157,-4.96317174273938,1.569810393812365
9.150481626331748,-4.961502116013874,1.569810393812365
9.150482760339711,-4.960351928714081,1.569810393812365
9.150483780946878,-4.959316760144267,1.569810393812365
9.150484801554045,-4.958281591574453,1.569810393812365
9.150485787486868,-4.957281592060485,1.569810393812365
9.150486773419692,-4.956281592546517,1.569810393812365
9.150487759352515,-4.95528159303255,1.569810393812365
9.150488745285339,-4.954281593518582,1.569810393812365
9.150489731218162,-4.953281594004614,1.569810393812365
9.150489731218162,-4.953281594004614,1.7268900264918545
9.150489731218162,-4.953281594004614,1.8682616959033957
9.150489731218162,-4.953281594004614,1.995496198373783
9.150489731218162,-4.953281594004614,2.1100072505971297
9.150489731218162,-4.953281594004614,2.2245183028204774
9.150489731218162,-4.953281594004614,2.3161271445991556
9.150489731218162,-4.953281594004614,2.3985751021999664
9.150489731218162,-4.953281594004614,2.472778264040696
9.150489731218162,-4.953281594004614,2.5395611096973525
9.150489731218162,-4.953281594004614,2.5996656707883434
9.150489731218162,-4.953281594004614,2.653759775770235
9.150489731218162,-4.953281594004614,2.702444470253938
9.150489731218162,-4.953281594004614,2.7511291647376406
9.150489731218162,-4.953281594004614,2.794945389772973
9.150489731218162,-4.953281594004614,2.829511522856402
9.150489731218162,-4.953281594004614,2.8606210426314878
9.150489731218162,-4.953281594004614,2.8886196104290653
9.150489731218162,-4.953281594004614,2.913818321446885
9.150489731218162,-4.953281594004614,2.9364971613629227
9.150489731218162,-4.953281594004614,2.9591760012789603
9.150489731218162,-4.953281594004614,2.9773190732117905
9.150489731218162,-4.953281594004614,2.993647837951338
9.150489731218162,-4.953281594004614,3.00834372621693
9.150489731218162,-4.953281594004614,3.0230396144825225
9.150489731218162,-4.953281594004614,3.0347963250949963
9.150489731218162,-4.953281594004614,3.0453773646462228
9.150489731218162,-4.953281594004614,3.0549003002423265
9.150489731218162,-4.953281594004614,3.06347094227882
9.150489731218162,-4.953281594004614,3.0720415843153135
9.150489731218162,-4.953281594004614,3.078898097944508
9.150489731218162,-4.953281594004614,3.0850689602107835
9.150489731218162,-4.953281594004614,3.0912398224770588
9.150489731218162,-4.953281594004614,3.096176512290079
9.150489731218162,-4.953281594004614,3.1006195331217974
9.150489731218162,-4.953281594004614,3.104618251870344
9.150489731218162,-4.953281594004614,3.1086169706188906
9.150489731218162,-4.953281594004614,3.1118159456177277
9.150489731218162,-4.953281594004614,3.1146950231166812
9.150489731218162,-4.953281594004614,3.1172861928657394
9.150489731218162,-4.953281594004614,3.1198773626147975
9.150489731218162,-4.953281594004614,3.121950298414044
9.150489731218162,-4.953281594004614,3.123815940633366
9.150489731218162,-4.953281594004614,3.1254950186307555
9.150489731218162,-4.953281594004614,3.127174096628145
9.150489731218162,-4.953281594004614,3.128517359026057
9.150489731218162,-4.953281594004614,3.1298606214239686
9.150489731218162,-4.953281594004614,3.130935231342298
9.150489731218162,-4.953281594004614,3.131902380268794
9.150489731218162,-4.953281594004614,3.1327728143026405
9.150489731218162,-4.953281594004614,3.1335562049331025
9.150489731218162,-4.953281594004614,3.1342612565005186
9.150489731218162,-4.953281594004614,3.134895802911193
9.150489731218162,-4.953281594004614,3.1354668946807998
9.150489731218162,-4.953281594004614,3.135980877273446
9.150489731218162,-4.953281594004614,3.1364434616068273
9.150489731218162,-4.953281594004614,3.1368597875068707
9.150489731218162,-4.953281594004614,3.1372344808169097
9.150489731218162,-4.953281594004614,3.137571704795945
9.150489731218162,-4.953281594004614,3.1378752063770765
9.150489731218162,-4.953281594004614,3.138178707958208
9.150489731218162,-4.953281594004614,3.138421509223113
9.150489731218162,-4.953281594004614,3.138640030361528
9.150489731218162,-4.953281594004614,3.1388366993861014
9.150489731218162,-4.953281594004614,3.139033368410675
9.150489731218162,-4.953281594004614,3.139230037435248
9.150489731218162,-4.953281594004614,3.139387372654907
9.150489731218162,-4.953281594004614,3.139544707874566
9.150489731218162,-4.953281594004614,3.1396509091478357
9.150489731218162,-4.953281594004614,3.1397571104211055
9.05048989967905,-4.9530980397908175,3.1397571104211055
8.950490068139938,-4.952914485577021,3.1397571104211055
8.850490236600827,-4.952730931363225,3.1397571104211055
8.750490405061715,-4.952547377149428,3.1397571104211055
8.650490573522603,-4.952363822935632,3.1397571104211055
8.550490741983491,-4.952180268721835,3.1397571104211055
8.45049091044438,-4.951996714508039,3.1397571104211055
8.350491078905268,-4.951813160294242,3.1397571104211055
8.250491247366156,-4.951629606080446,3.1397571104211055
8.150491415827045,-4.951446051866649,3.1397571104211055
8.050491584287933,-4.951262497652853,3.1397571104211055
7.950491752748822,-4.9510789434390565,3.1397571104211055
7.850491921209711,-4.95089538922526,3.1397571104211055
7.7504920896706,-4.950711835011464,3.1397571104211055
7.650492258131489,-4.950528280797667,3.1397571104211055
7.5504924265923785,-4.950344726583871,3.1397571104211055
7.450492595053268,-4.950161172370074,3.1397571104211055
7.350492763514157,-4.949977618156278,3.1397571104211055
7.250492931975046,-4.949794063942481,3.1397571104211055
7.150493100435935,-4.949610509728685,3.1397571104211055
7.050493268896824,-4.949426955514888,3.1397571104211055
6.950493437357713,-4.949243401301092,3.1397571104211055
6.850493605818603,-4.9490598470872955,3.1397571104211055
6.750493774279492,-4.948876292873499,3.1397571104211055
6.650493942740381,-4.948692738659703,3.1397571104211055
6.55049411120127,-4.948509184445906,3.1397571104211055
6.450494279662159,-4.94832563023211,3.1397571104211055
6.350494448123048,-4.948142076018313,3.1397571104211055
6.2504946165839375,-4.947958521804517,3.1397571104211055
6.150494785044827,-4.94777496759072,3.1397571104211055
6.050494953505716,-4.947591413376924,3.1397571104211055
5.950495121966605,-4.947407859163127,3.1397571104211055
5.850495290427494,-4.947224304949331,3.1397571104211055
5.750495458888383,-4.9470407507355345,3.1397571104211055
5.650495627349272,-4.946857196521738,3.1397571104211055
5.5504957958101615,-4.946673642307942,3.1397571104211055
5.450495964271051,-4.946490088094145,3.1397571104211055
5.35049613273194,-4.946306533880349,3.1397571104211055
5.250496301192829,-4.946122979666552,3.1397571104211055
5.150496469653718,-4.945939425452756,3.1397571104211055
5.050496638114607,-4.945755871238959,3.1397571104211055
4.950496806575496,-4.945572317025163,3.1397571104211055
4.8504969750363855,-4.945388762811366,3.1397571104211055
4.750497143497275,-4.94520520859757,3.1397571104211055
4.650497311958164,-4.9450216543837735,3.1397571104211055
4.550497480419053,-4.944838100169977,3.1397571104211055
4.450497648879942,-4.944654545956181,3.1397571104211055
4.350497817340831,-4.944470991742384,3.1397571104211055
4.2504979858017204,-4.944287437528588,3.1397571104211055
4.15049815426261,-4.944103883314791,3.1397571104211055
4.050498322723499,-4.943920329100995,3.1397571104211055
3.9504984911843875,-4.943736774887198,3.1397571104211055
3.850498659645276,-4.943553220673402,3.1397571104211055
3.750498828106165,-4.943369666459605,3.1397571104211055
3.6504989965670536,-4.943186112245809,3.1397571104211055
3.5504991650279423,-4.9430025580320125,3.1397571104211055
3.450499333488831,-4.942819003818216,3.1397571104211055
3.3504995019497197,-4.94263544960442,3.1397571104211055
3.2504996704106084,-4.942451895390623,3.1397571104211055
3.150499838871497,-4.942268341176827,3.1397571104211055
3.050500007332386,-4.94208478696303,3.1397571104211055
2.9505001757932745,-4.941901232749234,3.1397571104211055
2.850500344254163,-4.941717678535437,3.1397571104211055
2.750500512715052,-4.941534124321641,3.1397571104211055
2.6505006811759406,-4.941350570107844,3.1397571104211055
2.5505008496368293,-4.941167015894048,3.1397571104211055
2.450501018097718,-4.9409834616802515,3.1397571104211055
2.3505011865586067,-4.940799907466455,3.1397571104211055
2.2505013550194954,-4.940616353252659,3.1397571104211055
2.150501523480384,-4.940432799038862,3.1397571104211055
2.050501691941273,-4.940249244825066,3.1397571104211055
1.9505018604021618,-4.940065690611269,3.1397571104211055
1.8505020288630507,-4.939882136397473,3.1397571104211055
1.7505021973239396,-4.939698582183676,3.1397571104211055
1.6505023657848286,-4.93951502796988,3.1397571104211055
1.5505025342457175,-4.939331473756083,3.1397571104211055
1.4505027027066064,-4.939147919542287,3.1397571104211055
1.3505028711674953,-4.9389643653284905,3.1397571104211055
1.2505030396283843,-4.938780811114694,3.1397571104211055
1.1505032080892732,-4.938597256900898,3.1397571104211055
1.0505033765501621,-4.938413702687101,3.1397571104211055
0.950503545011051,-4.938230148473305,3.1397571104211055
0.85050371347194,-4.938046594259508,3.1397571104211055
0.7505038819328289,-4.937863040045712,3.1397571104211055
0.6505040503937178,-4.937679485831915,3.1397571104211055
0.5505042188546068,-4.937495931618119,3.1397571104211055
0.4505043873154957,-4.937312377404322,3.1397571104211055
0.3505045557763846,-4.937128823190526,3.1397571104211055
0.25050472423727355,-4.9369452689767295,3.1397571104211055
0.15050489269816245,-4.936761714762933,3.1397571104211055
0.050505061159051345,-4.936578160549137,3.1397571104211055
-0.049494770380059755,-4.93639460633534,3.1397571104211055
-0.14949460191917086,-4.936211052121544,3.1397571104211055
-0.24949443345828196,-4.936027497907747,3.1397571104211055
-0.34949426499739306,-4.935843943693951,3.1397571104211055
-0.4494940965365042,-4.935660389480154,3.1397571104211055
-0.5494939280756153,-4.935476835266358,3.1397571104211055
-0.6494937596147263,-4.935293281052561,3.1397571104211055
-0.7494935911538374,-4.935109726838765,3.1397571104211055
-0.8494934226929485,-4.9349261726249685,3.1397571104211055
-0.9494932542320595,-4.934742618411172,3.1397571104211055
-1.0494930857711706,-4.9345590641973756,3.1397571104211055
-1.1494929173102817,-4.934375509983579,3.1397571104211055
-1.2494927488493928,-4.934191955769783,3.1397571104211055
-1.3494925803885038,-4.934008401555986,3.1397571104211055
-1.449492411927615,-4.93382484734219,3.1397571104211055
-1.549492243466726,-4.933641293128393,3.1397571104211055
-1.649492075005837,-4.933457738914597,3.1397571104211055
-1.7494919065449481,-4.9332741847008,3.1397571104211055
-1.8494917380840592,-4.933090630487004,3.1397571104211055
-1.9494915696231703,-4.9329070762732075,3.1397571104211055
-2.0494914011622813,-4.932723522059411,3.1397571104211055
-2.1494912327013926,-4.9325399678456145,3.1397571104211055
-2.249491064240504,-4.932356413631818,3.1397571104211055
-2.3494908957796152,-4.932172859418022,3.1397571104211055
-2.4494907273187265,-4.931989305204225,3.1397571104211055
-2.549490558857838,-4.931805750990429,3.1397571104211055
-2.649490390396949,-4.931622196776632,3.1397571104211055
-2.7494902219360604,-4.931438642562836,3.1397571104211055
-2.8494900534751717,-4.931255088349039,3.1397571104211055
-2.949489885014283,-4.931071534135243,3.1397571104211055
-3.0494897165533943,-4.9308879799214465,3.1397571104211055
-3.1494895480925056,-4.93070442570765,3.1397571104211055
-3.249489379631617,-4.9305208714938535,3.1397571104211055
-3.349489211170728,-4.930337317280057,3.1397571104211055
-3.4494890427098395,-4.930153763066261,3.1397571104211055
-3.5494888742489508,-4.929970208852464,3.1397571104211055
-3.649488705788062,-4.929786654638668,3.1397571104211055
-3.7494885373271734,-4.929603100424871,3.1397571104211055
-3.8494883688662846,-4.929419546211075,3.1397571104211055
-3.949488200405396,-4.929235991997278,3.1397571104211055
-4.049488031944507,-4.929052437783482,3.1397571104211055
-4.149487863483618,-4.928868883569685,3.1397571104211055
-4.2494876950227285,-4.928685329355889,3.1397571104211055
-4.349487526561839,-4.9285017751420925,3.1397571104211055
-4.44948735810095,-4.928318220928296,3.1397571104211055
-4.549487189640061,-4.9281346667145,3.1397571104211055
-4.649487021179172,-4.927951112500703,3.1397571104211055
-4.749486852718283,-4.927767558286907,3.1397571104211055
-4.849486684257394,-4.92758400407311,3.1397571104211055
-4.9494865157965044,-4.927400449859314,3.1397571104211055
-5.049486347335615,-4.927216895645517,3.1397571104211055
-5.149486178874726,-4.927033341431721,3.1397571104211055
-5.249486010413837,-4.926849787217924,3.1397571104211055
-5.349485841952948,-4.926666233004128,3.1397571104211055
-5.449485673492059,-4.9264826787903315,3.1397571104211055
-5.5494855050311696,-4.926299124576535,3.1397571104211055
-5.64948533657028,-4.926115570362739,3.1397571104211055
-5.749485168109391,-4.925932016148942,3.1397571104211055
-5.849484999648502,-4.925748461935146,3.1397571104211055
-5.949484831187613,-4.925564907721349,3.1397571104211055
-6.049484662726724,-4.925381353507553,3.1397571104211055
-6.149484494265835,-4.925197799293756,3.1397571104211055
-6.2494843258049455,-4.92501424507996,3.1397571104211055
-6.349484157344056,-4.924830690866163,3.1397571104211055
-6.449483988883167,-4.924647136652367,3.1397571104211055
-6.549483820422278,-4.9244635824385705,3.1397571104211055
-6.649483651961389,-4.924280028224774,3.1397571104211055
-6.7494834835005,-4.924096474010978,3.1397571104211055
-6.849483315039611,-4.923912919797181,3.1397571104211055
-6.9494831465787215,-4.923729365583385,3.1397571104211055
-7.049482978117832,-4.923545811369588,3.1397571104211055
-7.149482809656943,-4.923362257155792,3.1397571104211055
-7.249482641196054,-4.923178702941995,3.1397571104211055
-7.349482472735165,-4.922995148728199,3.1397571104211055
-7.449482304274276,-4.922811594514402,3.1397571104211055
-7.549482135813387,-4.922628040300606,3.1397571104211055
-7.649481967352497,-4.9224444860868095,3.1397571104211055
-7.749481798891608,-4.922260931873013,3.1397571104211055
-7.849481630430719,-4.922077377659217,3.1397571104211055
-7.94948146196983,-4.92189382344542,3.1397571104211055
-8.049481293508942,-4.921710269231624,3.1397571104211055
-8.149481125048053,-4.921526715017827,3.1397571104211055
-8.249480956587165,-4.921343160804031,3.1397571104211055
-8.349480788126277,-4.921159606590234,3.1397571104211055
-8.449480619665389,-4.920976052376438,3.1397571104211055
-8.5494804512045,-4.920792498162641,3.1397571104211055
-8.649480282743612,-4.920608943948845,3.1397571104211055
-8.749480114282724,-4.9204253897350485,3.1397571104211055
-8.849479945821836,-4.920241835521252,3.1397571104211055
-8.949479777360947,-4.920058281307456,3.1397571104211055
-9.049479608900059,-4.919874727093659,3.1397571104211055
-9.14947944043917,-4.919691172879863,3.1397571104211055
-9.14947944043917,-4.919691172879863,2.982677477741616
-9.14947944043917,-4.919691172879863,2.825597845062126
-9.14947944043917,-4.919691172879863,2.6842261756505854
-9.14947944043917,-4.919691172879863,2.5428545062390446
-9.14947944043917,-4.919691172879863,2.401482836827504
-9.14947944043917,-4.919691172879863,2.318230631507374
-9.14947944043917,-4.919691172879863,2.234978426187245
-9.14947944043917,-4.919691172879863,2.168376661931141
-9.14947944043917,-4.919691172879863,2.1084350741006475
-9.14947944043917,-4.919691172879863,2.054487645053204
-9.14947944043917,-4.919691172879863,2.0059349589105047
-9.14947944043917,-4.919691172879863,1.9622375413820747
-9.14947944043917,-4.919691172879863,1.9185401238536461
-9.14947944043917,-4.919691172879863,1.879212448078059
-9.14947944043917,-4.919691172879863,1.8398847723024723
-9.14947944043917,-4.919691172879863,1.800557096526886
-9.14947944043917,-4.919691172879863,1.7612294207512995
-9.14947944043917,-4.919691172879863,1.7219017449757128
-9.14947944043917,-4.919691172879863,1.7066076488407624
-9.14947944043917,-4.919691172879863,1.6928429623193073
-9.14947944043917,-4.919691172879863,1.6790782757978522
-9.14947944043917,-4.919691172879863,1.6653135892763966
-9.14947944043917,-4.919691172879863,1.6556783087113778
-9.14947944043917,-4.919691172879863,1.647006556202861
-9.14947944043917,-4.919691172879863,1.6392019789451961
-9.14947944043917,-4.919691172879863,1.6313974016875308
-9.14947944043917,-4.919691172879863,1.6251537398813984
-9.14947944043917,-4.919691172879863,1.6195344442558794
-9.14947944043917,-4.919691172879863,1.6139151486303605
-9.14947944043917,-4.919691172879863,1.6094197121299452
-9.14947944043917,-4.919691172879863,1.6053738192795715
-9.14947944043917,-4.919691172879863,1.6017325157142357
-9.14947944043917,-4.919691172879863,1.5984553425054329
-9.14947944043917,-4.919691172879863,1.5955058866175105
-9.14947944043917,-4.919691172879863,1.5925564307295883
-9.14947944043917,-4.919691172879863,1.59019686601925
-9.14947944043917,-4.919691172879863,1.5880732577799461
-9.14947944043917,-4.919691172879863,1.5861620103645722
-9.14947944043917,-4.919691172879863,1.5844418876907365
-9.14947944043917,-4.919691172879863,1.5828937772842837
-9.14947944043917,-4.919691172879863,1.5813456668778307
-9.14947944043917,-4.919691172879863,1.579797556471378
-9.14947944043917,-4.919691172879863,1.5785590681462156
-9.14947944043917,-4.919691172879863,1.5775992396942147
-9.14947944043917,-4.919691172879863,1.5766394112422146
-9.14947944043917,-4.919691172879863,1.5758715484806136
-9.14947944043917,-4.919691172879863,1.575180471995173
-9.14947944043917,-4.919691172879863,1.5745585031582765
-9.14947944043917,-4.919691172879863,1.5739987312050698
-9.14947944043917,-4.919691172879863,1.5734949364471844
-9.14947944043917,-4.919691172879863,1.5730415211650863
-9.14947944043917,-4.919691172879863,1.572588105882989
-9.14947944043917,-4.919691172879863,1.5722253736573106
-9.14947944043917,-4.919691172879863,1.5718989146542006
-9.14947944043917,-4.919691172879863,1.5716051015514012
-9.14947944043917,-4.919691172879863,1.5713406697588823
-9.14947944043917,-4.919691172879863,1.5711026811456148
-9.14947944043917,-4.919691172879863,1.5708646925323473
-9.14947944043917,-4.919691172879863,1.5706743016417337
-9.14947944043917,-4.919691172879863,1.5705029498401806
-9.14947944043917,-4.919691172879863,1.5703487332187842
-9.14947944043917,-4.919691172879863,1.570209938259526
-9.14947944043917,-4.919691172879863,1.5700850227961944
-9.14947944043917,-4.919691172879863,1.569972598879196
-9.14947944043917,-4.919691172879863,1.5698601749621977
-9.149432632854372,-4.869691194789367,1.5698601749621977
-9.149385825269574,-4.819691216698872,1.5698601749621977
-9.149348379201736,-4.779691234226476,1.5698601749621977
-9.149310933133899,-4.73969125175408,1.5698601749621977
-9.149280976279629,-4.707691265776163,1.5698601749621977
-9.149251019425359,-4.675691279798246,1.5698601749621977
-9.149227053941942,-4.6500912910159125,1.5698601749621977
-9.149203088458526,-4.6244913022335785,1.5698601749621977
-9.149183916071793,-4.604011311207712,1.5698601749621977
-9.149164743685061,-4.583531320181845,1.5698601749621977
-9.149145571298329,-4.563051329155979,1.5698601749621977
-9.149132150627615,-4.548715335437872,1.5698601749621977
-9.149118729956902,-4.534379341719765,1.5698601749621977
-9.149107993420332,-4.52291054674528,1.5698601749621977
-9.149097256883762,-4.5114417517707945,1.5698601749621977
-9.149088667654505,-4.502266715791206,1.5698601749621977
-9.149080078425248,-4.493091679811618,1.5698601749621977
-9.149073207041843,-4.485751651027948,1.5698601749621977
-9.149066335658437,-4.478411622244277,1.5698601749621977
-9.149060838551714,-4.47253959921734,1.5698601749621977
-9.149055891155662,-4.467254778493097,1.5698601749621977
-9.14905094375961,-4.461969957768854,1.5698601749621977
-9.149046491103164,-4.457213619117035,1.5698601749621977
-9.149042038446717,-4.452457280465216,1.5698601749621977
-9.149038971061165,-4.449180691616186,1.5698601749621977
-9.149035903675612,-4.445904102767155,1.5698601749621977
-9.14903344976717,-4.443282831687931,1.5698601749621977
-9.149030995858729,-4.4406615606087065,1.5698601749621977
-9.149029032731976,-4.4385645437453265,1.5698601749621977
-9.149027069605223,-4.4364675268819465,1.5698601749621977
-9.149025499103821,-4.434789913391243,1.5698601749621977
-9.14902392860242,-4.4331122999005395,1.5698601749621977
-9.149022672201298,-4.4317702091079765,1.5698601749621977
-9.149021415800176,-4.4304281183154135,1.5698601749621977
-9.149020410679277,-4.429354445681363,1.5698601749621977
-9.14901947452758,-4.428354446119553,1.5698601749621977
-9.149018538375884,-4.427354446557744,1.5698601749621977
-9.149017602224188,-4.426354446995934,1.5698601749621977
-9.149016666072491,-4.425354447434125,1.5698601749621977
-9.149015729920794,-4.424354447872315,1.5698601749621977
-9.149014793769098,-4.423354448310506,1.5698601749621977
-9.149014793769098,-4.423354448310506,1.7269398076416875
-9.149014793769098,-4.423354448310506,1.8840194403211765
-9.149014793769098,-4.423354448310506,2.0410990730006664
-9.149014793769098,-4.423354448310506,2.198178705680156
-9.149014793769098,-4.423354448310506,2.3552583383596457
-9.149014793769098,-4.423354448310506,2.5123379710391354
-9.149014793769098,-4.423354448310506,2.669417603718625
-9.149014793769098,-4.423354448310506,2.8264972363981147
-9.149014793769098,-4.423354448310506,2.9835768690776043
-9.149014793769098,-4.423354448310506,3.140656501757094
-9.149014793769098,-4.423354448310506,-2.9854491727430026
-9.149014793769098,-4.423354448310506,-2.828369540063513
-9.149014793769098,-4.423354448310506,-2.6712899073840233
-9.149014793769098,-4.423354448310506,-2.514210274704534
-9.149014793769098,-4.423354448310506,-2.357130642025044
-9.149014793769098,-4.423354448310506,-2.2000510093455543
-9.149014793769098,-4.423354448310506,-2.042971376666064
-9.149014793769098,-4.423354448310506,-1.885891743986575
-9.149014793769098,-4.423354448310506,-1.7288121113070858
-9.149014793769098,-4.423354448310506,-1.571732478627596
-9.149014793769098,-4.423354448310506,-1.4146528459481063
-9.149014793769098,-4.423354448310506,-1.2575732132686164
-9.149014793769098,-4.423354448310506,-1.1319095071250247
-9.149014793769098,-4.423354448310506,-1.018812171595792
-9.149014793769098,-4.423354448310506,-0.9170245696194823
-9.149014793769098,-4.423354448310506,-0.8254157278408043
-9.149014793769098,-4.423354448310506,-0.7429677702399935
-9.149014793769098,-4.423354448310506,-0.6687646083992642
-9.149014793769098,-4.423354448310506,-0.6019817627426076
-9.149014793769098,-4.423354448310506,-0.5418772016516168
-9.149014793769098,-4.423354448310506,-0.48778309666972486
-9.149014793769098,-4.423354448310506,-0.43909840218602225
-9.149014793769098,-4.423354448310506,-0.39528217715069
-9.149014793769098,-4.423354448310506,-0.35146595211535764
-9.149014793769098,-4.423354448310506,-0.3164129720870919
-9.149014793769098,-4.423354448310506,-0.2848652900616524
-9.149014793769098,-4.423354448310506,-0.25331760803621317
-9.149014793769098,-4.423354448310506,-0.22176992601077378
-9.149014793769098,-4.423354448310506,-0.19653178039042227
-9.149014793769098,-4.423354448310506,-0.17697221753464992
-9.149014793769098,-4.423354448310506,-0.15741265467887755
-9.149014793769098,-4.423354448310506,-0.14176500439425976
-9.149014793769098,-4.423354448310506,-0.12768211913810362
-9.149014793769098,-4.423354448310506,-0.11359923388194748
-9.149014793769098,-4.423354448310506,-0.10233292567702255
-9.149014793769098,-4.423354448310506,-0.09219324829259015
-9.149014793769098,-4.423354448310506,-0.08306753864660095
-9.149014793769098,-4.423354448310506,-0.07394182900061176
-9.149014793769098,-4.423354448310506,-0.06572869031922153
-9.149014793769098,-4.423354448310506,-0.05842812260243023
-9.149014793769098,-4.423354448310506,-0.051127554885639005
-9.149014793769098,-4.423354448310506,-0.046108414580344974
-9.149014793769098,-4.423354448310506,-0.04159118830558038
-9.149014793769098,-4.423354448310506,-0.03707396203081577
-9.149014793769098,-4.423354448310506,-0.03346018101100403
-9.149014793769098,-4.423354448310506,-0.030207778093173515
-9.149014793769098,-4.423354448310506,-0.02728061546712608
-9.149014793769098,-4.423354448310506,-0.02464616910368334
-9.149014793769098,-4.423354448310506,-0.0220117227402406
-9.149014793769098,-4.423354448310506,-0.019904165649486365
-9.149014793769098,-4.423354448310506,-0.017796608558732135
-9.149014793769098,-4.423354448310506,-0.015689051467977912
-9.149014793769098,-4.423354448310506,-0.014003005795374581
-9.149014793769098,-4.423354448310506,-0.01231696012277126
-9.149014793769098,-4.423354448310506,-0.011178879293763962
-9.149014793769098,-4.423354448310506,-0.010154606547657435
-9.149014793769098,-4.423354448310506,-0.009232761076161599
-9.149014793769098,-4.423354448310506,-0.008403100151815328
-9.149014793769098,-4.423354448310506,-0.007573439227469059
-9.149014793769098,-4.423354448310506,-0.0068267443955574445
-9.149014793769098,-4.423354448310506,-0.0060800495636458285
-9.149014793769098,-4.423354448310506,-0.0055656597905511355
-9.149014793769098,-4.423354448310506,-0.005102708994765862
-9.149014793769098,-4.423354448310506,-0.004686053278559156
-9.149014793769098,-4.423354448310506,-0.004311063133973089
-9.149014793769098,-4.423354448310506,-0.003973572003845698
-9.149014793769098,-4.423354448310506,-0.0036698299867310175
-9.149014793769098,-4.423354448310506,-0.003366087969616337
-9.149014793769098,-4.423354448310506,-0.0031230943559245323
-9.149014793769098,-4.423354448310506,-0.002904400103601938
-9.149014793769098,-4.423354448310506,-0.0027075752765116233
-9.149014793769098,-4.423354448310506,-0.0025304329321303807
-9.149014793769098,-4.423354448310506,-0.00237100482218725
-9.149014793769098,-4.423354448310506,-0.0022115767122441216
-9.149014793769098,-4.423354448310506,-0.002084034224289538
-9.149014793769098,-4.423354448310506,-0.001969245985130475
-9.149014793769098,-4.423354448310506,-0.0018659365698872857
-9.149014793769098,-4.423354448310506,-0.001762627154644098
-9.149014793769098,-4.423354448310506,-0.0016593177394009096
-9.049014931435835,-4.423520380008302,-0.0016593177394009096
-8.949015069102572,-4.423686311706098,-0.0016593177394009096
-8.849015206769309,-4.4238522434038945,-0.0016593177394009096
-8.749015344436046,-4.424018175101691,-0.0016593177394009096
-8.649015482102783,-4.424184106799487,-0.0016593177394009096
-8.54901561976952,-4.424350038497283,-0.0016593177394009096
-8.449015757436257,-4.424515970195079,-0.0016593177394009096
-8.349015895102994,-4.424681901892876,-0.0016593177394009096
-8.249016032769731,-4.424847833590672,-0.0016593177394009096
-8.149016170436468,-4.425013765288468,-0.0016593177394009096
-8.049016308103205,-4.425179696986264,-0.0016593177394009096
-7.949016445769941,-4.4253456286840605,-0.0016593177394009096
-7.849016583436677,-4.425511560381857,-0.0016593177394009096
-7.7490167211034136,-4.425677492079653,-0.0016593177394009096
-7.64901685877015,-4.425843423777449,-0.0016593177394009096
-7.549016996436886,-4.426009355475245,-0.0016593177394009096
-7.449017134103622,-4.4261752871730415,-0.0016593177394009096
-7.349017271770358,-4.426341218870838,-0.0016593177394009096
-7.249017409437094,-4.426507150568634,-0.0016593177394009096
-7.14901754710383,-4.42667308226643,-0.0016593177394009096
-7.049017684770567,-4.426839013964226,-0.0016593177394009096
-6.949017822437303,-4.427004945662023,-0.0016593177394009096
-6.849017960104039,-4.427170877359819,-0.0016593177394009096
-6.749018097770775,-4.427336809057615,-0.0016593177394009096
-6.649018235437511,-4.427502740755411,-0.0016593177394009096
-6.549018373104247,-4.4276686724532075,-0.0016593177394009096
-6.449018510770983,-4.427834604151004,-0.0016593177394009096
-6.34901864843772,-4.4280005358488,-0.0016593177394009096
-6.249018786104456,-4.428166467546596,-0.0016593177394009096
-6.149018923771192,-4.428332399244392,-0.0016593177394009096
-6.049019061437928,-4.428498330942189,-0.0016593177394009096
-5.949019199104664,-4.428664262639985,-0.0016593177394009096
-5.8490193367714,-4.428830194337781,-0.0016593177394009096
-5.749019474438136,-4.428996126035577,-0.0016593177394009096
-5.649019612104873,-4.4291620577333735,-0.0016593177394009096
-5.549019749771609,-4.42932798943117,-0.0016593177394009096
-5.449019887438345,-4.429493921128966,-0.0016593177394009096
-5.349020025105081,-4.429659852826762,-0.0016593177394009096
-5.249020162771817,-4.429825784524558,-0.0016593177394009096
-5.149020300438553,-4.4299917162223545,-0.0016593177394009096
-5.049020438105289,-4.430157647920151,-0.0016593177394009096
-4.949020575772026,-4.430323579617947,-0.0016593177394009096
-4.849020713438762,-4.430489511315743,-0.0016593177394009096
-4.749020851105498,-4.430655443013539,-0.0016593177394009096
-4.649020988772234,-4.430821374711336,-0.0016593177394009096
-4.54902112643897,-4.430987306409132,-0.0016593177394009096
-4.449021264105706,-4.431153238106928,-0.0016593177394009096
-4.3490214017724425,-4.431319169804724,-0.0016593177394009096
-4.249021539439179,-4.4314851015025205,-0.0016593177394009096
-4.149021677105915,-4.431651033200317,-0.0016593177394009096
-4.049021814772651,-4.431816964898113,-0.0016593177394009096
-3.9490219524393875,-4.431982896595909,-0.0016593177394009096
-3.849022090106124,-4.432148828293705,-0.0016593177394009096
-3.7490222277728606,-4.432314759991502,-0.0016593177394009096
-3.6490223654395972,-4.432480691689298,-0.0016593177394009096
-3.549022503106334,-4.432646623387094,-0.0016593177394009096
-3.4490226407730704,-4.43281255508489,-0.0016593177394009096
-3.349022778439807,-4.4329784867826865,-0.0016593177394009096
-3.2490229161065436,-4.433144418480483,-0.0016593177394009096
-3.14902305377328,-4.433310350178279,-0.0016593177394009096
-3.0490231914400168,-4.433476281876075,-0.0016593177394009096
-2.9490233291067534,-4.433642213573871,-0.0016593177394009096
-2.84902346677349,-4.4338081452716676,-0.0016593177394009096
-2.7490236044402265,-4.433974076969464,-0.0016593177394009096
-2.649023742106963,-4.43414000866726,-0.0016593177394009096
-2.5490238797736997,-4.434305940365056,-0.0016593177394009096
-2.4490240174404363,-4.434471872062852,-0.0016593177394009096
-2.349024155107173,-4.434637803760649,-0.0016593177394009096
-2.2490242927739095,-4.434803735458445,-0.0016593177394009096
-2.149024430440646,-4.434969667156241,-0.0016593177394009096
-2.0490245681073826,-4.435135598854037,-0.0016593177394009096
-1.949024705774119,-4.4353015305518335,-0.0016593177394009096
-1.8490248434408554,-4.43546746224963,-0.0016593177394009096
-1.7490249811075917,-4.435633393947426,-0.0016593177394009096
-1.6490251187743281,-4.435799325645222,-0.0016593177394009096
-1.5490252564410645,-4.435965257343018,-0.0016593177394009096
-1.4490253941078008,-4.436131189040815,-0.0016593177394009096
-1.3490255317745372,-4.436297120738611,-0.0016593177394009096
-1.2490256694412736,-4.436463052436407,-0.0016593177394009096
-1.14902580710801,-4.436628984134203,-0.0016593177394009096
-1.0490259447747463,-4.4367949158319995,-0.0016593177394009096
-0.9490260824414827,-4.436960847529796,-0.0016593177394009096
-0.849026220108219,-4.437126779227592,-0.0016593177394009096
-0.7490263577749554,-4.437292710925388,-0.0016593177394009096
-0.6490264954416918,-4.437458642623184,-0.0016593177394009096
-0.5490266331084281,-4.437624574320981,-0.0016593177394009096
-0.44902677077516456,-4.437790506018777,-0.0016593177394009096
-0.349026908441901,-4.437956437716573,-0.0016593177394009096
-0.2490270461086374,-4.438122369414369,-0.0016593177394009096
-0.14902718377537383,-4.438288301112165,-0.0016593177394009096
-0.04902732144211025,-4.438454232809962,-0.0016593177394009096
0.05097254089115333,-4.438620164507758,-0.0016593177394009096
0.1509724032244169,-4.438786096205554,-0.0016593177394009096
0.2509722655576805,-4.43895202790335,-0.0016593177394009096
0.35097212789094406,-4.4391179596011465,-0.0016593177394009096
0.45097199022420764,-4.439283891298943,-0.0016593177394009096
0.5509718525574712,-4.439449822996739,-0.0016593177394009096
0.6509717148907348,-4.439615754694535,-0.0016593177394009096
0.7509715772239984,-4.439781686392331,-0.0016593177394009096
0.8509714395572621,-4.439947618090128,-0.0016593177394009096
0.9509713018905257,-4.440113549787924,-0.0016593177394009096
1.0509711642237893,-4.44027948148572,-0.0016593177394009096
1.150971026557053,-4.440445413183516,-0.0016593177394009096
1.2509708888903166,-4.4406113448813125,-0.0016593177394009096
1.3509707512235802,-4.440777276579109,-0.0016593177394009096
1.4509706135568439,-4.440943208276905,-0.0016593177394009096
1.5509704758901075,-4.441109139974701,-0.0016593177394009096
1.6509703382233711,-4.441275071672497,-0.0016593177394009096
1.7509702005566348,-4.441441003370294,-0.0016593177394009096
1.8509700628898984,-4.44160693506809,-0.0016593177394009096
1.950969925223162,-4.441772866765886,-0.0016593177394009096
2.0509697875564257,-4.441938798463682,-0.0016593177394009096
2.150969649889689,-4.442104730161478,-0.0016593177394009096
2.2509695122229525,-4.442270661859275,-0.0016593177394009096
2.350969374556216,-4.442436593557071,-0.0016593177394009096
2.4509692368894793,-4.442602525254867,-0.0016593177394009096
2.5509690992227427,-4.442768456952663,-0.0016593177394009096
2.650968961556006,-4.4429343886504595,-0.0016593177394009096
2.7509688238892696,-4.443100320348256,-0.0016593177394009096
2.850968686222533,-4.443266252046052,-0.0016593177394009096
2.9509685485557964,-4.443432183743848,-0.0016593177394009096
3.05096841088906,-4.443598115441644,-0.0016593177394009096
3.150968273222323,-4.443764047139441,-0.0016593177394009096
3.2509681355555866,-4.443929978837237,-0.0016593177394009096
3.35096799788885,-4.444095910535033,-0.0016593177394009096
3.4509678602221134,-4.444261842232829,-0.0016593177394009096
3.550967722555377,-4.4444277739306255,-0.0016593177394009096
3.6509675848886403,-4.444593705628422,-0.0016593177394009096
3.7509674472219037,-4.444759637326218,-0.0016593177394009096
3.850967309555167,-4.444925569024014,-0.0016593177394009096
3.9509671718884305,-4.44509150072181,-0.0016593177394009096
4.050967034221694,-4.445257432419607,-0.0016593177394009096
4.150966896554958,-4.445423364117403,-0.0016593177394009096
4.250966758888222,-4.445589295815199,-0.0016593177394009096
4.3509666212214855,-4.445755227512995,-0.0016593177394009096
4.450966483554749,-4.4459211592107915,-0.0016593177394009096
4.550966345888013,-4.446087090908588,-0.0016593177394009096
4.650966208221277,-4.446253022606384,-0.0016593177394009096
4.750966070554541,-4.44641895430418,-0.0016593177394009096
4.850965932887805,-4.446584886001976,-0.0016593177394009096
4.950965795221069,-4.4467508176997725,-0.0016593177394009096
5.0509656575543325,-4.446916749397569,-0.0016593177394009096
5.150965519887596,-4.447082681095365,-0.0016593177394009096
5.25096538222086,-4.447248612793161,-0.0016593177394009096
5.350965244554124,-4.447414544490957,-0.0016593177394009096
5.450965106887388,-4.447580476188754,-0.0016593177394009096
5.550964969220652,-4.44774640788655,-0.0016593177394009096
5.650964831553916,-4.447912339584346,-0.0016593177394009096
5.7509646938871795,-4.448078271282142,-0.0016593177394009096
5.850964556220443,-4.4482442029799385,-0.0016593177394009096
5.950964418553707,-4.448410134677735,-0.0016593177394009096
6.050964280886971,-4.448576066375531,-0.0016593177394009096
6.150964143220235,-4.448741998073327,-0.0016593177394009096
6.250964005553499,-4.448907929771123,-0.0016593177394009096
6.350963867886763,-4.44907386146892,-0.0016593177394009096
6.4509637302200264,-4.449239793166716,-0.0016593177394009096
6.55096359255329,-4.449405724864512,-0.0016593177394009096
6.650963454886554,-4.449571656562308,-0.0016593177394009096
6.750963317219818,-4.4497375882601045,-0.0016593177394009096
6.850963179553082,-4.449903519957901,-0.0016593177394009096
6.950963041886346,-4.450069451655697,-0.0016593177394009096
7.05096290421961,-4.450235383353493,-0.0016593177394009096
7.150962766552873,-4.450401315051289,-0.0016593177394009096
7.250962628886137,-4.4505672467490855,-0.0016593177394009096
7.350962491219401,-4.450733178446882,-0.0016593177394009096
7.450962353552665,-4.450899110144678,-0.0016593177394009096
7.550962215885929,-4.451065041842474,-0.0016593177394009096
7.650962078219193,-4.45123097354027,-0.0016593177394009096
7.750961940552457,-4.451396905238067,-0.0016593177394009096
7.85096180288572,-4.451562836935863,-0.0016593177394009096
7.950961665218984,-4.451728768633659,-0.0016593177394009096
8.050961527552248,-4.451894700331455,-0.0016593177394009096
8.150961389885511,-4.4520606320292515,-0.0016593177394009096
8.250961252218774,-4.452226563727048,-0.0016593177394009096
8.350961114552037,-4.452392495424844,-0.0016593177394009096
8.4509609768853,-4.45255842712264,-0.0016593177394009096
8.550960839218563,-4.452724358820436,-0.0016593177394009096
8.650960701551826,-4.452890290518233,-0.0016593177394009096
8.750960563885089,-4.453056222216029,-0.0016593177394009096
8.850960426218352,-4.453222153913825,-0.0016593177394009096
8.950960288551615,-4.453388085611621,-0.0016593177394009096
9.050960150884878,-4.4535540173094175,-0.0016593177394009096
9.050960150884878,-4.4535540173094175,-0.15873895041889063
9.050960150884878,-4.4535540173094175,-0.3158185830983803
9.050960150884878,-4.4535540173094175,-0.47289821577787
9.050960150884878,-4.4535540173094175,-0.6299778484573595
9.050960150884878,-4.4535540173094175,-0.7870574811368495
9.050960150884878,-4.4535540173094175,-0.9441371138163389
9.050960150884878,-4.4535540173094175,-1.1012167464958287
9.050960150884878,-4.4535540173094175,-1.2582963791753183
9.050960150884878,-4.4535540173094175,-1.4153760118548078
9.050960150884878,-4.4535540173094175,-1.5724556445342972
9.050960150884878,-4.4535540173094175,-1.729535277213787
9.050960150884878,-4.4535540173094175,-1.8866149098932767
9.050960150884878,-4.4535540173094175,-2.043694542572767
9.050960150884878,-4.4535540173094175,-2.2007741752522563
9.050960150884878,-4.4535540173094175,-2.357853807931746
9.050960150884878,-4.4535540173094175,-2.5149334406112356
9.050960150884878,-4.4535540173094175,-2.6720130732907252
9.050960150884878,-4.4535540173094175,-2.829092705970215
9.050960150884878,-4.4535540173094175,-2.9861723386497045
9.050960150884878,-4.4535540173094175,3.139933335850392
9.050960150884878,-4.4535540173094175,2.9828537031709024
9.050960150884878,-4.4535540173094175,2.8414820337593616
9.050960150884878,-4.4535540173094175,2.714247531288975
9.050960150884878,-4.4535540173094175,2.5997364790656268
9.050960150884878,-4.4535540173094175,2.4966765320646136
9.050960150884878,-4.4535540173094175,2.4039225797637016
9.050960150884878,-4.4535540173094175,2.320444022692881
9.050960150884878,-4.4535540173094175,2.2369654656220606
9.050960150884878,-4.4535540173094175,2.161834764258322
9.050960150884878,-4.4535540173094175,2.1025649887380395
9.050960150884878,-4.4535540173094175,2.0492221907697843
9.050960150884878,-4.4535540173094175,2.001213672598356
9.050960150884878,-4.4535540173094175,1.9580060062440712
9.050960150884878,-4.4535540173094175,1.9191191065252127
9.050960150884878,-4.4535540173094175,1.8802322068063553
9.050960150884878,-4.4535540173094175,1.8413453070874986
9.050960150884878,-4.4535540173094175,1.8141244772842975
9.050960150884878,-4.4535540173094175,1.7896257304614178
9.050960150884878,-4.4535540173094175,1.7675768583208256
9.050960150884878,-4.4535540173094175,1.747732873394292
9.050960150884878,-4.4535540173094175,1.7298732869604123
9.050960150884878,-4.4535540173094175,1.713799659169921
9.050960150884878,-4.4535540173094175,1.6993333941584783
9.050960150884878,-4.4535540173094175,1.6863137556481802
9.050960150884878,-4.4535540173094175,1.673294117137882
9.050960150884878,-4.4535540173094175,1.6628784063296431
9.050960150884878,-4.4535540173094175,1.6535042666022288
9.050960150884878,-4.4535540173094175,1.6450675408475552
9.050960150884878,-4.4535540173094175,1.6366308150928814
9.050960150884878,-4.4535540173094175,1.6281940893382083
9.050960150884878,-4.4535540173094175,1.6214447087344703
9.050960150884878,-4.4535540173094175,1.6162139387665726
9.050960150884878,-4.4535540173094175,1.6115062457954648
9.050960150884878,-4.4535540173094175,1.6072693221214678
9.050960150884878,-4.4535540173094175,1.6034560908148703
9.050960150884878,-4.4535540173094175,1.6000241826389328
9.050960150884878,-4.4535540173094175,1.596935465280589
9.050960150884878,-4.4535540173094175,1.5941556196580797
9.050960150884878,-4.4535540173094175,1.5916537585978214
9.050960150884878,-4.4535540173094175,1.5894020836435896
9.050960150884878,-4.4535540173094175,1.5873755761847794
9.050960150884878,-4.4535540173094175,1.5855517194718516
9.050960150884878,-4.4535540173094175,1.5839102484302148
9.050960150884878,-4.4535540173094175,1.5822687773885795
9.050960150884878,-4.4535540173094175,1.5809556005552714
9.050960150884878,-4.4535540173094175,1.579773741405294
9.050960150884878,-4.4535540173094175,1.5787100681703141
9.050960150884878,-4.4535540173094175,1.577646394935334
9.050960150884878,-4.4535540173094175,1.5767954563473505
9.050960150884878,-4.4535540173094175,1.5759445177593667
9.050960150884878,-4.4535540173094175,1.5752637668889797
9.050960150884878,-4.4535540173094175,1.574651091105631
9.050960150884878,-4.4535540173094175,1.5740996829006175
9.050960150884878,-4.4535540173094175,1.5736034155161056
9.050960150884878,-4.4535540173094175,1.5731567748700446
9.050960150884878,-4.4535540173094175,1.5727101342239833
9.050960150884878,-4.4535540173094175,1.572352821707135
9.050960150884878,-4.4535540173094175,1.5720312404419705
9.050960150884878,-4.4535540173094175,1.5717418173033233
9.050960150884878,-4.4535540173094175,1.5714813364785403
9.050960150884878,-4.4535540173094175,1.5712208556537575
9.050960150884878,-4.4535540173094175,1.5710124709939315
9.050960150884878,-4.4535540173094175,1.5708249248000878
9.050960150884878,-4.4535540173094175,1.5706561332256286
9.050960150884878,-4.4535540173094175,1.5704873416511689
9.050960150884878,-4.4535540173094175,1.5703354292341558
9.050960150884878,-4.4535540173094175,1.5702155872162897
9.050960150884878,-4.4535540173094175,1.5700957451984239
9.050995179961836,-4.403554029579781,1.5700957451984239
9.051030209038794,-4.353554041850145,1.5700957451984239
9.051058232300361,-4.3135540516664355,1.5700957451984239
9.051086255561929,-4.273554061482726,1.5700957451984239
9.051108674171182,-4.241554069335759,1.5700957451984239
9.051131092780436,-4.209554077188792,1.5700957451984239
9.051149027667838,-4.183954083471218,1.5700957451984239
9.051166962555241,-4.158354089753645,1.5700957451984239
9.051181310465163,-4.137874094779586,1.5700957451984239
9.051195658375084,-4.117394099805527,1.5700957451984239
9.051207136703022,-4.1010101038262805,1.5700957451984239
9.05121861503096,-4.084626107847034,1.5700957451984239
9.05122779769331,-4.071518911063635,1.5700957451984239
9.05123698035566,-4.058411714280237,1.5700957451984239
9.05124432648554,-4.047925956853519,1.5700957451984239
9.05125167261542,-4.037440199426801,1.5700957451984239
9.051257549519324,-4.029051593485427,1.5700957451984239
9.051263426423228,-4.0206629875440525,1.5700957451984239
9.051268715636741,-4.013113242196815,1.5700957451984239
9.051274004850255,-4.005563496849578,1.5700957451984239
9.051278706373378,-3.9988526120964782,1.5700957451984239
9.0512834078965,-3.9921417273433786,1.5700957451984239
9.051286581424609,-3.987611880135036,1.5700957451984239
9.051289754952718,-3.983082032926694,1.5700957451984239
9.051291823622892,-3.98012924363533,1.5700957451984239
9.051293892293065,-3.977176454343966,1.5700957451984239
9.051295547229206,-3.974814222910875,1.5700957451984239
9.05129703667173,-3.972688214621093,1.5700957451984239
9.051298526114255,-3.9705622063313113,1.5700957451984239
9.051299717668275,-3.968861399699486,1.5700957451984239
9.051300790066893,-3.9673306737308427,1.5700957451984239
9.051301862465511,-3.9657999477621995,1.5700957451984239
9.051302827624268,-3.964422294390421,1.5700957451984239
9.051303792783024,-3.963044641018642,1.5700957451984239
9.051304493364563,-3.9620446412640495,1.5700957451984239
9.051305193946103,-3.961044641509457,1.5700957451984239
9.051305894527642,-3.9600446417548643,1.5700957451984239
9.051306595109182,-3.9590446420002716,1.5700957451984239
9.051307295690721,-3.958044642245679,1.5700957451984239
9.05130799627226,-3.9570446424910863,1.5700957451984239
9.05130799627226,-3.9570446424910863,1.7271753778779138
9.05130799627226,-3.9570446424910863,1.8842550105574036
9.05130799627226,-3.9570446424910863,2.0256266799689446
9.05130799627226,-3.9570446424910863,2.1669983493804845
9.05130799627226,-3.9570446424910863,2.3083700187920253
9.05130799627226,-3.9570446424910863,2.405759391053309
9.05130799627226,-3.9570446424910863,2.4792726591473104
9.05130799627226,-3.9570446424910863,2.5454346004319115
9.05130799627226,-3.9570446424910863,2.6049803475880524
9.05130799627226,-3.9570446424910863,2.658571520028579
9.05130799627226,-3.9570446424910863,2.706803575225053
9.05130799627226,-3.9570446424910863,2.75021242490188
9.05130799627226,-3.9570446424910863,2.7936212745787063
9.05130799627226,-3.9570446424910863,2.828348354320168
9.05130799627226,-3.9570446424910863,2.8596027260874832
9.05130799627226,-3.9570446424910863,2.887731660678067
9.05130799627226,-3.9570446424910863,2.9130477018095924
9.05130799627226,-3.9570446424910863,2.938363742941118
9.05130799627226,-3.9570446424910863,2.958616575846338
9.05130799627226,-3.9570446424910863,2.978869408751558
9.05130799627226,-3.9570446424910863,2.9950716750757342
9.05130799627226,-3.9570446424910863,3.009653714767493
9.05130799627226,-3.9570446424910863,3.022777550490076
9.05130799627226,-3.9570446424910863,3.0359013862126587
9.05130799627226,-3.9570446424910863,3.046400454790725
9.05130799627226,-3.9570446424910863,3.0558496165109843
9.05130799627226,-3.9570446424910863,3.064353862059218
9.05130799627226,-3.9570446424910863,3.0728581076074515
9.05130799627226,-3.9570446424910863,3.0796615040460384
9.05130799627226,-3.9570446424910863,3.0864649004846254
9.05130799627226,-3.9570446424910863,3.0932682969232124
9.05130799627226,-3.9570446424910863,3.0980306744302233
9.05130799627226,-3.9570446424910863,3.102316814186533
9.05130799627226,-3.9570446424910863,3.1061743399672115
9.05130799627226,-3.9570446424910863,3.1096461131698225
9.05130799627226,-3.9570446424910863,3.1131178863724336
9.05130799627226,-3.9570446424910863,3.115895304934522
9.05130799627226,-3.9570446424910863,3.1186727234966107
9.05130799627226,-3.9570446424910863,3.1208946583462818
9.05130799627226,-3.9570446424910863,3.123116593195953
9.05130799627226,-3.9570446424910863,3.1248941410756896
9.05130799627226,-3.9570446424910863,3.1264939341674527
9.05130799627226,-3.9570446424910863,3.1279337479500393
9.05130799627226,-3.9570446424910863,3.1292295803543673
9.05130799627226,-3.9570446424910863,3.1303958295182626
9.05130799627226,-3.9570446424910863,3.131562078682158
9.05130799627226,-3.9570446424910863,3.132495078013274
9.05130799627226,-3.9570446424910863,3.133334777411279
9.05130799627226,-3.9570446424910863,3.134174476809284
9.05130799627226,-3.9570446424910863,3.1348462363276877
9.05130799627226,-3.9570446424910863,3.135450819894251
9.05130799627226,-3.9570446424910863,3.1359949451041578
9.05130799627226,-3.9570446424910863,3.136484657793074
9.05130799627226,-3.9570446424910863,3.1369253992130988
9.05130799627226,-3.9570446424910863,3.1373220664911208
9.05130799627226,-3.9570446424910863,3.137718733769143
9.05130799627226,-3.9570446424910863,3.138115401047165
9.05130799627226,-3.9570446424910863,3.1384327348695824
9.05130799627226,-3.9570446424910863,3.138750068692
9.05130799627226,-3.9570446424910863,3.1390674025144176
9.05130799627226,-3.9570446424910863,3.139249869462308
9.05130799627226,-3.9570446424910863,3.139432336410198
9.05130799627226,-3.9570446424910863,3.1395783099685106
9.05130799627226,-3.9570446424910863,3.1397096861709914
9.05130799627226,-3.9570446424910863,3.1398279247532246
9.05130799627226,-3.9570446424910863,3.139934339477234
9.05130799627226,-3.9570446424910863,3.1400407542012436
8.951308116691822,-3.9568894526145244,3.1400407542012436
8.851308237111382,-3.9567342627379625,3.1400407542012436
8.751308357530943,-3.9565790728614005,3.1400407542012436
8.651308477950504,-3.9564238829848386,3.1400407542012436
8.551308598370065,-3.9562686931082767,3.1400407542012436
8.451308718789626,-3.9561135032317147,3.1400407542012436
8.351308839209187,-3.955958313355153,3.1400407542012436
8.251308959628748,-3.955803123478591,3.1400407542012436
8.151309080048309,-3.955647933602029,3.1400407542012436
8.05130920046787,-3.955492743725467,3.1400407542012436
7.9513093208874315,-3.955337553848905,3.1400407542012436
7.851309441306993,-3.955182363972343,3.1400407542012436
7.751309561726555,-3.955027174095781,3.1400407542012436
7.651309682146117,-3.9548719842192193,3.1400407542012436
7.551309802565679,-3.9547167943426573,3.1400407542012436
7.45130992298524,-3.9545616044660954,3.1400407542012436
7.351310043404802,-3.9544064145895335,3.1400407542012436
7.251310163824364,-3.9542512247129715,3.1400407542012436
7.151310284243926,-3.9540960348364096,3.1400407542012436
7.051310404663488,-3.9539408449598477,3.1400407542012436
6.951310525083049,-3.9537856550832857,3.1400407542012436
6.851310645502611,-3.953630465206724,3.1400407542012436
6.751310765922173,-3.953475275330162,3.1400407542012436
6.651310886341735,-3.9533200854536,3.1400407542012436
6.5513110067612965,-3.953164895577038,3.1400407542012436
6.451311127180858,-3.953009705700476,3.1400407542012436
6.35131124760042,-3.952854515823914,3.1400407542012436
6.251311368019982,-3.952699325947352,3.1400407542012436
6.151311488439544,-3.9525441360707902,3.1400407542012436
6.0513116088591055,-3.9523889461942283,3.1400407542012436
5.951311729278667,-3.9522337563176664,3.1400407542012436
5.851311849698229,-3.9520785664411044,3.1400407542012436
5.751311970117791,-3.9519233765645425,3.1400407542012436
5.651312090537353,-3.9517681866879806,3.1400407542012436
5.551312210956914,-3.9516129968114186,3.1400407542012436
5.451312331376476,-3.9514578069348567,3.1400407542012436
5.351312451796038,-3.9513026170582948,3.1400407542012436
5.2513125722156,-3.951147427181733,3.1400407542012436
5.151312692635162,-3.950992237305171,3.1400407542012436
5.051312813054723,-3.950837047428609,3.1400407542012436
4.951312933474285,-3.950681857552047,3.1400407542012436
4.851313053893847,-3.950526667675485,3.1400407542012436
4.751313174313409,-3.950371477798923,3.1400407542012436
4.6513132947329705,-3.9502162879223612,3.1400407542012436
4.551313415152532,-3.9500610980457993,3.1400407542012436
4.451313535572094,-3.9499059081692374,3.1400407542012436
4.351313655991656,-3.9497507182926754,3.1400407542012436
4.251313776411218,-3.9495955284161135,3.1400407542012436
4.1513138968307794,-3.9494403385395516,3.1400407542012436
4.051314017250341,-3.9492851486629896,3.1400407542012436
3.9513141376699026,-3.9491299587864277,3.1400407542012436
3.851314258089464,-3.9489747689098658,3.1400407542012436
3.7513143785090253,-3.948819579033304,3.1400407542012436
3.6513144989285866,-3.948664389156742,3.1400407542012436
3.551314619348148,-3.94850919928018,3.1400407542012436
3.4513147397677093,-3.948354009403618,3.1400407542012436
3.3513148601872707,-3.948198819527056,3.1400407542012436
3.251314980606832,-3.948043629650494,3.1400407542012436
3.1513151010263933,-3.9478884397739322,3.1400407542012436
3.0513152214459547,-3.9477332498973703,3.1400407542012436
2.951315341865516,-3.9475780600208084,3.1400407542012436
2.8513154622850774,-3.9474228701442464,3.1400407542012436
2.7513155827046387,-3.9472676802676845,3.1400407542012436
2.6513157031242,-3.9471124903911226,3.1400407542012436
2.5513158235437614,-3.9469573005145606,3.1400407542012436
2.4513159439633228,-3.9468021106379987,3.1400407542012436
2.351316064382884,-3.9466469207614367,3.1400407542012436
2.2513161848024454,-3.946491730884875,3.1400407542012436
2.151316305222007,-3.946336541008313,3.1400407542012436
2.051316425641568,-3.946181351131751,3.1400407542012436
1.9513165460611295,-3.946026161255189,3.1400407542012436
1.8513166664806908,-3.945870971378627,3.1400407542012436
1.7513167869002522,-3.945715781502065,3.1400407542012436
1.6513169073198135,-3.945560591625503,3.1400407542012436
1.5513170277393749,-3.9454054017489413,3.1400407542012436
1.4513171481589362,-3.9452502118723793,3.1400407542012436
1.3513172685784975,-3.9450950219958174,3.1400407542012436
1.2513173889980589,-3.9449398321192555,3.1400407542012436
1.1513175094176202,-3.9447846422426935,3.1400407542012436
1.0513176298371816,-3.9446294523661316,3.1400407542012436
0.951317750256743,-3.9444742624895697,3.1400407542012436
0.8513178706763045,-3.9443190726130077,3.1400407542012436
0.751317991095866,-3.944163882736446,3.1400407542012436
0.6513181115154274,-3.944008692859884,3.1400407542012436
0.5513182319349889,-3.943853502983322,3.1400407542012436
0.4513183523545503,-3.94369831310676,3.1400407542012436
0.35131847277411177,-3.943543123230198,3.1400407542012436
0.2513185931936732,-3.943387933353636,3.1400407542012436
0.15131871361323468,-3.943232743477074,3.1400407542012436
0.05131883403279612,-3.9430775536005123,3.1400407542012436
-0.04868104554764244,-3.9429223637239503,3.1400407542012436
-0.148680925128081,-3.9427671738473884,3.1400407542012436
-0.24868080470851955,-3.9426119839708265,3.1400407542012436
-0.3486806842889581,-3.9424567940942645,3.1400407542012436
-0.44868056386939664,-3.9423016042177026,3.1400407542012436
-0.5486804434498352,-3.9421464143411407,3.1400407542012436
-0.6486803230302738,-3.9419912244645787,3.1400407542012436
-0.7486802026107123,-3.941836034588017,3.1400407542012436
-0.8486800821911509,-3.941680844711455,3.1400407542012436
-0.9486799617715894,-3.941525654834893,3.1400407542012436
-1.048679841352028,-3.941370464958331,3.1400407542012436
-1.1486797209324666,-3.941215275081769,3.1400407542012436
-1.2486796005129053,-3.941060085205207,3.1400407542012436
-1.348679480093344,-3.940904895328645,3.1400407542012436
-1.4486793596737826,-3.9407497054520833,3.1400407542012436
-1.5486792392542212,-3.9405945155755213,3.1400407542012436
-1.64867911883466,-3.9404393256989594,3.1400407542012436
-1.7486789984150986,-3.9402841358223974,3.1400407542012436
-1.8486788779955372,-3.9401289459458355,3.1400407542012436
-1.9486787575759759,-3.9399737560692736,3.1400407542012436
-2.0486786371564145,-3.9398185661927116,3.1400407542012436
-2.148678516736853,-3.9396633763161497,3.1400407542012436
-2.248678396317292,-3.939508186439588,3.1400407542012436
-2.3486782758977305,-3.939352996563026,3.1400407542012436
-2.448678155478169,-3.939197806686464,3.1400407542012436
-2.548678035058608,-3.939042616809902,3.1400407542012436
-2.6486779146390464,-3.93888742693334,3.1400407542012436
-2.748677794219485,-3.938732237056778,3.1400407542012436
-2.8486776737999238,-3.938577047180216,3.1400407542012436
-2.9486775533803624,-3.9384218573036542,3.1400407542012436
-3.048677432960801,-3.9382666674270923,3.1400407542012436
-3.1486773125412397,-3.9381114775505304,3.1400407542012436
-3.2486771921216784,-3.9379562876739684,3.1400407542012436
-3.348677071702117,-3.9378010977974065,3.1400407542012436
-3.4486769512825557,-3.9376459079208446,3.1400407542012436
-3.5486768308629943,-3.9374907180442826,3.1400407542012436
-3.648676710443433,-3.9373355281677207,3.1400407542012436
-3.7486765900238717,-3.9371803382911588,3.1400407542012436
-3.8486764696043103,-3.937025148414597,3.1400407542012436
-3.948676349184749,-3.936869958538035,3.1400407542012436
-4.048676228765188,-3.936714768661473,3.1400407542012436
-4.148676108345626,-3.936559578784911,3.1400407542012436
-4.248675987926064,-3.936404388908349,3.1400407542012436
-4.348675867506502,-3.936249199031787,3.1400407542012436
-4.4486757470869405,-3.9360940091552252,3.1400407542012436
-4.548675626667379,-3.9359388192786633,3.1400407542012436
-4.648675506247817,-3.9357836294021014,3.1400407542012436
-4.748675385828255,-3.9356284395255394,3.1400407542012436
-4.848675265408693,-3.9354732496489775,3.1400407542012436
-4.9486751449891315,-3.9353180597724156,3.1400407542012436
-5.04867502456957,-3.9351628698958536,3.1400407542012436
-5.148674904150008,-3.9350076800192917,3.1400407542012436
-5.248674783730446,-3.9348524901427298,3.1400407542012436
-5.348674663310884,-3.934697300266168,3.1400407542012436
-5.448674542891323,-3.934542110389606,3.1400407542012436
-5.548674422471761,-3.934386920513044,3.1400407542012436
-5.648674302052199,-3.934231730636482,3.1400407542012436
-5.748674181632637,-3.93407654075992,3.1400407542012436
-5.848674061213075,-3.933921350883358,3.1400407542012436
-5.948673940793514,-3.933766161006796,3.1400407542012436
-6.048673820373952,-3.9336109711302343,3.1400407542012436
-6.14867369995439,-3.9334557812536723,3.1400407542012436
-6.248673579534828,-3.9333005913771104,3.1400407542012436
-6.3486734591152665,-3.9331454015005485,3.1400407542012436
-6.448673338695705,-3.9329902116239865,3.1400407542012436
-6.548673218276143,-3.9328350217474246,3.1400407542012436
-6.648673097856581,-3.9326798318708627,3.1400407542012436
-6.748672977437019,-3.9325246419943007,3.1400407542012436
-6.8486728570174575,-3.932369452117739,3.1400407542012436
-6.948672736597896,-3.932214262241177,3.1400407542012436
-7.048672616178334,-3.932059072364615,3.1400407542012436
-7.148672495758772,-3.931903882488053,3.1400407542012436
-7.24867237533921,-3.931748692611491,3.1400407542012436
-7.348672254919649,-3.931593502734929,3.1400407542012436
-7.448672134500087,-3.931438312858367,3.1400407542012436
-7.548672014080525,-3.9312831229818053,3.1400407542012436
-7.648671893660963,-3.9311279331052433,3.1400407542012436
-7.748671773241401,-3.9309727432286814,3.1400407542012436
-7.84867165282184,-3.9308175533521195,3.1400407542012436
-7.948671532402278,-3.9306623634755575,3.1400407542012436
-8.048671411982717,-3.9305071735989956,3.1400407542012436
-8.148671291563156,-3.9303519837224337,3.1400407542012436
-8.248671171143595,-3.9301967938458717,3.1400407542012436
-8.348671050724034,-3.93004160396931,3.1400407542012436
-8.448670930304473,-3.929886414092748,3.1400407542012436
-8.548670809884912,-3.929731224216186,3.1400407542012436
-8.648670689465352,-3.929576034339624,3.1400407542012436
-8.74867056904579,-3.929420844463062,3.1400407542012436
-8.84867044862623,-3.9292656545865,3.1400407542012436
-8.948670328206669,-3.929110464709938,3.1400407542012436
-9.048670207787108,-3.9289552748333763,3.1400407542012436
-9.048670207787108,-3.9289552748333763,2.982961121521754
-9.048670207787108,-3.9289552748333763,2.8258814888422643
-9.048670207787108,-3.9289552748333763,2.6845098194307235
-9.048670207787108,-3.9289552748333763,2.543138150019183
-9.048670207787108,-3.9289552748333763,2.4316116108167454
-9.048670207787108,-3.9289552748333763,2.334222238555461
-9.048670207787108,-3.9289552748333763,2.25772445744055
-9.048670207787108,-3.9289552748333763,2.18887645443713
-9.048670207787108,-3.9289552748333763,2.1269132517340514
-9.048670207787108,-3.9289552748333763,2.0649500490309736
-9.048670207787108,-3.9289552748333763,2.0029868463278953
-9.048670207787108,-3.9289552748333763,1.95961260443574
-9.048670207787108,-3.9289552748333763,1.9205757867328002
-9.048670207787108,-3.9289552748333763,1.8854426508001554
-9.048670207787108,-3.9289552748333763,1.8503095148675104
-9.048670207787108,-3.9289552748333763,1.8222030061213945
-9.048670207787108,-3.9289552748333763,1.796907148249889
-9.048670207787108,-3.9289552748333763,1.7716112903783847
-9.048670207787108,-3.9289552748333763,1.7513746040811813
-9.048670207787108,-3.9289552748333763,1.7331615864136976
-9.048670207787108,-3.9289552748333763,1.7167698705129628
-9.048670207787108,-3.9289552748333763,1.7020173262023008
-9.048670207787108,-3.9289552748333763,1.6887400363227052
-9.048670207787108,-3.9289552748333763,1.6767904754310692
-9.048670207787108,-3.9289552748333763,1.6660358706285974
-9.048670207787108,-3.9289552748333763,1.6563567263063723
-9.048670207787108,-3.9289552748333763,1.6476454964163703
-9.048670207787108,-3.9289552748333763,1.6398053895153675
-9.048670207787108,-3.9289552748333763,1.6319652826143654
-9.048670207787108,-3.9289552748333763,1.6256931970935635
-9.048670207787108,-3.9289552748333763,1.6194211115727613
-9.048670207787108,-3.9289552748333763,1.6144034431561203
-9.048670207787108,-3.9289552748333763,1.6093857747394786
-9.048670207787108,-3.9289552748333763,1.6053716400061655
-9.048670207787108,-3.9289552748333763,1.6013575052728524
-9.048670207787108,-3.9289552748333763,1.5981461974862017
-9.048670207787108,-3.9289552748333763,1.5952560204782165
-9.048670207787108,-3.9289552748333763,1.5926548611710298
-9.048670207787108,-3.9289552748333763,1.5903138177945606
-9.048670207787108,-3.9289552748333763,1.5882068787557395
-9.048670207787108,-3.9289552748333763,1.586310633620801
-9.048670207787108,-3.9289552748333763,1.584604012999355
-9.048670207787108,-3.9289552748333763,1.5828973923779095
-9.048670207787108,-3.9289552748333763,1.581532095880754
-9.048670207787108,-3.9289552748333763,1.5801667993835973
-9.048670207787108,-3.9289552748333763,1.5790745621858726
-9.048670207787108,-3.9289552748333763,1.57809154870792
-9.048670207787108,-3.9289552748333763,1.5772068365777627
-9.048670207787108,-3.9289552748333763,1.5764105956606211
-9.048670207787108,-3.9289552748333763,1.5756939788351934
-9.048670207787108,-3.9289552748333763,1.575049023692309
-9.048670207787108,-3.9289552748333763,1.5744685640637126
-9.048670207787108,-3.9289552748333763,1.5739461503979764
-9.048670207787108,-3.9289552748333763,1.5734759780988137
-9.048670207787108,-3.9289552748333763,1.5730058057996503
-9.048670207787108,-3.9289552748333763,1.57262966796032
-9.048670207787108,-3.9289552748333763,1.5722535301209901
-9.048670207787108,-3.9289552748333763,1.5719526198495255
-9.048670207787108,-3.9289552748333763,1.5716517095780613
-9.048670207787108,-3.9289552748333763,1.5713808903337436
-9.048670207787108,-3.9289552748333763,1.5711401621165717
-9.048670207787108,-3.9289552748333763,1.5709505886455497
-9.048670207787108,-3.9289552748333763,1.5707799725216292
-9.048670207787108,-3.9289552748333763,1.5706093563977088
-9.048670207787108,-3.9289552748333763,1.5704728634985725
-9.048670207787108,-3.9289552748333763,1.5703500198893499
-9.048670207787108,-3.9289552748333763,1.5702394606410497
-9.048642364480855,-3.8789552825858737,1.5702394606410497
-9.048614521174603,-3.8289552903383712,1.5702394606410497
-9.0485922465296,-3.788955296540369,1.5702394606410497
-9.048569971884596,-3.748955302742367,1.5702394606410497
-9.048552152168595,-3.716955307703966,1.5702394606410497
-9.048534332452594,-3.6849553126655645,1.5702394606410497
-9.048520076679791,-3.6593553166348434,1.5702394606410497
-9.048505820906989,-3.633755320604122,1.5702394606410497
-9.048492990711468,-3.610715324176473,1.5702394606410497
-9.048480160515947,-3.587675327748824,1.5702394606410497
-9.048471321936809,-3.571803330209777,1.5702394606410497
-9.048462483357671,-3.55593133267073,1.5702394606410497
-9.048455412494361,-3.543233734639492,1.5702394606410497
-9.048448341631051,-3.5305361366082546,1.5702394606410497
-9.048441977854072,-3.5191082983801407,1.5702394606410497
-9.048435614077093,-3.507680460152027,1.5702394606410497
-9.04843123014184,-3.4998079493726593,1.5702394606410497
-9.048426846206588,-3.4919354385932917,1.5702394606410497
-9.048423339058386,-3.4856374299697976,1.5702394606410497
-9.048419831910184,-3.4793394213463036,1.5702394606410497
-9.048417026191624,-3.4743010144475086,1.5702394606410497
-9.048414220473063,-3.4692626075487136,1.5702394606410497
-9.048411975898214,-3.4652318820296775,1.5702394606410497
-9.04840995578085,-3.461604229062545,1.5702394606410497
-9.048407935663485,-3.457976576095412,1.5702394606410497
-9.048406319569594,-3.455074453721706,1.5702394606410497
-9.048404703475702,-3.452172331348,1.5702394606410497
-9.04840308738181,-3.449270208974294,1.5702394606410497
-9.048401956116086,-3.4472387233127,1.5702394606410497
-9.048400824850361,-3.445207237651106,1.5702394606410497
-9.048399919837783,-3.4435820491218303,1.5702394606410497
-9.048399105326462,-3.4421193794454825,1.5702394606410497
-9.048398290815141,-3.4406567097691347,1.5702394606410497
-9.048397639206085,-3.4394865740280567,1.5702394606410497
-9.048396987597028,-3.4383164382869786,1.5702394606410497
-9.048396430730904,-3.4373164384420285,1.5702394606410497
-9.048395873864779,-3.4363164385970784,1.5702394606410497
-9.048395316998654,-3.435316438752128,1.5702394606410497
-9.04839476013253,-3.434316438907178,1.5702394606410497
-9.048394203266405,-3.433316439062228,1.5702394606410497
-9.04839364640028,-3.432316439217278,1.5702394606410497
-9.04839364640028,-3.432316439217278,1.7273190933205393
-9.04839364640028,-3.432316439217278,1.8843987260000297
-9.04839364640028,-3.432316439217278,2.0414783586795187
-9.04839364640028,-3.432316439217278,2.1985579913590083
-9.04839364640028,-3.432316439217278,2.355637624038498
-9.04839364640028,-3.432316439217278,2.5127172567179876
-9.04839364640028,-3.432316439217278,2.6697968893974773
-9.04839364640028,-3.432316439217278,2.826876522076967
-9.04839364640028,-3.432316439217278,2.9839561547564566
-9.04839364640028,-3.432316439217278,3.1410357874359462
-9.04839364640028,-3.432316439217278,-2.9850698870641503
-9.04839364640028,-3.432316439217278,-2.8279902543846607
-9.04839364640028,-3.432316439217278,-2.670910621705171
-9.04839364640028,-3.432316439217278,-2.5138309890256814
-9.04839364640028,-3.432316439217278,-2.3567513563461917
-9.04839364640028,-3.432316439217278,-2.199671723666702
-9.04839364640028,-3.432316439217278,-2.042592090987213
-9.04839364640028,-3.432316439217278,-1.885512458307723
-9.04839364640028,-3.432316439217278,-1.7284328256282329
-9.04839364640028,-3.432316439217278,-1.5713531929487434
-9.04839364640028,-3.432316439217278,-1.414273560269254
-9.04839364640028,-3.432316439217278,-1.257193927589764
-9.04839364640028,-3.432316439217278,-1.1315302214461727
-9.04839364640028,-3.432316439217278,-1.0058665153025808
-9.04839364640028,-3.432316439217278,-0.8927691797733484
-9.04839364640028,-3.432316439217278,-0.8035479484113981
-9.04839364640028,-3.432316439217278,-0.7143267170494482
-9.04839364640028,-3.432316439217278,-0.642949731959888
-9.04839364640028,-3.432316439217278,-0.578710445379284
-9.04839364640028,-3.432316439217278,-0.5144711587986799
-9.04839364640028,-3.432316439217278,-0.4566558008761361
-9.04839364640028,-3.432316439217278,-0.40526437161165285
-9.04839364640028,-3.432316439217278,-0.3647936210658724
-9.04839364640028,-3.432316439217278,-0.3283699455746699
-9.04839364640028,-3.432316439217278,-0.29558863763258747
-9.04839364640028,-3.432316439217278,-0.2660854604847137
-9.04839364640028,-3.432316439217278,-0.23953260105162708
-9.04839364640028,-3.432316439217278,-0.21563502756184907
-9.04839364640028,-3.432316439217278,-0.19412721142104877
-9.04839364640028,-3.432316439217278,-0.1747701768943287
-9.04839364640028,-3.432316439217278,-0.15734884582028053
-9.04839364640028,-3.432316439217278,-0.1416696478536372
-9.04839364640028,-3.432316439217278,-0.12599044988699384
-9.04839364640028,-3.432316439217278,-0.11344709151367917
-9.04839364640028,-3.432316439217278,-0.10215806897769597
-9.04839364640028,-3.432316439217278,-0.09199794869531117
-9.04839364640028,-3.432316439217278,-0.08285384044116476
-9.04839364640028,-3.432316439217278,-0.07370973218701836
-9.04839364640028,-3.432316439217278,-0.06639444558370129
-9.04839364640028,-3.432316439217278,-0.059810687640715864
-9.04839364640028,-3.432316439217278,-0.053885305492029065
-9.04839364640028,-3.432316439217278,-0.048552461558210906
-9.04839364640028,-3.432316439217278,-0.04321961762439273
-9.04839364640028,-3.432316439217278,-0.03895334247733818
-9.04839364640028,-3.432316439217278,-0.03468706733028364
-9.04839364640028,-3.432316439217278,-0.03127404721264005
-9.04839364640028,-3.432316439217278,-0.028202329106760776
-9.04839364640028,-3.432316439217278,-0.02543778281146948
-9.04839364640028,-3.432316439217278,-0.022949691145707298
-9.04839364640028,-3.432316439217278,-0.020710408646521287
-9.04839364640028,-3.432316439217278,-0.018695054397253844
-9.04839364640028,-3.432316439217278,-0.01688123557291316
-9.04839364640028,-3.432316439217278,-0.01524879863100663
-9.04839364640028,-3.432316439217278,-0.013779605383290726
-9.04839364640028,-3.432316439217278,-0.012457331460346367
-9.04839364640028,-3.432316439217278,-0.011135057537402024
-9.04839364640028,-3.432316439217278,-0.010077238399046558
-9.04839364640028,-3.432316439217278,-0.009125201174526648
-9.04839364640028,-3.432316439217278,-0.008268367672458747
-9.04839364640028,-3.432316439217278,-0.007497217520597593
-9.04839364640028,-3.432316439217278,-0.0068031823839225705
-9.04839364640028,-3.432316439217278,-0.006178550760915105
-9.04839364640028,-3.432316439217278,-0.005616382300208294
-9.04839364640028,-3.432316439217278,-0.005110430685572168
-9.04839364640028,-3.432316439217278,-0.004655074232399721
-9.04839364640028,-3.432316439217278,-0.00424525342454448
-9.04839364640028,-3.432316439217278,-0.003876414697474765
-9.04839364640028,-3.432316439217278,-0.003544459843112029
-9.04839364640028,-3.432316439217278,-0.0032457004741856185
-9.04839364640028,-3.432316439217278,-0.002976817042151779
-9.04839364640028,-3.432316439217278,-0.002734821953321392
-9.04839364640028,-3.432316439217278,-0.002517026373373973
-9.04839364640028,-3.432316439217278,-0.0022992307934265573
-9.04839364640028,-3.432316439217278,-0.0021249943294686427
-9.04839364640028,-3.432316439217278,-0.00196818151190649
-9.04839364640028,-3.432316439217278,-0.0018270499761006234
-9.04839364640028,-3.432316439217278,-0.0017000315938752626
-9.04839364640028,-3.432316439217278,-0.0015857150498725277
-9.04839364640028,-3.432316439217278,-0.0014713985058697927
-9.04839364640028,-3.432316439217278,-0.0013570819618670584
-8.948393738483839,-3.4324521473718095,-0.0013570819618670584
-8.848393830567398,-3.432587855526341,-0.0013570819618670584
-8.748393922650957,-3.432723563680873,-0.0013570819618670584
-8.648394014734516,-3.4328592718354045,-0.0013570819618670584
-8.548394106818074,-3.432994979989936,-0.0013570819618670584
-8.448394198901633,-3.433130688144468,-0.0013570819618670584
-8.348394290985192,-3.4332663962989995,-0.0013570819618670584
-8.248394383068751,-3.4334021044535312,-0.0013570819618670584
-8.14839447515231,-3.433537812608063,-0.0013570819618670584
-8.048394567235869,-3.4336735207625946,-0.0013570819618670584
-7.948394659319427,-3.4338092289171263,-0.0013570819618670584
-7.848394751402985,-3.433944937071658,-0.0013570819618670584
-7.748394843486543,-3.4340806452261896,-0.0013570819618670584
-7.648394935570101,-3.4342163533807213,-0.0013570819618670584
-7.548395027653659,-3.434352061535253,-0.0013570819618670584
-7.448395119737217,-3.4344877696897846,-0.0013570819618670584
-7.348395211820775,-3.4346234778443163,-0.0013570819618670584
-7.248395303904333,-3.434759185998848,-0.0013570819618670584
-7.148395395987891,-3.4348948941533797,-0.0013570819618670584
-7.048395488071449,-3.4350306023079114,-0.0013570819618670584
-6.948395580155007,-3.435166310462443,-0.0013570819618670584
-6.848395672238565,-3.4353020186169747,-0.0013570819618670584
-6.748395764322123,-3.4354377267715064,-0.0013570819618670584
-6.648395856405681,-3.435573434926038,-0.0013570819618670584
-6.548395948489239,-3.4357091430805697,-0.0013570819618670584
-6.448396040572797,-3.4358448512351014,-0.0013570819618670584
-6.348396132656355,-3.435980559389633,-0.0013570819618670584
-6.248396224739913,-3.4361162675441648,-0.0013570819618670584
-6.148396316823471,-3.4362519756986964,-0.0013570819618670584
-6.0483964089070295,-3.436387683853228,-0.0013570819618670584
-5.9483965009905875,-3.43652339200776,-0.0013570819618670584
-5.8483965930741455,-3.4366591001622915,-0.0013570819618670584
-5.7483966851577035,-3.436794808316823,-0.0013570819618670584
-5.6483967772412615,-3.436930516471355,-0.0013570819618670584
-5.54839686932482,-3.4370662246258865,-0.0013570819618670584
-5.448396961408378,-3.437201932780418,-0.0013570819618670584
-5.348397053491936,-3.43733764093495,-0.0013570819618670584
-5.248397145575494,-3.4374733490894815,-0.0013570819618670584
-5.148397237659052,-3.437609057244013,-0.0013570819618670584
-5.04839732974261,-3.437744765398545,-0.0013570819618670584
-4.948397421826168,-3.4378804735530766,-0.0013570819618670584
-4.848397513909726,-3.4380161817076083,-0.0013570819618670584
-4.748397605993284,-3.43815188986214,-0.0013570819618670584
-4.648397698076842,-3.4382875980166716,-0.0013570819618670584
-4.5483977901604,-3.4384233061712033,-0.0013570819618670584
-4.448397882243958,-3.438559014325735,-0.0013570819618670584
-4.348397974327516,-3.4386947224802666,-0.0013570819618670584
-4.248398066411074,-3.4388304306347983,-0.0013570819618670584
-4.148398158494632,-3.43896613878933,-0.0013570819618670584
-4.04839825057819,-3.4391018469438617,-0.0013570819618670584
-3.9483983426617484,-3.4392375550983934,-0.0013570819618670584
-3.848398434745307,-3.439373263252925,-0.0013570819618670584
-3.7483985268288653,-3.4395089714074567,-0.0013570819618670584
-3.648398618912424,-3.4396446795619884,-0.0013570819618670584
-3.5483987109959823,-3.43978038771652,-0.0013570819618670584
-3.4483988030795407,-3.4399160958710517,-0.0013570819618670584
-3.348398895163099,-3.4400518040255834,-0.0013570819618670584
-3.2483989872466577,-3.440187512180115,-0.0013570819618670584
-3.148399079330216,-3.4403232203346468,-0.0013570819618670584
-3.0483991714137746,-3.4404589284891784,-0.0013570819618670584
-2.948399263497333,-3.44059463664371,-0.0013570819618670584
-2.8483993555808915,-3.440730344798242,-0.0013570819618670584
-2.74839944766445,-3.4408660529527735,-0.0013570819618670584
-2.6483995397480085,-3.441001761107305,-0.0013570819618670584
-2.548399631831567,-3.441137469261837,-0.0013570819618670584
-2.4483997239151254,-3.4412731774163685,-0.0013570819618670584
-2.348399815998684,-3.4414088855709,-0.0013570819618670584
-2.2483999080822423,-3.441544593725432,-0.0013570819618670584
-2.148400000165801,-3.4416803018799635,-0.0013570819618670584
-2.0484000922493593,-3.441816010034495,-0.0013570819618670584
-1.9484001843329177,-3.441951718189027,-0.0013570819618670584
-1.8484002764164762,-3.4420874263435586,-0.0013570819618670584
-1.7484003685000347,-3.4422231344980903,-0.0013570819618670584
-1.6484004605835931,-3.442358842652622,-0.0013570819618670584
-1.5484005526671516,-3.4424945508071536,-0.0013570819618670584
-1.44840064475071,-3.4426302589616853,-0.0013570819618670584
-1.3484007368342685,-3.442765967116217,-0.0013570819618670584
-1.248400828917827,-3.4429016752707486,-0.0013570819618670584
-1.1484009210013855,-3.4430373834252803,-0.0013570819618670584
-1.048401013084944,-3.443173091579812,-0.0013570819618670584
-0.9484011051685024,-3.4433087997343437,-0.0013570819618670584
-0.8484011972520609,-3.4434445078888753,-0.0013570819618670584
-0.7484012893356193,-3.443580216043407,-0.0013570819618670584
-0.6484013814191778,-3.4437159241979387,-0.0013570819618670584
-0.5484014735027363,-3.4438516323524704,-0.0013570819618670584
-0.4484015655862947,-3.443987340507002,-0.0013570819618670584
-0.3484016576698531,-3.4441230486615337,-0.0013570819618670584
-0.2484017497534115,-3.4442587568160654,-0.0013570819618670584
-0.14840184183696992,-3.444394464970597,-0.0013570819618670584
-0.04840193392052834,-3.4445301731251288,-0.0013570819618670584
0.05159797399591323,-3.4446658812796604,-0.0013570819618670584
0.1515978819123548,-3.444801589434192,-0.0013570819618670584
0.2515977898287964,-3.444937297588724,-0.0013570819618670584
0.35159769774523797,-3.4450730057432555,-0.0013570819618670584
0.45159760566167956,-3.445208713897787,-0.0013570819618670584
0.5515975135781211,-3.445344422052319,-0.0013570819618670584
0.6515974214945627,-3.4454801302068505,-0.0013570819618670584
0.7515973294110042,-3.445615838361382,-0.0013570819618670584
0.8515972373274457,-3.445751546515914,-0.0013570819618670584
0.9515971452438873,-3.4458872546704455,-0.0013570819618670584
1.051597053160329,-3.446022962824977,-0.0013570819618670584
1.1515969610767705,-3.446158670979509,-0.0013570819618670584
1.251596868993212,-3.4462943791340406,-0.0013570819618670584
1.3515967769096535,-3.4464300872885723,-0.0013570819618670584
1.451596684826095,-3.446565795443104,-0.0013570819618670584
1.5515965927425366,-3.4467015035976356,-0.0013570819618670584
1.6515965006589781,-3.4468372117521673,-0.0013570819618670584
1.7515964085754196,-3.446972919906699,-0.0013570819618670584
1.8515963164918612,-3.4471086280612306,-0.0013570819618670584
1.9515962244083027,-3.4472443362157623,-0.0013570819618670584
2.0515961323247445,-3.447380044370294,-0.0013570819618670584
2.151596040241186,-3.4475157525248257,-0.0013570819618670584
2.2515959481576275,-3.4476514606793573,-0.0013570819618670584
2.351595856074069,-3.447787168833889,-0.0013570819618670584
2.4515957639905106,-3.4479228769884207,-0.0013570819618670584
2.551595671906952,-3.4480585851429524,-0.0013570819618670584
2.6515955798233937,-3.448194293297484,-0.0013570819618670584
2.751595487739835,-3.4483300014520157,-0.0013570819618670584
2.8515953956562767,-3.4484657096065474,-0.0013570819618670584
2.9515953035727183,-3.448601417761079,-0.0013570819618670584
3.05159521148916,-3.4487371259156108,-0.0013570819618670584
3.1515951194056013,-3.4488728340701424,-0.0013570819618670584
3.251595027322043,-3.449008542224674,-0.0013570819618670584
3.3515949352384844,-3.449144250379206,-0.0013570819618670584
3.451594843154926,-3.4492799585337375,-0.0013570819618670584
3.5515947510713675,-3.449415666688269,-0.0013570819618670584
3.651594658987809,-3.449551374842801,-0.0013570819618670584
3.7515945669042505,-3.4496870829973325,-0.0013570819618670584
3.7515945669042505,-3.4496870829973325,-0.15843671464135675
3.7515945669042505,-3.4496870829973325,-0.3155163473208465
3.7515945669042505,-3.4496870829973325,-0.4725959800003362
3.7515945669042505,-3.4496870829973325,-0.6296756126798257
3.7515945669042505,-3.4496870829973325,-0.7867552453593154
3.7515945669042505,-3.4496870829973325,-0.9438348780388054
3.7515945669042505,-3.4496870829973325,-1.1009145107182945
3.7515945669042505,-3.4496870829973325,-1.2579941433977846
3.7515945669042505,-3.4496870829973325,-1.4150737760772745
3.7515945669042505,-3.4496870829973325,-1.5721534087567641
3.7515945669042505,-3.4496870829973325,-1.7292330414362533
3.7515945669042505,-3.4496870829973325,-1.886312674115743
3.7515945669042505,-3.4496870829973325,-2.0433923067952326
3.7515945669042505,-3.4496870829973325,-2.2004719394747223
3.7515945669042505,-3.4496870829973325,-2.357551572154212
3.7515945669042505,-3.4496870829973325,-2.5146312048337016
3.7515945669042505,-3.4496870829973325,-2.6717108375131913
3.7515945669042505,-3.4496870829973325,-2.828790470192681
3.7515945669042505,-3.4496870829973325,-2.9858701028721706
3.7515945669042505,-3.4496870829973325,3.140235571627926
3.7515945669042505,-3.4496870829973325,2.9831559389484363
3.7515945669042505,-3.4496870829973325,2.8417842695368956
3.7515945669042505,-3.4496870829973325,2.714549767066509
3.7515945669042505,-3.4496870829973325,2.6000387148431607
3.7515945669042505,-3.4496870829973325,2.4969787678421476
3.7515945669042505,-3.4496870829973325,2.4042248155412356
3.7515945669042505,-3.4496870829973325,2.3207462584704146
3.7515945669042505,-3.4496870829973325,2.2456155571066767
3.7515945669042505,-3.4496870829973325,2.177997925879312
3.7515945669042505,-3.4496870829973325,2.1171420577746836
3.7515945669042505,-3.4496870829973325,2.0562861896700553
3.7515945669042505,-3.4496870829973325,1.9954303215654272
3.7515945669042505,-3.4496870829973325,1.9528312138921875
3.7515945669042505,-3.4496870829973325,1.9102321062189482
3.7515945669042505,-3.4496870829973325,1.871892909313032
3.7515945669042505,-3.4496870829973325,1.8335537124071162
3.7515945669042505,-3.4496870829973325,1.7952145155012
3.7515945669042505,-3.4496870829973325,1.7726369884343827
3.7515945669042505,-3.4496870829973325,1.7523172140742478
3.7515945669042505,-3.4496870829973325,1.7319974397141122
3.7515945669042505,-3.4496870829973325,1.711677665353977
3.7515945669042505,-3.4496870829973325,1.6954218458658685
3.7515945669042505,-3.4496870829973325,1.681198003813774
3.7515945669042505,-3.4496870829973325,1.6669741617616791
3.7515945669042505,-3.4496870829973325,1.6557982858636044
3.7515945669042505,-3.4496870829973325,1.6471623817605467
3.7515945669042505,-3.4496870829973325,1.639390068067795
3.7515945669042505,-3.4496870829973325,1.6323949857443183
3.7515945669042505,-3.4496870829973325,1.6260994116531904
3.7515945669042505,-3.4496870829973325,1.6204333949711738
3.7515945669042505,-3.4496870829973325,1.6153339799573594
3.7515945669042505,-3.4496870829973325,1.6107445064449262
3.7515945669042505,-3.4496870829973325,1.6066139802837363
3.7515945669042505,-3.4496870829973325,1.6028965067386662
3.7515945669042505,-3.4496870829973325,1.5995507805481024
3.7515945669042505,-3.4496870829973325,1.5965396269765948
3.7515945669042505,-3.4496870829973325,1.5938295887622382
3.7515945669042505,-3.4496870829973325,1.5913905543693179
3.7515945669042505,-3.4496870829973325,1.5891954234156886
3.7515945669042505,-3.4496870829973325,1.587219805557423
3.7515945669042505,-3.4496870829973325,1.5854417494849835
3.7515945669042505,-3.4496870829973325,1.5838414990197878
3.7515945669042505,-3.4496870829973325,1.5824012736011122
3.7515945669042505,-3.4496870829973325,1.5811050707243042
3.7515945669042505,-3.4496870829973325,1.5799384881351766
3.7515945669042505,-3.4496870829973325,1.5788885638049615
3.7515945669042505,-3.4496870829973325,1.5778386394747468
3.7515945669042505,-3.4496870829973325,1.5767887151445321
3.7515945669042505,-3.4496870829973325,1.5757387908143174
3.7515945669042505,-3.4496870829973325,1.5751088362161887
3.7515945669042505,-3.4496870829973325,1.5745418770778732
3.7515945669042505,-3.4496870829973325,1.5740316138533885
3.7515945669042505,-3.4496870829973325,1.5735723769513525
3.7515945669042505,-3.4496870829973325,1.5731590637395205
3.7515945669042505,-3.4496870829973325,1.5727457505276883
3.7515945669042505,-3.4496870829973325,1.572373768637039
3.7515945669042505,-3.4496870829973325,1.5720431180675731
3.7515945669042505,-3.4496870829973325,1.5717827307441188
3.7515945669042505,-3.4496870829973325,1.5715483821530094
3.7515945669042505,-3.4496870829973325,1.571337468421012
3.7515945669042505,-3.4496870829973325,1.571147646062214
3.7515945669042505,-3.4496870829973325,1.5709768059392948
3.7515945669042505,-3.4496870829973325,1.5708059658163764
3.7515945669042505,-3.4496870829973325,1.5706692937180418
3.7515945669042505,-3.4496870829973325,1.5705462888295407
3.7515945669042505,-3.4496870829973325,1.5704232839410395
3.7515945669042505,-3.4496870829973325,1.7275029166205291
3.7515945669042505,-3.4496870829973325,1.8688745860320695
3.7515945669042505,-3.4496870829973325,1.996109088502457
3.7515945669042505,-3.4496870829973325,2.1106201407258043
3.7515945669042505,-3.4496870829973325,2.213680087726817
3.7515945669042505,-3.4496870829973325,2.306434040027729
3.7515945669042505,-3.4496870829973325,2.3899125970985495
3.7515945669042505,-3.4496870829973325,2.47339115416937
3.7515945669042505,-3.4496870829973325,2.5401739998260267
3.7515945669042505,-3.4496870829973325,2.6002785609170176
3.7515945669042505,-3.4496870829973325,2.6543726658989093
3.7515945669042505,-3.4496870829973325,2.703057360382612
3.7515945669042505,-3.4496870829973325,2.7517420548663147
3.7515945669042505,-3.4496870829973325,2.790689810453277
3.7515945669042505,-3.4496870829973325,2.825742790481543
3.7515945669042505,-3.4496870829973325,2.8572904725069823
3.7515945669042505,-3.4496870829973325,2.8856833863298776
3.7515945669042505,-3.4496870829973325,2.9112370087704833
3.7515945669042505,-3.4496870829973325,2.9342352689670284
3.7515945669042505,-3.4496870829973325,2.954933703143919
3.7515945669042505,-3.4496870829973325,2.9735622939031208
3.7515945669042505,-3.4496870829973325,2.990328025586402
3.7515945669042505,-3.4496870829973325,3.0054171841013555
3.7515945669042505,-3.4496870829973325,3.0189974267648134
3.7515945669042505,-3.4496870829973325,3.0312196451619258
3.7515945669042505,-3.4496870829973325,3.042219641719327
3.7515945669042505,-3.4496870829973325,3.052119638620988
3.7515945669042505,-3.4496870829973325,3.062019635522649
3.7515945669042505,-3.4496870829973325,3.069939633043978
3.7515945669042505,-3.4496870829973325,3.0778596305653068
3.7515945669042505,-3.4496870829973325,3.0841956285823695
3.7515945669042505,-3.4496870829973325,3.089898026797726
3.7515945669042505,-3.4496870829973325,3.095030185191547
3.7515945669042505,-3.4496870829973325,3.0996491277459857
3.7515945669042505,-3.4496870829973325,3.103806176044981
3.7515945669042505,-3.4496870829973325,3.107963224343976
3.7515945669042505,-3.4496870829973325,3.111288862983172
3.7515945669042505,-3.4496870829973325,3.114614501622368
3.7515945669042505,-3.4496870829973325,3.117275012533725
3.7515945669042505,-3.4496870829973325,3.119935523445082
3.7515945669042505,-3.4496870829973325,3.1220639321741674
3.7515945669042505,-3.4496870829973325,3.123979500030344
3.7515945669042505,-3.4496870829973325,3.125703511100903
3.7515945669042505,-3.4496870829973325,3.1272551210644064
3.7515945669042505,-3.4496870829973325,3.1286515700315594
3.7515945669042505,-3.4496870829973325,3.129908374101997
3.7515945669042505,-3.4496870829973325,3.1311651781724343
3.7515945669042505,-3.4496870829973325,3.132296301835828
3.7515945669042505,-3.4496870829973325,3.133188632725839
3.7515945669042505,-3.4496870829973325,3.1339917305268488
3.7515945669042505,-3.4496870829973325,3.1347948283278586
3.7515945669042505,-3.4496870829973325,3.1355176163487672
3.7515945669042505,-3.4496870829973325,3.136087815787484
3.7515945669042505,-3.4496870829973325,3.136600995282329
3.7515945669042505,-3.4496870829973325,3.13706285682769
3.7515945669042505,-3.4496870829973325,3.1374785322185144
3.7515945669042505,-3.4496870829973325,3.137894207609339
3.7515945669042505,-3.4496870829973325,3.1383098830001632
3.7515945669042505,-3.4496870829973325,3.1387255583909877
3.7515945669042505,-3.4496870829973325,3.1389749636254827
3.7515945669042505,-3.4496870829973325,3.139199428336528
3.7515945669042505,-3.4496870829973325,3.139401446576469
3.7515945669042505,-3.4496870829973325,3.13960346481641
3.7515945669042505,-3.4496870829973325,3.139805483056351
3.7515945669042505,-3.4496870829973325,3.140007501296292
3.7515945669042505,-3.4496870829973325,3.1402095195362327
3.7515945669042505,-3.4496870829973325,3.140310528656203
3.6515946490964564,-3.4495588705391005,3.140310528656203
3.551594731288662,-3.4494306580808685,3.140310528656203
3.451594813480868,-3.4493024456226364,3.140310528656203
3.351594895673074,-3.4491742331644044,3.140310528656203
3.2515949778652797,-3.4490460207061724,3.140310528656203
3.1515950600574856,-3.4489178082479404,3.140310528656203
3.0515951422496914,-3.4487895957897083,3.140310528656203
2.9515952244418973,-3.4486613833314763,3.140310528656203
2.851595306634103,-3.4485331708732443,3.140310528656203
2.751595388826309,-3.4484049584150123,3.140310528656203
2.651595471018515,-3.4482767459567802,3.140310528656203
2.5515955532107206,-3.448148533498548,3.140310528656203
2.4515956354029265,-3.448020321040316,3.140310528656203
2.3515957175951323,-3.447892108582084,3.140310528656203
2.251595799787338,-3.447763896123852,3.140310528656203
2.151595881979544,-3.44763568366562,3.140310528656203
2.05159596417175,-3.447507471207388,3.140310528656203
1.951596046363956,-3.447379258749156,3.140310528656203
1.851596128556162,-3.447251046290924,3.140310528656203
1.751596210748368,-3.447122833832692,3.140310528656203
1.651596292940574,-3.44699462137446,3.140310528656203
1.5515963751327801,-3.446866408916228,3.140310528656203
1.4515964573249862,-3.446738196457996,3.140310528656203
1.3515965395171923,-3.446609983999764,3.140310528656203
1.2515966217093983,-3.446481771541532,3.140310528656203
1.1515967039016044,-3.4463535590833,3.140310528656203
1.0515967860938105,-3.446225346625068,3.140310528656203
0.9515968682860165,-3.446097134166836,3.140310528656203
0.8515969504782226,-3.445968921708604,3.140310528656203
0.7515970326704287,-3.445840709250372,3.140310528656203
0.6515971148626347,-3.4457124967921398,3.140310528656203
0.5515971970548408,-3.4455842843339077,3.140310528656203
0.4515972792470468,-3.4454560718756757,3.140310528656203
0.3515973614392528,-3.4453278594174437,3.140310528656203
0.2515974436314588,-3.4451996469592117,3.140310528656203
0.1515975258236648,-3.4450714345009796,3.140310528656203
0.05159760801587082,-3.4449432220427476,3.140310528656203
-0.04840230979192317,-3.4448150095845156,3.140310528656203
-0.14840222759971716,-3.4446867971262836,3.140310528656203
-0.24840214540751115,-3.4445585846680515,3.140310528656203
-0.34840206321530515,-3.4444303722098195,3.140310528656203
-0.44840198102309914,-3.4443021597515875,3.140310528656203
-0.5484018988308932,-3.4441739472933555,3.140310528656203
-0.6484018166386871,-3.4440457348351234,3.140310528656203
-0.7484017344464811,-3.4439175223768914,3.140310528656203
-0.848401652254275,-3.4437893099186594,3.140310528656203
-0.9484015700620689,-3.4436610974604274,3.140310528656203
-1.0484014878698629,-3.4435328850021953,3.140310528656203
-1.1484014056776568,-3.4434046725439633,3.140310528656203
-1.2484013234854507,-3.4432764600857313,3.140310528656203
-1.3484012412932447,-3.4431482476274993,3.140310528656203
-1.4484011591010386,-3.4430200351692672,3.140310528656203
-1.5484010769088326,-3.442891822711035,3.140310528656203
-1.6484009947166265,-3.442763610252803,3.140310528656203
-1.7484009125244204,-3.442635397794571,3.140310528656203
-1.8484008303322144,-3.442507185336339,3.140310528656203
-1.9484007481400083,-3.442378972878107,3.140310528656203
-2.0484006659478022,-3.442250760419875,3.140310528656203
-2.1484005837555964,-3.442122547961643,3.140310528656203
-2.2484005015633906,-3.441994335503411,3.140310528656203
-2.3484004193711847,-3.441866123045179,3.140310528656203
-2.448400337178979,-3.441737910586947,3.140310528656203
-2.548400254986773,-3.441609698128715,3.140310528656203
-2.648400172794567,-3.441481485670483,3.140310528656203
-2.7484000906023613,-3.441353273212251,3.140310528656203
-2.8484000084101555,-3.441225060754019,3.140310528656203
-2.9483999262179497,-3.441096848295787,3.140310528656203
-3.048399844025744,-3.440968635837555,3.140310528656203
-3.148399761833538,-3.440840423379323,3.140310528656203
-3.248399679641332,-3.440712210921091,3.140310528656203
-3.3483995974491263,-3.440583998462859,3.140310528656203
-3.4483995152569205,-3.4404557860046268,3.140310528656203
-3.5483994330647146,-3.4403275735463947,3.140310528656203
-3.6483993508725088,-3.4401993610881627,3.140310528656203
-3.748399268680303,-3.4400711486299307,3.140310528656203
-3.848399186488097,-3.4399429361716987,3.140310528656203
-3.9483991042958912,-3.4398147237134666,3.140310528656203
-4.048399022103685,-3.4396865112552346,3.140310528656203
-4.148398939911479,-3.4395582987970026,3.140310528656203
-4.248398857719272,-3.4394300863387706,3.140310528656203
-4.348398775527066,-3.4393018738805385,3.140310528656203
-4.44839869333486,-3.4391736614223065,3.140310528656203
-4.5483986111426535,-3.4390454489640745,3.140310528656203
-4.648398528950447,-3.4389172365058425,3.140310528656203
-4.748398446758241,-3.4387890240476104,3.140310528656203
-4.848398364566035,-3.4386608115893784,3.140310528656203
-4.948398282373828,-3.4385325991311464,3.140310528656203
-5.048398200181622,-3.4384043866729144,3.140310528656203
-5.148398117989416,-3.4382761742146823,3.140310528656203
-5.2483980357972095,-3.4381479617564503,3.140310528656203
-5.348397953605003,-3.4380197492982183,3.140310528656203
-5.448397871412797,-3.4378915368399863,3.140310528656203
-5.548397789220591,-3.4377633243817542,3.140310528656203
-5.648397707028384,-3.4376351119235222,3.140310528656203
-5.748397624836178,-3.43750689946529,3.140310528656203
-5.848397542643972,-3.437378687007058,3.140310528656203
-5.9483974604517655,-3.437250474548826,3.140310528656203
-6.048397378259559,-3.437122262090594,3.140310528656203
-6.148397296067353,-3.436994049632362,3.140310528656203
-6.248397213875147,-3.43686583717413,3.140310528656203
-6.34839713168294,-3.436737624715898,3.140310528656203
-6.448397049490734,-3.436609412257666,3.140310528656203
-6.548396967298528,-3.436481199799434,3.140310528656203
-6.6483968851063215,-3.436352987341202,3.140310528656203
-6.748396802914115,-3.43622477488297,3.140310528656203
-6.848396720721909,-3.436096562424738,3.140310528656203
-6.948396638529703,-3.435968349966506,3.140310528656203
-7.048396556337496,-3.435840137508274,3.140310528656203
-7.14839647414529,-3.435711925050042,3.140310528656203
-7.248396391953084,-3.43558371259181,3.140310528656203
-7.3483963097608775,-3.435455500133578,3.140310528656203
-7.448396227568671,-3.435327287675346,3.140310528656203
-7.548396145376465,-3.4351990752171138,3.140310528656203
-7.648396063184259,-3.4350708627588817,3.140310528656203
-7.748395980992052,-3.4349426503006497,3.140310528656203
-7.848395898799846,-3.4348144378424177,3.140310528656203
-7.94839581660764,-3.4346862253841857,3.140310528656203
-8.048395734415434,-3.4345580129259536,3.140310528656203
-8.148395652223229,-3.4344298004677216,3.140310528656203
-8.248395570031024,-3.4343015880094896,3.140310528656203
-8.348395487838818,-3.4341733755512576,3.140310528656203
-8.448395405646613,-3.4340451630930255,3.140310528656203
-8.548395323454407,-3.4339169506347935,3.140310528656203
-8.648395241262202,-3.4337887381765615,3.140310528656203
-8.748395159069997,-3.4336605257183295,3.140310528656203
-8.848395076877791,-3.4335323132600974,3.140310528656203
-8.948394994685586,-3.4334041008018654,3.140310528656203
-9.04839491249338,-3.4332758883436334,3.140310528656203
-9.148394830301175,-3.4331476758854014,3.140310528656203
-9.24839474810897,-3.4330194634271693,3.140310528656203
-9.348394665916764,-3.4328912509689373,3.140310528656203
-9.348394665916764,-3.4328912509689373,2.9832308959767135
-9.348394665916764,-3.4328912509689373,2.8418592265651728
-9.348394665916764,-3.4328912509689373,2.714624724094786
-9.348394665916764,-3.4328912509689373,2.600113671871438
-9.348394665916764,-3.4328912509689373,2.48560261964809
-9.348394665916764,-3.4328912509689373,2.3710915674247417
-9.348394665916764,-3.4328912509689373,2.256580515201394
-9.348394665916764,-3.4328912509689373,2.187873883867385
-9.348394665916764,-3.4328912509689373,2.126037915666777
-9.348394665916764,-3.4328912509689373,2.07038554428623
-9.348394665916764,-3.4328912509689373,2.0202984100437376
-9.348394665916764,-3.4328912509689373,1.9752199892254945
-9.348394665916764,-3.4328912509689373,1.9346494104890752
-9.348394665916764,-3.4328912509689373,1.8940788317526571
-9.348394665916764,-3.4328912509689373,1.861622368763522
-9.348394665916764,-3.4328912509689373,1.8324115520733009
-9.348394665916764,-3.4328912509689373,1.8032007353830786
-9.348394665916764,-3.4328912509689373,1.7769110003618793
-9.348394665916764,-3.4328912509689373,1.7561713205118217
-9.348394665916764,-3.4328912509689373,1.7354316406617656
-9.348394665916764,-3.4328912509689373,1.7188398967817193
-9.348394665916764,-3.4328912509689373,1.702248152901673
-9.348394665916764,-3.4328912509689373,1.6889747577976366
-9.348394665916764,-3.4328912509689373,1.6770287022040034
-9.348394665916764,-3.4328912509689373,1.6662772521697342
-9.348394665916764,-3.4328912509689373,1.6566009471388912
-9.348394665916764,-3.4328912509689373,1.6469246421080483
-9.348394665916764,-3.4328912509689373,1.6372483370772055
-9.348394665916764,-3.4328912509689373,1.6304749235556155
-9.348394665916764,-3.4328912509689373,1.6243788513861852
-9.348394665916764,-3.4328912509689373,1.6182827792167538
-9.348394665916764,-3.4328912509689373,1.613405921481209
-9.348394665916764,-3.4328912509689373,1.6090167495192187
-9.348394665916764,-3.4328912509689373,1.6046275775572285
-9.348394665916764,-3.4328912509689373,1.601116239987636
-9.348394665916764,-3.4328912509689373,1.5979560361750036
-9.348394665916764,-3.4328912509689373,1.595111852743634
-9.348394665916764,-3.4328912509689373,1.5925520876554013
-9.348394665916764,-3.4328912509689373,1.5902482990759919
-9.348394665916764,-3.4328912509689373,1.5881748893545238
-9.348394665916764,-3.4328912509689373,1.5863088206052012
-9.348394665916764,-3.4328912509689373,1.5846293587308122
-9.348394665916764,-3.4328912509689373,1.5831178430438613
-9.348394665916764,-3.4328912509689373,1.5817574789256064
-9.348394665916764,-3.4328912509689373,1.5805331512191763
-9.348394665916764,-3.4328912509689373,1.5794312562833897
-9.348394665916764,-3.4328912509689373,1.5784395508411813
-9.348394665916764,-3.4328912509689373,1.5774478453989726
-9.348394665916764,-3.4328912509689373,1.5766544810452061
-9.348394665916764,-3.4328912509689373,1.5759404531268157
-9.348394665916764,-3.4328912509689373,1.5752978280002652
-9.348394665916764,-3.4328912509689373,1.5747194653863694
-9.348394665916764,-3.4328912509689373,1.5741411027724739
-9.348394665916764,-3.4328912509689373,1.573562740158578
-9.348394665916764,-3.4328912509689373,1.573157886328851
-9.348394665916764,-3.4328912509689373,1.572793517882096
-9.348394665916764,-3.4328912509689373,1.5724655862800172
-9.348394665916764,-3.4328912509689373,1.572137654677938
-9.348394665916764,-3.4328912509689373,1.5718753093962747
-9.348394665916764,-3.4328912509689373,1.571639198642778
-9.348394665916764,-3.4328912509689373,1.5714266989646313
-9.348394665916764,-3.4328912509689373,1.5712354492542993
-9.348394665916764,-3.4328912509689373,1.5710633245149999
-9.348394665916764,-3.4328912509689373,1.5709084122496304
-9.348394665916764,-3.4328912509689373,1.570768991210798
-9.348394665916764,-3.4328912509689373,1.5706295701719655
-9.348394665916764,-3.4328912509689373,1.570504091237016
-9.348380054139078,-3.3828912531039776,1.570504091237016
-9.348365442361391,-3.332891255239018,1.570504091237016
-9.348353752939243,-3.2928912569470503,1.570504091237016
-9.348342063517094,-3.2528912586550827,1.570504091237016
-9.348332711979376,-3.2208912600215087,1.570504091237016
-9.348323360441658,-3.1888912613879348,1.570504091237016
-9.348315879211482,-3.1632912624810756,1.570504091237016
-9.348308397981306,-3.1376912635742165,1.570504091237016
-9.348302412997166,-3.117211264448729,1.570504091237016
-9.348296428013025,-3.0967312653232413,1.570504091237016
-9.348291640025714,-3.0803472660228515,1.570504091237016
-9.348286852038402,-3.0639632667224617,1.570504091237016
-9.348283021648554,-3.0508560672821496,1.570504091237016
-9.348279191258705,-3.0377488678418376,1.570504091237016
-9.348276126946825,-3.027263108289588,1.570504091237016
-9.348273062634945,-3.0167773487373384,1.570504091237016
-9.348270611185441,-3.0083887410955388,1.570504091237016
-9.348268159735937,-3.000000133453739,1.570504091237016
-9.348266198576335,-2.9932892473402997,1.570504091237016
-9.348264237416732,-2.98657836122686,1.570504091237016
-9.348262668489049,-2.9812096523361085,1.570504091237016
-9.348261099561366,-2.9758409434453568,1.570504091237016
-9.34825984441922,-2.9715459763327554,1.570504091237016
-9.348258589277073,-2.967251009220154,1.570504091237016
-9.348257585163356,-2.963815035530073,1.570504091237016
-9.34825658104964,-2.960379061839992,1.570504091237016
-9.348255777758666,-2.957630282887927,1.570504091237016
-9.348254974467693,-2.954881503935862,1.570504091237016
-9.348254251505818,-2.952407602879003,1.570504091237016
-9.348253528543943,-2.9499337018221445,1.570504091237016
-9.348253030503539,-2.9482294588718645,1.570504091237016
-9.348252532463135,-2.9465252159215845,1.570504091237016
-9.348252084226772,-2.944991397266332,1.570504091237016
-9.348251635990408,-2.94345757861108,1.570504091237016
-9.348251327205357,-2.942400947981906,1.570504091237016
-9.348251018420306,-2.941344317352732,1.570504091237016
-9.348250726184753,-2.9403443173954327,1.570504091237016
-9.3482504339492,-2.9393443174381333,1.570504091237016
-9.348250141713647,-2.938344317480834,1.570504091237016
-9.348249849478094,-2.9373443175235345,1.570504091237016
-9.348249557242541,-2.936344317566235,1.570504091237016
-9.348249557242541,-2.936344317566235,1.7275837239165062
-9.348249557242541,-2.936344317566235,1.8846633565959958
-9.348249557242541,-2.936344317566235,2.0417429892754857
-9.348249557242541,-2.936344317566235,2.1988226219549754
-9.348249557242541,-2.936344317566235,2.3559022546344646
-9.348249557242541,-2.936344317566235,2.512981887313954
-9.348249557242541,-2.936344317566235,2.670061519993444
-9.348249557242541,-2.936344317566235,2.8271411526729335
-9.348249557242541,-2.936344317566235,2.984220785352423
-9.348249557242541,-2.936344317566235,3.141300418031913
-9.348249557242541,-2.936344317566235,-2.9848052564681837
-9.348249557242541,-2.936344317566235,-2.827725623788694
-9.348249557242541,-2.936344317566235,-2.6706459911092044
-9.348249557242541,-2.936344317566235,-2.513566358429715
-9.348249557242541,-2.936344317566235,-2.3564867257502256
-9.348249557242541,-2.936344317566235,-2.199407093070736
-9.348249557242541,-2.936344317566235,-2.0423274603912462
-9.348249557242541,-2.936344317566235,-1.8852478277117557
-9.348249557242541,-2.936344317566235,-1.7281681950322665
-9.348249557242541,-2.936344317566235,-1.5710885623527775
-9.348249557242541,-2.936344317566235,-1.414008929673287
-9.348249557242541,-2.936344317566235,-1.2726372602617466
-9.348249557242541,-2.936344317566235,-1.1454027577913597
-9.348249557242541,-2.936344317566235,-1.030891705568012
-9.348249557242541,-2.936344317566235,-0.927831758566999
-9.348249557242541,-2.936344317566235,-0.8350778062660869
-9.348249557242541,-2.936344317566235,-0.751599249195266
-9.348249557242541,-2.936344317566235,-0.6764685478315275
-9.348249557242541,-2.936344317566235,-0.6088509166041628
-9.348249557242541,-2.936344317566235,-0.5412332853767982
-9.348249557242541,-2.936344317566235,-0.4871391803949063
-9.348249557242541,-2.936344317566235,-0.4384544859112036
-9.348249557242541,-2.936344317566235,-0.3946382608758714
-9.348249557242541,-2.936344317566235,-0.3552036583440722
-9.348249557242541,-2.936344317566235,-0.31971251606545315
-9.348249557242541,-2.936344317566235,-0.28777048801469574
-9.348249557242541,-2.936344317566235,-0.25582845996393844
-9.348249557242541,-2.936344317566235,-0.23027483752333264
-9.348249557242541,-2.936344317566235,-0.20727657732678734
-9.348249557242541,-2.936344317566235,-0.1865781431498966
-9.348249557242541,-2.936344317566235,-0.16794955239069492
-9.348249557242541,-2.936344317566235,-0.15118382070741346
-9.348249557242541,-2.936344317566235,-0.13609466219246014
-9.348249557242541,-2.936344317566235,-0.1225144195290021
-9.348249557242541,-2.936344317566235,-0.11029220113188987
-9.348249557242541,-2.936344317566235,-0.09806998273477767
-9.348249557242541,-2.936344317566235,-0.08706998617737674
-9.348249557242541,-2.936344317566235,-0.07839221111542714
-9.348249557242541,-2.936344317566235,-0.07058221355967238
-9.348249557242541,-2.936344317566235,-0.06355321575949315
-9.348249557242541,-2.936344317566235,-0.056524217959313894
-9.348249557242541,-2.936344317566235,-0.050901019719170514
-9.348249557242541,-2.936344317566235,-0.045277821479027154
-9.348249557242541,-2.936344317566235,-0.04077926288691245
-9.348249557242541,-2.936344317566235,-0.036730560154009176
-9.348249557242541,-2.936344317566235,-0.03308672769439626
-9.348249557242541,-2.936344317566235,-0.029807278480744635
-9.348249557242541,-2.936344317566235,-0.026527829267093014
-9.348249557242541,-2.936344317566235,-0.023904269896171716
-9.348249557242541,-2.936344317566235,-0.021543066462342598
-9.348249557242541,-2.936344317566235,-0.01941798337189634
-9.348249557242541,-2.936344317566235,-0.017505408590494684
-9.348249557242541,-2.936344317566235,-0.01578409128723319
-9.348249557242541,-2.936344317566235,-0.0140627739839717
-9.348249557242541,-2.936344317566235,-0.012513588411036402
-9.348249557242541,-2.936344317566235,-0.011136534568427205
-9.348249557242541,-2.936344317566235,-0.0100521046673725
-9.348249557242541,-2.936344317566235,-0.009076117756423257
-9.348249557242541,-2.936344317566235,-0.008197729536568903
-9.348249557242541,-2.936344317566235,-0.007407180138699999
-9.348249557242541,-2.936344317566235,-0.006616630740831092
-9.348249557242541,-2.936344317566235,-0.005984191222536006
-9.348249557242541,-2.936344317566235,-0.00535175170424092
-9.348249557242541,-2.936344317566235,-0.004719312185945837
-9.348249557242541,-2.936344317566235,-0.004086872667650752
-9.348249557242541,-2.936344317566235,-0.0034544331493556665
-9.348249557242541,-2.936344317566235,-0.0031382133902081236
-9.348249557242541,-2.936344317566235,-0.0028219936310605823
-9.348249557242541,-2.936344317566235,-0.0025690178237425666
-9.348249557242541,-2.936344317566235,-0.0023413395971563443
-9.348249557242541,-2.936344317566235,-0.0021364291932287243
-9.348249557242541,-2.936344317566235,-0.0019520098296939156
-9.348249557242541,-2.936344317566235,-0.0017860324025124987
-9.348249557242541,-2.936344317566235,-0.0016366527180492424
-9.348249557242541,-2.936344317566235,-0.0014872730335859876
-9.348249557242541,-2.936344317566235,-0.0013677692860154021
-9.348249557242541,-2.936344317566235,-0.0012602159132018868
-9.248249636649739,-2.9364703391241984,-0.0012602159132018868
-9.148249716056936,-2.9365963606821617,-0.0012602159132018868
-9.048249795464134,-2.936722382240125,-0.0012602159132018868
-8.948249874871331,-2.936848403798088,-0.0012602159132018868
-8.84824995427853,-2.9369744253560515,-0.0012602159132018868
-8.748250033685727,-2.9371004469140147,-0.0012602159132018868
-8.648250113092924,-2.937226468471978,-0.0012602159132018868
-8.548250192500122,-2.9373524900299413,-0.0012602159132018868
-8.44825027190732,-2.9374785115879045,-0.0012602159132018868
-8.348250351314517,-2.937604533145868,-0.0012602159132018868
-8.248250430721715,-2.937730554703831,-0.0012602159132018868
-8.148250510128912,-2.9378565762617943,-0.0012602159132018868
-8.04825058953611,-2.9379825978197576,-0.0012602159132018868
-7.948250668943307,-2.938108619377721,-0.0012602159132018868
-7.8482507483505035,-2.938234640935684,-0.0012602159132018868
-7.7482508277577,-2.9383606624936474,-0.0012602159132018868
-7.648250907164897,-2.9384866840516106,-0.0012602159132018868
-7.548250986572094,-2.938612705609574,-0.0012602159132018868
-7.44825106597929,-2.938738727167537,-0.0012602159132018868
-7.348251145386487,-2.9388647487255004,-0.0012602159132018868
-7.248251224793684,-2.9389907702834637,-0.0012602159132018868
-7.148251304200881,-2.939116791841427,-0.0012602159132018868
-7.048251383608077,-2.93924281339939,-0.0012602159132018868
-6.948251463015274,-2.9393688349573535,-0.0012602159132018868
-6.848251542422471,-2.9394948565153167,-0.0012602159132018868
-6.7482516218296675,-2.93962087807328,-0.0012602159132018868
-6.648251701236864,-2.9397468996312432,-0.0012602159132018868
-6.548251780644061,-2.9398729211892065,-0.0012602159132018868
-6.448251860051258,-2.9399989427471698,-0.0012602159132018868
-6.3482519394584545,-2.940124964305133,-0.0012602159132018868
-6.248252018865651,-2.9402509858630963,-0.0012602159132018868
-6.148252098272848,-2.9403770074210596,-0.0012602159132018868
-6.048252177680045,-2.940503028979023,-0.0012602159132018868
-5.948252257087241,-2.940629050536986,-0.0012602159132018868
-5.848252336494438,-2.9407550720949494,-0.0012602159132018868
-5.748252415901635,-2.9408810936529126,-0.0012602159132018868
-5.6482524953088316,-2.941007115210876,-0.0012602159132018868
-5.548252574716028,-2.941133136768839,-0.0012602159132018868
-5.448252654123225,-2.9412591583268024,-0.0012602159132018868
-5.348252733530422,-2.9413851798847657,-0.0012602159132018868
-5.2482528129376185,-2.941511201442729,-0.0012602159132018868
-5.148252892344815,-2.941637223000692,-0.0012602159132018868
-5.048252971752012,-2.9417632445586555,-0.0012602159132018868
-4.948253051159209,-2.9418892661166187,-0.0012602159132018868
-4.848253130566405,-2.942015287674582,-0.0012602159132018868
-4.748253209973602,-2.9421413092325452,-0.0012602159132018868
-4.648253289380799,-2.9422673307905085,-0.0012602159132018868
-4.548253368787996,-2.9423933523484718,-0.0012602159132018868
-4.448253448195192,-2.942519373906435,-0.0012602159132018868
-4.348253527602389,-2.9426453954643983,-0.0012602159132018868
-4.248253607009586,-2.9427714170223616,-0.0012602159132018868
-4.1482536864167825,-2.942897438580325,-0.0012602159132018868
-4.048253765823979,-2.943023460138288,-0.0012602159132018868
-3.948253845231176,-2.9431494816962513,-0.0012602159132018868
-3.8482539246383727,-2.9432755032542146,-0.0012602159132018868
-3.7482540040455694,-2.943401524812178,-0.0012602159132018868
-3.648254083452766,-2.943527546370141,-0.0012602159132018868
-3.548254162859963,-2.9436535679281044,-0.0012602159132018868
-3.4482542422671596,-2.9437795894860677,-0.0012602159132018868
-3.3482543216743563,-2.943905611044031,-0.0012602159132018868
-3.248254401081553,-2.944031632601994,-0.0012602159132018868
-3.14825448048875,-2.9441576541599574,-0.0012602159132018868
-3.0482545598959465,-2.9442836757179207,-0.0012602159132018868
-2.9482546393031432,-2.944409697275884,-0.0012602159132018868
-2.84825471871034,-2.9445357188338472,-0.0012602159132018868
-2.7482547981175367,-2.9446617403918105,-0.0012602159132018868
-2.6482548775247334,-2.9447877619497738,-0.0012602159132018868
-2.54825495693193,-2.944913783507737,-0.0012602159132018868
-2.448255036339127,-2.9450398050657003,-0.0012602159132018868
-2.3482551157463236,-2.9451658266236636,-0.0012602159132018868
-2.2482551951535203,-2.945291848181627,-0.0012602159132018868
-2.148255274560717,-2.94541786973959,-0.0012602159132018868
-2.048255353967914,-2.9455438912975533,-0.0012602159132018868
-1.9482554333751108,-2.9456699128555166,-0.0012602159132018868
-1.8482555127823077,-2.94579593441348,-0.0012602159132018868
-1.7482555921895047,-2.945921955971443,-0.0012602159132018868
-1.6482556715967016,-2.9460479775294064,-0.0012602159132018868
-1.5482557510038986,-2.9461739990873697,-0.0012602159132018868
-1.4482558304110955,-2.946300020645333,-0.0012602159132018868
-1.3482559098182925,-2.946426042203296,-0.0012602159132018868
-1.2482559892254894,-2.9465520637612594,-0.0012602159132018868
-1.1482560686326864,-2.9466780853192227,-0.0012602159132018868
-1.0482561480398833,-2.946804106877186,-0.0012602159132018868
-0.9482562274470802,-2.9469301284351492,-0.0012602159132018868
-0.848256306854277,-2.9470561499931125,-0.0012602159132018868
-0.7482563862614738,-2.9471821715510758,-0.0012602159132018868
-0.6482564656686707,-2.947308193109039,-0.0012602159132018868
-0.5482565450758675,-2.9474342146670023,-0.0012602159132018868
-0.4482566244830644,-2.9475602362249655,-0.0012602159132018868
-0.3482567038902613,-2.947686257782929,-0.0012602159132018868
-0.2482567832974582,-2.947812279340892,-0.0012602159132018868
-0.1482568627046551,-2.9479383008988553,-0.0012602159132018868
-0.04825694211185198,-2.9480643224568186,-0.0012602159132018868
0.051742978480951135,-2.948190344014782,-0.0012602159132018868
0.15174289907375427,-2.948316365572745,-0.0012602159132018868
0.25174281966655737,-2.9484423871307084,-0.0012602159132018868
0.3517427402593605,-2.9485684086886716,-0.0012602159132018868
0.4517426608521636,-2.948694430246635,-0.0012602159132018868
0.5517425814449667,-2.948820451804598,-0.0012602159132018868
0.6517425020377698,-2.9489464733625614,-0.0012602159132018868
0.751742422630573,-2.9490724949205247,-0.0012602159132018868
0.8517423432233762,-2.949198516478488,-0.0012602159132018868
0.9517422638161793,-2.9493245380364512,-0.0012602159132018868
1.0517421844089825,-2.9494505595944145,-0.0012602159132018868
1.1517421050017855,-2.9495765811523778,-0.0012602159132018868
1.2517420255945886,-2.949702602710341,-0.0012602159132018868
1.3517419461873916,-2.9498286242683043,-0.0012602159132018868
1.4517418667801947,-2.9499546458262675,-0.0012602159132018868
1.5517417873729977,-2.950080667384231,-0.0012602159132018868
1.6517417079658008,-2.950206688942194,-0.0012602159132018868
1.7517416285586038,-2.9503327105001573,-0.0012602159132018868
1.8517415491514069,-2.9504587320581206,-0.0012602159132018868
1.95174146974421,-2.950584753616084,-0.0012602159132018868
2.051741390337013,-2.950710775174047,-0.0012602159132018868
2.1517413109298165,-2.9508367967320104,-0.0012602159132018868
2.2517412315226197,-2.9509628182899736,-0.0012602159132018868
2.351741152115423,-2.951088839847937,-0.0012602159132018868
2.4517410727082263,-2.9512148614059,-0.0012602159132018868
2.5517409933010295,-2.9513408829638634,-0.0012602159132018868
2.651740913893833,-2.9514669045218267,-0.0012602159132018868
2.751740834486636,-2.95159292607979,-0.0012602159132018868
2.751740834486636,-2.95159292607979,-0.15833984859269154
2.751740834486636,-2.95159292607979,-0.3154194812721813
2.751740834486636,-2.95159292607979,-0.4724991139516708
2.751740834486636,-2.95159292607979,-0.6295787466311606
2.751740834486636,-2.95159292607979,-0.7866583793106503
2.751740834486636,-2.95159292607979,-0.9437380119901401
2.751740834486636,-2.95159292607979,-1.1008176446696296
2.751740834486636,-2.95159292607979,-1.257897277349119
2.751740834486636,-2.95159292607979,-1.414976910028609
2.751740834486636,-2.95159292607979,-1.572056542708099
2.751740834486636,-2.95159292607979,-1.7291361753875887
2.751740834486636,-2.95159292607979,-1.8862158080670781
2.751740834486636,-2.95159292607979,-2.0432954407465678
2.751740834486636,-2.95159292607979,-2.2003750734260565
2.751740834486636,-2.95159292607979,-2.357454706105547
2.751740834486636,-2.95159292607979,-2.5145343387850363
2.751740834486636,-2.95159292607979,-2.671613971464526
2.751740834486636,-2.95159292607979,-2.8286936041440156
2.751740834486636,-2.95159292607979,-2.9857732368235053
2.751740834486636,-2.95159292607979,3.1403324376765913
2.751740834486636,-2.95159292607979,2.9832528049971017
2.751740834486636,-2.95159292607979,2.826173172317612
2.751740834486636,-2.95159292607979,2.6848015029060712
2.751740834486636,-2.95159292607979,2.5732749637036334
2.751740834486636,-2.95159292607979,2.4617484245011956
2.751740834486636,-2.95159292607979,2.3613745392190015
2.751740834486636,-2.95159292607979,2.2721533078570513
2.751740834486636,-2.95159292607979,2.182932076495101
2.751740834486636,-2.95159292607979,2.1126703567975658
2.751740834486636,-2.95159292607979,2.0583569322059776
2.751740834486636,-2.95159292607979,2.00947485007355
2.751740834486636,-2.95159292607979,1.9605927679411217
2.751740834486636,-2.95159292607979,1.921487102235179
2.751740834486636,-2.95159292607979,1.882381436529236
2.751740834486636,-2.95159292607979,1.8471863373938877
2.751740834486636,-2.95159292607979,1.8159018048291338
2.751740834486636,-2.95159292607979,1.7881367821779142
2.751740834486636,-2.95159292607979,1.7635002127831703
2.751740834486636,-2.95159292607979,1.7441038025930227
2.751740834486636,-2.95159292607979,1.7266470334218897
2.751740834486636,-2.95159292607979,1.7091902642507573
2.751740834486636,-2.95159292607979,1.6952248489138504
2.751740834486636,-2.95159292607979,1.6826559751106351
2.751740834486636,-2.95159292607979,1.6713439886877408
2.751740834486636,-2.95159292607979,1.6611632009071362
2.751740834486636,-2.95159292607979,1.6520004919045925
2.751740834486636,-2.95159292607979,1.6437540538023028
2.751740834486636,-2.95159292607979,1.6355076157000128
2.751740834486636,-2.95159292607979,1.6289104652181812
2.751740834486636,-2.95159292607979,1.6229730297845324
2.751740834486636,-2.95159292607979,1.6176293378942488
2.751740834486636,-2.95159292607979,1.612820015192993
2.751740834486636,-2.95159292607979,1.6084916247618635
2.751740834486636,-2.95159292607979,1.6045960733738471
2.751740834486636,-2.95159292607979,1.6010900771246317
2.751740834486636,-2.95159292607979,1.597934680500338
2.751740834486636,-2.95159292607979,1.594779283876044
2.751740834486636,-2.95159292607979,1.5922549665766095
2.751740834486636,-2.95159292607979,1.589983081007118
2.751740834486636,-2.95159292607979,1.5877111954376266
2.751740834486636,-2.95159292607979,1.5858936869820335
2.751740834486636,-2.95159292607979,1.5840761785264403
2.751740834486636,-2.95159292607979,1.5826221717619655
2.751740834486636,-2.95159292607979,1.581313565673938
2.751740834486636,-2.95159292607979,1.5801358201947142
2.751740834486636,-2.95159292607979,1.579075849263412
2.751740834486636,-2.95159292607979,1.5781218754252404
2.751740834486636,-2.95159292607979,1.5772632989708857
2.751740834486636,-2.95159292607979,1.576490580161967
2.751740834486636,-2.95159292607979,1.5757951332339397
2.751740834486636,-2.95159292607979,1.5751692309987153
2.751740834486636,-2.95159292607979,1.574543328763491
2.751740834486636,-2.95159292607979,1.574042606975311
2.751740834486636,-2.95159292607979,1.5735919573659494
2.751740834486636,-2.95159292607979,1.5731863727175246
2.751740834486636,-2.95159292607979,1.572821346533941
2.751740834486636,-2.95159292607979,1.5724928229687165
2.751740834486636,-2.95159292607979,1.572197151760014
2.751740834486636,-2.95159292607979,1.5719310476721824
2.751740834486636,-2.95159292607979,1.5716915539931335
2.751740834486636,-2.95159292607979,1.5714760096819897
2.751740834486636,-2.95159292607979,1.5712820198019601
2.751740834486636,-2.95159292607979,1.5711074289099336
2.751740834486636,-2.95159292607979,1.57095029710711
2.751740834486636,-2.95159292607979,1.570808878484568
2.751740834486636,-2.95159292607979,1.5706816017242813
2.751740834486636,-2.95159292607979,1.570567052640022
2.751740834486636,-2.95159292607979,1.5704639584641895
2.7517574529028654,-2.9015929288415077,1.5704639584641895
2.751772409477472,-2.8565929313270537,1.5704639584641895
2.751787366052078,-2.8115929338126,1.5704639584641895
2.7517993313117635,-2.7755929358010363,1.5704639584641895
2.7518112965714487,-2.7395929377894728,1.5704639584641895
2.751820868779197,-2.710792939380222,1.5704639584641895
2.751830440986945,-2.6819929409709715,1.5704639584641895
2.7518380987531437,-2.658952942243571,1.5704639584641895
2.751845756519342,-2.6359129435161703,1.5704639584641895
2.751851882732301,-2.61748094453425,1.5704639584641895
2.7518580089452596,-2.5990489455523296,1.5704639584641895
2.7518629099156264,-2.5843033463667933,1.5704639584641895
2.7518678108859933,-2.569557747181257,1.5704639584641895
2.751871731662287,-2.557761267832828,1.5704639584641895
2.751875652438581,-2.545964788484399,1.5704639584641895
2.751878789059616,-2.5365276050056558,1.5704639584641895
2.751881925680651,-2.5270904215269123,1.5704639584641895
2.751884434977479,-2.5195406747439177,1.5704639584641895
2.751886944274307,-2.511990927960923,1.5704639584641895
2.7518889517117695,-2.5059511305345277,1.5704639584641895
2.751890959149232,-2.499911333108132,1.5704639584641895
2.751892565099202,-2.4950794951670154,1.5704639584641895
2.7518941710491718,-2.4902476572258987,1.5704639584641895
2.7518954558091475,-2.4863821868730054,1.5704639584641895
2.7518967405691233,-2.482516716520112,1.5704639584641895
2.7518978968531016,-2.479037793202508,1.5704639584641895
2.75189905313708,-2.475558869884904,1.5704639584641895
2.7519000809450604,-2.4724664936025893,1.5704639584641895
2.751901108753041,-2.4693741173202746,1.5704639584641895
2.7519016997426298,-2.467596000957944,1.5704639584641895
2.7519022907322186,-2.465817884595613,1.5704639584641895
2.7519027635238897,-2.4643953915057484,1.5704639584641895
2.751903236315561,-2.4629728984158836,1.5704639584641895
2.751903614548898,-2.4618349039439917,1.5704639584641895
2.751903992782235,-2.4606969094721,1.5704639584641895
2.7519043331922384,-2.459672714447397,1.5704639584641895
2.7519046736022417,-2.4586485194226944,1.5704639584641895
2.751905005970566,-2.4576485194779285,1.5704639584641895
2.7519053383388905,-2.4566485195331627,1.5704639584641895
2.751905670707215,-2.455648519588397,1.5704639584641895
2.7519060030755393,-2.454648519643631,1.5704639584641895
2.7519060030755393,-2.454648519643631,1.7275435911436794
2.7519060030755393,-2.454648519643631,1.8689152605552202
2.7519060030755393,-2.454648519643631,1.9961497630256069
2.7519060030755393,-2.454648519643631,2.1106608152489548
2.7519060030755393,-2.454648519643631,2.2137207622499675
2.7519060030755393,-2.454648519643631,2.3064747145508795
2.7519060030755393,-2.454648519643631,2.3899532716217005
2.7519060030755393,-2.454648519643631,2.4734318286925205
2.7519060030755393,-2.454648519643631,2.556910385763341
2.7519060030755393,-2.454648519643631,2.6153453757129155
2.7519060030755393,-2.454648519643631,2.6679368666675325
2.7519060030755393,-2.454648519643631,2.7152692085266876
2.7519060030755393,-2.454648519643631,2.7578683161999273
2.7519060030755393,-2.454648519643631,2.796207513105843
2.7519060030755393,-2.454648519643631,2.8345467100117587
2.7519060030755393,-2.454648519643631,2.8652180675364916
2.7519060030755393,-2.454648519643631,2.8958894250612244
2.7519060030755393,-2.454648519643631,2.923493646833484
2.7519060030755393,-2.454648519643631,2.951097868605743
2.7519060030755393,-2.454648519643631,2.9701141102710773
2.7519060030755393,-2.454648519643631,2.987228727769878
2.7519060030755393,-2.454648519643631,3.002631883518799
2.7519060030755393,-2.454648519643631,3.01803503926772
2.7519060030755393,-2.454648519643631,3.0303575638668567
2.7519060030755393,-2.454648519643631,3.0426800884659935
2.7519060030755393,-2.454648519643631,3.0525381081453027
2.7519060030755393,-2.454648519643631,3.061410325856681
2.7519060030755393,-2.454648519643631,3.0702825435680596
2.7519060030755393,-2.454648519643631,3.077380317737162
2.7519060030755393,-2.454648519643631,3.0837683144893546
2.7519060030755393,-2.454648519643631,3.089517511566328
2.7519060030755393,-2.454648519643631,3.0946917889356036
2.7519060030755393,-2.454648519643631,3.099348638567952
2.7519060030755393,-2.454648519643631,3.1035398032370654
2.7519060030755393,-2.454648519643631,3.107730967906179
2.7519060030755393,-2.454648519643631,3.1110838996414696
2.7519060030755393,-2.454648519643631,3.114101538203231
2.7519060030755393,-2.454648519643631,3.1171191767649926
2.7519060030755393,-2.454648519643631,3.120136815326754
2.7519060030755393,-2.454648519643631,3.1222491623199873
2.7519060030755393,-2.454648519643631,3.124150274613897
2.7519060030755393,-2.454648519643631,3.125861275678416
2.7519060030755393,-2.454648519643631,3.127401176636483
2.7519060030755393,-2.454648519643631,3.12894107759455
2.7519060030755393,-2.454648519643631,3.130480978552617
2.7519060030755393,-2.454648519643631,3.1318668894148773
2.7519060030755393,-2.454648519643631,3.132806228999298
2.7519060030755393,-2.454648519643631,3.1336516346252767
2.7519060030755393,-2.454648519643631,3.1344124996886578
2.7519060030755393,-2.454648519643631,3.1350972782457007
2.7519060030755393,-2.454648519643631,3.1357820568027437
2.7519060030755393,-2.454648519643631,3.1364668353597867
2.7519060030755393,-2.454648519643631,3.1369461803497165
2.7519060030755393,-2.454648519643631,3.1374255253396464
2.7519060030755393,-2.454648519643631,3.1378090013315902
2.7519060030755393,-2.454648519643631,3.13815412972434
2.7519060030755393,-2.454648519643631,3.1384647452778145
2.7519060030755393,-2.454648519643631,3.138744299275942
2.7519060030755393,-2.454648519643631,3.139023853274069
2.7519060030755393,-2.454648519643631,3.1392474964725707
2.7519060030755393,-2.454648519643631,3.139448775351222
2.7519060030755393,-2.454648519643631,3.1396299263420087
2.7519060030755393,-2.454648519643631,3.139811077332795
2.7519060030755393,-2.454648519643631,3.1399741132245027
2.7519060030755393,-2.454648519643631,3.140102730427961
2.7519060030755393,-2.454648519643631,3.1402184859110736
2.7519060030755393,-2.454648519643631,3.140334241394186
2.6519060822555915,-2.454522678457284,3.140334241394186
2.5519061614356437,-2.454396837270937,3.140334241394186
2.451906240615696,-2.45427099608459,3.140334241394186
2.351906319795748,-2.454145154898243,3.140334241394186
2.2519063989758004,-2.454019313711896,3.140334241394186
2.1519064781558526,-2.4538934725255492,3.140334241394186
2.0519065573359048,-2.4537676313392023,3.140334241394186
1.951906636515957,-2.4536417901528553,3.140334241394186
1.8519067156960092,-2.4535159489665084,3.140334241394186
1.7519067948760614,-2.4533901077801614,3.140334241394186
1.6519068740561136,-2.4532642665938145,3.140334241394186
1.5519069532361658,-2.4531384254074675,3.140334241394186
1.451907032416218,-2.4530125842211206,3.140334241394186
1.3519071115962702,-2.4528867430347736,3.140334241394186
1.2519071907763224,-2.4527609018484267,3.140334241394186
1.1519072699563746,-2.4526350606620797,3.140334241394186
1.0519073491364268,-2.4525092194757327,3.140334241394186
0.951907428316479,-2.452383378289386,3.140334241394186
0.8519075074965312,-2.452257537103039,3.140334241394186
0.7519075866765834,-2.452131695916692,3.140334241394186
0.6519076658566356,-2.452005854730345,3.140334241394186
0.5519077450366878,-2.451880013543998,3.140334241394186
0.4519078242167401,-2.451754172357651,3.140334241394186
0.35190790339679234,-2.451628331171304,3.140334241394186
0.2519079825768446,-2.451502489984957,3.140334241394186
0.15190806175689686,-2.45137664879861,3.140334241394186
0.05190814093694911,-2.451250807612263,3.140334241394186
-0.04809177988299865,-2.4511249664259163,3.140334241394186
-0.14809170070294642,-2.4509991252395693,3.140334241394186
-0.24809162152289416,-2.4508732840532224,3.140334241394186
-0.3480915423428419,-2.4507474428668754,3.140334241394186
-0.44809146316278964,-2.4506216016805284,3.140334241394186
-0.5480913839827374,-2.4504957604941815,3.140334241394186
-0.6480913048026852,-2.4503699193078345,3.140334241394186
-0.748091225622633,-2.4502440781214876,3.140334241394186
-0.8480911464425808,-2.4501182369351406,3.140334241394186
-0.9480910672625286,-2.4499923957487937,3.140334241394186
-1.0480909880824762,-2.4498665545624467,3.140334241394186
-1.148090908902424,-2.4497407133760998,3.140334241394186
-1.2480908297223718,-2.449614872189753,3.140334241394186
-1.3480907505423196,-2.449489031003406,3.140334241394186
-1.4480906713622674,-2.449363189817059,3.140334241394186
-1.5480905921822152,-2.449237348630712,3.140334241394186
-1.648090513002163,-2.449111507444365,3.140334241394186
-1.7480904338221108,-2.448985666258018,3.140334241394186
-1.8480903546420586,-2.448859825071671,3.140334241394186
-1.9480902754620064,-2.448733983885324,3.140334241394186
-2.048090196281954,-2.448608142698977,3.140334241394186
-2.148090117101902,-2.4484823015126302,3.140334241394186
-2.2480900379218496,-2.4483564603262833,3.140334241394186
-2.3480899587417974,-2.4482306191399363,3.140334241394186
-2.448089879561745,-2.4481047779535894,3.140334241394186
-2.548089800381693,-2.4479789367672424,3.140334241394186
-2.6480897212016408,-2.4478530955808955,3.140334241394186
-2.7480896420215886,-2.4477272543945485,3.140334241394186
-2.8480895628415364,-2.4476014132082016,3.140334241394186
-2.948089483661484,-2.4474755720218546,3.140334241394186
-3.048089404481432,-2.4473497308355077,3.140334241394186
-3.1480893253013797,-2.4472238896491607,3.140334241394186
-3.2480892461213275,-2.4470980484628138,3.140334241394186
-3.3480891669412753,-2.446972207276467,3.140334241394186
-3.448089087761223,-2.44684636609012,3.140334241394186
-3.548089008581171,-2.446720524903773,3.140334241394186
-3.6480889294011187,-2.446594683717426,3.140334241394186
-3.7480888502210665,-2.446468842531079,3.140334241394186
-3.8480887710410143,-2.446343001344732,3.140334241394186
-3.948088691860962,-2.446217160158385,3.140334241394186
-4.0480886126809095,-2.446091318972038,3.140334241394186
-4.148088533500857,-2.445965477785691,3.140334241394186
-4.248088454320805,-2.4458396365993442,3.140334241394186
-4.348088375140753,-2.4457137954129973,3.140334241394186
-4.448088295960701,-2.4455879542266503,3.140334241394186
-4.5480882167806485,-2.4454621130403034,3.140334241394186
-4.648088137600596,-2.4453362718539564,3.140334241394186
-4.748088058420544,-2.4452104306676095,3.140334241394186
-4.848087979240492,-2.4450845894812625,3.140334241394186
-4.94808790006044,-2.4449587482949156,3.140334241394186
-5.048087820880387,-2.4448329071085686,3.140334241394186
-5.148087741700335,-2.4447070659222216,3.140334241394186
-5.248087662520283,-2.4445812247358747,3.140334241394186
-5.348087583340231,-2.4444553835495277,3.140334241394186
-5.448087504160179,-2.444329542363181,3.140334241394186
-5.548087424980126,-2.444203701176834,3.140334241394186
-5.648087345800074,-2.444077859990487,3.140334241394186
-5.748087266620022,-2.44395201880414,3.140334241394186
-5.84808718743997,-2.443826177617793,3.140334241394186
-5.948087108259918,-2.443700336431446,3.140334241394186
-6.048087029079865,-2.443574495245099,3.140334241394186
-6.148086949899813,-2.443448654058752,3.140334241394186
-6.248086870719761,-2.443322812872405,3.140334241394186
-6.348086791539709,-2.443196971686058,3.140334241394186
-6.448086712359657,-2.4430711304997113,3.140334241394186
-6.548086633179604,-2.4429452893133643,3.140334241394186
-6.648086553999552,-2.4428194481270173,3.140334241394186
-6.7480864748195,-2.4426936069406704,3.140334241394186
-6.848086395639448,-2.4425677657543234,3.140334241394186
-6.948086316459396,-2.4424419245679765,3.140334241394186
-7.048086237279343,-2.4423160833816295,3.140334241394186
-7.148086158099291,-2.4421902421952826,3.140334241394186
-7.248086078919239,-2.4420644010089356,3.140334241394186
-7.348085999739187,-2.4419385598225887,3.140334241394186
-7.4480859205591345,-2.4418127186362417,3.140334241394186
-7.548085841379082,-2.4416868774498948,3.140334241394186
-7.64808576219903,-2.441561036263548,3.140334241394186
-7.748085683018978,-2.441435195077201,3.140334241394186
-7.848085603838926,-2.441309353890854,3.140334241394186
-7.9480855246588735,-2.441183512704507,3.140334241394186
-8.04808544547882,-2.44105767151816,3.140334241394186
-8.148085366298767,-2.440931830331813,3.140334241394186
-8.248085287118714,-2.440805989145466,3.140334241394186
-8.348085207938661,-2.440680147959119,3.140334241394186
-8.448085128758608,-2.440554306772772,3.140334241394186
-8.548085049578555,-2.4404284655864252,3.140334241394186
-8.648084970398502,-2.4403026244000783,3.140334241394186
-8.748084891218449,-2.4401767832137313,3.140334241394186
-8.848084812038396,-2.4400509420273844,3.140334241394186
-8.948084732858343,-2.4399251008410374,3.140334241394186
-9.04808465367829,-2.4397992596546905,3.140334241394186
-9.148084574498236,-2.4396734184683435,3.140334241394186
-9.148084574498236,-2.4396734184683435,2.9832546087146965
-9.148084574498236,-2.4396734184683435,2.826174976035207
-9.148084574498236,-2.4396734184683435,2.700511269891615
-9.148084574498236,-2.4396734184683435,2.5874139343623823
-9.148084574498236,-2.4396734184683435,2.4856263323860732
-9.148084574498236,-2.4396734184683435,2.383838730409764
-9.148084574498236,-2.4396734184683435,2.2922298886310863
-9.148084574498236,-2.4396734184683435,2.2107998070500385
-9.148084574498236,-2.4396734184683435,2.138530609646859
-9.148084574498236,-2.4396734184683435,2.074404420401784
-9.148084574498236,-2.4396734184683435,2.023917769821534
-9.148084574498236,-2.4396734184683435,1.9734311192412852
-9.148084574498236,-2.4396734184683435,1.9229444686610362
-9.148084574498236,-2.4396734184683435,1.8825551481968361
-9.148084574498236,-2.4396734184683435,1.8421658277326363
-9.148084574498236,-2.4396734184683435,1.8108641043728815
-9.148084574498236,-2.4396734184683435,1.7836013130595467
-9.148084574498236,-2.4396734184683435,1.7621949732135207
-9.148084574498236,-2.4396734184683435,1.742929267352098
-9.148084574498236,-2.4396734184683435,1.7236635614906741
-9.148084574498236,-2.4396734184683435,1.7082509968015365
-9.148084574498236,-2.4396734184683435,1.6943796885813114
-9.148084574498236,-2.4396734184683435,1.6805083803610867
-9.148084574498236,-2.4396734184683435,1.6694113337849072
-9.148084574498236,-2.4396734184683435,1.6583142872087273
-9.148084574498236,-2.4396734184683435,1.6472172406325478
-9.148084574498236,-2.4396734184683435,1.6383396033716042
-9.148084574498236,-2.4396734184683435,1.6314594344943725
-9.148084574498236,-2.4396734184683435,1.6252672825048646
-9.148084574498236,-2.4396734184683435,1.6196943457143067
-9.148084574498236,-2.4396734184683435,1.6141214089237494
-9.148084574498236,-2.4396734184683435,1.6096630594913037
-9.148084574498236,-2.4396734184683435,1.6056505450021017
-9.148084574498236,-2.4396734184683435,1.602039281961821
-9.148084574498236,-2.4396734184683435,1.598789145225567
-9.148084574498236,-2.4396734184683435,1.5958640221629399
-9.148084574498236,-2.4396734184683435,1.592938899100312
-9.148084574498236,-2.4396734184683435,1.5900137760376847
-9.148084574498236,-2.4396734184683435,1.5879661898938446
-9.148084574498236,-2.4396734184683435,1.5859186037500055
-9.148084574498236,-2.4396734184683435,1.58407577622055
-9.148084574498236,-2.4396734184683435,1.582621990058424
-9.148084574498236,-2.4396734184683435,1.5811682038962978
-9.148084574498236,-2.4396734184683435,1.5798597963503838
-9.148084574498236,-2.4396734184683435,1.578696767420683
-9.148084574498236,-2.4396734184683435,1.577664579245574
-9.148084574498236,-2.4396734184683435,1.5766323910704647
-9.148084574498236,-2.4396734184683435,1.5759229434233473
-9.148084574498236,-2.4396734184683435,1.5752134957762296
-9.148084574498236,-2.4396734184683435,1.5746459376585353
-9.148084574498236,-2.4396734184683435,1.574135135352611
-9.148084574498236,-2.4396734184683435,1.5736243330466868
-9.148084574498236,-2.4396734184683435,1.5732156912019466
-9.148084574498236,-2.4396734184683435,1.5728479135416806
-9.148084574498236,-2.4396734184683435,1.572516913647442
-9.148084574498236,-2.4396734184683435,1.5722190137426262
-9.148084574498236,-2.4396734184683435,1.5719211138378109
-9.148084574498236,-2.4396734184683435,1.5716232139329958
-9.148084574498236,-2.4396734184683435,1.571414683999625
-9.148084574498236,-2.4396734184683435,1.571227007059591
-9.148084574498236,-2.4396734184683435,1.5710580978135615
-9.148084574498236,-2.4396734184683435,1.5709060794921341
-9.148084574498236,-2.4396734184683435,1.5707692630028498
-9.148084574498236,-2.4396734184683435,1.5706461281624933
-9.148084574498236,-2.4396734184683435,1.5705229933221374
-9.148070907824769,-2.3896734203361234,1.5705229933221374
-9.148057241151301,-2.3396734222039033,1.5705229933221374
-9.148046307812526,-2.299673423698127,1.5705229933221374
-9.148035374473752,-2.259673425192351,1.5705229933221374
-9.148026627802732,-2.22767342638773,1.5705229933221374
-9.148017881131713,-2.1956734275831087,1.5705229933221374
-9.148010883794898,-2.170073428539412,1.5705229933221374
-9.148003886458083,-2.144473429495715,1.5705229933221374
-9.147998288588632,-2.1239934302607577,1.5705229933221374
-9.14799269071918,-2.1035134310258004,1.5705229933221374
-9.147987652636672,-2.0850814317143387,1.5705229933221374
-9.147982614554165,-2.066649432402877,1.5705229933221374
-9.147979143875105,-2.0539518328772033,1.5705229933221374
-9.147975673196045,-2.0412542333515296,1.5705229933221374
-9.14797254958489,-2.029826393778423,1.5705229933221374
-9.147969425973736,-2.0183985542053167,1.5705229933221374
-9.147967274152718,-2.010526042499399,1.5705229933221374
-9.1479651223317,-2.0026535307934816,1.5705229933221374
-9.147963400874886,-1.9963555214287474,1.5705229933221374
-9.147961679418072,-1.9900575120640132,1.5705229933221374
-9.14796030225262,-1.9850191045722259,1.5705229933221374
-9.147958925087169,-1.9799806970804386,1.5705229933221374
-9.147957685638263,-1.97544613033783,1.5705229933221374
-9.147956446189356,-1.9709115635952212,1.5705229933221374
-9.147955592346777,-1.9677877509503132,1.5705229933221374
-9.147954738504199,-1.9646639383054052,1.5705229933221374
-9.147954055430136,-1.9621648881894787,1.5705229933221374
-9.147953372356072,-1.959665838073552,1.5705229933221374
-9.147952825896821,-1.957666597980811,1.5705229933221374
-9.14795227943757,-1.95566735788807,1.5705229933221374
-9.147951732978319,-1.9536681177953288,1.5705229933221374
-9.147951186519068,-1.9516688777025877,1.5705229933221374
-9.147950858643517,-1.950469333646943,1.5705229933221374
-9.147950530767966,-1.9492697895912983,1.5705229933221374
-9.147950257434497,-1.9482697896286538,1.5705229933221374
-9.147949984101027,-1.9472697896660094,1.5705229933221374
-9.147949710767557,-1.946269789703365,1.5705229933221374
-9.147949437434088,-1.9452697897407205,1.5705229933221374
-9.147949164100618,-1.944269789778076,1.5705229933221374
-9.147948890767148,-1.9432697898154316,1.5705229933221374
-9.147948890767148,-1.9432697898154316,1.7276026260016273
-9.147948890767148,-1.9432697898154316,1.884682258681116
-9.147948890767148,-1.9432697898154316,2.041761891360606
-9.147948890767148,-1.9432697898154316,2.1988415240400956
-9.147948890767148,-1.9432697898154316,2.3559211567195852
-9.147948890767148,-1.9432697898154316,2.5130007893990753
-9.147948890767148,-1.9432697898154316,2.6700804220785646
-9.147948890767148,-1.9432697898154316,2.827160054758054
-9.147948890767148,-1.9432697898154316,2.984239687437544
-9.147948890767148,-1.9432697898154316,3.1413193201170335
-9.147948890767148,-1.9432697898154316,-2.984786354383063
-9.147948890767148,-1.9432697898154316,-2.8277067217035734
-9.147948890767148,-1.9432697898154316,-2.6706270890240837
-9.147948890767148,-1.9432697898154316,-2.513547456344594
-9.147948890767148,-1.9432697898154316,-2.3564678236651044
-9.147948890767148,-1.9432697898154316,-2.1993881909856148
-9.147948890767148,-1.9432697898154316,-2.042308558306125
-9.147948890767148,-1.9432697898154316,-1.8852289256266357
-9.147948890767148,-1.9432697898154316,-1.728149292947146
-9.147948890767148,-1.9432697898154316,-1.5710696602676564
-9.147948890767148,-1.9432697898154316,-1.4139900275881667
-9.147948890767148,-1.9432697898154316,-1.2726183581766257
-9.147948890767148,-1.9432697898154316,-1.131246688765085
-9.147948890767148,-1.9432697898154316,-0.9898750193535444
-9.147948890767148,-1.9432697898154316,-0.8626405168831577
-9.147948890767148,-1.9432697898154316,-0.7636803482950791
-9.147948890767148,-1.9432697898154316,-0.687339646812847
-9.147948890767148,-1.9432697898154316,-0.6109989453306154
-9.147948890767148,-1.9432697898154316,-0.5499263841448297
-9.147948890767148,-1.9432697898154316,-0.48885382295904406
-9.147948890767148,-1.9432697898154316,-0.42778126177325837
-9.147948890767148,-1.9432697898154316,-0.37892321282462993
-9.147948890767148,-1.9432697898154316,-0.3410582248894428
-9.147948890767148,-1.9432697898154316,-0.30697973574777454
-9.147948890767148,-1.9432697898154316,-0.27630909552027294
-9.147948890767148,-1.9432697898154316,-0.24870551931552162
-9.147948890767148,-1.9432697898154316,-0.22386230073124552
-9.147948890767148,-1.9432697898154316,-0.2015034040053969
-9.147948890767148,-1.9432697898154316,-0.18138039695213315
-9.147948890767148,-1.9432697898154316,-0.16326969060419574
-9.147948890767148,-1.9432697898154316,-0.14697005489105205
-9.147948890767148,-1.9432697898154316,-0.13230038274922287
-9.147948890767148,-1.9432697898154316,-0.11909767782157656
-9.147948890767148,-1.9432697898154316,-0.10721524338669489
-9.147948890767148,-1.9432697898154316,-0.09533280895181327
-9.147948890767148,-1.9432697898154316,-0.08582686140390786
-9.147948890767148,-1.9432697898154316,-0.0772715086107931
-9.147948890767148,-1.9432697898154316,-0.06871615581767827
-9.147948890767148,-1.9432697898154316,-0.061016338303875005
-9.147948890767148,-1.9432697898154316,-0.054942037820763415
-9.147948890767148,-1.9432697898154316,-0.04886773733765186
-9.147948890767148,-1.9432697898154316,-0.044008296951162644
-9.147948890767148,-1.9432697898154316,-0.03914885656467345
-9.147948890767148,-1.9432697898154316,-0.03526130425548207
-9.147948890767148,-1.9432697898154316,-0.03176250717720986
-9.147948890767148,-1.9432697898154316,-0.02826371009893763
-9.147948890767148,-1.9432697898154316,-0.025464672436319846
-9.147948890767148,-1.9432697898154316,-0.02294553853996383
-9.147948890767148,-1.9432697898154316,-0.020426404643607822
-9.147948890767148,-1.9432697898154316,-0.018411097526522972
-9.147948890767148,-1.9432697898154316,-0.016395790409438123
-9.147948890767148,-1.9432697898154316,-0.01438048329235328
-9.147948890767148,-1.9432697898154316,-0.012969768310393941
-9.147948890767148,-1.9432697898154316,-0.011700124826630546
-9.147948890767148,-1.9432697898154316,-0.010557445691243466
-9.147948890767148,-1.9432697898154316,-0.009529034469395075
-9.147948890767148,-1.9432697898154316,-0.00850062324754668
-9.147948890767148,-1.9432697898154316,-0.00747221202569829
-9.147948890767148,-1.9432697898154316,-0.006443800803849899
-9.147948890767148,-1.9432697898154316,-0.005723912948556063
-9.147948890767148,-1.9432697898154316,-0.005178855000976463
-9.147948890767148,-1.9432697898154316,-0.004688302848154811
-9.147948890767148,-1.9432697898154316,-0.004246805910615294
-9.147948890767148,-1.9432697898154316,-0.003849458666829701
-9.147948890767148,-1.9432697898154316,-0.0034918461474227253
-9.147948890767148,-1.9432697898154316,-0.003169994879956405
-9.147948890767148,-1.9432697898154316,-0.0028803287392367514
-9.147948890767148,-1.9432697898154316,-0.00261962921258907
-9.147948890767148,-1.9432697898154316,-0.0023849996386060895
-9.147948890767148,-1.9432697898154316,-0.002173833022021485
-9.147948890767148,-1.9432697898154316,-0.001983783067095282
-9.147948890767148,-1.9432697898154316,-0.001793733112169077
-9.147948890767148,-1.9432697898154316,-0.0016226881527355535
-9.147948890767148,-1.9432697898154316,-0.0014516431933020311
-9.147948890767148,-1.9432697898154316,-0.0013338122212477534
-9.147948890767148,-1.9432697898154316,-0.001227764346398933
-9.047948966137403,-1.943392566219226,-0.001227764346398933
-8.947949041507657,-1.9435153426230203,-0.001227764346398933
-8.847949116877912,-1.9436381190268146,-0.001227764346398933
-8.747949192248166,-1.943760895430609,-0.001227764346398933
-8.64794926761842,-1.9438836718344032,-0.001227764346398933
-8.547949342988675,-1.9440064482381976,-0.001227764346398933
-8.44794941835893,-1.944129224641992,-0.001227764346398933
-8.347949493729184,-1.9442520010457862,-0.001227764346398933
-8.247949569099438,-1.9443747774495805,-0.001227764346398933
-8.147949644469692,-1.9444975538533749,-0.001227764346398933
-8.047949719839947,-1.9446203302571692,-0.001227764346398933
-7.947949795210202,-1.9447431066609635,-0.001227764346398933
-7.847949870580457,-1.9448658830647578,-0.001227764346398933
-7.747949945950713,-1.9449886594685522,-0.001227764346398933
-7.647950021320968,-1.9451114358723465,-0.001227764346398933
-7.547950096691223,-1.9452342122761408,-0.001227764346398933
-7.4479501720614785,-1.9453569886799351,-0.001227764346398933
-7.347950247431734,-1.9454797650837294,-0.001227764346398933
-7.247950322801989,-1.9456025414875238,-0.001227764346398933
-7.147950398172244,-1.945725317891318,-0.001227764346398933
-7.0479504735425,-1.9458480942951124,-0.001227764346398933
-6.947950548912755,-1.9459708706989067,-0.001227764346398933
-6.84795062428301,-1.946093647102701,-0.001227764346398933
-6.747950699653265,-1.9462164235064954,-0.001227764346398933
-6.647950775023521,-1.9463391999102897,-0.001227764346398933
-6.547950850393776,-1.946461976314084,-0.001227764346398933
-6.447950925764031,-1.9465847527178783,-0.001227764346398933
-6.347951001134287,-1.9467075291216727,-0.001227764346398933
-6.247951076504542,-1.946830305525467,-0.001227764346398933
-6.147951151874797,-1.9469530819292613,-0.001227764346398933
-6.047951227245052,-1.9470758583330556,-0.001227764346398933
-5.947951302615308,-1.94719863473685,-0.001227764346398933
-5.847951377985563,-1.9473214111406443,-0.001227764346398933
-5.747951453355818,-1.9474441875444386,-0.001227764346398933
-5.6479515287260735,-1.947566963948233,-0.001227764346398933
-5.547951604096329,-1.9476897403520272,-0.001227764346398933
-5.447951679466584,-1.9478125167558216,-0.001227764346398933
-5.347951754836839,-1.9479352931596159,-0.001227764346398933
-5.247951830207095,-1.9480580695634102,-0.001227764346398933
-5.14795190557735,-1.9481808459672045,-0.001227764346398933
-5.047951980947605,-1.9483036223709989,-0.001227764346398933
-4.9479520563178605,-1.9484263987747932,-0.001227764346398933
-4.847952131688116,-1.9485491751785875,-0.001227764346398933
-4.747952207058371,-1.9486719515823818,-0.001227764346398933
-4.647952282428626,-1.9487947279861761,-0.001227764346398933
-4.547952357798882,-1.9489175043899705,-0.001227764346398933
-4.447952433169137,-1.9490402807937648,-0.001227764346398933
-4.347952508539392,-1.9491630571975591,-0.001227764346398933
-4.2479525839096475,-1.9492858336013534,-0.001227764346398933
-4.147952659279903,-1.9494086100051478,-0.001227764346398933
-4.047952734650158,-1.949531386408942,-0.001227764346398933
-3.947952810020413,-1.9496541628127364,-0.001227764346398933
-3.8479528853906677,-1.9497769392165307,-0.001227764346398933
-3.7479529607609225,-1.949899715620325,-0.001227764346398933
-3.6479530361311774,-1.9500224920241194,-0.001227764346398933
-3.547953111501432,-1.9501452684279137,-0.001227764346398933
-3.447953186871687,-1.950268044831708,-0.001227764346398933
-3.347953262241942,-1.9503908212355023,-0.001227764346398933
-3.2479533376121967,-1.9505135976392967,-0.001227764346398933
-3.1479534129824516,-1.950636374043091,-0.001227764346398933
-3.0479534883527064,-1.9507591504468853,-0.001227764346398933
-2.9479535637229612,-1.9508819268506796,-0.001227764346398933
-2.847953639093216,-1.951004703254474,-0.001227764346398933
-2.747953714463471,-1.9511274796582683,-0.001227764346398933
-2.6479537898337258,-1.9512502560620626,-0.001227764346398933
-2.5479538652039806,-1.951373032465857,-0.001227764346398933
-2.4479539405742354,-1.9514958088696512,-0.001227764346398933
-2.3479540159444903,-1.9516185852734456,-0.001227764346398933
-2.247954091314745,-1.9517413616772399,-0.001227764346398933
-2.147954166685,-1.9518641380810342,-0.001227764346398933
-2.047954242055255,-1.9519869144848285,-0.001227764346398933
-1.9479543174255098,-1.9521096908886229,-0.001227764346398933
-1.847954392795765,-1.9522324672924172,-0.001227764346398933
-1.74795446816602,-1.9523552436962115,-0.001227764346398933
-1.647954543536275,-1.9524780201000058,-0.001227764346398933
-1.54795461890653,-1.9526007965038001,-0.001227764346398933
-1.4479546942767851,-1.9527235729075945,-0.001227764346398933
-1.3479547696470402,-1.9528463493113888,-0.001227764346398933
-1.2479548450172953,-1.952969125715183,-0.001227764346398933
-1.1479549203875503,-1.9530919021189774,-0.001227764346398933
-1.0479549957578054,-1.9532146785227718,-0.001227764346398933
-0.9479550711280604,-1.953337454926566,-0.001227764346398933
-0.8479551464983155,-1.9534602313303604,-0.001227764346398933
-0.7479552218685706,-1.9535830077341547,-0.001227764346398933
-0.6479552972388256,-1.953705784137949,-0.001227764346398933
-0.5479553726090807,-1.9538285605417434,-0.001227764346398933
-0.44795544797933573,-1.9539513369455377,-0.001227764346398933
-0.3479555233495908,-1.954074113349332,-0.001227764346398933
-0.24795559871984585,-1.9541968897531263,-0.001227764346398933
-0.1479556740901009,-1.9543196661569207,-0.001227764346398933
-0.047955749460355954,-1.954442442560715,-0.001227764346398933
0.052044175169389,-1.9545652189645093,-0.001227764346398933
0.15204409979913397,-1.9546879953683036,-0.001227764346398933
0.2520440244288789,-1.954810771772098,-0.001227764346398933
0.35204394905862385,-1.9549335481758923,-0.001227764346398933
0.4520438736883688,-1.9550563245796866,-0.001227764346398933
0.5520437983181138,-1.955179100983481,-0.001227764346398933
0.6520437229478587,-1.9553018773872752,-0.001227764346398933
0.7520436475776037,-1.9554246537910696,-0.001227764346398933
0.8520435722073486,-1.9555474301948639,-0.001227764346398933
0.9520434968370936,-1.9556702065986582,-0.001227764346398933
1.0520434214668386,-1.9557929830024525,-0.001227764346398933
1.1520433460965835,-1.9559157594062468,-0.001227764346398933
1.2520432707263285,-1.9560385358100412,-0.001227764346398933
1.3520431953560734,-1.9561613122138355,-0.001227764346398933
1.4520431199858184,-1.9562840886176298,-0.001227764346398933
1.5520430446155633,-1.9564068650214241,-0.001227764346398933
1.6520429692453082,-1.9565296414252185,-0.001227764346398933
1.7520428938750532,-1.9566524178290128,-0.001227764346398933
1.8520428185047981,-1.956775194232807,-0.001227764346398933
1.952042743134543,-1.9568979706366014,-0.001227764346398933
2.052042667764288,-1.9570207470403957,-0.001227764346398933
2.152042592394033,-1.95714352344419,-0.001227764346398933
2.2520425170237783,-1.9572662998479844,-0.001227764346398933
2.2520425170237783,-1.9572662998479844,-0.1583073970258886
2.2520425170237783,-1.9572662998479844,-0.3153870297053783
2.2520425170237783,-1.9572662998479844,-0.47246666238486806
2.2520425170237783,-1.9572662998479844,-0.6295462950643577
2.2520425170237783,-1.9572662998479844,-0.7866259277438471
2.2520425170237783,-1.9572662998479844,-0.943705560423337
2.2520425170237783,-1.9572662998479844,-1.1007851931028265
2.2520425170237783,-1.9572662998479844,-1.2578648257823164
2.2520425170237783,-1.9572662998479844,-1.414944458461806
2.2520425170237783,-1.9572662998479844,-1.5720240911412957
2.2520425170237783,-1.9572662998479844,-1.7291037238207851
2.2520425170237783,-1.9572662998479844,-1.8861833565002746
2.2520425170237783,-1.9572662998479844,-2.043262989179765
2.2520425170237783,-1.9572662998479844,-2.200342621859254
2.2520425170237783,-1.9572662998479844,-2.3574222545387435
2.2520425170237783,-1.9572662998479844,-2.514501887218233
2.2520425170237783,-1.9572662998479844,-2.671581519897723
2.2520425170237783,-1.9572662998479844,-2.8286611525772125
2.2520425170237783,-1.9572662998479844,-2.985740785256702
2.2520425170237783,-1.9572662998479844,3.1403648892433944
2.2520425170237783,-1.9572662998479844,2.9832852565639048
2.2520425170237783,-1.9572662998479844,2.826205623884415
2.2520425170237783,-1.9572662998479844,2.700541917740823
2.2520425170237783,-1.9572662998479844,2.5874445822115906
2.2520425170237783,-1.9572662998479844,2.4856569802352815
2.2520425170237783,-1.9572662998479844,2.3940481384566032
2.2520425170237783,-1.9572662998479844,2.311600180855793
2.2520425170237783,-1.9572662998479844,2.2291522232549825
2.2520425170237783,-1.9572662998479844,2.163193857174334
2.2520425170237783,-1.9572662998479844,2.10383132770175
2.2520425170237783,-1.9572662998479844,2.050405051176425
2.2520425170237783,-1.9572662998479844,2.0023214023036324
2.2520425170237783,-1.9572662998479844,1.959046118318119
2.2520425170237783,-1.9572662998479844,1.9200983627311572
2.2520425170237783,-1.9572662998479844,1.8811506071441952
2.2520425170237783,-1.9572662998479844,1.8499924026746253
2.2520425170237783,-1.9572662998479844,1.8219500186520121
2.2520425170237783,-1.9572662998479844,1.796711873031661
2.2520425170237783,-1.9572662998479844,1.7739975419733447
2.2520425170237783,-1.9572662998479844,1.7535546440208605
2.2520425170237783,-1.9572662998479844,1.7331117460683751
2.2520425170237783,-1.9572662998479844,1.7147131379111396
2.2520425170237783,-1.9572662998479844,1.700198680364875
2.2520425170237783,-1.9572662998479844,1.6856842228186109
2.2520425170237783,-1.9572662998479844,1.6726212110269734
2.2520425170237783,-1.9572662998479844,1.6610096449899618
2.2520425170237783,-1.9572662998479844,1.6518655367358153
2.2520425170237783,-1.9572662998479844,1.643635839307084
2.2520425170237783,-1.9572662998479844,1.6362291116212253
2.2520425170237783,-1.9572662998479844,1.6295630567039525
2.2520425170237783,-1.9572662998479844,1.62289700178668
2.2520425170237783,-1.9572662998479844,1.6175641578528612
2.2520425170237783,-1.9572662998479844,1.6122313139190427
2.2520425170237783,-1.9572662998479844,1.607431754378607
2.2520425170237783,-1.9572662998479844,1.6036454351855958
2.2520425170237783,-1.9572662998479844,1.5998591159925852
2.2520425170237783,-1.9572662998479844,1.5968300606381767
2.2520425170237783,-1.9572662998479844,1.5938010052837674
2.2520425170237783,-1.9572662998479844,1.5913777610002404
2.2520425170237783,-1.9572662998479844,1.5889545167167132
2.2520425170237783,-1.9572662998479844,1.5870159212898922
2.2520425170237783,-1.9572662998479844,1.5850773258630706
2.2520425170237783,-1.9572662998479844,1.5835264495216133
2.2520425170237783,-1.9572662998479844,1.5821306608143015
2.2520425170237783,-1.9572662998479844,1.580874450977721
2.2520425170237783,-1.9572662998479844,1.5796182411411404
2.2520425170237783,-1.9572662998479844,1.5784876522882185
2.2520425170237783,-1.9572662998479844,1.577482684418954
2.2520425170237783,-1.9572662998479844,1.5764777165496895
2.2520425170237783,-1.9572662998479844,1.5757868011395713
2.2520425170237783,-1.9572662998479844,1.5750958857294517
2.2520425170237783,-1.9572662998479844,1.5745431534013568
2.2520425170237783,-1.9572662998479844,1.5740456943060706
2.2520425170237783,-1.9572662998479844,1.5735979811203131
2.2520425170237783,-1.9572662998479844,1.5731950392531318
2.2520425170237783,-1.9572662998479844,1.572832391572668
2.2520425170237783,-1.9572662998479844,1.5725060086602516
2.2520425170237783,-1.9572662998479844,1.5721796257478347
2.2520425170237783,-1.9572662998479844,1.5719185194179006
2.2520425170237783,-1.9572662998479844,1.571657413087967
2.2520425170237783,-1.9572662998479844,1.5714485280240205
2.2520425170237783,-1.9572662998479844,1.571260531466468
2.2520425170237783,-1.9572662998479844,1.571072534908916
2.2520425170237783,-1.9572662998479844,1.5709221376628746
2.2520425170237783,-1.9572662998479844,1.5707867801414368
2.2520425170237783,-1.9572662998479844,1.5706649583721435
2.2520425170237783,-1.9572662998479844,1.5705553187797785
2.2520545674244175,-1.9072663013001059,1.5705553187797785
2.2520666178250566,-1.8572663027522274,1.5705553187797785
2.2520762581455678,-1.8172663039139247,1.5705553187797785
2.252085898466079,-1.777266305075622,1.5705553187797785
2.252093610722488,-1.74526630600498,1.5705553187797785
2.252101322978897,-1.713266306934338,1.5705553187797785
2.2521074927840243,-1.6876663076778242,1.5705553187797785
2.2521136625891516,-1.6620663084213105,1.5705553187797785
2.2521192154137664,-1.6390263090904482,1.5705553187797785
2.252124768238381,-1.615986309759586,1.5705553187797785
2.25212859351756,-1.6001143102205473,1.5705553187797785
2.252132036268821,-1.5858295106354126,1.5705553187797785
2.252135479020082,-1.5715447110502778,1.5705553187797785
2.252138233221091,-1.56011687138217,1.5705553187797785
2.2521409874221,-1.5486890317140622,1.5705553187797785
2.252143190782907,-1.539546759979576,1.5705553187797785
2.252145394143714,-1.5304044882450898,1.5705553187797785
2.25214715683236,-1.523090670857501,1.5705553187797785
2.2521489195210056,-1.515776853469912,1.5705553187797785
2.2521505059407865,-1.509194417821082,1.5705553187797785
2.2521520923605673,-1.5026119821722521,1.5705553187797785
2.2521533438695056,-1.497419171827064,1.5705553187797785
2.252154311585572,-1.4934038860812775,1.5705553187797785
2.2521552793016384,-1.489388600335491,1.5705553187797785
2.2521560534744918,-1.4861763717388619,1.5705553187797785
2.252156827647345,-1.4829641431422327,1.5705553187797785
2.2521574469856276,-1.4803943602649294,1.5705553187797785
2.25215806632391,-1.4778245773876262,1.5705553187797785
2.252158561794536,-1.4757687510857835,1.5705553187797785
2.2521590077180993,-1.4739185074141252,1.5705553187797785
2.2521594536416627,-1.472068263742467,1.5705553187797785
2.2521598103805136,-1.4705880688051403,1.5705553187797785
2.2521601671193645,-1.4691078738678136,1.5705553187797785
2.252160452510445,-1.4679237179179523,1.5705553187797785
2.2521607379015256,-1.466739561968091,1.5705553187797785
2.2521609789095383,-1.4657395619971334,1.5705553187797785
2.252161219917551,-1.4647395620261758,1.5705553187797785
2.2521614609255636,-1.4637395620552183,1.5705553187797785
2.2521617019335762,-1.4627395620842607,1.5705553187797785
2.252161942941589,-1.4617395621133031,1.5705553187797785
2.2521621839496015,-1.4607395621423456,1.5705553187797785
2.2521621839496015,-1.4607395621423456,1.7276349514592682
2.2521621839496015,-1.4607395621423456,1.8847145841387583
2.2521621839496015,-1.4607395621423456,2.041794216818247
2.2521621839496015,-1.4607395621423456,2.1517499596938903
2.2521621839496015,-1.4607395621423456,2.2617057025695333
2.2521621839496015,-1.4607395621423456,2.360665871157612
2.2521621839496015,-1.4607395621423456,2.4387344485993183
2.2521621839496015,-1.4607395621423456,2.5168030260410252
2.2521621839496015,-1.4607395621423456,2.5870647457385605
2.2521621839496015,-1.4607395621423456,2.657326465436096
2.2521621839496015,-1.4607395621423456,2.705728983449954
2.2521621839496015,-1.4607395621423456,2.754131501463812
2.2521621839496015,-1.4607395621423456,2.7928535158748984
2.2521621839496015,-1.4607395621423456,2.8277033288448763
2.2521621839496015,-1.4607395621423456,2.859068160517856
2.2521621839496015,-1.4607395621423456,2.887296509023538
2.2521621839496015,-1.4607395621423456,2.9127020226786517
2.2521621839496015,-1.4607395621423456,2.935566984968254
2.2521621839496015,-1.4607395621423456,2.9561454510288963
2.2521621839496015,-1.4607395621423456,2.974666070483474
2.2521621839496015,-1.4607395621423456,2.9913346279925945
2.2521621839496015,-1.4607395621423456,3.008003185501715
2.2521621839496015,-1.4607395621423456,3.021338031509011
2.2521621839496015,-1.4607395621423456,3.0333393929155776
2.2521621839496015,-1.4607395621423456,3.0441406181814874
2.2521621839496015,-1.4607395621423456,3.053861720920806
2.2521621839496015,-1.4607395621423456,3.062610713386193
2.2521621839496015,-1.4607395621423456,3.0704848066050414
2.2521621839496015,-1.4607395621423456,3.0775714905020046
2.2521621839496015,-1.4607395621423456,3.084658174398968
2.2521621839496015,-1.4607395621423456,3.091036189906235
2.2521621839496015,-1.4607395621423456,3.096705537023806
2.2521621839496015,-1.4607395621423456,3.101170147878893
2.2521621839496015,-1.4607395621423456,3.1051882976484713
2.2521621839496015,-1.4607395621423456,3.1088046324410916
2.2521621839496015,-1.4607395621423456,3.1120593337544498
2.2521621839496015,-1.4607395621423456,3.114988564936472
2.2521621839496015,-1.4607395621423456,3.1176248730002922
2.2521621839496015,-1.4607395621423456,3.1199975502577306
2.2521621839496015,-1.4607395621423456,3.122370227515169
2.2521621839496015,-1.4607395621423456,3.1247429047726074
2.2521621839496015,-1.4607395621423456,3.126403778852814
2.2521621839496015,-1.4607395621423456,3.1278985655250002
2.2521621839496015,-1.4607395621423456,3.1292438735299677
2.2521621839496015,-1.4607395621423456,3.1304546507344386
2.2521621839496015,-1.4607395621423456,3.131544350218462
2.2521621839496015,-1.4607395621423456,3.1325250797540836
2.2521621839496015,-1.4607395621423456,3.133407736336143
2.2521621839496015,-1.4607395621423456,3.134202127259996
2.2521621839496015,-1.4607395621423456,3.1349965181838493
2.2521621839496015,-1.4607395621423456,3.1357909091077025
2.2521621839496015,-1.4607395621423456,3.1363469827543997
2.2521621839496015,-1.4607395621423456,3.136847449036427
2.2521621839496015,-1.4607395621423456,3.1373479153184545
2.2521621839496015,-1.4607395621423456,3.1377482883440764
2.2521621839496015,-1.4607395621423456,3.138108624067136
2.2521621839496015,-1.4607395621423456,3.13843292621789
2.2521621839496015,-1.4607395621423456,3.1387247981535684
2.2521621839496015,-1.4607395621423456,3.139016670089247
2.2521621839496015,-1.4607395621423456,3.13925016763779
2.2521621839496015,-1.4607395621423456,3.1394603154314784
2.2521621839496015,-1.4607395621423456,3.139670463225167
2.2521621839496015,-1.4607395621423456,3.1398595962394866
2.2521621839496015,-1.4607395621423456,3.1400088011730056
2.2521621839496015,-1.4607395621423456,3.1401430856131727
2.2521621839496015,-1.4607395621423456,3.140263941609323
2.2521621839496015,-1.4607395621423456,3.140372712005858
2.2521621839496015,-1.4607395621423456,3.140481482402393
2.1521622456846656,-1.4606284450464717,3.140481482402393
2.0521623074197297,-1.4605173279505979,3.140481482402393
1.9521623691547938,-1.460406210854724,3.140481482402393
1.8521624308898579,-1.4602950937588501,3.140481482402393
1.752162492624922,-1.4601839766629763,3.140481482402393
1.652162554359986,-1.4600728595671024,3.140481482402393
1.5521626160950501,-1.4599617424712286,3.140481482402393
1.4521626778301142,-1.4598506253753547,3.140481482402393
1.3521627395651783,-1.4597395082794808,3.140481482402393
1.2521628013002424,-1.459628391183607,3.140481482402393
1.1521628630353065,-1.4595172740877331,3.140481482402393
1.0521629247703705,-1.4594061569918593,3.140481482402393
0.9521629865054346,-1.4592950398959854,3.140481482402393
0.8521630482404987,-1.4591839228001116,3.140481482402393
0.7521631099755628,-1.4590728057042377,3.140481482402393
0.6521631717106269,-1.4589616886083638,3.140481482402393
0.552163233445691,-1.45885057151249,3.140481482402393
0.452163295180755,-1.4587394544166161,3.140481482402393
0.352163356915819,-1.4586283373207423,3.140481482402393
0.25216341865088304,-1.4585172202248684,3.140481482402393
0.15216348038594707,-1.4584061031289945,3.140481482402393
0.0521635421210111,-1.4582949860331207,3.140481482402393
-0.047836396143924875,-1.4581838689372468,3.140481482402393
-0.14783633440886085,-1.458072751841373,3.140481482402393
-0.24783627267379682,-1.4579616347454991,3.140481482402393
-0.3478362109387328,-1.4578505176496253,3.140481482402393
-0.44783614920366877,-1.4577394005537514,3.140481482402393
-0.5478360874686048,-1.4576282834578775,3.140481482402393
-0.6478360257335407,-1.4575171663620037,3.140481482402393
-0.7478359639984766,-1.4574060492661298,3.140481482402393
-0.8478359022634125,-1.457294932170256,3.140481482402393
-0.9478358405283485,-1.457183815074382,3.140481482402393
-1.0478357787932844,-1.4570726979785082,3.140481482402393
-1.1478357170582203,-1.4569615808826344,3.140481482402393
-1.2478356553231562,-1.4568504637867605,3.140481482402393
-1.3478355935880921,-1.4567393466908867,3.140481482402393
-1.447835531853028,-1.4566282295950128,3.140481482402393
-1.547835470117964,-1.456517112499139,3.140481482402393
-1.6478354083828999,-1.456405995403265,3.140481482402393
-1.7478353466478358,-1.4562948783073912,3.140481482402393
-1.8478352849127717,-1.4561837612115174,3.140481482402393
-1.9478352231777076,-1.4560726441156435,3.140481482402393
-2.0478351614426438,-1.4559615270197697,3.140481482402393
-2.1478350997075797,-1.4558504099238958,3.140481482402393
-2.2478350379725156,-1.455739292828022,3.140481482402393
-2.3478349762374515,-1.455628175732148,3.140481482402393
-2.4478349145023874,-1.4555170586362742,3.140481482402393
-2.5478348527673234,-1.4554059415404004,3.140481482402393
-2.6478347910322593,-1.4552948244445265,3.140481482402393
-2.747834729297195,-1.4551837073486527,3.140481482402393
-2.847834667562131,-1.4550725902527788,3.140481482402393
-2.947834605827067,-1.454961473156905,3.140481482402393
-3.047834544092003,-1.454850356061031,3.140481482402393
-3.147834482356939,-1.4547392389651572,3.140481482402393
-3.2478344206218748,-1.4546281218692834,3.140481482402393
-3.3478343588868107,-1.4545170047734095,3.140481482402393
-3.4478342971517466,-1.4544058876775356,3.140481482402393
-3.5478342354166825,-1.4542947705816618,3.140481482402393
-3.6478341736816184,-1.454183653485788,3.140481482402393
-3.7478341119465544,-1.454072536389914,3.140481482402393
-3.8478340502114903,-1.4539614192940402,3.140481482402393
-3.947833988476426,-1.4538503021981664,3.140481482402393
-4.0478339267413626,-1.4537391851022925,3.140481482402393
-4.147833865006299,-1.4536280680064186,3.140481482402393
-4.247833803271235,-1.4535169509105448,3.140481482402393
-4.347833741536172,-1.453405833814671,3.140481482402393
-4.447833679801108,-1.453294716718797,3.140481482402393
-4.547833618066044,-1.4531835996229232,3.140481482402393
-4.647833556330981,-1.4530724825270493,3.140481482402393
-4.747833494595917,-1.4529613654311755,3.140481482402393
-4.847833432860853,-1.4528502483353016,3.140481482402393
-4.94783337112579,-1.4527391312394278,3.140481482402393
-5.047833309390726,-1.452628014143554,3.140481482402393
-5.1478332476556625,-1.45251689704768,3.140481482402393
-5.247833185920599,-1.4524057799518062,3.140481482402393
-5.347833124185535,-1.4522946628559323,3.140481482402393
-5.447833062450472,-1.4521835457600585,3.140481482402393
-5.547833000715408,-1.4520724286641846,3.140481482402393
-5.647832938980344,-1.4519613115683108,3.140481482402393
-5.747832877245281,-1.451850194472437,3.140481482402393
-5.847832815510217,-1.451739077376563,3.140481482402393
-5.947832753775153,-1.4516279602806892,3.140481482402393
-6.04783269204009,-1.4515168431848153,3.140481482402393
-6.147832630305026,-1.4514057260889415,3.140481482402393
-6.2478325685699625,-1.4512946089930676,3.140481482402393
-6.347832506834899,-1.4511834918971938,3.140481482402393
-6.447832445099835,-1.45107237480132,3.140481482402393
-6.547832383364772,-1.450961257705446,3.140481482402393
-6.647832321629708,-1.4508501406095722,3.140481482402393
-6.747832259894644,-1.4507390235136983,3.140481482402393
-6.847832198159581,-1.4506279064178245,3.140481482402393
-6.947832136424517,-1.4505167893219506,3.140481482402393
-7.047832074689453,-1.4504056722260767,3.140481482402393
-7.14783201295439,-1.450294555130203,3.140481482402393
-7.247831951219326,-1.450183438034329,3.140481482402393
-7.3478318894842625,-1.4500723209384552,3.140481482402393
-7.447831827749199,-1.4499612038425813,3.140481482402393
-7.547831766014135,-1.4498500867467075,3.140481482402393
-7.6478317042790716,-1.4497389696508336,3.140481482402393
-7.747831642544008,-1.4496278525549597,3.140481482402393
-7.847831580808944,-1.4495167354590859,3.140481482402393
-7.947831519073881,-1.449405618363212,3.140481482402393
-8.047831457338816,-1.4492945012673382,3.140481482402393
-8.147831395603752,-1.4491833841714643,3.140481482402393
-8.247831333868689,-1.4490722670755904,3.140481482402393
-8.347831272133625,-1.4489611499797166,3.140481482402393
-8.447831210398562,-1.4488500328838427,3.140481482402393
-8.547831148663498,-1.4487389157879689,3.140481482402393
-8.647831086928434,-1.448627798692095,3.140481482402393
-8.74783102519337,-1.4485166815962212,3.140481482402393
-8.847830963458307,-1.4484055645003473,3.140481482402393
-8.947830901723243,-1.4482944474044734,3.140481482402393
-9.04783083998818,-1.4481833303085996,3.140481482402393
-9.147830778253116,-1.4480722132127257,3.140481482402393
-9.147830778253116,-1.4480722132127257,2.9834018497229033
-9.147830778253116,-1.4480722132127257,2.8420301803113626
-9.147830778253116,-1.4480722132127257,2.714795677840976
-9.147830778253116,-1.4480722132127257,2.6002846256176277
-9.147830778253116,-1.4480722132127257,2.4972246786166146
-9.147830778253116,-1.4480722132127257,2.404470726315703
-9.147830778253116,-1.4480722132127257,2.3209921692448825
-9.147830778253116,-1.4480722132127257,2.237513612174062
-9.147830778253116,-1.4480722132127257,2.154035055103241
-9.147830778253116,-1.4480722132127257,2.0956000651536666
-9.147830778253116,-1.4480722132127257,2.037165075204092
-9.147830778253116,-1.4480722132127257,1.9787300852545184
-9.147830778253116,-1.4480722132127257,1.9378255922898158
-9.147830778253116,-1.4480722132127257,1.8969210993251135
-9.147830778253116,-1.4480722132127257,1.8601070556568815
-9.147830778253116,-1.4480722132127257,1.8310648656519426
-9.147830778253116,-1.4480722132127257,1.8020226756470046
-9.147830778253116,-1.4480722132127257,1.772980485642066
-9.147830778253116,-1.4480722132127257,1.752650952638609
-9.147830778253116,-1.4480722132127257,1.7343543729354978
-9.147830778253116,-1.4480722132127257,1.7178874512026971
-9.147830778253116,-1.4480722132127257,1.7030672216431773
-9.147830778253116,-1.4480722132127257,1.6897290150396094
-9.147830778253116,-1.4480722132127257,1.6777246290963983
-9.147830778253116,-1.4480722132127257,1.666920681747508
-9.147830778253116,-1.4480722132127257,1.657197129133507
-9.147830778253116,-1.4480722132127257,1.648445931780906
-9.147830778253116,-1.4480722132127257,1.6396947344283046
-9.147830778253116,-1.4480722132127257,1.6326937765462233
-9.147830778253116,-1.4480722132127257,1.6263929144523512
-9.147830778253116,-1.4480722132127257,1.6207221385678656
-9.147830778253116,-1.4480722132127257,1.6156184402718288
-9.147830778253116,-1.4480722132127257,1.6105147419757915
-9.147830778253116,-1.4480722132127257,1.6054110436797544
-9.147830778253116,-1.4480722132127257,1.601328085042925
-9.147830778253116,-1.4480722132127257,1.598163792099382
-9.147830778253116,-1.4480722132127257,1.5953159284501937
-9.147830778253116,-1.4480722132127257,1.5927528511659241
-9.147830778253116,-1.4480722132127257,1.5904460816100814
-9.147830778253116,-1.4480722132127257,1.5883699890098226
-9.147830778253116,-1.4480722132127257,1.58650150566959
-9.147830778253116,-1.4480722132127257,1.5848198706633805
-9.147830778253116,-1.4480722132127257,1.5833063991577918
-9.147830778253116,-1.4480722132127257,1.5817929276522036
-9.147830778253116,-1.4480722132127257,1.5805821504477329
-9.147830778253116,-1.4480722132127257,1.579492450963709
-9.147830778253116,-1.4480722132127257,1.578511721428088
-9.147830778253116,-1.4480722132127257,1.5776290648460287
-9.147830778253116,-1.4480722132127257,1.5768346739221757
-9.147830778253116,-1.4480722132127257,1.5761197220907077
-9.147830778253116,-1.4480722132127257,1.5754762654423868
-9.147830778253116,-1.4480722132127257,1.574832808794065
-9.147830778253116,-1.4480722132127257,1.574318043475409
-9.147830778253116,-1.4480722132127257,1.5738547546886172
-9.147830778253116,-1.4480722132127257,1.573391465901826
-9.147830778253116,-1.4480722132127257,1.5730208348723929
-9.147830778253116,-1.4480722132127257,1.572687266945903
-9.147830778253116,-1.4480722132127257,1.572353699019414
-9.147830778253116,-1.4480722132127257,1.5720868446782221
-9.147830778253116,-1.4480722132127257,1.5718466757711493
-9.147830778253116,-1.4480722132127257,1.571606506864077
-9.147830778253116,-1.4480722132127257,1.5714143717384188
-9.147830778253116,-1.4480722132127257,1.5712414501253262
-9.147830778253116,-1.4480722132127257,1.571068528512234
-9.147830778253116,-1.4480722132127257,1.5709301912217604
-9.147830778253116,-1.4480722132127257,1.570791853931287
-9.147830778253116,-1.4480722132127257,1.5706811840989072
-9.14782502111833,-1.3980722135441717,1.5706811840989072
-9.147819263983543,-1.3480722138756176,1.5706811840989072
-9.147814082562235,-1.303072214173919,1.5706811840989072
-9.147808901140927,-1.2580722144722205,1.5706811840989072
-9.14780533171736,-1.227072214677717,1.5706811840989072
-9.147801762293792,-1.1960722148832137,1.5706811840989072
-9.147798906754938,-1.171272215047611,1.5706811840989072
-9.147796051216083,-1.1464722152120081,1.5706811840989072
-9.147793766785,-1.126632215343526,1.5706811840989072
-9.147791482353917,-1.1067922154750438,1.5706811840989072
-9.14778965480905,-1.090920215580258,1.5706811840989072
-9.147787827264182,-1.0750482156854722,1.5706811840989072
-9.147786365228288,-1.0623506157696436,1.5706811840989072
-9.147784903192395,-1.049653015853815,1.5706811840989072
-9.147783733563681,-1.0394949359211523,1.5706811840989072
-9.147782563934967,-1.0293368559884895,1.5706811840989072
-9.147781628231996,-1.0212103920423592,1.5706811840989072
-9.147780692529025,-1.013083928096229,1.5706811840989072
-9.147779943966649,-1.0065827569393246,1.5706811840989072
-9.147779195404272,-1.0000815857824203,1.5706811840989072
-9.147778596554371,-0.9948806488568969,1.5706811840989072
-9.14777799770447,-0.9896797119313734,1.5706811840989072
-9.147777518624547,-0.9855189623909546,1.5706811840989072
-9.147777039544625,-0.9813582128505358,1.5706811840989072
-9.147776656280687,-0.9780296132182008,1.5706811840989072
-9.14777627301675,-0.9747010135858658,1.5706811840989072
-9.1477759664056,-0.9720381338799978,1.5706811840989072
-9.147775659794451,-0.9693752541741298,1.5706811840989072
-9.147775414505531,-0.9672449504094355,1.5706811840989072
-9.147775169216612,-0.9651146466447411,1.5706811840989072
-9.147774972985475,-0.9634104036329856,1.5706811840989072
-9.14777477675434,-0.96170616062123,1.5706811840989072
-9.14777461976943,-0.9603427662118256,1.5706811840989072
-9.147774462784522,-0.9589793718024211,1.5706811840989072
-9.147774337196594,-0.9578886562748976,1.5706811840989072
-9.147774211608667,-0.9567979407473741,1.5706811840989072
-9.147774096465971,-0.955797940754003,1.5706811840989072
-9.147773981323276,-0.954797940760632,1.5706811840989072
-9.14777386618058,-0.9537979407672609,1.5706811840989072
-9.147773751037885,-0.9527979407738898,1.5706811840989072
-9.147773751037885,-0.9527979407738898,1.727760816778398
-9.147773751037885,-0.9527979407738898,1.884840449457887
-9.147773751037885,-0.9527979407738898,2.0419200821373757
-9.147773751037885,-0.9527979407738898,2.198999714816866
-9.147773751037885,-0.9527979407738898,2.356079347496356
-9.147773751037885,-0.9527979407738898,2.513158980175845
-9.147773751037885,-0.9527979407738898,2.670238612855335
-9.147773751037885,-0.9527979407738898,2.8273182455348245
-9.147773751037885,-0.9527979407738898,2.984397878214314
-9.147773751037885,-0.9527979407738898,3.141477510893804
-9.147773751037885,-0.9527979407738898,-2.984628163606293
-9.147773751037885,-0.9527979407738898,-2.827548530926803
-9.147773751037885,-0.9527979407738898,-2.6704688982473135
-9.147773751037885,-0.9527979407738898,-2.513389265567824
-9.147773751037885,-0.9527979407738898,-2.356309632888334
-9.147773751037885,-0.9527979407738898,-2.1992300002088445
-9.147773751037885,-0.9527979407738898,-2.0421503675293553
-9.147773751037885,-0.9527979407738898,-1.8850707348498652
-9.147773751037885,-0.9527979407738898,-1.7279911021703758
-9.147773751037885,-0.9527979407738898,-1.570911469490886
-9.147773751037885,-0.9527979407738898,-1.4138318368113967
-9.147773751037885,-0.9527979407738898,-1.2724601673998557
-9.147773751037885,-0.9527979407738898,-1.1452256649294685
-9.147773751037885,-0.9527979407738898,-1.0179911624590823
-9.147773751037885,-0.9527979407738898,-0.9162035604827727
-9.147773751037885,-0.9527979407738898,-0.8245947187040945
-9.147773751037885,-0.9527979407738898,-0.7329858769254161
-9.147773751037885,-0.9527979407738898,-0.6505379193246054
-9.147773751037885,-0.9527979407738898,-0.5680899617237949
-9.147773751037885,-0.9527979407738898,-0.511292479821014
-9.147773751037885,-0.9527979407738898,-0.4544949979182335
-9.147773751037885,-0.9527979407738898,-0.40337726420573106
-9.147773751037885,-0.9527979407738898,-0.35793927868350667
-9.147773751037885,-0.9527979407738898,-0.3221568650847547
-9.147773751037885,-0.9527979407738898,-0.28995269284587816
-9.147773751037885,-0.9527979407738898,-0.2609689378308892
-9.147773751037885,-0.9527979407738898,-0.2348835583173992
-9.147773751037885,-0.9527979407738898,-0.20879817880390913
-9.147773751037885,-0.9527979407738898,-0.18792987519311713
-9.147773751037885,-0.9527979407738898,-0.16706157158232507
-9.147773751037885,-0.9527979407738898,-0.15036692869369137
-9.147773751037885,-0.9527979407738898,-0.13534175009392121
-9.147773751037885,-0.9527979407738898,-0.12181908935412794
-9.147773751037885,-0.9527979407738898,-0.10964869468831394
-9.147773751037885,-0.9527979407738898,-0.09747830002250002
-9.147773751037885,-0.9527979407738898,-0.0865249448232675
-9.147773751037885,-0.9527979407738898,-0.07678862909061634
-9.147773751037885,-0.9527979407738898,-0.06912128045115361
-9.147773751037885,-0.9527979407738898,-0.062220666675637096
-9.147773751037885,-0.9527979407738898,-0.055320052900120556
-9.147773751037885,-0.9527979407738898,-0.04979956187970735
-9.147773751037885,-0.9527979407738898,-0.04483111996133548
-9.147773751037885,-0.9527979407738898,-0.040359522234800806
-9.147773751037885,-0.9527979407738898,-0.03633508428091963
-9.147773751037885,-0.9527979407738898,-0.03231064632703843
-9.147773751037885,-0.9527979407738898,-0.029091095963933503
-9.147773751037885,-0.9527979407738898,-0.02619350063713902
-9.147773751037885,-0.9527979407738898,-0.023585664843023973
-9.147773751037885,-0.9527979407738898,-0.02097782904890894
-9.147773751037885,-0.9527979407738898,-0.018891560413616913
-9.147773751037885,-0.9527979407738898,-0.017013918641854107
-9.147773751037885,-0.9527979407738898,-0.015324041047267607
-9.147773751037885,-0.9527979407738898,-0.013803151212139753
-9.147773751037885,-0.9527979407738898,-0.012282261377011902
-9.147773751037885,-0.9527979407738898,-0.011065549508909584
-9.147773751037885,-0.9527979407738898,-0.00997050882761754
-9.147773751037885,-0.9527979407738898,-0.008984972214454705
-9.147773751037885,-0.9527979407738898,-0.007999435601291871
-9.147773751037885,-0.9527979407738898,-0.007013898988129037
-9.147773751037885,-0.9527979407738898,-0.0063240233589149835
-9.147773751037885,-0.9527979407738898,-0.0057031352926223385
-9.147773751037885,-0.9527979407738898,-0.005144336032958954
-9.147773751037885,-0.9527979407738898,-0.004641416699261939
-9.147773751037885,-0.9527979407738898,-0.004188789298934645
-9.147773751037885,-0.9527979407738898,-0.0037361618986073504
-9.147773751037885,-0.9527979407738898,-0.0033740599783455383
-9.147773751037885,-0.9527979407738898,-0.0030481682501098542
-9.147773751037885,-0.9527979407738898,-0.0027548656946977013
-9.147773751037885,-0.9527979407738898,-0.002490893394826772
-9.147773751037885,-0.9527979407738898,-0.0022533183249429357
-9.147773751037885,-0.9527979407738898,-0.002039500762047484
-9.147773751037885,-0.9527979407738898,-0.0018470649554415762
-9.147773751037885,-0.9527979407738898,-0.0016738727294963388
-9.147773751037885,-0.9527979407738898,-0.0015179997261456058
-9.147773751037885,-0.9527979407738898,-0.0013621267227948727
-9.147773751037885,-0.9527979407738898,-0.0012374283201143056
-9.147773751037885,-0.9527979407738898,-0.0011251997577017459
-9.147773751037885,-0.9527979407738898,-0.0010241940515304815
-9.047773803486553,-0.952900360161137,-0.0010241940515304815
-8.947773855935221,-0.9530027795483842,-0.0010241940515304815
-8.847773908383889,-0.9531051989356314,-0.0010241940515304815
-8.747773960832557,-0.9532076183228786,-0.0010241940515304815
-8.647774013281225,-0.9533100377101258,-0.0010241940515304815
-8.547774065729893,-0.953412457097373,-0.0010241940515304815
-8.447774118178561,-0.9535148764846202,-0.0010241940515304815
-8.347774170627229,-0.9536172958718674,-0.0010241940515304815
-8.247774223075897,-0.9537197152591146,-0.0010241940515304815
-8.147774275524565,-0.9538221346463618,-0.0010241940515304815
-8.047774327973233,-0.953924554033609,-0.0010241940515304815
-7.947774380421901,-0.9540269734208562,-0.0010241940515304815
-7.847774432870569,-0.9541293928081034,-0.0010241940515304815
-7.747774485319237,-0.9542318121953506,-0.0010241940515304815
-7.647774537767905,-0.9543342315825978,-0.0010241940515304815
-7.547774590216573,-0.954436650969845,-0.0010241940515304815
-7.447774642665241,-0.9545390703570922,-0.0010241940515304815
-7.347774695113909,-0.9546414897443394,-0.0010241940515304815
-7.247774747562577,-0.9547439091315866,-0.0010241940515304815
-7.147774800011245,-0.9548463285188338,-0.0010241940515304815
-7.047774852459913,-0.954948747906081,-0.0010241940515304815
-6.947774904908581,-0.9550511672933282,-0.0010241940515304815
-6.847774957357249,-0.9551535866805754,-0.0010241940515304815
-6.747775009805917,-0.9552560060678226,-0.0010241940515304815
-6.647775062254585,-0.9553584254550698,-0.0010241940515304815
-6.547775114703253,-0.955460844842317,-0.0010241940515304815
-6.447775167151921,-0.9555632642295642,-0.0010241940515304815
-6.347775219600589,-0.9556656836168114,-0.0010241940515304815
-6.247775272049257,-0.9557681030040586,-0.0010241940515304815
-6.147775324497925,-0.9558705223913058,-0.0010241940515304815
-6.047775376946593,-0.955972941778553,-0.0010241940515304815
-5.947775429395261,-0.9560753611658002,-0.0010241940515304815
-5.847775481843929,-0.9561777805530474,-0.0010241940515304815
-5.747775534292597,-0.9562801999402946,-0.0010241940515304815
-5.647775586741265,-0.9563826193275418,-0.0010241940515304815
-5.547775639189933,-0.956485038714789,-0.0010241940515304815
-5.447775691638601,-0.9565874581020362,-0.0010241940515304815
-5.347775744087269,-0.9566898774892834,-0.0010241940515304815
-5.247775796535937,-0.9567922968765306,-0.0010241940515304815
-5.147775848984605,-0.9568947162637778,-0.0010241940515304815
-5.047775901433273,-0.956997135651025,-0.0010241940515304815
-4.947775953881941,-0.9570995550382722,-0.0010241940515304815
-4.847776006330609,-0.9572019744255194,-0.0010241940515304815
-4.7477760587792766,-0.9573043938127666,-0.0010241940515304815
-4.6477761112279445,-0.9574068132000138,-0.0010241940515304815
-4.5477761636766125,-0.957509232587261,-0.0010241940515304815
-4.4477762161252805,-0.9576116519745081,-0.0010241940515304815
-4.3477762685739485,-0.9577140713617553,-0.0010241940515304815
-4.2477763210226165,-0.9578164907490025,-0.0010241940515304815
-4.1477763734712845,-0.9579189101362497,-0.0010241940515304815
-4.0477764259199525,-0.958021329523497,-0.0010241940515304815
-3.9477764783686204,-0.9581237489107441,-0.0010241940515304815
-3.8477765308172884,-0.9582261682979913,-0.0010241940515304815
-3.7477765832659564,-0.9583285876852385,-0.0010241940515304815
-3.6477766357146244,-0.9584310070724857,-0.0010241940515304815
-3.5477766881632924,-0.9585334264597329,-0.0010241940515304815
-3.4477767406119604,-0.9586358458469801,-0.0010241940515304815
-3.3477767930606284,-0.9587382652342273,-0.0010241940515304815
-3.2477768455092964,-0.9588406846214745,-0.0010241940515304815
-3.1477768979579643,-0.9589431040087217,-0.0010241940515304815
-3.0477769504066323,-0.9590455233959689,-0.0010241940515304815
-2.9477770028553003,-0.9591479427832161,-0.0010241940515304815
-2.8477770553039683,-0.9592503621704633,-0.0010241940515304815
-2.7477771077526363,-0.9593527815577105,-0.0010241940515304815
-2.6477771602013043,-0.9594552009449577,-0.0010241940515304815
-2.5477772126499723,-0.9595576203322049,-0.0010241940515304815
-2.4477772650986402,-0.9596600397194521,-0.0010241940515304815
-2.3477773175473082,-0.9597624591066993,-0.0010241940515304815
-2.247777369995976,-0.9598648784939465,-0.0010241940515304815
-2.147777422444644,-0.9599672978811937,-0.0010241940515304815
-2.047777474893312,-0.9600697172684409,-0.0010241940515304815
-1.9477775273419804,-0.9601721366556881,-0.0010241940515304815
-1.8477775797906486,-0.9602745560429353,-0.0010241940515304815
-1.7477776322393168,-0.9603769754301825,-0.0010241940515304815
-1.647777684687985,-0.9604793948174297,-0.0010241940515304815
-1.5477777371366532,-0.9605818142046769,-0.0010241940515304815
-1.4477777895853214,-0.9606842335919241,-0.0010241940515304815
-1.3477778420339896,-0.9607866529791713,-0.0010241940515304815
-1.2477778944826579,-0.9608890723664185,-0.0010241940515304815
-1.147777946931326,-0.9609914917536657,-0.0010241940515304815
-1.0477779993799943,-0.9610939111409129,-0.0010241940515304815
-0.9477780518286625,-0.9611963305281601,-0.0010241940515304815
-0.8477781042773307,-0.9612987499154073,-0.0010241940515304815
-0.7477781567259989,-0.9614011693026545,-0.0010241940515304815
-0.6477782091746671,-0.9615035886899017,-0.0010241940515304815
-0.5477782616233353,-0.9616060080771489,-0.0010241940515304815
-0.44777831407200347,-0.9617084274643961,-0.0010241940515304815
-0.3477783665206716,-0.9618108468516433,-0.0010241940515304815
-0.24777841896933978,-0.9619132662388905,-0.0010241940515304815
-0.14777847141800793,-0.9620156856261377,-0.0010241940515304815
-0.047778523866676095,-0.9621181050133849,-0.0010241940515304815
0.05222142368465574,-0.9622205244006321,-0.0010241940515304815
0.15222137123598756,-0.9623229437878793,-0.0010241940515304815
0.2522213187873194,-0.9624253631751265,-0.0010241940515304815
0.35222126633865125,-0.9625277825623737,-0.0010241940515304815
0.4522212138899831,-0.9626302019496209,-0.0010241940515304815
0.552221161441315,-0.9627326213368681,-0.0010241940515304815
0.6522211089926467,-0.9628350407241153,-0.0010241940515304815
0.7522210565439785,-0.9629374601113625,-0.0010241940515304815
0.8522210040953103,-0.9630398794986097,-0.0010241940515304815
0.9522209516466421,-0.9631422988858569,-0.0010241940515304815
1.052220899197974,-0.9632447182731041,-0.0010241940515304815
1.1522208467493058,-0.9633471376603513,-0.0010241940515304815
1.2522207943006376,-0.9634495570475985,-0.0010241940515304815
1.3522207418519694,-0.9635519764348457,-0.0010241940515304815
1.4522206894033012,-0.9636543958220929,-0.0010241940515304815
1.552220636954633,-0.9637568152093401,-0.0010241940515304815
1.6522205845059648,-0.9638592345965873,-0.0010241940515304815
1.7522205320572966,-0.9639616539838345,-0.0010241940515304815
1.8522204796086283,-0.9640640733710817,-0.0010241940515304815
1.9522204271599601,-0.9641664927583289,-0.0010241940515304815
2.052220374711292,-0.9642689121455761,-0.0010241940515304815
2.152220322262624,-0.9643713315328233,-0.0010241940515304815
2.252220269813956,-0.9644737509200705,-0.0010241940515304815
2.352220217365288,-0.9645761703073177,-0.0010241940515304815
2.45222016491662,-0.9646785896945649,-0.0010241940515304815
2.552220112467952,-0.9647810090818121,-0.0010241940515304815
2.652220060019284,-0.9648834284690593,-0.0010241940515304815
2.752220007570616,-0.9649858478563065,-0.0010241940515304815
2.752220007570616,-0.9649858478563065,-0.1581038267310202
2.752220007570616,-0.9649858478563065,-0.3151834594105099
2.752220007570616,-0.9649858478563065,-0.4722630920899994
2.752220007570616,-0.9649858478563065,-0.6293427247694893
2.752220007570616,-0.9649858478563065,-0.7864223574489789
2.752220007570616,-0.9649858478563065,-0.9435019901284686
2.752220007570616,-0.9649858478563065,-1.1005816228079583
2.752220007570616,-0.9649858478563065,-1.257661255487448
2.752220007570616,-0.9649858478563065,-1.4147408881669374
2.752220007570616,-0.9649858478563065,-1.571820520846427
2.752220007570616,-0.9649858478563065,-1.7289001535259167
2.752220007570616,-0.9649858478563065,-1.885979786205407
2.752220007570616,-0.9649858478563065,-2.0430594188848965
2.752220007570616,-0.9649858478563065,-2.200139051564386
2.752220007570616,-0.9649858478563065,-2.3572186842438754
2.752220007570616,-0.9649858478563065,-2.514298316923365
2.752220007570616,-0.9649858478563065,-2.6713779496028547
2.752220007570616,-0.9649858478563065,-2.8284575822823443
2.752220007570616,-0.9649858478563065,-2.985537214961834
2.752220007570616,-0.9649858478563065,3.1405684595382626
2.752220007570616,-0.9649858478563065,2.983488826858773
2.752220007570616,-0.9649858478563065,2.842117157447232
2.752220007570616,-0.9649858478563065,2.7148826549768454
2.752220007570616,-0.9649858478563065,2.6003716027534973
2.752220007570616,-0.9649858478563065,2.4858605505301496
2.752220007570616,-0.9649858478563065,2.394251708751471
2.752220007570616,-0.9649858478563065,2.3118037511506606
2.752220007570616,-0.9649858478563065,2.2293557935498503
2.752220007570616,-0.9649858478563065,2.163397427469202
2.752220007570616,-0.9649858478563065,2.1040348979966184
2.752220007570616,-0.9649858478563065,2.0506086214712935
2.752220007570616,-0.9649858478563065,2.002524972598501
2.752220007570616,-0.9649858478563065,1.9592496886129869
2.752220007570616,-0.9649858478563065,1.920301933026025
2.752220007570616,-0.9649858478563065,1.8852489529977587
2.752220007570616,-0.9649858478563065,1.853701270972319
2.752220007570616,-0.9649858478563065,1.8253083571494249
2.752220007570616,-0.9649858478563065,1.7969154433265289
2.752220007570616,-0.9649858478563065,1.7742011122682124
2.752220007570616,-0.9649858478563065,1.7537582143157282
2.752220007570616,-0.9649858478563065,1.7353596061584917
2.752220007570616,-0.9649858478563065,1.7188008588169787
2.752220007570616,-0.9649858478563065,1.7022421114754667
2.752220007570616,-0.9649858478563065,1.6889951136022563
2.752220007570616,-0.9649858478563065,1.6770728155163674
2.752220007570616,-0.9649858478563065,1.666342747239067
2.752220007570616,-0.9649858478563065,1.656685685789497
2.752220007570616,-0.9649858478563065,1.6470286243399272
2.752220007570616,-0.9649858478563065,1.6393029751802706
2.752220007570616,-0.9649858478563065,1.6323498909365808
2.752220007570616,-0.9649858478563065,1.626092115117259
2.752220007570616,-0.9649858478563065,1.6204601168798696
2.752220007570616,-0.9649858478563065,1.6153913184662192
2.752220007570616,-0.9649858478563065,1.6108293998939338
2.752220007570616,-0.9649858478563065,1.6062674813216482
2.752220007570616,-0.9649858478563065,1.6017055627493635
2.752220007570616,-0.9649858478563065,1.5985122197487631
2.752220007570616,-0.9649858478563065,1.5956382110482241
2.752220007570616,-0.9649858478563065,1.5930516032177378
2.752220007570616,-0.9649858478563065,1.590723656170301
2.752220007570616,-0.9649858478563065,1.5886285038276076
2.752220007570616,-0.9649858478563065,1.5865333514849138
2.752220007570616,-0.9649858478563065,1.5848572296107588
2.752220007570616,-0.9649858478563065,1.58334871992402
2.752220007570616,-0.9649858478563065,1.5819910612059547
2.752220007570616,-0.9649858478563065,1.5807691683596958
2.752220007570616,-0.9649858478563065,1.5796694647980625
2.752220007570616,-0.9649858478563065,1.5786797315925931
2.752220007570616,-0.9649858478563065,1.5776899983871235
2.752220007570616,-0.9649858478563065,1.5768982118227477
2.752220007570616,-0.9649858478563065,1.5761064252583716
2.752220007570616,-0.9649858478563065,1.5754729960068712
2.752220007570616,-0.9649858478563065,1.5749029096805207
2.752220007570616,-0.9649858478563065,1.5743898319868053
2.752220007570616,-0.9649858478563065,1.5739280620624616
2.752220007570616,-0.9649858478563065,1.5735124691305513
2.752220007570616,-0.9649858478563065,1.5731384354918334
2.752220007570616,-0.9649858478563065,1.5728018052169868
2.752220007570616,-0.9649858478563065,1.57246517494214
2.752220007570616,-0.9649858478563065,1.5721958707222625
2.752220007570616,-0.9649858478563065,1.5719534969243731
2.752220007570616,-0.9649858478563065,1.5717353605062725
2.752220007570616,-0.9649858478563065,1.571517224088172
2.752220007570616,-0.9649858478563065,1.571342714953691
2.752220007570616,-0.9649858478563065,1.5711682058192102
2.752220007570616,-0.9649858478563065,1.571028598511626
2.752220007570616,-0.9649858478563065,1.5709029519348001
2.752220007570616,-0.9649858478563065,1.5707898700156568
2.752220007570616,-0.9649858478563065,1.570688096288428
2.7522254190959288,-0.9149858481491525,1.570688096288428
2.7522302894687103,-0.869985848412714,1.570688096288428
2.752235159841492,-0.8249858486762754,1.570688096288428
2.752239056139717,-0.7889858488871246,1.570688096288428
2.7522429524379426,-0.7529858490979738,1.570688096288428
2.752246848736168,-0.716985849308823,1.570688096288428
2.7522507450343934,-0.6809858495196722,1.570688096288428
2.7522530828133287,-0.6593858496461817,1.570688096288428
2.752255420592264,-0.6377858497726913,1.570688096288428
2.7522572908154124,-0.6205058498738989,1.570688096288428
2.7522591610385607,-0.6032258499751065,1.570688096288428
2.752260657217079,-0.5894018500560726,1.570688096288428
2.7522620037777457,-0.576960250128942,1.570688096288428
2.752263350338412,-0.5645186502018115,1.570688096288428
2.7522644275869457,-0.554565370260107,1.570688096288428
2.752265504835479,-0.5446120903184025,1.570688096288428
2.7522663666343057,-0.536649466365039,1.570688096288428
2.752267228433132,-0.5286868424116754,1.570688096288428
2.7522679178721936,-0.5223167432489846,1.570688096288428
2.752268538367349,-0.5165836540025628,1.570688096288428
2.752269158862504,-0.510850564756141,1.570688096288428
2.7522696552586283,-0.5062640933590036,1.570688096288428
2.7522701516547525,-0.5016776219618662,1.570688096288428
2.752270548771652,-0.49800844484415624,1.570688096288428
2.7522709458885513,-0.4943392677264463,1.570688096288428
2.7522712635820707,-0.4914039260322784,1.570688096288428
2.7522715812755902,-0.48846858433811047,1.570688096288428
2.7522718989691097,-0.48553324264394254,1.570688096288428
2.752272153123925,-0.4831849692886082,1.570688096288428
2.7522724072787406,-0.4808366959332739,1.570688096288428
2.7522726042487227,-0.4790167840828898,1.570688096288428
2.7522728012187048,-0.4771968722325057,1.570688096288428
2.752272953076207,-0.4757937789026934,1.570688096288428
2.752273104933709,-0.47439068557288117,1.570688096288428
2.7522732131642154,-0.4733906855787381,1.570688096288428
2.7522733213947217,-0.472390685584595,1.570688096288428
2.752273429625228,-0.47139068559045194,1.570688096288428
2.7522735378557344,-0.47039068559630887,1.570688096288428
2.7522736460862407,-0.4693906856021658,1.570688096288428
2.752273754316747,-0.4683906856080227,1.570688096288428
2.752273754316747,-0.4683906856080227,1.7277677289679179
2.752273754316747,-0.4683906856080227,1.8691393983794582
2.752273754316747,-0.4683906856080227,1.9963739008498447
2.752273754316747,-0.4683906856080227,2.110884953073193
2.752273754316747,-0.4683906856080227,2.213944900074206
2.752273754316747,-0.4683906856080227,2.306698852375118
2.752273754316747,-0.4683906856080227,2.3901774094459385
2.752273754316747,-0.4683906856080227,2.4653081108096773
2.752273754316747,-0.4683906856080227,2.532925742037042
2.752273754316747,-0.4683906856080227,2.6005433732644074
2.752273754316747,-0.4683906856080227,2.668161004491772
2.752273754316747,-0.4683906856080227,2.715493346350927
2.752273754316747,-0.4683906856080227,2.7580924540241667
2.752273754316747,-0.4683906856080227,2.7964316509300824
2.752273754316747,-0.4683906856080227,2.8309369281454067
2.752273754316747,-0.4683906856080227,2.8619916776391983
2.752273754316747,-0.4683906856080227,2.889940952183611
2.752273754316747,-0.4683906856080227,2.9178902267280233
2.752273754316747,-0.4683906856080227,2.9402496463635535
2.752273754316747,-0.4683906856080227,2.9603731240355304
2.752273754316747,-0.4683906856080227,2.97848425394031
2.752273754316747,-0.4683906856080227,2.9947842708546113
2.752273754316747,-0.4683906856080227,3.0094542860774824
2.752273754316747,-0.4683906856080227,3.0226572997780665
2.752273754316747,-0.4683906856080227,3.034540012108592
2.752273754316747,-0.4683906856080227,3.0464227244391178
2.752273754316747,-0.4683906856080227,3.0559288943035385
2.752273754316747,-0.4683906856080227,3.064484447181517
2.752273754316747,-0.4683906856080227,3.0721844447716977
2.752273754316747,-0.4683906856080227,3.0791144426028603
2.752273754316747,-0.4683906856080227,3.086044440434023
2.752273754316747,-0.4683906856080227,3.091588438698953
2.752273754316747,-0.4683906856080227,3.09657803713739
2.752273754316747,-0.4683906856080227,3.1015676355758273
2.752273754316747,-0.4683906856080227,3.105559314326577
2.752273754316747,-0.4683906856080227,3.109151825202252
2.752273754316747,-0.4683906856080227,3.1123850849903594
2.752273754316747,-0.4683906856080227,3.1156183447784667
2.752273754316747,-0.4683906856080227,3.1182049526089526
2.752273754316747,-0.4683906856080227,3.1205328996563897
2.752273754316747,-0.4683906856080227,3.122860846703827
2.752273754316747,-0.4683906856080227,3.1247232043417767
2.752273754316747,-0.4683906856080227,3.1263993262159318
2.752273754316747,-0.4683906856080227,3.127907835902671
2.752273754316747,-0.4683906856080227,3.1292654946207366
2.752273754316747,-0.4683906856080227,3.1304873874669954
2.752273754316747,-0.4683906856080227,3.1315870910286283
2.752273754316747,-0.4683906856080227,3.132576824234098
2.752273754316747,-0.4683906856080227,3.133566557439568
2.752273754316747,-0.4683906856080227,3.1343583440039438
2.752273754316747,-0.4683906856080227,3.135070951911882
2.752273754316747,-0.4683906856080227,3.1357835598198203
2.752273754316747,-0.4683906856080227,3.1363536461461705
2.752273754316747,-0.4683906856080227,3.1368667238398857
2.752273754316747,-0.4683906856080227,3.1373284937642296
2.752273754316747,-0.4683906856080227,3.1377440866961392
2.752273754316747,-0.4683906856080227,3.1381181203348576
2.752273754316747,-0.4683906856080227,3.138492153973576
2.752273754316747,-0.4683906856080227,3.138791380884551
2.752273754316747,-0.4683906856080227,3.1390606851044285
2.752273754316747,-0.4683906856080227,3.139303058902318
2.752273754316747,-0.4683906856080227,3.1395211953204187
2.752273754316747,-0.4683906856080227,3.139717518096709
2.752273754316747,-0.4683906856080227,3.1399138408729996
2.752273754316747,-0.4683906856080227,3.1400708990940323
2.752273754316747,-0.4683906856080227,3.1402122514929616
2.752273754316747,-0.4683906856080227,3.140339468651998
2.752273754316747,-0.4683906856080227,3.1404666858110346
2.752273754316747,-0.4683906856080227,3.1405684595382635
2.652273806765415,-0.46828826622077563,3.1405684595382635
2.552273859214083,-0.46818584683352854,3.1405684595382635
2.452273911662751,-0.46808342744628145,3.1405684595382635
2.352273964111419,-0.46798100805903436,3.1405684595382635
2.252274016560087,-0.4678785886717873,3.1405684595382635
2.152274069008755,-0.4677761692845402,3.1405684595382635
2.052274121457423,-0.4676737498972931,3.1405684595382635
1.9522741739060911,-0.467571330510046,3.1405684595382635
1.8522742263547594,-0.4674689111227989,3.1405684595382635
1.7522742788034276,-0.46736649173555184,3.1405684595382635
1.6522743312520958,-0.46726407234830475,3.1405684595382635
1.552274383700764,-0.46716165296105766,3.1405684595382635
1.4522744361494322,-0.4670592335738106,3.1405684595382635
1.3522744885981004,-0.4669568141865635,3.1405684595382635
1.2522745410467686,-0.4668543947993164,3.1405684595382635
1.1522745934954368,-0.4667519754120693,3.1405684595382635
1.052274645944105,-0.4666495560248222,3.1405684595382635
0.9522746983927732,-0.46654713663757513,3.1405684595382635
0.8522747508414414,-0.46644471725032804,3.1405684595382635
0.7522748032901097,-0.46634229786308096,3.1405684595382635
0.6522748557387779,-0.46623987847583387,3.1405684595382635
0.5522749081874461,-0.4661374590885868,3.1405684595382635
0.4522749606361142,-0.4660350397013397,3.1405684595382635
0.3522750130847824,-0.4659326203140926,3.1405684595382635
0.2522750655334505,-0.4658302009268455,3.1405684595382635
0.15227511798211868,-0.46572778153959843,3.1405684595382635
0.052275170430786846,-0.46562536215235134,3.1405684595382635
-0.04772477712054499,-0.46552294276510425,3.1405684595382635
-0.1477247246718768,-0.46542052337785716,3.1405684595382635
-0.24772467222320865,-0.4653181039906101,3.1405684595382635
-0.3477246197745405,-0.465215684603363,3.1405684595382635
-0.44772456732587235,-0.4651132652161159,3.1405684595382635
-0.5477245148772042,-0.4650108458288688,3.1405684595382635
-0.647724462428536,-0.4649084264416217,3.1405684595382635
-0.7477244099798678,-0.46480600705437464,3.1405684595382635
-0.8477243575311996,-0.46470358766712755,3.1405684595382635
-0.9477243050825314,-0.46460116827988046,3.1405684595382635
-1.0477242526338633,-0.4644987488926334,3.1405684595382635
-1.147724200185195,-0.4643963295053863,3.1405684595382635
-1.2477241477365268,-0.4642939101181392,3.1405684595382635
-1.3477240952878586,-0.4641914907308921,3.1405684595382635
-1.4477240428391904,-0.464089071343645,3.1405684595382635
-1.5477239903905222,-0.46398665195639793,3.1405684595382635
-1.647723937941854,-0.46388423256915085,3.1405684595382635
-1.7477238854931858,-0.46378181318190376,3.1405684595382635
-1.8477238330445176,-0.46367939379465667,3.1405684595382635
-1.9477237805958494,-0.4635769744074096,3.1405684595382635
-2.047723728147181,-0.4634745550201625,3.1405684595382635
-2.147723675698513,-0.4633721356329154,3.1405684595382635
-2.247723623249845,-0.4632697162456683,3.1405684595382635
-2.347723570801177,-0.46316729685842123,3.1405684595382635
-2.4477235183525092,-0.46306487747117414,3.1405684595382635
-2.5477234659038412,-0.46296245808392705,3.1405684595382635
-2.6477234134551733,-0.46286003869667997,3.1405684595382635
-2.7477233610065053,-0.4627576193094329,3.1405684595382635
-2.8477233085578373,-0.4626551999221858,3.1405684595382635
-2.9477232561091693,-0.4625527805349387,3.1405684595382635
-3.0477232036605013,-0.4624503611476916,3.1405684595382635
-3.1477231512118333,-0.4623479417604445,3.1405684595382635
-3.2477230987631653,-0.46224552237319744,3.1405684595382635
-3.3477230463144974,-0.46214310298595035,3.1405684595382635
-3.4477229938658294,-0.46204068359870326,3.1405684595382635
-3.5477229414171614,-0.4619382642114562,3.1405684595382635
-3.6477228889684934,-0.4618358448242091,3.1405684595382635
-3.7477228365198254,-0.461733425436962,3.1405684595382635
-3.8477227840711574,-0.4616310060497149,3.1405684595382635
-3.9477227316224894,-0.4615285866624678,3.1405684595382635
-4.0477226791738214,-0.46142616727522073,3.1405684595382635
-4.1477226267251535,-0.46132374788797365,3.1405684595382635
-4.2477225742764855,-0.46122132850072656,3.1405684595382635
-4.3477225218278175,-0.46111890911347947,3.1405684595382635
-4.4477224693791495,-0.4610164897262324,3.1405684595382635
-4.5477224169304815,-0.4609140703389853,3.1405684595382635
-4.6477223644818135,-0.4608116509517382,3.1405684595382635
-4.7477223120331455,-0.4607092315644911,3.1405684595382635
-4.8477222595844776,-0.46060681217724403,3.1405684595382635
-4.94772220713581,-0.46050439278999694,3.1405684595382635
-5.047722154687142,-0.46040197340274985,3.1405684595382635
-5.147722102238474,-0.46029955401550277,3.1405684595382635
-5.247722049789806,-0.4601971346282557,3.1405684595382635
-5.347721997341138,-0.4600947152410086,3.1405684595382635
-5.44772194489247,-0.4599922958537615,3.1405684595382635
-5.547721892443802,-0.4598898764665144,3.1405684595382635
-5.647721839995134,-0.4597874570792673,3.1405684595382635
-5.747721787546466,-0.45968503769202024,3.1405684595382635
-5.847721735097798,-0.45958261830477315,3.1405684595382635
-5.94772168264913,-0.45948019891752606,3.1405684595382635
-6.047721630200462,-0.459377779530279,3.1405684595382635
-6.147721577751794,-0.4592753601430319,3.1405684595382635
-6.247721525303126,-0.4591729407557848,3.1405684595382635
-6.347721472854458,-0.4590705213685377,3.1405684595382635
-6.44772142040579,-0.4589681019812906,3.1405684595382635
-6.547721367957122,-0.45886568259404353,3.1405684595382635
-6.647721315508454,-0.45876326320679645,3.1405684595382635
-6.747721263059786,-0.45866084381954936,3.1405684595382635
-6.847721210611118,-0.45855842443230227,3.1405684595382635
-6.94772115816245,-0.4584560050450552,3.1405684595382635
-7.047721105713782,-0.4583535856578081,3.1405684595382635
-7.147721053265114,-0.458251166270561,3.1405684595382635
-7.247721000816446,-0.4581487468833139,3.1405684595382635
-7.347720948367778,-0.45804632749606683,3.1405684595382635
-7.44772089591911,-0.45794390810881974,3.1405684595382635
-7.547720843470442,-0.45784148872157265,3.1405684595382635
-7.647720791021774,-0.45773906933432557,3.1405684595382635
-7.747720738573106,-0.4576366499470785,3.1405684595382635
-7.847720686124438,-0.4575342305598314,3.1405684595382635
-7.94772063367577,-0.4574318111725843,3.1405684595382635
-8.047720581227102,-0.4573293917853372,3.1405684595382635
-8.147720528778434,-0.4572269723980901,3.1405684595382635
-8.247720476329766,-0.45712455301084304,3.1405684595382635
-8.347720423881098,-0.45702213362359595,3.1405684595382635
-8.44772037143243,-0.45691971423634886,3.1405684595382635
-8.547720318983762,-0.4568172948491018,3.1405684595382635
-8.647720266535094,-0.4567148754618547,3.1405684595382635
-8.747720214086426,-0.4566124560746076,3.1405684595382635
-8.847720161637758,-0.4565100366873605,3.1405684595382635
-8.94772010918909,-0.4564076173001134,3.1405684595382635
-9.047720056740422,-0.45630519791286633,3.1405684595382635
-9.147720004291754,-0.45620277852561925,3.1405684595382635
-9.147720004291754,-0.45620277852561925,2.983488826858774
-9.147720004291754,-0.45620277852561925,2.826409194179284
-9.147720004291754,-0.45620277852561925,2.6850375247677434
-9.147720004291754,-0.45620277852561925,2.5593738186241515
-9.147720004291754,-0.45620277852561925,2.4604136500360734
-9.147720004291754,-0.45620277852561925,2.361453481447995
-9.147720004291754,-0.45620277852561925,2.2822853465775315
-9.147720004291754,-0.45620277852561925,2.211034025194115
-9.147720004291754,-0.45620277852561925,2.1397827038106985
-9.147720004291754,-0.45620277852561925,2.075656514565624
-9.147720004291754,-0.45620277852561925,2.011530325320549
-9.147720004291754,-0.45620277852561925,1.967354506062831
-9.147720004291754,-0.45620277852561925,1.9231786868051126
-9.147720004291754,-0.45620277852561925,1.8790028675473949
-9.147720004291754,-0.45620277852561925,1.8348270482896765
-9.147720004291754,-0.45620277852561925,1.7906512290319587
-9.147720004291754,-0.45620277852561925,1.768563319403099
-9.147720004291754,-0.45620277852561925,1.7486842007371257
-9.147720004291754,-0.45620277852561925,1.7288050820711527
-9.147720004291754,-0.45620277852561925,1.7129017871383743
-9.147720004291754,-0.45620277852561925,1.6985888216988738
-9.147720004291754,-0.45620277852561925,1.6857071528033227
-9.147720004291754,-0.45620277852561925,1.6741136507973273
-9.147720004291754,-0.45620277852561925,1.6636794989919306
-9.147720004291754,-0.45620277852561925,1.6542887623670746
-9.147720004291754,-0.45620277852561925,1.6458370994047036
-9.147720004291754,-0.45620277852561925,1.6373854364423333
-9.147720004291754,-0.45620277852561925,1.6306241060724362
-9.147720004291754,-0.45620277852561925,1.6245389087395294
-9.147720004291754,-0.45620277852561925,1.6190622311399132
-9.147720004291754,-0.45620277852561925,1.6141332213002586
-9.147720004291754,-0.45620277852561925,1.6096971124445691
-9.147720004291754,-0.45620277852561925,1.60526100358888
-9.147720004291754,-0.45620277852561925,1.6017121165043282
-9.147720004291754,-0.45620277852561925,1.598518118128233
-9.147720004291754,-0.45620277852561925,1.5956435195897454
-9.147720004291754,-0.45620277852561925,1.5930563809051088
-9.147720004291754,-0.45620277852561925,1.5907279560889336
-9.147720004291754,-0.45620277852561925,1.588632373754377
-9.147720004291754,-0.45620277852561925,1.586746349653276
-9.147720004291754,-0.45620277852561925,1.5850489279622857
-9.147720004291754,-0.45620277852561925,1.5835212484403935
-9.147720004291754,-0.45620277852561925,1.582146336870691
-9.147720004291754,-0.45620277852561925,1.5809089164579588
-9.147720004291754,-0.45620277852561925,1.579795238086499
-9.147720004291754,-0.45620277852561925,1.5787929275521861
-9.147720004291754,-0.45620277852561925,1.577890848071304
-9.147720004291754,-0.45620277852561925,1.5769887685904218
-9.147720004291754,-0.45620277852561925,1.5761768970576286
-9.147720004291754,-0.45620277852561925,1.5753650255248346
-9.147720004291754,-0.45620277852561925,1.5745531539920408
-9.147720004291754,-0.45620277852561925,1.5740750518671736
-9.147720004291754,-0.45620277852561925,1.5736447599547927
-9.147720004291754,-0.45620277852561925,1.5732574972336504
-9.147720004291754,-0.45620277852561925,1.5729089607846218
-9.147720004291754,-0.45620277852561925,1.5725604243355933
-9.147720004291754,-0.45620277852561925,1.5722815951763711
-9.147720004291754,-0.45620277852561925,1.5720306489330709
-9.147720004291754,-0.45620277852561925,1.57177970268977
-9.147720004291754,-0.45620277852561925,1.5715789456951297
-9.147720004291754,-0.45620277852561925,1.5713982643999531
-9.147720004291754,-0.45620277852561925,1.5712356512342942
-9.147720004291754,-0.45620277852561925,1.5710892993852017
-9.147720004291754,-0.45620277852561925,1.5709575827210185
-9.147720004291754,-0.45620277852561925,1.5708390377232533
-9.147720004291754,-0.45620277852561925,1.5707323472252648
-9.147720004291754,-0.45620277852561925,1.570625656727276
-9.147711470788414,-0.40620277925382603,1.570625656727276
-9.147703790635408,-0.3612027799092121,1.570625656727276
-9.147696110482402,-0.3162027805645983,1.570625656727276
-9.147689966359998,-0.28020278108890717,1.570625656727276
-9.147684436649834,-0.24780278156078517,1.570625656727276
-9.147678906939671,-0.21540278203266316,1.570625656727276
-9.147673930200524,-0.18624278245735337,1.570625656727276
-9.147668953461377,-0.15708278288204358,1.570625656727276
-9.147665027367161,-0.13407878321707697,1.570625656727276
-9.147661101272945,-0.11107478355211035,1.570625656727276
-9.147658458071486,-0.09558758377766804,1.570625656727276
-9.147655814870028,-0.08010038400322574,1.570625656727276
-9.147653435988715,-0.06616190420622765,1.570625656727276
-9.147651057107403,-0.05222342440922957,1.570625656727276
-9.147649180434367,-0.04122751256937553,1.570625656727276
-9.147647303761332,-0.030231600729521482,1.570625656727276
-9.147646040311034,-0.022828719237338056,1.570625656727276
-9.147644776860737,-0.01542583774515463,1.570625656727276
-9.147643766100499,-0.00950353255140789,1.570625656727276
-9.14764275534026,-0.00358122735766115,1.570625656727276
-9.14764194673207,0.001156616797336243,1.570625656727276
-9.14764113812388,0.005894460952333636,1.570625656727276
-9.147640491237329,0.00968473627633155,1.570625656727276
-9.147639844350778,0.013475011600329465,1.570625656727276
-9.147639326841535,0.016507231859527797,1.570625656727276
-9.147638809332292,0.01953945211872613,1.570625656727276
-9.147638395324899,0.021965228326084794,1.570625656727276
-9.147637981317505,0.02439100453344346,1.570625656727276
-9.14763765011159,0.02633162549933039,1.570625656727276
-9.147637318905677,0.02827224646521732,1.570625656727276
-9.147637053940946,0.029824743237926866,1.570625656727276
-9.147636788976214,0.03137724001063641,1.570625656727276
-9.147636550507956,0.032774487106075,1.570625656727276
-9.147636312039698,0.03417173420151359,1.570625656727276
-9.147636141369631,0.03517173418694946,1.570625656727276
-9.147635970699564,0.036171734172385325,1.570625656727276
-9.147635800029498,0.03717173415782119,1.570625656727276
-9.147635629359431,0.03817173414325706,1.570625656727276
-9.147635458689365,0.039171734128692924,1.570625656727276
-9.147635288019298,0.04017173411412879,1.570625656727276
-9.147635288019298,0.04017173411412879,1.7277052894067653
-9.147635288019298,0.04017173411412879,1.8847849220862551
-9.147635288019298,0.04017173411412879,2.041864554765745
-9.147635288019298,0.04017173411412879,2.1989441874452345
-9.147635288019298,0.04017173411412879,2.3560238201247246
-9.147635288019298,0.04017173411412879,2.513103452804214
-9.147635288019298,0.04017173411412879,2.6701830854837034
-9.147635288019298,0.04017173411412879,2.827262718163193
-9.147635288019298,0.04017173411412879,2.9843423508426827
-9.147635288019298,0.04017173411412879,3.1414219835221724
-9.147635288019298,0.04017173411412879,-2.984683690977924
-9.147635288019298,0.04017173411412879,-2.8276040582984345
-9.147635288019298,0.04017173411412879,-2.670524425618945
-9.147635288019298,0.04017173411412879,-2.513444792939455
-9.147635288019298,0.04017173411412879,-2.3563651602599656
-9.147635288019298,0.04017173411412879,-2.199285527580476
-9.147635288019298,0.04017173411412879,-2.0422058949009863
-9.147635288019298,0.04017173411412879,-1.8851262622214968
-9.147635288019298,0.04017173411412879,-1.728046629542007
-9.147635288019298,0.04017173411412879,-1.5709669968625173
-9.147635288019298,0.04017173411412879,-1.4138873641830279
-9.147635288019298,0.04017173411412879,-1.2725156947714866
-9.147635288019298,0.04017173411412879,-1.1452811923011001
-9.147635288019298,0.04017173411412879,-1.030770140077752
-9.147635288019298,0.04017173411412879,-0.9162590878544042
-9.147635288019298,0.04017173411412879,-0.824650246075726
-9.147635288019298,0.04017173411412879,-0.7422022884749154
-9.147635288019298,0.04017173411412879,-0.6679991266341861
-9.147635288019298,0.04017173411412879,-0.6012162809775293
-9.147635288019298,0.04017173411412879,-0.5411117198865383
-9.147635288019298,0.04017173411412879,-0.4810071587955475
-9.147635288019298,0.04017173411412879,-0.43292350992275463
-9.147635288019298,0.04017173411412879,-0.38964822593724135
-9.147635288019298,0.04017173411412879,-0.35070047035027896
-9.147635288019298,0.04017173411412879,-0.3117527147633169
-9.147635288019298,0.04017173411412879,-0.2766997347350509
-9.147635288019298,0.04017173411412879,-0.2490468282683079
-9.147635288019298,0.04017173411412879,-0.2241592124482392
-9.147635288019298,0.04017173411412879,-0.20176035821017724
-9.147635288019298,0.04017173411412879,-0.17936150397211528
-9.147635288019298,0.04017173411412879,-0.16144242058166583
-9.147635288019298,0.04017173411412879,-0.14531524553026123
-9.147635288019298,0.04017173411412879,-0.12918807047885666
-9.147635288019298,0.04017173411412879,-0.11628633043773293
-9.147635288019298,0.04017173411412879,-0.10467476440072172
-9.147635288019298,0.04017173411412879,-0.09422435496741155
-9.147635288019298,0.04017173411412879,-0.08377394553410139
-9.147635288019298,0.04017173411412879,-0.07541361798745325
-9.147635288019298,0.04017173411412879,-0.06788932319547
-9.147635288019298,0.04017173411412879,-0.06036502840348672
-9.147635288019298,0.04017173411412879,-0.05284073361150344
-9.147635288019298,0.04017173411412879,-0.04531643881952017
-9.147635288019298,0.04017173411412879,-0.037792144027536896
-9.147635288019298,0.04017173411412879,-0.03026784923555362
-9.147635288019298,0.04017173411412879,-0.027258131318760256
-9.147635288019298,0.04017173411412879,-0.024549385193646207
-9.147635288019298,0.04017173411412879,-0.022111513681043575
-9.147635288019298,0.04017173411412879,-0.019673642168440943
-9.147635288019298,0.04017173411412879,-0.01772334495835883
-9.147635288019298,0.04017173411412879,-0.015773047748276727
-9.147635288019298,0.04017173411412879,-0.01421280998021104
-9.147635288019298,0.04017173411412879,-0.012808595988951997
-9.147635288019298,0.04017173411412879,-0.011544803396818787
-9.147635288019298,0.04017173411412879,-0.010407390063898913
-9.147635288019298,0.04017173411412879,-0.009383718064271043
-9.147635288019298,0.04017173411412879,-0.008462413264605985
-9.147635288019298,0.04017173411412879,-0.00763323894490742
-9.147635288019298,0.04017173411412879,-0.006886982057178712
-9.147635288019298,0.04017173411412879,-0.006140725169450005
-9.147635288019298,0.04017173411412879,-0.005543719659267041
-9.147635288019298,0.04017173411412879,-0.005006414700102351
-9.147635288019298,0.04017173411412879,-0.0045228402368541806
-9.147635288019298,0.04017173411412879,-0.0040876232199308065
-9.147635288019298,0.04017173411412879,-0.0036959279046997907
-9.147635288019298,0.04017173411412879,-0.0033042325894687753
-9.147635288019298,0.04017173411412879,-0.0029517068057608306
-9.147635288019298,0.04017173411412879,-0.0026736031319467717
-9.147635288019298,0.04017173411412879,-0.0024233098255140996
-9.147635288019298,0.04017173411412879,-0.0021980458497247446
-9.147635288019298,0.04017173411412879,-0.0019953082715142545
-9.147635288019298,0.04017173411412879,-0.0018128444511248544
-9.147635288019298,0.04017173411412879,-0.0016486270127743735
-9.147635288019298,0.04017173411412879,-0.0014844095744238933
-9.147635288019298,0.04017173411412879,-0.0013201921360734125
-9.147635288019298,0.04017173411412879,-0.0012052399292280863
-9.147635288019298,0.04017173411412879,-0.0011017829430673425
-9.047635348715575,0.04006155584211343,-0.0011017829430673425
-8.947635409411852,0.039951377570098076,-0.0011017829430673425
-8.847635470108129,0.03984119929808272,-0.0011017829430673425
-8.747635530804406,0.03973102102606736,-0.0011017829430673425
-8.647635591500682,0.039620842754052005,-0.0011017829430673425
-8.54763565219696,0.03951066448203665,-0.0011017829430673425
-8.447635712893236,0.03940048621002129,-0.0011017829430673425
-8.347635773589513,0.03929030793800593,-0.0011017829430673425
-8.24763583428579,0.039180129665990576,-0.0011017829430673425
-8.147635894982066,0.03906995139397522,-0.0011017829430673425
-8.047635955678343,0.03895977312195986,-0.0011017829430673425
-7.94763601637462,0.038849594849944505,-0.0011017829430673425
-7.847636077070897,0.03873941657792915,-0.0011017829430673425
-7.847636077070897,0.03873941657792915,-0.158181415622557
-7.847636077070897,0.03873941657792915,-0.31526104830204665
-7.847636077070897,0.03873941657792915,-0.47234068098153636
-7.847636077070897,0.03873941657792915,-0.629420313661026
-7.847636077070897,0.03873941657792915,-0.7864999463405153
-7.847636077070897,0.03873941657792915,-0.9435795790200053
-7.847636077070897,0.03873941657792915,-1.100659211699495
-7.847636077070897,0.03873941657792915,-1.2577388443789848
-7.847636077070897,0.03873941657792915,-1.4148184770584742
-7.847636077070897,0.03873941657792915,-1.5718981097379643
-7.847636077070897,0.03873941657792915,-1.728977742417454
-7.847636077070897,0.03873941657792915,-1.8860573750969427
-7.847636077070897,0.03873941657792915,-2.0431370077764326
-7.847636077070897,0.03873941657792915,-2.2002166404559222
-7.847636077070897,0.03873941657792915,-2.357296273135412
-7.847636077070897,0.03873941657792915,-2.514375905814902
-7.847636077070897,0.03873941657792915,-2.671455538494391
-7.847636077070897,0.03873941657792915,-2.828535171173881
-7.847636077070897,0.03873941657792915,-2.9856148038533705
-7.847636077070897,0.03873941657792915,3.140490870646726
-7.847636077070897,0.03873941657792915,2.9834112379672364
-7.847636077070897,0.03873941657792915,2.8420395685556956
-7.847636077070897,0.03873941657792915,2.714805066085309
-7.847636077070897,0.03873941657792915,2.587570563614922
-7.847636077070897,0.03873941657792915,2.485782961638613
-7.847636077070897,0.03873941657792915,2.394174119859935
-7.847636077070897,0.03873941657792915,2.3117261622591245
-7.847636077070897,0.03873941657792915,2.237523000418395
-7.847636077070897,0.03873941657792915,2.1707401547617384
-7.847636077070897,0.03873941657792915,2.1106355936707475
-7.847636077070897,0.03873941657792915,2.056541488688856
-7.847636077070897,0.03873941657792915,2.0024473837069645
-7.847636077070897,0.03873941657792915,1.9591720997214508
-7.847636077070897,0.03873941657792915,1.9202243441344888
-7.847636077070897,0.03873941657792915,1.881276588547526
-7.847636077070897,0.03873941657792915,1.850118384077957
-7.847636077070897,0.03873941657792915,1.8220760000553444
-7.847636077070897,0.03873941657792915,1.7968378544349923
-7.847636077070897,0.03873941657792915,1.7741235233766768
-7.847636077070897,0.03873941657792915,1.753680625424192
-7.847636077070897,0.03873941657792915,1.7352820172669554
-7.847636077070897,0.03873941657792915,1.7187232699254422
-7.847636077070897,0.03873941657792915,1.7021645225839306
-7.847636077070897,0.03873941657792915,1.6889175247107202
-7.847636077070897,0.03873941657792915,1.6769952266248314
-7.847636077070897,0.03873941657792915,1.6650729285389427
-7.847636077070897,0.03873941657792915,1.6555350900702304
-7.847636077070897,0.03873941657792915,1.6459972516015196
-7.847636077070897,0.03873941657792915,1.6383669808265509
-7.847636077070897,0.03873941657792915,1.631499737129079
-7.847636077070897,0.03873941657792915,1.6253192178013538
-7.847636077070897,0.03873941657792915,1.6197567504064014
-7.847636077070897,0.03873941657792915,1.6147505297509444
-7.847636077070897,0.03873941657792915,1.610244931161033
-7.847636077070897,0.03873941657792915,1.6061898924301128
-7.847636077070897,0.03873941657792915,1.602540357572284
-7.847636077070897,0.03873941657792915,1.5992557762002386
-7.847636077070897,0.03873941657792915,1.5962996529653974
-7.847636077070897,0.03873941657792915,1.5936391420540406
-7.847636077070897,0.03873941657792915,1.5909786311426843
-7.847636077070897,0.03873941657792915,1.5888502224135983
-7.847636077070897,0.03873941657792915,1.5869346545574219
-7.847636077070897,0.03873941657792915,1.5852106434868622
-7.847636077070897,0.03873941657792915,1.5834866324163037
-7.847636077070897,0.03873941657792915,1.5821074235598556
-7.847636077070897,0.03873941657792915,1.580866135589053
-7.847636077070897,0.03873941657792915,1.5797489764153307
-7.847636077070897,0.03873941657792915,1.5787435331589807
-7.847636077070897,0.03873941657792915,1.5778386342282653
-7.847636077070897,0.03873941657792915,1.5769337352975499
-7.847636077070897,0.03873941657792915,1.5760288363668356
-7.847636077070897,0.03873941657792915,1.575304917222263
-7.847636077070897,0.03873941657792915,1.574671487970762
-7.847636077070897,0.03873941657792915,1.5741737935588689
-7.847636077070897,0.03873941657792915,1.573725868588165
-7.847636077070897,0.03873941657792915,1.5732779436174615
-7.847636077070897,0.03873941657792915,1.5728300186467576
-7.847636077070897,0.03873941657792915,1.5725164711672641
-7.847636077070897,0.03873941657792915,1.5722342784357208
-7.847636077070897,0.03873941657792915,1.5719803049773322
-7.847636077070897,0.03873941657792915,1.571751728864782
-7.847636077070897,0.03873941657792915,1.5715460103634868
-7.847636077070897,0.03873941657792915,1.5713608637123206
-7.847636077070897,0.03873941657792915,1.5711942317262715
-7.847636077070897,0.03873941657792915,1.5710442629388273
-7.847636077070897,0.03873941657792915,1.5709092910301277
-7.847636077070897,0.03873941657792915,1.570787816312298
-7.847636077070897,0.03873941657792915,1.570678489066251
-7.847630185184478,0.08873941623078589,1.570678489066251
-7.847624882486701,0.13373941591835697,1.570678489066251
-7.847619579788924,0.17873941560592804,1.570678489066251
-7.847614807360925,0.219239415324742,1.570678489066251
-7.847611042445504,0.2511894151029175,1.570678489066251
-7.8476072775300825,0.28313941488109295,1.570678489066251
-7.847604265597745,0.3086994147036333,1.570678489066251
-7.847601253665408,0.3342594145261737,1.570678489066251
-7.847598844119538,0.354707414384206,1.570678489066251
-7.847596675528256,0.37311061425643505,1.570678489066251
-7.847594506936973,0.3915138141286641,1.570678489066251
-7.847592772063947,0.40623637402644736,1.570678489066251
-7.84759103719092,0.4209589339242306,1.570678489066251
-7.847589649292499,0.43273698184245724,1.570678489066251
-7.847588261394078,0.44451502976068386,1.570678489066251
-7.847587151075341,0.45393746809526514,1.570678489066251
-7.847586040756605,0.4633599064298464,1.570678489066251
-7.847585041469742,0.47184010093096956,1.570678489066251
-7.847584042182879,0.4803202954320927,1.570678489066251
-7.847583353785262,0.48616220719953307,1.570678489066251
-7.847582665387645,0.49200411896697344,1.570678489066251
-7.847582114669551,0.49667764838092576,1.570678489066251
-7.847581563951458,0.501351177794878,1.570678489066251
-7.847581123376983,0.5050900013260399,1.570678489066251
-7.8475806828025085,0.5088288248572017,1.570678489066251
-7.847580330342929,0.5118198836821312,1.570678489066251
-7.847579977883349,0.5148109425070606,1.570678489066251
-7.847579695915686,0.5172037895670042,1.570678489066251
-7.847579413948022,0.5195966366269478,1.570678489066251
-7.847579188373891,0.5215109142749027,1.570678489066251
-7.84757896279976,0.5234251919228576,1.570678489066251
-7.847578782340455,0.5249566140412215,1.570678489066251
-7.84757860188115,0.5264880361595854,1.570678489066251
-7.8475784575137055,0.5277131738542765,1.570678489066251
-7.847578327583006,0.5288157977794985,1.570678489066251
-7.847578197652307,0.5299184217047205,1.570678489066251
-7.847578079814579,0.5309184216977776,1.570678489066251
-7.847577961976851,0.5319184216908347,1.570678489066251
-7.847577844139123,0.5329184216838918,1.570678489066251
-7.847577726301395,0.5339184216769489,1.570678489066251
-7.847577726301395,0.5339184216769489,1.7277581217457407
-7.847577726301395,0.5339184216769489,1.8848377544252297
-7.847577726301395,0.5339184216769489,2.0105014605688223
-7.847577726301395,0.5339184216769489,2.1361651667124137
-7.847577726301395,0.5339184216769489,2.2366961316272866
-7.847577726301395,0.5339184216769489,2.3271740000506735
-7.847577726301395,0.5339184216769489,2.4086040816317205
-7.847577726301395,0.5339184216769489,2.4818911550546634
-7.847577726301395,0.5339184216769489,2.547849521135312
-7.847577726301395,0.5339184216769489,2.6072120506078957
-7.847577726301395,0.5339184216769489,2.660638327133221
-7.847577726301395,0.5339184216769489,2.7087219760060135
-7.847577726301395,0.5339184216769489,2.751997259991527
-7.847577726301395,0.5339184216769489,2.79527254397704
-7.847577726301395,0.5339184216769489,2.8298927711654507
-7.847577726301395,0.5339184216769489,2.8610509756350204
-7.847577726301395,0.5339184216769489,2.89220918010459
-7.847577726301395,0.5339184216769489,2.917135743680246
-7.847577726301395,0.5339184216769489,2.939569650898336
-7.847577726301395,0.5339184216769489,2.9597601673946174
-7.847577726301395,0.5339184216769489,2.9799506838908987
-7.847577726301395,0.5339184216769489,2.9981221487375516
-7.847577726301395,0.5339184216769489,3.0124574154499113
-7.847577726301395,0.5339184216769489,3.025359155491035
-7.847577726301395,0.5339184216769489,3.0369707215280464
-7.847577726301395,0.5339184216769489,3.0474211309613564
-7.847577726301395,0.5339184216769489,3.0568264994513354
-7.847577726301395,0.5339184216769489,3.0652913310923164
-7.847577726301395,0.5339184216769489,3.0729096795691997
-7.847577726301395,0.5339184216769489,3.0797661931983944
-7.847577726301395,0.5339184216769489,3.0859370554646697
-7.847577726301395,0.5339184216769489,3.0914908315043172
-7.847577726301395,0.5339184216769489,3.0964892299400004
-7.847577726301395,0.5339184216769489,3.1014876283756836
-7.847577726301395,0.5339184216769489,3.1054863471242298
-7.847577726301395,0.5339184216769489,3.1090851939979216
-7.847577726301395,0.5339184216769489,3.1123241561842443
-7.847577726301395,0.5339184216769489,3.115563118370567
-7.847577726301395,0.5339184216769489,3.1188020805568897
-7.847577726301395,0.5339184216769489,3.1210693540873153
-7.847577726301395,0.5339184216769489,3.1231099002646987
-7.847577726301395,0.5339184216769489,3.125150446442082
-7.847577726301395,0.5339184216769489,3.1267828833839886
-7.847577726301395,0.5339184216769489,3.1282520766317043
-7.847577726301395,0.5339184216769489,3.1295743505546487
-7.847577726301395,0.5339184216769489,3.1307643970852985
-7.847577726301395,0.5339184216769489,3.1318354389628835
-7.847577726301395,0.5339184216769489,3.13279937665271
-7.847577726301395,0.5339184216769489,3.1336669205735537
-7.847577726301395,0.5339184216769489,3.134447710102313
-7.847577726301395,0.5339184216769489,3.1351504206781966
-7.847577726301395,0.5339184216769489,3.1357828601964917
-7.847577726301395,0.5339184216769489,3.1363520557629574
-7.847577726301395,0.5339184216769489,3.136921251329423
-7.847577726301395,0.5339184216769489,3.137433527339242
-7.847577726301395,0.5339184216769489,3.1378376561914325
-7.847577726301395,0.5339184216769489,3.138241785043623
-7.847577726301395,0.5339184216769489,3.138645913895813
-7.847577726301395,0.5339184216769489,3.1389288040923464
-7.847577726301395,0.5339184216769489,3.1391834052692267
-7.847577726301395,0.5339184216769489,3.139438006446107
-7.847577726301395,0.5339184216769489,3.139641687387611
-7.847577726301395,0.5339184216769489,3.139845368329115
-7.847577726301395,0.5339184216769489,3.1400286811764686
-7.847577726301395,0.5339184216769489,3.1402119940238222
-7.847577726301395,0.5339184216769489,3.140338276207555
-7.847577726301395,0.5339184216769489,3.1404519301729144
-7.847577726301395,0.5339184216769489,3.1405542187417375
-7.847577726301395,0.5339184216769489,3.1406565073105606
-7.947577682482906,0.5340120362911986,3.1406565073105606
-8.047577638664416,0.5341056509054484,3.1406565073105606
-8.147577594845927,0.5341992655196981,3.1406565073105606
-8.247577551027439,0.5342928801339478,3.1406565073105606
-8.34757750720895,0.5343864947481975,3.1406565073105606
-8.447577463390461,0.5344801093624473,3.1406565073105606
-8.547577419571972,0.534573723976697,3.1406565073105606
-8.647577375753484,0.5346673385909467,3.1406565073105606
-8.747577331934995,0.5347609532051965,3.1406565073105606
-8.847577288116506,0.5348545678194462,3.1406565073105606
-8.947577244298017,0.5349481824336959,3.1406565073105606
-9.047577200479529,0.5350417970479456,3.1406565073105606
-9.047577200479529,0.5350417970479456,2.983576874631071
-9.047577200479529,0.5350417970479456,2.84220520521953
-9.047577200479529,0.5350417970479456,2.7008335358079893
-9.047577200479529,0.5350417970479456,2.5594618663964486
-9.047577200479529,0.5350417970479456,2.446364530867216
-9.047577200479529,0.5350417970479456,2.3587140958320605
-9.047577200479529,0.5350417970479456,2.279828704300421
-9.047577200479529,0.5350417970479456,2.208831851921945
-9.047577200479529,0.5350417970479456,2.1449346847813167
-9.047577200479529,0.5350417970479456,2.0874272343547515
-9.047577200479529,0.5350417970479456,2.0356705289708423
-9.047577200479529,0.5350417970479456,1.9839138235869342
-9.047577200479529,0.5350417970479456,1.9425084592798076
-9.047577200479529,0.5350417970479456,1.9011030949726797
-9.047577200479529,0.5350417970479456,1.8638382670962657
-9.047577200479529,0.5350417970479456,1.834440458438206
-9.047577200479529,0.5350417970479456,1.8079824306459513
-9.047577200479529,0.5350417970479456,1.7815244028536972
-9.047577200479529,0.5350417970479456,1.7603579806198941
-9.047577200479529,0.5350417970479456,1.7413082006094711
-9.047577200479529,0.5350417970479456,1.7222584205990479
-9.047577200479529,0.5350417970479456,1.7070185965907092
-9.047577200479529,0.5350417970479456,1.6933027549832045
-9.047577200479529,0.5350417970479456,1.6795869133757002
-9.047577200479529,0.5350417970479456,1.6686142400896968
-9.047577200479529,0.5350417970479456,1.6587388341322937
-9.047577200479529,0.5350417970479456,1.6498509687706304
-9.047577200479529,0.5350417970479456,1.6409631034089673
-9.047577200479529,0.5350417970479456,1.6338528111196373
-9.047577200479529,0.5350417970479456,1.6267425188303062
-9.047577200479529,0.5350417970479456,1.619632226540976
-9.047577200479529,0.5350417970479456,1.614655021938445
-9.047577200479529,0.5350417970479456,1.6096778173359139
-9.047577200479529,0.5350417970479456,1.6056960536538887
-9.047577200479529,0.5350417970479456,1.6021124663400659
-9.047577200479529,0.5350417970479456,1.598887237757626
-9.047577200479529,0.5350417970479456,1.5959845320334296
-9.047577200479529,0.5350417970479456,1.5933720968816532
-9.047577200479529,0.5350417970479456,1.5910209052450544
-9.047577200479529,0.5350417970479456,1.5889048327721154
-9.047577200479529,0.5350417970479456,1.5870003675464697
-9.047577200479529,0.5350417970479456,1.5852863488433888
-9.047577200479529,0.5350417970479456,1.5837437320106162
-9.047577200479529,0.5350417970479456,1.5823553768611216
-9.047577200479529,0.5350417970479456,1.5811058572265757
-9.047577200479529,0.5350417970479456,1.5799812895554841
-9.047577200479529,0.5350417970479456,1.5789691786515023
-9.047577200479529,0.5350417970479456,1.5779570677475199
-9.047577200479529,0.5350417970479456,1.5771473790243347
-9.047577200479529,0.5350417970479456,1.5763376903011486
-9.047577200479529,0.5350417970479456,1.5756899393226003
-9.047577200479529,0.5350417970479456,1.575106963441907
-9.047577200479529,0.5350417970479456,1.5745822851492826
-9.047577200479529,0.5350417970479456,1.574057606856658
-9.047577200479529,0.5350417970479456,1.5736378642225586
-9.047577200479529,0.5350417970479456,1.5732600958518694
-9.047577200479529,0.5350417970479456,1.5729201043182486
-9.047577200479529,0.5350417970479456,1.5726141119379902
-9.047577200479529,0.5350417970479456,1.572338718795758
-9.047577200479529,0.5350417970479456,1.5720908649677485
-9.047577200479529,0.5350417970479456,1.5718677965225398
-9.047577200479529,0.5350417970479456,1.5716670349218522
-9.047577200479529,0.5350417970479456,1.5714662733211644
-9.047577200479529,0.5350417970479456,1.571305664040615
-9.047577200479529,0.5350417970479456,1.5711611156881196
-9.047577200479529,0.5350417970479456,1.571031022170874
-9.047577200479529,0.5350417970479456,1.5709139380053527
-9.047577200479529,0.5350417970479456,1.570796853839832
-9.047577226831775,0.5850417970479387,1.570796853839832
-9.047577253184022,0.6350417970479317,1.570796853839832
-9.047577276901043,0.6800417970479254,1.570796853839832
-9.047577300618064,0.7250417970479192,1.570796853839832
-9.047577319328159,0.7605417970479142,1.570796853839832
-9.047577338038254,0.7960417970479093,1.570796853839832
-9.047577352505638,0.8234917970479055,1.570796853839832
-9.047577366973021,0.8509417970479017,1.570796853839832
-9.047577378122657,0.8720967970478988,1.570796853839832
-9.047577389272293,0.8932517970478958,1.570796853839832
-9.047577396745263,0.9074307970478939,1.570796853839832
-9.047577404218233,0.9216097970478919,1.570796853839832
-9.04757741019661,0.9329529970478904,1.570796853839832
-9.047577416174986,0.9442961970478888,1.570796853839832
-9.047577421555525,0.9545050770478873,1.570796853839832
-9.047577426936064,0.9647139570478859,1.570796853839832
-9.047577430642656,0.9717467410478849,1.570796853839832
-9.047577434349249,0.978779525047884,1.570796853839832
-9.047577437314523,0.9844057522478832,1.570796853839832
-9.047577440279797,0.9900319794478823,1.570796853839832
-9.047577442652017,0.9945329612078817,1.570796853839832
-9.047577445024237,0.9990339429678811,1.570796853839832
-9.047577446922013,1.0026347283758805,1.570796853839832
-9.047577448819789,1.00623551378388,1.570796853839832
-9.047577450338009,1.0091161421102797,1.570796853839832
-9.04757745185623,1.0119967704366792,1.570796853839832
-9.047577453070806,1.014301273097799,1.570796853839832
-9.047577454285383,1.0166057757589186,1.570796853839832
-9.047577455378502,1.0186798281539264,1.570796853839832
-9.04757745647162,1.0207538805489342,1.570796853839832
-9.047577457224657,1.0221826721988285,1.570796853839832
-9.047577457977694,1.0236114638487228,1.570796853839832
-9.047577458580124,1.0247544971686382,1.570796853839832
-9.047577459182554,1.0258975304885536,1.570796853839832
-9.047577459709599,1.0268975304885535,1.570796853839832
-9.047577460236644,1.0278975304885534,1.570796853839832
-9.047577460763689,1.0288975304885533,1.570796853839832
-9.047577461290734,1.0298975304885531,1.570796853839832
-9.047577461817779,1.030897530488553,1.570796853839832
-9.047577462344824,1.031897530488553,1.570796853839832
-9.047577462344824,1.031897530488553,1.4137172211603428
-9.047577462344824,1.031897530488553,1.2723455517488018
-9.047577462344824,1.031897530488553,1.1451110492784151
-9.047577462344824,1.031897530488553,1.0305999970550672
-9.047577462344824,1.031897530488553,0.9160889448317194
-9.047577462344824,1.031897530488553,0.8130289978307059
-9.047577462344824,1.031897530488553,0.7317261507521289
-9.047577462344824,1.031897530488553,0.6585535883814096
-9.047577462344824,1.031897530488553,0.592698282247762
-9.047577462344824,1.031897530488553,0.5334285067274797
-9.047577462344824,1.031897530488553,0.480085708759225
-9.047577462344824,1.031897530488553,0.432077190587796
-9.047577462344824,1.031897530488553,0.3888695242335099
-9.047577462344824,1.031897530488553,0.3456618578792238
-9.047577462344824,1.031897530488553,0.31109572479579495
-9.047577462344824,1.031897530488553,0.27998620502070903
-9.047577462344824,1.031897530488553,0.2519876372231316
-9.047577462344824,1.031897530488553,0.226788926205312
-9.047577462344824,1.031897530488553,0.20159021518749237
-9.047577462344824,1.031897530488553,0.1814312463732367
-9.047577462344824,1.031897530488553,0.16127227755898105
-9.047577462344824,1.031897530488553,0.14111330874472533
-9.047577462344824,1.031897530488553,0.12498613369332076
-9.047577462344824,1.031897530488553,0.11087485552334174
-9.047577462344824,1.031897530488553,0.09978742267550113
-9.047577462344824,1.031897530488553,0.08980873311244457
-9.047577462344824,1.031897530488553,0.08082791250569363
-9.047577462344824,1.031897530488553,0.07274517395961781
-9.047577462344824,1.031897530488553,0.06547070926814957
-9.047577462344824,1.031897530488553,0.05892369104582817
-9.047577462344824,1.031897530488553,0.0530313746457389
-9.047577462344824,1.031897530488553,0.04772828988565854
-9.047577462344824,1.031897530488553,0.042955513601586226
-9.047577462344824,1.031897530488553,0.03866001494592113
-9.047577462344824,1.031897530488553,0.03479406615582258
-9.047577462344824,1.031897530488553,0.03092811736572401
-9.047577462344824,1.031897530488553,0.027835358333645154
-9.047577462344824,1.031897530488553,0.0247425993015663
-9.047577462344824,1.031897530488553,0.0222683920759032
-9.047577462344824,1.031897530488553,0.020041605572806428
-9.047577462344824,1.031897530488553,0.01803749772001933
-9.047577462344824,1.031897530488553,0.016233800652510934
-9.047577462344824,1.031897530488553,0.014610473291753391
-9.047577462344824,1.031897530488553,0.013149478667071585
-9.047577462344824,1.031897530488553,0.011834583504857978
-9.047577462344824,1.031897530488553,0.010651177858865721
-9.047577462344824,1.031897530488553,0.00958611277747269
-9.047577462344824,1.031897530488553,0.008627554204218964
-9.047577462344824,1.031897530488553,0.00776485148829061
-9.047577462344824,1.031897530488553,0.006902148772362259
-9.047577462344824,1.031897530488553,0.006211986599619576
-9.047577462344824,1.031897530488553,0.00559084064415116
-9.047577462344824,1.031897530488553,0.004969694688682747
-9.047577462344824,1.031897530488553,0.004348548733214333
-9.047577462344824,1.031897530488553,0.003913746564386443
-9.047577462344824,1.031897530488553,0.0035224246124413413
-9.047577462344824,1.031897530488553,0.0031702348556907497
-9.047577462344824,1.031897530488553,0.002853264074615219
-9.047577462344824,1.031897530488553,0.00256799037164724
-9.047577462344824,1.031897530488553,0.002311244038976059
-9.047577462344824,1.031897530488553,0.0020801723395719967
-9.047577462344824,1.031897530488553,0.0018722078101083403
-9.047577462344824,1.031897530488553,0.001685039733591049
-9.047577462344824,1.031897530488553,0.0015165884647254878
-9.047577462344824,1.031897530488553,0.001364982322746482
-9.047577462344824,1.031897530488553,0.001228536794965377
-9.047577462344824,1.031897530488553,0.0010920912671842718
-9.047577462344824,1.031897530488553,0.0009556457394031665
-8.94757750800776,1.0319930950479475,0.0009556457394031665
-8.847577553670694,1.032088659607342,0.0009556457394031665
-8.74757759933363,1.0321842241667365,0.0009556457394031665
-8.647577644996565,1.032279788726131,0.0009556457394031665
-8.5475776906595,1.0323753532855255,0.0009556457394031665
-8.447577736322435,1.03247091784492,0.0009556457394031665
-8.34757778198537,1.0325664824043146,0.0009556457394031665
-8.247577827648305,1.0326620469637091,0.0009556457394031665
-8.14757787331124,1.0327576115231036,0.0009556457394031665
-8.047577918974175,1.0328531760824982,0.0009556457394031665
-7.9475779646371105,1.0329487406418927,0.0009556457394031665
-7.847578010300046,1.0330443052012872,0.0009556457394031665
-7.747578055962981,1.0331398697606817,0.0009556457394031665
-7.647578101625916,1.0332354343200763,0.0009556457394031665
-7.547578147288851,1.0333309988794708,0.0009556457394031665
-7.547578147288851,1.0333309988794708,0.1580352784188928
-7.547578147288851,1.0333309988794708,0.2994069478304336
-7.547578147288851,1.0333309988794708,0.4407786172419742
-7.547578147288851,1.0333309988794708,0.5538759527712069
-7.547578147288851,1.0333309988794708,0.655663554747516
-7.547578147288851,1.0333309988794708,0.7472723965261947
-7.547578147288851,1.0333309988794708,0.8388812383048733
-7.547578147288851,1.0333309988794708,0.9304900800835514
-7.547578147288851,1.0333309988794708,1.0129380376843624
-7.547578147288851,1.0333309988794708,1.068819431169356
-7.547578147288851,1.0333309988794708,1.1191126853058502
-7.547578147288851,1.0333309988794708,1.164376614028695
-7.547578147288851,1.0333309988794708,1.2051141498792557
-7.547578147288851,1.0333309988794708,1.24177793214476
-7.547578147288851,1.0333309988794708,1.2747753361837142
-7.547578147288851,1.0333309988794708,1.3044729998187727
-7.547578147288851,1.0333309988794708,1.331200897090325
-7.547578147288851,1.0333309988794708,1.3552560046347228
-7.547578147288851,1.0333309988794708,1.376905601424681
-7.547578147288851,1.0333309988794708,1.3985551982146385
-7.547578147288851,1.0333309988794708,1.4158748756466049
-7.547578147288851,1.0333309988794708,1.4331945530785708
-7.547578147288851,1.0333309988794708,1.4470502950241442
-7.547578147288851,1.0333309988794708,1.459520462775159
-7.547578147288851,1.0333309988794708,1.4719906305261747
-7.547578147288851,1.0333309988794708,1.4832137815020892
-7.547578147288851,1.0333309988794708,1.4944369324780027
-7.547578147288851,1.0333309988794708,1.5044130666788156
-7.547578147288851,1.0333309988794708,1.5111469572643634
-7.547578147288851,1.0333309988794708,1.5178808478499122
-7.547578147288851,1.0333309988794708,1.5232679603183508
-7.547578147288851,1.0333309988794708,1.528116361539946
-7.547578147288851,1.0333309988794708,1.532479922639382
-7.547578147288851,1.0333309988794708,1.5364071276288733
-7.547578147288851,1.0333309988794708,1.5399416121194158
-7.547578147288851,1.0333309988794708,1.5431226481609044
-7.547578147288851,1.0333309988794708,1.545985580598244
-7.547578147288851,1.0333309988794708,1.5485622197918494
-7.547578147288851,1.0333309988794708,1.5508811950660948
-7.547578147288851,1.0333309988794708,1.553200170340339
-7.547578147288851,1.0333309988794708,1.5550553505597355
-7.547578147288851,1.0333309988794708,1.5567250127571917
-7.547578147288851,1.0333309988794708,1.5583946749546482
-7.547578147288851,1.0333309988794708,1.559897370932359
-7.547578147288851,1.0333309988794708,1.561082831092553
-7.547578147288851,1.0333309988794708,1.5621497452367274
-7.547578147288851,1.0333309988794708,1.5631099679664846
-7.547578147288851,1.0333309988794708,1.5640701906962424
-7.547578147288851,1.0333309988794708,1.5648383688800478
-7.547578147288851,1.0333309988794708,1.5656065470638536
-7.547578147288851,1.0333309988794708,1.5662210896108983
-7.547578147288851,1.0333309988794708,1.5668356321579429
-7.547578147288851,1.0333309988794708,1.5673272661955786
-7.547578147288851,1.0333309988794708,1.567769736829451
-7.547578147288851,1.0333309988794708,1.5681679603999357
-7.547578147288851,1.0333309988794708,1.5685661839704208
-7.547578147288851,1.0333309988794708,1.5689245851838571
-7.547578147288851,1.0333309988794708,1.5692073239189013
-7.547578147288851,1.0333309988794708,1.5694617887804416
-7.547578147288851,1.0333309988794708,1.5697162536419809
-7.547578147288851,1.0333309988794708,1.5699198255312132
-7.547578147288851,1.0333309988794708,1.570103040231522
-7.547578147288851,1.0333309988794708,1.5702862549318306
-7.547578147288851,1.0333309988794708,1.5704511481621084
-7.547578147288851,1.0333309988794708,1.570616041392386
-7.547578147288851,1.0333309988794708,1.5707296345065773
-7.547578147288851,1.0333309988794708,1.570843227620769
-7.547578147288851,1.0333309988794708,1.570945461423541
-7.547578147288851,1.0333309988794708,1.5710476952263135
-7.54759071571029,1.0833309972998186,1.5710476952263135
-7.547603284131728,1.1333309957201665,1.5710476952263135
-7.547614595711023,1.1783309942984794,1.5710476952263135
-7.547625907290318,1.2233309928767924,1.5710476952263135
-7.54763369971161,1.254330991897408,1.5710476952263135
-7.547641492132902,1.2853309909180235,1.5710476952263135
-7.547647726069935,1.310130990134516,1.5710476952263135
-7.5476539600069685,1.3349309893510084,1.5710476952263135
-7.547658947156595,1.3547709887242025,1.5710476952263135
-7.547663934306222,1.3746109880973967,1.5710476952263135
-7.547667924025923,1.390482987595952,1.5710476952263135
-7.547671913745624,1.4063549870945071,1.5710476952263135
-7.547675105521385,1.4190525866933512,1.5710476952263135
-7.547678297297146,1.4317501862921953,1.5710476952263135
-7.5476808507177555,1.4419082659712708,1.5710476952263135
-7.547683404138365,1.4520663456503462,1.5710476952263135
-7.547685702216913,1.461208617361514,1.5710476952263135
-7.5476880002954605,1.4703508890726817,1.5710476952263135
-7.547689583416238,1.4766488984737085,1.5710476952263135
-7.5476910082249375,1.4823171069346326,1.5710476952263135
-7.547692433033637,1.4879853153955567,1.5710476952263135
-7.547693572880597,1.492519882164296,1.5710476952263135
-7.547694712727557,1.4970544489330353,1.5710476952263135
-7.547695624605125,1.5006821023480266,1.5710476952263135
-7.547696536482693,1.5043097557630178,1.5710476952263135
-7.547697265984747,1.507211878495011,1.5710476952263135
-7.547697995486802,1.5101140012270042,1.5710476952263135
-7.547698579088445,1.5124356994125987,1.5710476952263135
-7.547699162690089,1.5147573975981932,1.5710476952263135
-7.547699629571404,1.5166147561466687,1.5710476952263135
-7.5477000964527186,1.5184721146951443,1.5710476952263135
-7.54770046995777,1.5199580015339247,1.5710476952263135
-7.547700843462822,1.521443888372705,1.5710476952263135
-7.547701179617369,1.5227811865276075,1.5710476952263135
-7.547701515771916,1.52411848468251,1.5710476952263135
-7.5477017809605025,1.5251734643380441,1.5710476952263135
-7.547702046149089,1.5262284439935783,1.5710476952263135
-7.547702297517518,1.5272284439619852,1.5710476952263135
-7.5477025488859475,1.5282284439303921,1.5710476952263135
-7.547702800254377,1.529228443898799,1.5710476952263135
-7.547703051622806,1.530228443867206,1.5710476952263135
-7.547703051622806,1.530228443867206,1.7281273279058036
-7.547703051622806,1.530228443867206,1.8694989973173435
-7.547703051622806,1.530228443867206,2.0108706667288843
-7.547703051622806,1.530228443867206,2.123968002258117
-7.547703051622806,1.530228443867206,2.2257556042344264
-7.547703051622806,1.530228443867206,2.3173644460131047
-7.547703051622806,1.530228443867206,2.408973287791783
-7.547703051622806,1.530228443867206,2.482260361214726
-7.547703051622806,1.530228443867206,2.548218727295375
-7.547703051622806,1.530228443867206,2.607581256767958
-7.547703051622806,1.530228443867206,2.6610075332932834
-7.547703051622806,1.530228443867206,2.7090911821660764
-7.547703051622806,1.530228443867206,2.752366466151589
-7.547703051622806,1.530228443867206,2.7956417501371025
-7.547703051622806,1.530228443867206,2.830261977325513
-7.547703051622806,1.530228443867206,2.861420181795083
-7.547703051622806,1.530228443867206,2.8894625658176953
-7.547703051622806,1.530228443867206,2.914700711438047
-7.547703051622806,1.530228443867206,2.9374150424963634
-7.547703051622806,1.530228443867206,2.957857940448848
-7.547703051622806,1.530228443867206,2.976256548606084
-7.547703051622806,1.530228443867206,2.9928152959475964
-7.547703051622806,1.530228443867206,3.0077181685549577
-7.547703051622806,1.530228443867206,3.022621041162319
-7.547703051622806,1.530228443867206,3.03752391376968
-7.547703051622806,1.530228443867206,3.047955924594833
-7.547703051622806,1.530228443867206,3.057344734337471
-7.547703051622806,1.530228443867206,3.065794663105845
-7.547703051622806,1.530228443867206,3.0742445918742187
-7.547703051622806,1.530228443867206,3.081849527765755
-7.547703051622806,1.530228443867206,3.0878489771913005
-7.547703051622806,1.530228443867206,3.0932484816742916
-7.547703051622806,1.530228443867206,3.0981080357089836
-7.547703051622806,1.530228443867206,3.1029675897436757
-7.547703051622806,1.530228443867206,3.106855232971429
-7.547703051622806,1.530228443867206,3.1103541118764073
-7.547703051622806,1.530228443867206,3.1135031028908875
-7.547703051622806,1.530228443867206,3.1166520939053677
-7.547703051622806,1.530228443867206,3.119171286716952
-7.547703051622806,1.530228443867206,3.1216904795285365
-7.547703051622806,1.530228443867206,3.124209672340121
-7.547703051622806,1.530228443867206,3.12597310730823
-7.547703051622806,1.530228443867206,3.127736542276339
-7.547703051622806,1.530228443867206,3.129147290250826
-7.547703051622806,1.530228443867206,3.1305580382253133
-7.547703051622806,1.530228443867206,3.1319687861998005
-7.547703051622806,1.530228443867206,3.1333795341742876
-7.547703051622806,1.530228443867206,3.13422598295898
-7.547703051622806,1.530228443867206,3.135072431743672
-7.547703051622806,1.530228443867206,3.1357495907714257
-7.547703051622806,1.530228443867206,3.136359033896404
-7.547703051622806,1.530228443867206,3.1369684770213824
-7.547703051622806,1.530228443867206,3.1375779201463607
-7.547703051622806,1.530228443867206,3.1380045303338457
-7.547703051622806,1.530228443867206,3.138388479502582
-7.547703051622806,1.530228443867206,3.138734033754445
-7.547703051622806,1.530228443867206,3.139045032581121
-7.547703051622806,1.530228443867206,3.13932493152513
-7.547703051622806,1.530228443867206,3.139576840574738
-7.547703051622806,1.530228443867206,3.1398035587193855
-7.547703051622806,1.530228443867206,3.140007605049568
-7.547703051622806,1.530228443867206,3.140191246746732
-7.547703051622806,1.530228443867206,3.1403748884438962
-7.547703051622806,1.530228443867206,3.1405218018016274
-7.547703051622806,1.530228443867206,3.140654023823586
-7.547703051622806,1.530228443867206,3.1407730236433484
-7.547703051622806,1.530228443867206,3.140892023463111
-7.547703051622806,1.530228443867206,3.1410110232828736
-7.647703034708115,1.5302866068946186,3.1410110232828736
-7.747703017793425,1.5303447699220312,3.1410110232828736
-7.8477030008787345,1.5304029329494437,3.1410110232828736
-7.947702983964044,1.5304610959768563,3.1410110232828736
-8.047702967049354,1.5305192590042689,3.1410110232828736
-8.147702950134663,1.5305774220316815,3.1410110232828736
-8.247702933219973,1.530635585059094,3.1410110232828736
-8.347702916305282,1.5306937480865066,3.1410110232828736
-8.447702899390592,1.5307519111139192,3.1410110232828736
-8.547702882475901,1.5308100741413317,3.1410110232828736
-8.647702865561211,1.5308682371687443,3.1410110232828736
-8.74770284864652,1.530926400196157,3.1410110232828736
-8.84770283173183,1.5309845632235695,3.1410110232828736
-8.94770281481714,1.531042726250982,3.1410110232828736
-9.04770279790245,1.5311008892783946,3.1410110232828736
-9.147702780987759,1.5311590523058072,3.1410110232828736
-9.147702780987759,1.5311590523058072,2.983931390603384
-9.147702780987759,1.5311590523058072,2.842559721191843
-9.147702780987759,1.5311590523058072,2.7153252187214565
-9.147702780987759,1.5311590523058072,2.6008141664981084
-9.147702780987759,1.5311590523058072,2.497754219497095
-9.147702780987759,1.5311590523058072,2.405000267196183
-9.147702780987759,1.5311590523058072,2.3215217101253627
-9.147702780987759,1.5311590523058072,2.238043153054542
-9.147702780987759,1.5311590523058072,2.1712603073978856
-9.147702780987759,1.5311590523058072,2.104477461741229
-9.147702780987759,1.5311590523058072,2.044372900650238
-9.147702780987759,1.5311590523058072,1.984268339559247
-9.147702780987759,1.5311590523058072,1.9428629752521205
-9.147702780987759,1.5311590523058072,1.905598147375706
-9.147702780987759,1.5311590523058072,1.8720598022869332
-9.147702780987759,1.5311590523058072,1.8418752917070373
-9.147702780987759,1.5311590523058072,1.8147092321851315
-9.147702780987759,1.5311590523058072,1.787543172663225
-9.147702780987759,1.5311590523058072,1.7658103250457
-9.147702780987759,1.5311590523058072,1.7462507621899284
-9.147702780987759,1.5311590523058072,1.7286471556197334
-9.147702780987759,1.5311590523058072,1.7128039097065577
-9.147702780987759,1.5311590523058072,1.6985449883846997
-9.147702780987759,1.5311590523058072,1.685711959195027
-9.147702780987759,1.5311590523058072,1.674162232924322
-9.147702780987759,1.5311590523058072,1.6626125066536168
-9.147702780987759,1.5311590523058072,1.6533727256370534
-9.147702780987759,1.5311590523058072,1.6450569227221459
-9.147702780987759,1.5311590523058072,1.6375727000987288
-9.147702780987759,1.5311590523058072,1.6308368997376539
-9.147702780987759,1.5311590523058072,1.6247746794126858
-9.147702780987759,1.5311590523058072,1.6193186811202152
-9.147702780987759,1.5311590523058072,1.6144082826569914
-9.147702780987759,1.5311590523058072,1.609497884193768
-9.147702780987759,1.5311590523058072,1.605569565423189
-9.147702780987759,1.5311590523058072,1.6016412466526098
-9.147702780987759,1.5311590523058072,1.598498591636147
-9.147702780987759,1.5311590523058072,1.5956702021213298
-9.147702780987759,1.5311590523058072,1.5931246515579947
-9.147702780987759,1.5311590523058072,1.590833656050993
-9.147702780987759,1.5311590523058072,1.588771760094691
-9.147702780987759,1.5311590523058072,1.5869160537340194
-9.147702780987759,1.5311590523058072,1.5852459180094154
-9.147702780987759,1.5311590523058072,1.5837427958572714
-9.147702780987759,1.5311590523058072,1.5822396737051276
-9.147702780987759,1.5311590523058072,1.581037175983412
-9.147702780987759,1.5311590523058072,1.5798346782616974
-9.147702780987759,1.5311590523058072,1.5788726800843254
-9.147702780987759,1.5311590523058072,1.5780068817246906
-9.147702780987759,1.5311590523058072,1.5772276632010191
-9.147702780987759,1.5311590523058072,1.576526366529715
-9.147702780987759,1.5311590523058072,1.5758250698584109
-9.147702780987759,1.5311590523058072,1.5752640325213678
-9.147702780987759,1.5311590523058072,1.5747590989180278
-9.147702780987759,1.5311590523058072,1.574254165314689
-9.147702780987759,1.5311590523058072,1.5738502184320178
-9.147702780987759,1.5311590523058072,1.573446271549347
-9.147702780987759,1.5311590523058072,1.5730423246666756
-9.147702780987759,1.5311590523058072,1.5727595618488062
-9.147702780987759,1.5311590523058072,1.5725050753127228
-9.147702780987759,1.5311590523058072,1.572276037430249
-9.147702780987759,1.5311590523058072,1.572069903336021
-9.147702780987759,1.5311590523058072,1.5718843826512168
-9.147702780987759,1.5311590523058072,1.5717174140348926
-9.147702780987759,1.5311590523058072,1.571550445418569
-9.147702780987759,1.5311590523058072,1.571383476802245
-9.147702780987759,1.5311590523058072,1.5712665987708179
-9.147702780987759,1.5311590523058072,1.5711614085425336
-9.147721035074735,1.5811590489736902,1.5711614085425336
-9.147739289161711,1.6311590456415732,1.5711614085425336
-9.14775571783999,1.6761590426426678,1.5711614085425336
-9.14777214651827,1.7211590396437624,1.5711614085425336
-9.147785106920022,1.7566590372779594,1.5711614085425336
-9.147798067321775,1.7921590349121563,1.5711614085425336
-9.147806792775349,1.8160590333194044,1.5711614085425336
-9.147814645683566,1.8375690318859277,1.5711614085425336
-9.147822498591783,1.859079030452451,1.5711614085425336
-9.147828780918356,1.8762870293056695,1.5711614085425336
-9.14783506324493,1.893495028158888,1.5711614085425336
-9.14784008910619,1.907261427241463,1.5711614085425336
-9.14784511496745,1.921027826324038,1.5711614085425336
-9.147849135656456,1.9320409455900978,1.5711614085425336
-9.147853156345462,1.9430540648561576,1.5711614085425336
-9.147856372896667,1.9518645602690055,1.5711614085425336
-9.147859589447872,1.9606750556818533,1.5711614085425336
-9.147862162688837,1.9677234520121316,1.5711614085425336
-9.1478647359298,1.97477184834241,1.5711614085425336
-9.147866794522573,1.9804105654066326,1.5711614085425336
-9.147868853115344,1.9860492824708553,1.5711614085425336
-9.147870499989562,1.9905602561222335,1.5711614085425336
-9.14787214686378,1.9950712297736117,1.5711614085425336
-9.147873464363153,1.9986800086947143,1.5711614085425336
-9.147874781862527,2.0022887876158166,1.5711614085425336
-9.147875835862026,2.0051758107526987,1.5711614085425336
-9.147876889861525,2.0080628338895807,1.5711614085425336
-9.147877733061124,2.0103724523990865,1.5711614085425336
-9.147878576260723,2.012682070908592,1.5711614085425336
-9.147879250820402,2.0145297657161967,1.5711614085425336
-9.147879925380082,2.016377460523801,1.5711614085425336
-9.147880465027825,2.017855616369885,1.5711614085425336
-9.147881004675568,2.0193337722159685,1.5711614085425336
-9.147881436393764,2.0205162968928354,1.5711614085425336
-9.14788186811196,2.0216988215697023,1.5711614085425336
-9.147882233193698,2.02269882150306,1.5711614085425336
-9.147882598275437,2.0236988214364175,1.5711614085425336
-9.147882963357176,2.024698821369775,1.5711614085425336
-9.147883328438915,2.025698821303133,1.5711614085425336
-9.147883693520654,2.0266988212364905,1.5711614085425336
-9.147884058602394,2.027698821169848,1.5711614085425336
-9.147884058602394,2.027698821169848,1.4140817758630444
-9.147884058602394,2.027698821169848,1.2570021431835543
-9.147884058602394,2.027698821169848,1.1313384370399628
-9.147884058602394,2.027698821169848,1.0182411015107302
-9.147884058602394,2.027698821169848,0.9164534995344212
-9.147884058602394,2.027698821169848,0.8248446577557426
-9.147884058602394,2.027698821169848,0.742396700154932
-9.147884058602394,2.027698821169848,0.6681935383142024
-9.147884058602394,2.027698821169848,0.593990376473473
-9.147884058602394,2.027698821169848,0.5346278470008893
-9.147884058602394,2.027698821169848,0.4752653175283058
-9.147884058602394,2.027698821169848,0.4277752939502387
-9.147884058602394,2.027698821169848,0.38503427272997875
-9.147884058602394,2.027698821169848,0.34656735363174446
-9.147884058602394,2.027698821169848,0.3119471264433337
-9.147884058602394,2.027698821169848,0.2807889219737641
-9.147884058602394,2.027698821169848,0.24963071750419444
-9.147884058602394,2.027698821169848,0.22470415392853862
-9.147884058602394,2.027698821169848,0.20227024671044844
-9.147884058602394,2.027698821169848,0.17983633949235833
-9.147884058602394,2.027698821169848,0.16188921371788614
-9.147884058602394,2.027698821169848,0.14573680052086127
-9.147884058602394,2.027698821169848,0.13119962864353885
-9.147884058602394,2.027698821169848,0.11811617395394867
-9.147884058602394,2.027698821169848,0.10634106473331753
-9.147884058602394,2.027698821169848,0.0945659555126864
-9.147884058602394,2.027698821169848,0.08279084629205523
-9.147884058602394,2.027698821169848,0.07454826983761337
-9.147884058602394,2.027698821169848,0.06630569338317154
-9.147884058602394,2.027698821169848,0.05971163221961813
-9.147884058602394,2.027698821169848,0.053776977172420005
-9.147884058602394,2.027698821169848,0.0484357876299417
-9.147884058602394,2.027698821169848,0.043094598087463416
-9.147884058602394,2.027698821169848,0.03882164645348079
-9.147884058602394,2.027698821169848,0.03497598998289641
-9.147884058602394,2.027698821169848,0.031130333512312033
-9.147884058602394,2.027698821169848,0.028053808335844543
-9.147884058602394,2.027698821169848,0.024977283159377035
-9.147884058602394,2.027698821169848,0.022516063018203046
-9.147884058602394,2.027698821169848,0.020300964891146443
-9.147884058602394,2.027698821169848,0.0183073765767955
-9.147884058602394,2.027698821169848,0.016513147093879663
-9.147884058602394,2.027698821169848,0.014898340559255393
-9.147884058602394,2.027698821169848,0.013445014678093569
-9.147884058602394,2.027698821169848,0.012137021385047913
-9.147884058602394,2.027698821169848,0.010959827421306828
-9.147884058602394,2.027698821169848,0.009900352853939849
-9.147884058602394,2.027698821169848,0.008946825743309569
-9.147884058602394,2.027698821169848,0.007993298632679294
-9.147884058602394,2.027698821169848,0.007230476944175071
-9.147884058602394,2.027698821169848,0.006467655255670845
-9.147884058602394,2.027698821169848,0.005704833567166619
-9.147884058602394,2.027698821169848,0.0049420118786623985
-9.147884058602394,2.027698821169848,0.004484318865559864
-9.147884058602394,2.027698821169848,0.004026625852457329
-9.147884058602394,2.027698821169848,0.0036604714419753034
-9.147884058602394,2.027698821169848,0.003330932472541478
-9.147884058602394,2.027698821169848,0.0030343474000510346
-9.147884058602394,2.027698821169848,0.002767420834809637
-9.147884058602394,2.027698821169848,0.0025271869260923806
-9.147884058602394,2.027698821169848,0.0023109764082468484
-9.147884058602394,2.027698821169848,0.002116386942185869
-9.147884058602394,2.027698821169848,0.0019412564227309875
-9.147884058602394,2.027698821169848,0.0017661259032761066
-9.147884058602394,2.027698821169848,0.0016085084357667135
-9.147884058602394,2.027698821169848,0.0014841657669537477
-9.147884058602394,2.027698821169848,0.0013598230981407824
-9.047884151058323,2.0278348034377545,0.0013598230981407824
-8.947884243514252,2.027970785705661,0.0013598230981407824
-8.847884335970182,2.028106767973567,0.0013598230981407824
-8.747884428426111,2.0282427502414735,0.0013598230981407824
-8.647884520882041,2.02837873250938,0.0013598230981407824
-8.54788461333797,2.028514714777286,0.0013598230981407824
-8.4478847057939,2.0286506970451925,0.0013598230981407824
-8.34788479824983,2.028786679313099,0.0013598230981407824
-8.247884890705759,2.028922661581005,0.0013598230981407824
-8.147884983161688,2.0290586438489115,0.0013598230981407824
-8.047885075617618,2.029194626116818,0.0013598230981407824
-8.047885075617618,2.029194626116818,0.15843945577763047
-8.047885075617618,2.029194626116818,0.3155190884571201
-8.047885075617618,2.029194626116818,0.44118279460071186
-8.047885075617618,2.029194626116818,0.5668465007443039
-8.047885075617618,2.029194626116818,0.6925102068878953
-8.047885075617618,2.029194626116818,0.7804748011884095
-8.047885075617618,2.029194626116818,0.8684393954889239
-8.047885075617618,2.029194626116818,0.938811070929335
-8.047885075617618,2.029194626116818,1.0021455788257057
-8.047885075617618,2.029194626116818,1.059146635932439
-8.047885075617618,2.029194626116818,1.110447587328498
-8.047885075617618,2.029194626116818,1.1617485387245585
-8.047885075617618,2.029194626116818,1.2027892998414063
-8.047885075617618,2.029194626116818,1.2397259848465692
-8.047885075617618,2.029194626116818,1.272969001351216
-8.047885075617618,2.029194626116818,1.3028877162053984
-8.047885075617618,2.029194626116818,1.3298145595741624
-8.047885075617618,2.029194626116818,1.3540487186060497
-8.047885075617618,2.029194626116818,1.3758594617347484
-8.047885075617618,2.029194626116818,1.3976702048634477
-8.047885075617618,2.029194626116818,1.4172998736792761
-8.047885075617618,2.029194626116818,1.4327855013006523
-8.047885075617618,2.029194626116818,1.4482711289220283
-8.047885075617618,2.029194626116818,1.4606596310191293
-8.047885075617618,2.029194626116818,1.4718092829065201
-8.047885075617618,2.029194626116818,1.481843969605172
-8.047885075617618,2.029194626116818,1.4908751876339583
-8.047885075617618,2.029194626116818,1.4990032838598664
-8.047885075617618,2.029194626116818,1.5063185704631834
-8.047885075617618,2.029194626116818,1.5129023284061687
-8.047885075617618,2.029194626116818,1.5188277105548558
-8.047885075617618,2.029194626116818,1.5241605544886743
-8.047885075617618,2.029194626116818,1.5294933984224923
-8.047885075617618,2.029194626116818,1.5348262423563108
-8.047885075617618,2.029194626116818,1.538559233109983
-8.047885075617618,2.029194626116818,1.5419189247882885
-8.047885075617618,2.029194626116818,1.545278616466594
-8.047885075617618,2.029194626116818,1.5479663698092383
-8.047885075617618,2.029194626116818,1.5503853478176186
-8.047885075617618,2.029194626116818,1.5528043258259983
-8.047885075617618,2.029194626116818,1.5549814060335396
-8.047885075617618,2.029194626116818,1.5569165884402438
-8.047885075617618,2.029194626116818,1.5586340628261937
-8.047885075617618,2.029194626116818,1.5603515372121437
-8.047885075617618,2.029194626116818,1.561531998480233
-8.047885075617618,2.029194626116818,1.562712459748323
-8.047885075617618,2.029194626116818,1.5636568287627939
-8.047885075617618,2.029194626116818,1.5645067608758185
-8.047885075617618,2.029194626116818,1.5652716997775409
-8.047885075617618,2.029194626116818,1.5659601447890903
-8.047885075617618,2.029194626116818,1.5665797452994845
-8.047885075617618,2.029194626116818,1.5671373857588402
-8.047885075617618,2.029194626116818,1.56763926217226
-8.047885075617618,2.029194626116818,1.5680909509443373
-8.047885075617618,2.029194626116818,1.568542639716415
-8.047885075617618,2.029194626116818,1.5689039907340776
-8.047885075617618,2.029194626116818,1.5692292066499736
-8.047885075617618,2.029194626116818,1.5695219009742798
-8.047885075617618,2.029194626116818,1.5698145952985865
-8.047885075617618,2.029194626116818,1.570107289622893
-8.047885075617618,2.029194626116818,1.5703121756499074
-8.047885075617618,2.029194626116818,1.5704965730742197
-8.047885075617618,2.029194626116818,1.5706625307561017
-8.047885075617618,2.029194626116818,1.5708118926697954
-8.047885075617618,2.029194626116818,1.5709463183921202
-8.047885075617618,2.029194626116818,1.5710673015422119
-8.047885075617618,2.029194626116818,1.5711761863772942
-8.047904068596281,2.0791946225094855,1.5711761863772942
-8.047923061574945,2.129194618902153,1.5711761863772942
-8.047938255957876,2.169194616016287,1.5711761863772942
-8.047953450340806,2.2091946131304208,1.5711761863772942
-8.04796560584715,2.241194610821728,1.5711761863772942
-8.047977761353494,2.2731946085130352,1.5711761863772942
-8.047987485758568,2.298794606666081,1.5711761863772942
-8.047997210163643,2.3243946048191266,1.5711761863772942
-8.048004989687703,2.3448746033415633,1.5711761863772942
-8.048012769211763,2.365354601864,1.5711761863772942
-8.048018992831011,2.3817386006819494,1.5711761863772942
-8.04802521645026,2.398122599499899,1.5711761863772942
-8.048030195345659,2.4112297985542583,1.5711761863772942
-8.048035174241058,2.4243369976086178,1.5711761863772942
-8.048039157357376,2.4348227568521055,1.5711761863772942
-8.048043140473695,2.445308516095593,1.5711761863772942
-8.04804632696675,2.4536971234903833,1.5711761863772942
-8.048049513459805,2.4620857308851734,1.5711761863772942
-8.04805206265425,2.468796616801005,1.5711761863772942
-8.048054611848695,2.475507502716837,1.5711761863772942
-8.048056906123694,2.4815473000410857,1.5711761863772942
-8.048059200398693,2.4875870973653345,1.5711761863772942
-8.048060780899249,2.4917478466331504,1.5711761863772942
-8.04806220334975,2.4954925209741847,1.5711761863772942
-8.04806362580025,2.499237195315219,1.5711761863772942
-8.04806476376065,2.5022329347880463,1.5711761863772942
-8.04806590172105,2.5052286742608736,1.5711761863772942
-8.04806692588541,2.5079248397864182,1.5711761863772942
-8.04806795004977,2.510621005311963,1.5711761863772942
-8.048068655585219,2.512478363785116,1.5711761863772942
-8.048069361120668,2.514335722258269,1.5711761863772942
-8.048069925549026,2.5158216090367915,1.5711761863772942
-8.048070489977384,2.517307495815314,1.5711761863772942
-8.04807094152007,2.5184962052381317,1.5711761863772942
-8.048071393062756,2.5196849146609495,1.5711761863772942
-8.048071772922329,2.5206849145888026,1.5711761863772942
-8.048072152781902,2.5216849145166558,1.5711761863772942
-8.048072532641475,2.522684914444509,1.5711761863772942
-8.048072912501048,2.523684914372362,1.5711761863772942
-8.048073292360622,2.5246849143002152,1.5711761863772942
-8.048073672220195,2.5256849142280684,1.5711761863772942
-8.048073672220195,2.5256849142280684,1.7282558190567836
-8.048073672220195,2.5256849142280684,1.8696274884683246
-8.048073672220195,2.5256849142280684,1.9968619909387113
-8.048073672220195,2.5256849142280684,2.111373043162059
-8.048073672220195,2.5256849142280684,2.2144329901630724
-8.048073672220195,2.5256849142280684,2.3174929371640856
-8.048073672220195,2.5256849142280684,2.399940894764896
-8.048073672220195,2.5256849142280684,2.4741440566056254
-8.048073672220195,2.5256849142280684,2.540926902262282
-8.048073672220195,2.5256849142280684,2.601031463353273
-8.048073672220195,2.5256849142280684,2.655125568335165
-8.048073672220195,2.5256849142280684,2.7038102628188674
-8.048073672220195,2.5256849142280684,2.7476264878541996
-8.048073672220195,2.5256849142280684,2.7870610903859987
-8.048073672220195,2.5256849142280684,2.826495692917798
-8.048073672220195,2.5256849142280684,2.8580433749432372
-8.048073672220195,2.5256849142280684,2.8864362887661326
-8.048073672220195,2.5256849142280684,2.9119899112067382
-8.048073672220195,2.5256849142280684,2.9349881714032833
-8.048073672220195,2.5256849142280684,2.955686605580174
-8.048073672220195,2.5256849142280684,2.9743151963393757
-8.048073672220195,2.5256849142280684,2.991080928022657
-8.048073672220195,2.5256849142280684,3.0078466597059386
-8.048073672220195,2.5256849142280684,3.02461239138922
-8.048073672220195,2.5256849142280684,3.036348403567517
-8.048073672220195,2.5256849142280684,3.048084415745814
-8.048073672220195,2.5256849142280684,3.057473225488452
-8.048073672220195,2.5256849142280684,3.0659231542568257
-8.048073672220195,2.5256849142280684,3.073528090148362
-8.048073672220195,2.5256849142280684,3.080372532450745
-8.048073672220195,2.5256849142280684,3.0865325305228897
-8.048073672220195,2.5256849142280684,3.09207652878782
-8.048073672220195,2.5256849142280684,3.097066127226257
-8.048073672220195,2.5256849142280684,3.1015567658208503
-8.048073672220195,2.5256849142280684,3.1060474044154436
-8.048073672220195,2.5256849142280684,3.1096399152911185
-8.048073672220195,2.5256849142280684,3.1132324261667934
-8.048073672220195,2.5256849142280684,3.116106434867333
-8.048073672220195,2.5256849142280684,3.118693042697819
-8.048073672220195,2.5256849142280684,3.121020989745256
-8.048073672220195,2.5256849142280684,3.1231161420879494
-8.048073672220195,2.5256849142280684,3.1250017791963733
-8.048073672220195,2.5256849142280684,3.126698852593955
-8.048073672220195,2.5256849142280684,3.1282262186517786
-8.048073672220195,2.5256849142280684,3.129753584709602
-8.048073672220195,2.5256849142280684,3.1311282141616434
-8.048073672220195,2.5256849142280684,3.1322126440626983
-8.048073672220195,2.5256849142280684,3.133297073963753
-8.048073672220195,2.5256849142280684,3.134164617884597
-8.048073672220195,2.5256849142280684,3.1349454074133565
-8.048073672220195,2.5256849142280684,3.13564811798924
-8.048073672220195,2.5256849142280684,3.136280557507535
-8.048073672220195,2.5256849142280684,3.1368497530740007
-8.048073672220195,2.5256849142280684,3.13736202908382
-8.048073672220195,2.5256849142280684,3.137874305093639
-8.048073672220195,2.5256849142280684,3.138386581103458
-8.048073672220195,2.5256849142280684,3.138898857113277
-8.048073672220195,2.5256849142280684,3.139206222719168
-8.048073672220195,2.5256849142280684,3.1394828517644706
-8.048073672220195,2.5256849142280684,3.1397318179052425
-8.048073672220195,2.5256849142280684,3.1399558874319373
-8.048073672220195,2.5256849142280684,3.140157550005963
-8.048073672220195,2.5256849142280684,3.1403390463225858
-8.048073672220195,2.5256849142280684,3.140502393007546
-8.048073672220195,2.5256849142280684,3.1406657396925066
-8.048073672220195,2.5256849142280684,3.140829086377467
-8.048073672220195,2.5256849142280684,3.1409434290569394
-8.048073672220195,2.5256849142280684,3.1410577717364117
-8.148073657915265,2.5257384024108562,3.1410577717364117
-8.248073643610336,2.525791890593644,3.1410577717364117
-8.348073629305407,2.525845378776432,3.1410577717364117
-8.448073615000478,2.5258988669592197,3.1410577717364117
-8.548073600695549,2.5259523551420076,3.1410577717364117
-8.64807358639062,2.5260058433247954,3.1410577717364117
-8.74807357208569,2.526059331507583,3.1410577717364117
-8.848073557780761,2.526112819690371,3.1410577717364117
-8.948073543475832,2.526166307873159,3.1410577717364117
-9.048073529170903,2.5262197960559467,3.1410577717364117
-9.148073514865974,2.5262732842387345,3.1410577717364117
-9.248073500561045,2.5263267724215224,3.1410577717364117
-9.248073500561045,2.5263267724215224,2.983978139056922
-9.248073500561045,2.5263267724215224,2.8268985063774323
-9.248073500561045,2.5263267724215224,2.6855268369658916
-9.248073500561045,2.5263267724215224,2.5740002977634537
-9.248073500561045,2.5263267724215224,2.4736264124812597
-9.248073500561045,2.5263267724215224,2.383289915727285
-9.248073500561045,2.5263267724215224,2.301987068648708
-9.248073500561045,2.5263267724215224,2.2288145062779887
-9.248073500561045,2.5263267724215224,2.1629592001443414
-9.248073500561045,2.5263267724215224,2.1036894246240587
-9.248073500561045,2.5263267724215224,2.0503466266558044
-9.248073500561045,2.5263267724215224,2.0023381084843757
-9.248073500561045,2.5263267724215224,1.9543295903129463
-9.248073500561045,2.5263267724215224,1.9159227757758035
-9.248073500561045,2.5263267724215224,1.881356642692374
-9.248073500561045,2.5263267724215224,1.8502471229172883
-9.248073500561045,2.5263267724215224,1.8222485551197114
-9.248073500561045,2.5263267724215224,1.7970498441018918
-9.248073500561045,2.5263267724215224,1.774371004185854
-9.248073500561045,2.5263267724215224,1.7516921642698164
-9.248073500561045,2.5263267724215224,1.7290133243537793
-9.248073500561045,2.5263267724215224,1.7131381364125524
-9.248073500561045,2.5263267724215224,1.6988504672654492
-9.248073500561045,2.5263267724215224,1.6859915650330555
-9.248073500561045,2.5263267724215224,1.673132662800662
-9.248073500561045,2.5263267724215224,1.6628455410147476
-9.248073500561045,2.5263267724215224,1.6525584192288325
-9.248073500561045,2.5263267724215224,1.6443287218001008
-9.248073500561045,2.5263267724215224,1.6369219941142428
-9.248073500561045,2.5263267724215224,1.6302559391969695
-9.248073500561045,2.5263267724215224,1.6235898842796972
-9.248073500561045,2.5263267724215224,1.6182570403458791
-9.248073500561045,2.5263267724215224,1.613457480805442
-9.248073500561045,2.5263267724215224,1.6091378772190494
-9.248073500561045,2.5263267724215224,1.6048182736326568
-9.248073500561045,2.5263267724215224,1.601362590763543
-9.248073500561045,2.5263267724215224,1.5982524761813401
-9.248073500561045,2.5263267724215224,1.5954533730573575
-9.248073500561045,2.5263267724215224,1.5929341802457735
-9.248073500561045,2.5263267724215224,1.590666906715348
-9.248073500561045,2.5263267724215224,1.5886263605379642
-9.248073500561045,2.5263267724215224,1.5867898689783195
-9.248073500561045,2.5263267724215224,1.585137026574639
-9.248073500561045,2.5263267724215224,1.5834841841709588
-9.248073500561045,2.5263267724215224,1.581996626007646
-9.248073500561045,2.5263267724215224,1.5808231079010329
-9.248073500561045,2.5263267724215224,1.5797669416050812
-9.248073500561045,2.5263267724215224,1.578816391938725
-9.248073500561045,2.5263267724215224,1.5779608972390033
-9.248073500561045,2.5263267724215224,1.577190952009255
-9.248073500561045,2.5263267724215224,1.576498001302481
-9.248073500561045,2.5263267724215224,1.5758743456663846
-9.248073500561045,2.5263267724215224,1.5752506900302876
-9.248073500561045,2.5263267724215224,1.57475176552141
-9.248073500561045,2.5263267724215224,1.574252841012533
-9.248073500561045,2.5263267724215224,1.5738537014054317
-9.248073500561045,2.5263267724215224,1.5734944757590394
-9.248073500561045,2.5263267724215224,1.5731711726772875
-9.248073500561045,2.5263267724215224,1.5728801999037103
-9.248073500561045,2.5263267724215224,1.5725892271301327
-9.248073500561045,2.5263267724215224,1.5722982543565562
-9.248073500561045,2.5263267724215224,1.5720363788603366
-9.248073500561045,2.5263267724215224,1.5717745033641168
-9.248073500561045,2.5263267724215224,1.5716231975218566
-9.248073500561045,2.5263267724215224,1.5714718916795964
-9.248073500561045,2.5263267724215224,1.5713508470057882
-9.248073500561045,2.5263267724215224,1.571241906799361
-9.248095779560531,2.576326767457984,1.571241906799361
-9.248118058560017,2.626326762494446,1.571241906799361
-9.248135881759605,2.6663267585236152,1.571241906799361
-9.248153704959194,2.7063267545527845,1.571241906799361
-9.248169745838823,2.742326750979037,1.571241906799361
-9.248185786718452,2.7783267474052895,1.571241906799361
-9.248196837102197,2.8031267449433743,1.571241906799361
-9.248206782447568,2.825446742727651,1.571241906799361
-9.248216727792938,2.8477667405119274,1.571241906799361
-9.248224684069234,2.8656227387393485,1.571241906799361
-9.24823264034553,2.8834787369667696,1.571241906799361
-9.248239005366566,2.8977635355487066,1.571241906799361
-9.248245370387602,2.9120483341306436,1.571241906799361
-9.248251098906536,2.9249046528543867,1.571241906799361
-9.24825682742547,2.93776097157813,1.571241906799361
-9.248260773738513,2.946617546698931,1.571241906799361
-9.248264720051557,2.955474121819732,1.571241906799361
-9.248267877101991,2.9625593819163725,1.571241906799361
-9.248271034152426,2.969644642013013,1.571241906799361
-9.248273559792773,2.975312850090326,1.571241906799361
-9.24827608543312,2.9809810581676386,1.571241906799361
-9.2482781059454,2.9855156246294885,1.571241906799361
-9.248280126457677,2.9900501910913384,1.571241906799361
-9.248281944918729,2.994131300907003,1.571241906799361
-9.24828376337978,2.998212410722668,1.571241906799361
-9.248285016097393,3.001023841929015,1.571241906799361
-9.248286268815006,3.003835273135362,1.571241906799361
-9.248287396260856,3.0063655612210742,1.571241906799361
-9.24828828569036,3.0083616773775805,1.571241906799361
-9.248289175119865,3.010357793534087,1.571241906799361
-9.24828988666347,3.011954686459292,1.571241906799361
-9.248290598207074,3.013551579384497,1.571241906799361
-9.248291167441957,3.014829093724661,1.571241906799361
-9.24829173667684,3.0161066080648253,1.571241906799361
-9.248292192064747,3.0171286195369564,1.571241906799361
-9.248292647452654,3.0181506310090875,1.571241906799361
-9.248293093032643,3.0191506309098166,1.571241906799361
-9.248293538612632,3.0201506308105457,1.571241906799361
-9.248293984192621,3.0211506307112748,1.571241906799361
-9.24829442977261,3.022150630612004,1.571241906799361
-9.24829442977261,3.022150630612004,1.4141622741198716
-9.24829442977261,3.022150630612004,1.2570826414403813
-9.24829442977261,3.022150630612004,1.1314189352967896
-9.24829442977261,3.022150630612004,1.0057552291531981
-9.24829442977261,3.022150630612004,0.8926578936239655
-9.24829442977261,3.022150630612004,0.8034366622620154
-9.24829442977261,3.022150630612004,0.7142154309000653
-9.24829442977261,3.022150630612004,0.6428384458105055
-9.24829442977261,3.022150630612004,0.5785991592299016
-9.24829442977261,3.022150630612004,0.5143598726492974
-9.24829442977261,3.022150630612004,0.45012058606869326
-9.24829442977261,3.022150630612004,0.40515308546227036
-9.24829442977261,3.022150630612004,0.36018558485584756
-9.24829442977261,3.022150630612004,0.3242115843707092
-9.24829442977261,3.022150630612004,0.2918349839340847
-9.24829442977261,3.022150630612004,0.2626960435411227
-9.24829442977261,3.022150630612004,0.23355710314816067
-9.24829442977261,3.022150630612004,0.21024595083379105
-9.24829442977261,3.022150630612004,0.18693479851942152
-9.24829442977261,3.022150630612004,0.16828587666792577
-9.24829442977261,3.022150630612004,0.15150184700157965
-9.24829442977261,3.022150630612004,0.13639622030186813
-9.24829442977261,3.022150630612004,0.12129059360215663
-9.24829442977261,3.022150630612004,0.1092060922423874
-9.24829442977261,3.022150630612004,0.09833004101859513
-9.24829442977261,3.022150630612004,0.08854159491718201
-9.24829442977261,3.022150630612004,0.07875314881576899
-9.24829442977261,3.022150630612004,0.07092239193463852
-9.24829442977261,3.022150630612004,0.06387471074162115
-9.24829442977261,3.022150630612004,0.05753179766790549
-9.24829442977261,3.022150630612004,0.051188884594189826
-9.24829442977261,3.022150630612004,0.04484597152047416
-9.24829442977261,3.022150630612004,0.040405932368873194
-9.24829442977261,3.022150630612004,0.036409897132432326
-9.24829442977261,3.022150630612004,0.03241386189599146
-9.24829442977261,3.022150630612004,0.02841782665955061
-9.24829442977261,3.022150630612004,0.025220998470397906
-9.24829442977261,3.022150630612004,0.022743456623804573
-9.24829442977261,3.022150630612004,0.02051366896187057
-9.24829442977261,3.022150630612004,0.018283881299936577
-9.24829442977261,3.022150630612004,0.016054093638002566
-9.24829442977261,3.022150630612004,0.014270263508455358
-9.24829442977261,3.022150630612004,0.012486433378908163
-9.24829442977261,3.022150630612004,0.011282348041463799
-9.24829442977261,3.022150630612004,0.010198671237763876
-9.24829442977261,3.022150630612004,0.009223362114433944
-9.24829442977261,3.022150630612004,0.008345583903437002
-9.24829442977261,3.022150630612004,0.007555583513539759
-9.24829442977261,3.022150630612004,0.006844583162632238
-9.24829442977261,3.022150630612004,0.00620468284681547
-9.24829442977261,3.022150630612004,0.005628772562580375
-9.24829442977261,3.022150630612004,0.00511045330676879
-9.24829442977261,3.022150630612004,0.00459213405095721
-9.24829442977261,3.022150630612004,0.004177478646307944
-9.24829442977261,3.022150630612004,0.003762823241658678
-9.24829442977261,3.022150630612004,0.0034310989179392654
-9.24829442977261,3.022150630612004,0.0031325470265917937
-9.24829442977261,3.022150630612004,0.00286385032437907
-9.24829442977261,3.022150630612004,0.002622023292387619
-9.24829442977261,3.022150630612004,0.002404378963595311
-9.24829442977261,3.022150630612004,0.0022084990676822357
-9.24829442977261,3.022150630612004,0.002032207161360468
-9.24829442977261,3.022150630612004,0.0018559152550386988
-9.24829442977261,3.022150630612004,0.0017148817299812843
-9.24829442977261,3.022150630612004,0.0015879515574296107
-9.24829442977261,3.022150630612004,0.0014737144021331047
-9.24829442977261,3.022150630612004,0.0013709009623662496
-9.148294523741068,3.0222877206653,0.0013709009623662496
-9.048294617709526,3.022424810718596,0.0013709009623662496
-8.948294711677985,3.022561900771892,0.0013709009623662496
-8.848294805646443,3.022698990825188,0.0013709009623662496
-8.748294899614901,3.0228360808784838,0.0013709009623662496
-8.64829499358336,3.0229731709317798,0.0013709009623662496
-8.548295087551818,3.0231102609850757,0.0013709009623662496
-8.448295181520276,3.0232473510383717,0.0013709009623662496
-8.348295275488734,3.0233844410916677,0.0013709009623662496
-8.248295369457193,3.0235215311449637,0.0013709009623662496
-8.14829546342565,3.0236586211982597,0.0013709009623662496
-8.048295557394109,3.0237957112515557,0.0013709009623662496
-7.948295651362566,3.0239328013048516,0.0013709009623662496
-7.848295745331024,3.0240698913581476,0.0013709009623662496
-7.748295839299481,3.0242069814114436,0.0013709009623662496
-7.6482959332679386,3.0243440714647396,0.0013709009623662496
-7.548296027236396,3.0244811615180356,0.0013709009623662496
-7.448296121204853,3.0246182515713316,0.0013709009623662496
-7.348296215173311,3.0247553416246276,0.0013709009623662496
-7.248296309141768,3.0248924316779235,0.0013709009623662496
-7.148296403110225,3.0250295217312195,0.0013709009623662496
-7.148296403110225,3.0250295217312195,0.15845053364185593
-7.148296403110225,3.0250295217312195,0.2998222030533966
-7.148296403110225,3.0250295217312195,0.4411938724649372
-7.148296403110225,3.0250295217312195,0.5542912079941699
-7.148296403110225,3.0250295217312195,0.6560788099704793
-7.148296403110225,3.0250295217312195,0.7578664119467885
-7.148296403110225,3.0250295217312195,0.8392964935278363
-7.148296403110225,3.0250295217312195,0.9125835669507788
-7.148296403110225,3.0250295217312195,0.9858706403737215
-7.148296403110225,3.0250295217312195,1.0445002991120758
-7.148296403110225,3.0250295217312195,1.0972669919765947
-7.148296403110225,3.0250295217312195,1.1500336848411132
-7.148296403110225,3.0250295217312195,1.192247039132728
-7.148296403110225,3.0250295217312195,1.2302390579951816
-7.148296403110225,3.0250295217312195,1.26443187497139
-7.148296403110225,3.0250295217312195,1.298624691947598
-7.148296403110225,3.0250295217312195,1.3259789455285642
-7.148296403110225,3.0250295217312195,1.3505977737514343
-7.148296403110225,3.0250295217312195,1.375216601974304
-7.148296403110225,3.0250295217312195,1.3949116645525996
-7.148296403110225,3.0250295217312195,1.4126372208730666
-7.148296403110225,3.0250295217312195,1.4285902215614859
-7.148296403110225,3.0250295217312195,1.442947922181064
-7.148296403110225,3.0250295217312195,1.4558698527386835
-7.148296403110225,3.0250295217312195,1.4674995902405412
-7.148296403110225,3.0250295217312195,1.479129327742399
-7.148296403110225,3.0250295217312195,1.4895960914940716
-7.148296403110225,3.0250295217312195,1.4988998814955576
-7.148296403110225,3.0250295217312195,1.5082036714970442
-7.148296403110225,3.0250295217312195,1.5155304061232147
-7.148296403110225,3.0250295217312195,1.5228571407493852
-7.148296403110225,3.0250295217312195,1.5285208229127898
-7.148296403110225,3.0250295217312195,1.5328854633972373
-7.148296403110225,3.0250295217312195,1.53681363983324
-7.148296403110225,3.0250295217312195,1.540348998625642
-7.148296403110225,3.0250295217312195,1.5435308215388042
-7.148296403110225,3.0250295217312195,1.5463944621606502
-7.148296403110225,3.0250295217312195,1.5489717387203117
-7.148296403110225,3.0250295217312195,1.5512912876240066
-7.148296403110225,3.0250295217312195,1.553378881637332
-7.148296403110225,3.0250295217312195,1.5552577162493253
-7.148296403110225,3.0250295217312195,1.5569486674001187
-7.148296403110225,3.0250295217312195,1.5584705234358331
-7.148296403110225,3.0250295217312195,1.5598401938679765
-7.148296403110225,3.0250295217312195,1.561072897256905
-7.148296403110225,3.0250295217312195,1.5621823303069409
-7.148296403110225,3.0250295217312195,1.563180820051973
-7.148296403110225,3.0250295217312195,1.5640794608225017
-7.148296403110225,3.0250295217312195,1.5648882375159778
-7.148296403110225,3.0250295217312195,1.5656970142094542
-7.148296403110225,3.0250295217312195,1.5663440355642353
-7.148296403110225,3.0250295217312195,1.5669263547835377
-7.148296403110225,3.0250295217312195,1.5675086740028406
-7.148296403110225,3.0250295217312195,1.5679745293782834
-7.148296403110225,3.0250295217312195,1.568393799216181
-7.148296403110225,3.0250295217312195,1.5687711420702892
-7.148296403110225,3.0250295217312195,1.569110750638986
-7.148296403110225,3.0250295217312195,1.569416398350814
-7.148296403110225,3.0250295217312195,1.569691481291459
-7.148296403110225,3.0250295217312195,1.5699390559380397
-7.148296403110225,3.0250295217312195,1.5701618731199622
-7.148296403110225,3.0250295217312195,1.5703624085836918
-7.148296403110225,3.0250295217312195,1.5705428905010494
-7.148296403110225,3.0250295217312195,1.5707233724184062
-7.148296403110225,3.0250295217312195,1.5708677579522918
-7.148296403110225,3.0250295217312195,1.571012143486178
-7.148296403110225,3.0250295217312195,1.5711276519132866
-7.148296403110225,3.0250295217312195,1.571231609497683
-7.148318167244677,3.075029516994444,1.571231609497683
-7.148339931379129,3.1250295122576683,1.571231609497683
-7.148357342686691,3.1650295084682476,1.571231609497683
-7.148374753994253,3.205029504678827,1.571231609497683
-7.148388683040302,3.2370295016472905,1.571231609497683
-7.148402612086351,3.269029498615754,1.571231609497683
-7.14841375532319,3.294629496190525,1.571231609497683
-7.148424898560029,3.320229493765296,1.571231609497683
-7.148433813149501,3.3407094918251126,1.571231609497683
-7.148441836280026,3.3591414900789474,1.571231609497683
-7.14844985941055,3.377573488332782,1.571231609497683
-7.1484578825410745,3.396005486586617,1.571231609497683
-7.148465905671599,3.4144374848404517,1.571231609497683
-7.1484707195499135,3.425496683792753,1.571231609497683
-7.148475533428228,3.436555882745054,1.571231609497683
-7.14847938453088,3.445403241906895,1.571231609497683
-7.148483235633532,3.454250601068736,1.571231609497683
-7.148486316515653,3.461328488398209,1.571231609497683
-7.148489397397774,3.4684063757276817,1.571231609497683
-7.148491862103471,3.4740686855912597,1.571231609497683
-7.1484943268091685,3.4797309954548377,1.571231609497683
-7.148496298573726,3.4842608433457003,1.571231609497683
-7.148498270338284,3.488790691236563,1.571231609497683
-7.14849984774993,3.492414569549253,1.571231609497683
-7.148501267420412,3.4956760600306738,1.571231609497683
-7.148502687090893,3.4989375505120948,1.571231609497683
-7.148503822827278,3.5015467428972316,1.571231609497683
-7.148504958563663,3.5041559352823684,1.571231609497683
-7.148505867152771,3.506243289190478,1.571231609497683
-7.148506775741879,3.508330643098587,1.571231609497683
-7.148507502613166,3.510000526225075,1.571231609497683
-7.148508229484452,3.5116704093515625,1.571231609497683
-7.148508810981482,3.5130063158527527,1.571231609497683
-7.148509392478511,3.514342222353943,1.571231609497683
-7.148509857676134,3.5154109475548947,1.571231609497683
-7.148510322873758,3.5164796727558465,1.571231609497683
-7.148510758156447,3.517479672661111,1.571231609497683
-7.148511193439136,3.5184796725663756,1.571231609497683
-7.148511628721825,3.51947967247164,1.571231609497683
-7.148512064004514,3.5204796723769047,1.571231609497683
-7.148512064004514,3.5204796723769047,1.7283112421771731
-7.148512064004514,3.5204796723769047,1.8696829115887137
-7.148512064004514,3.5204796723769047,1.9969174140591006
-7.148512064004514,3.5204796723769047,2.1114284662824487
-7.148512064004514,3.5204796723769047,2.225939518505797
-7.148512064004514,3.5204796723769047,2.3175483602844746
-7.148512064004514,3.5204796723769047,2.399996317885285
-7.148512064004514,3.5204796723769047,2.4824442754860954
-7.148512064004514,3.5204796723769047,2.556647437326825
-7.148512064004514,3.5204796723769047,2.6151854872234
-7.148512064004514,3.5204796723769047,2.667869732130318
-7.148512064004514,3.5204796723769047,2.7152855525465442
-7.148512064004514,3.5204796723769047,2.7579597909211477
-7.148512064004514,3.5204796723769047,2.796366605458291
-7.148512064004514,3.5204796723769047,2.834773419995434
-7.148512064004514,3.5204796723769047,2.8731802345325774
-7.148512064004514,3.5204796723769047,2.9000650047085776
-7.148512064004514,3.5204796723769047,2.9242612978669777
-7.148512064004514,3.5204796723769047,2.946037961709538
-7.148512064004514,3.5204796723769047,2.965636959167842
-7.148512064004514,3.5204796723769047,2.985235956626146
-7.148512064004514,3.5204796723769047,3.0048349540844503
-7.148512064004514,3.5204796723769047,3.020514152051094
-7.148512064004514,3.5204796723769047,3.0361933500177374
-7.148512064004514,3.5204796723769047,3.048344728441886
-7.148512064004514,3.5204796723769047,3.0577130492269555
-7.148512064004514,3.5204796723769047,3.066144537933518
-7.148512064004514,3.5204796723769047,3.0737328777694244
-7.148512064004514,3.5204796723769047,3.0805623836217397
-7.148512064004514,3.5204796723769047,3.086708938888824
-7.148512064004514,3.5204796723769047,3.0922408386291993
-7.148512064004514,3.5204796723769047,3.097772738369575
-7.148512064004514,3.5204796723769047,3.1033046381099503
-7.148512064004514,3.5204796723769047,3.1088365378503258
-7.148512064004514,3.5204796723769047,3.1143684375907013
-7.148512064004514,3.5204796723769047,3.1171343874608892
-7.148512064004514,3.5204796723769047,3.1196237423440585
-7.148512064004514,3.5204796723769047,3.1218641617389107
-7.148512064004514,3.5204796723769047,3.1238805391942774
-7.148512064004514,3.5204796723769047,3.1256952789041077
-7.148512064004514,3.5204796723769047,3.127328544642955
-7.148512064004514,3.5204796723769047,3.1287984838079175
-7.148512064004514,3.5204796723769047,3.13026842297288
-7.148512064004514,3.5204796723769047,3.131591368221346
-7.148512064004514,3.5204796723769047,3.1329143134698123
-7.148512064004514,3.5204796723769047,3.1342372587182785
-7.148512064004514,3.5204796723769047,3.1350163264757085
-7.148512064004514,3.5204796723769047,3.1357953942331385
-7.148512064004514,3.5204796723769047,3.136418648439083
-7.148512064004514,3.5204796723769047,3.1369795772244324
-7.148512064004514,3.5204796723769047,3.137540506009782
-7.148512064004514,3.5204796723769047,3.137989249038062
-7.148512064004514,3.5204796723769047,3.138393117763514
-7.148512064004514,3.5204796723769047,3.1387565996164204
-7.148512064004514,3.5204796723769047,3.1390837332840364
-7.148512064004514,3.5204796723769047,3.139378153584891
-7.148512064004514,3.5204796723769047,3.1396431318556597
-7.148512064004514,3.5204796723769047,3.1398816122993516
-7.148512064004514,3.5204796723769047,3.1400962446986744
-7.148512064004514,3.5204796723769047,3.140289413858065
-7.148512064004514,3.5204796723769047,3.1404632661015164
-7.148512064004514,3.5204796723769047,3.140619733120623
-7.148512064004514,3.5204796723769047,3.1407605534378185
-7.148512064004514,3.5204796723769047,3.1408872917232946
-7.148512064004514,3.5204796723769047,3.1410013561802232
-7.148512064004514,3.5204796723769047,3.141115420637152
-7.24851205261695,3.5205273956703573,3.141115420637152
-7.348512041229386,3.52057511896381,3.141115420637152
-7.4485120298418215,3.5206228422572625,3.141115420637152
-7.548512018454257,3.520670565550715,3.141115420637152
-7.648512007066693,3.5207182888441677,3.141115420637152
-7.748511995679129,3.5207660121376203,3.141115420637152
-7.848511984291565,3.520813735431073,3.141115420637152
-7.948511972904001,3.5208614587245255,3.141115420637152
-8.048511961516436,3.520909182017978,3.141115420637152
-8.14851195012887,3.5209569053114307,3.141115420637152
-8.248511938741306,3.5210046286048833,3.141115420637152
-8.34851192735374,3.521052351898336,3.141115420637152
-8.448511915966176,3.5211000751917885,3.141115420637152
-8.54851190457861,3.521147798485241,3.141115420637152
-8.648511893191046,3.5211955217786937,3.141115420637152
-8.74851188180348,3.5212432450721463,3.141115420637152
-8.848511870415916,3.521290968365599,3.141115420637152
-8.94851185902835,3.5213386916590514,3.141115420637152
-9.048511847640786,3.521386414952504,3.141115420637152
-9.048511847640786,3.521386414952504,2.9840357879576622
-9.048511847640786,3.521386414952504,2.8269561552781726
-9.048511847640786,3.521386414952504,2.7012924491345807
-9.048511847640786,3.521386414952504,2.588195113605348
-9.048511847640786,3.521386414952504,2.486407511629039
-9.048511847640786,3.521386414952504,2.3947986698503607
-9.048511847640786,3.521386414952504,2.3123507122495504
-9.048511847640786,3.521386414952504,2.238147550408821
-9.048511847640786,3.521386414952504,2.1713647047521643
-9.048511847640786,3.521386414952504,2.1112601436611733
-9.048511847640786,3.521386414952504,2.0571660386792816
-9.048511847640786,3.521386414952504,2.0084813441955798
-9.048511847640786,3.521386414952504,1.9597966497118766
-9.048511847640786,3.521386414952504,1.9208488941249142
-9.048511847640786,3.521386414952504,1.8857959140966483
-9.048511847640786,3.521386414952504,1.8542482320712088
-9.048511847640786,3.521386414952504,1.8258553182483137
-9.048511847640786,3.521386414952504,1.800301695807708
-9.048511847640786,3.521386414952504,1.7773034356111626
-9.048511847640786,3.521386414952504,1.7566050014342716
-9.048511847640786,3.521386414952504,1.7379764106750701
-9.048511847640786,3.521386414952504,1.7212106789917885
-9.048511847640786,3.521386414952504,1.7061215204768356
-9.048511847640786,3.521386414952504,1.6910323619618821
-9.048511847640786,3.521386414952504,1.6789610351499196
-9.048511847640786,3.521386414952504,1.668096841019153
-9.048511847640786,3.521386414952504,1.6572326468883865
-9.048511847640786,3.521386414952504,1.6485412915837732
-9.048511847640786,3.521386414952504,1.6407190718096214
-9.048511847640786,3.521386414952504,1.6328968520354694
-9.048511847640786,3.521386414952504,1.6250746322613183
-9.048511847640786,3.521386414952504,1.6195990784194125
-9.048511847640786,3.521386414952504,1.6146710799616957
-9.048511847640786,3.521386414952504,1.6097430815039802
-9.048511847640786,3.521386414952504,1.605800682737808
-9.048511847640786,3.521386414952504,1.602252523848253
-9.048511847640786,3.521386414952504,1.5990591808476533
-9.048511847640786,3.521386414952504,1.5961851721471132
-9.048511847640786,3.521386414952504,1.5933111634465733
-9.048511847640786,3.521386414952504,1.5910119564861414
-9.048511847640786,3.521386414952504,1.588942670221753
-9.048511847640786,3.521386414952504,1.5870803125838033
-9.048511847640786,3.521386414952504,1.5854041907096488
-9.048511847640786,3.521386414952504,1.5838956810229088
-9.048511847640786,3.521386414952504,1.5825380223048438
-9.048511847640786,3.521386414952504,1.581316129458586
-9.048511847640786,3.521386414952504,1.580216425896952
-9.048511847640786,3.521386414952504,1.5792266926914829
-9.048511847640786,3.521386414952504,1.5783359328065598
-9.048511847640786,3.521386414952504,1.5775342489101294
-9.048511847640786,3.521386414952504,1.576812733403342
-9.048511847640786,3.521386414952504,1.5761633694472337
-9.048511847640786,3.521386414952504,1.5755140054911245
-9.048511847640786,3.521386414952504,1.5749295779306265
-9.048511847640786,3.521386414952504,1.5744100867657396
-9.048511847640786,3.521386414952504,1.5738905956008526
-9.048511847640786,3.521386414952504,1.5735334454249938
-9.048511847640786,3.521386414952504,1.5732120102667193
-9.048511847640786,3.521386414952504,1.5728905751084454
-9.048511847640786,3.521386414952504,1.572601283465999
-9.048511847640786,3.521386414952504,1.5723441353393797
-9.048511847640786,3.521386414952504,1.5720869872127612
-9.048511847640786,3.521386414952504,1.5718298390861423
-9.048511847640786,3.521386414952504,1.5715726909595236
-9.048511847640786,3.521386414952504,1.5714473312477966
-9.048511847640786,3.521386414952504,1.5713345075072425
-9.048511847640786,3.521386414952504,1.5712216837666884
-9.048511847640786,3.521386414952504,1.5711088600261343
-9.048511847640786,3.521386414952504,1.57099603628558
-9.048511847640786,3.521386414952504,1.5708832125450265
-9.048516191928286,3.5713864147637757,1.5708832125450265
-9.048520536215786,3.6213864145750474,1.5708832125450265
-9.048524011645787,3.6613864144240647,1.5708832125450265
-9.048527487075788,3.701386414273082,1.5708832125450265
-9.048530267419789,3.733386414152296,1.5708832125450265
-9.04853304776379,3.76538641403151,1.5708832125450265
-9.048535272038992,3.790986413934881,1.5708832125450265
-9.048537496314193,3.8165864138382517,1.5708832125450265
-9.048539275734353,3.8370664137609487,1.5708832125450265
-9.048540877212497,3.8554984136913757,1.5708832125450265
-9.048542478690642,3.8739304136218027,1.5708832125450265
-9.048543920020972,3.890519213559187,1.5708832125450265
-9.048545361351302,3.9071080134965714,1.5708832125450265
-9.048546354267751,3.9185358534534362,1.5708832125450265
-9.0485473471842,3.929963693410301,1.5708832125450265
-9.048548240809005,3.9402487493714795,1.5708832125450265
-9.04854913443381,3.950533805332658,1.5708832125450265
-9.048549750042008,3.9576190661059143,1.5708832125450265
-9.048550365650208,3.9647043268791706,1.5708832125450265
-9.048550858136766,3.9703725354977757,1.5708832125450265
-9.048551350623324,3.9760407441163808,1.5708832125450265
-9.04855174461257,3.9805753110112647,1.5708832125450265
-9.048552138601817,3.9851098779061487,1.5708832125450265
-9.048552453793215,3.9887375314220557,1.5708832125450265
-9.048552768984614,3.9923651849379627,1.5708832125450265
-9.048553021137732,3.9952673077506886,1.5708832125450265
-9.04855327329085,3.9981694305634146,1.5708832125450265
-9.048553475013344,4.000491128813596,1.5708832125450265
-9.048553676735839,4.002812827063776,1.5708832125450265
-9.048553838113834,4.004670185663921,1.5708832125450265
-9.04855399949183,4.006527544264065,1.5708832125450265
-9.048554128594226,4.008013431144181,1.5708832125450265
-9.048554257696622,4.009499318024297,1.5708832125450265
-9.048554360978539,4.010688027528389,1.5708832125450265
-9.048554464260455,4.011876737032482,1.5708832125450265
-9.048554551146205,4.012876737028708,1.5708832125450265
-9.048554638031955,4.013876737024933,1.5708832125450265
-9.048554724917706,4.014876737021159,1.5708832125450265
-9.048554811803456,4.0158767370173845,1.5708832125450265
-9.048554898689206,4.01687673701361,1.5708832125450265
-9.048554985574956,4.017876737009836,1.5708832125450265
-9.048554985574956,4.017876737009836,1.4138035798655364
-9.048554985574956,4.017876737009836,1.2724319104539956
-9.048554985574956,4.017876737009836,1.1451974079836087
-9.048554985574956,4.017876737009836,1.0306863557602608
-9.048554985574956,4.017876737009836,0.9276264087592477
-9.048554985574956,4.017876737009836,0.8245664617582344
-9.048554985574956,4.017876737009836,0.7421185041574242
-9.048554985574956,4.017876737009836,0.6679153423166949
-9.048554985574956,4.017876737009836,0.6011324966600383
-9.048554985574956,4.017876737009836,0.5410279355690474
-9.048554985574956,4.017876737009836,0.4809233744780565
-9.048554985574956,4.017876737009836,0.42682926949616473
-9.048554985574956,4.017876737009836,0.38415503112156113
-9.048554985574956,4.017876737009836,0.34148079274695764
-9.048554985574956,4.017876737009836,0.2988065543723543
-9.048554985574956,4.017876737009836,0.2603997398352111
-9.048554985574956,4.017876737009836,0.23436845442670304
-9.048554985574956,4.017876737009836,0.2109402975590457
-9.048554985574956,4.017876737009836,0.18751214069138836
-9.048554985574956,4.017876737009836,0.16408398382373104
-9.048554985574956,4.017876737009836,0.1476842740163709
-9.048554985574956,4.017876737009836,0.13292453518974687
-9.048554985574956,4.017876737009836,0.11964077024578514
-9.048554985574956,4.017876737009836,0.10768538179621959
-9.048554985574956,4.017876737009836,0.09572999334665407
-9.048554985574956,4.017876737009836,0.08616568258700162
-9.048554985574956,4.017876737009836,0.07755780290331443
-9.048554985574956,4.017876737009836,0.06981071118799598
-9.048554985574956,4.017876737009836,0.0628383286442094
-9.048554985574956,4.017876737009836,0.05656318435480143
-9.048554985574956,4.017876737009836,0.05091555449433427
-9.048554985574956,4.017876737009836,0.045832687619913805
-9.048554985574956,4.017876737009836,0.04125810743293542
-9.048554985574956,4.017876737009836,0.03714098526465484
-9.048554985574956,4.017876737009836,0.03343557531320232
-9.048554985574956,4.017876737009836,0.029730165361749848
-9.048554985574956,4.017876737009836,0.02676583740058784
-9.048554985574956,4.017876737009836,0.023801509439425838
-9.048554985574956,4.017876737009836,0.021430047070496238
-9.048554985574956,4.017876737009836,0.019295730938459595
-9.048554985574956,4.017876737009836,0.017374846419626618
-9.048554985574956,4.017876737009836,0.015646050352676938
-9.048554985574956,4.017876737009836,0.01409013389242222
-9.048554985574956,4.017876737009836,0.012689809078192987
-9.048554985574956,4.017876737009836,0.011429516745386675
-9.048554985574956,4.017876737009836,0.010295253645860987
-9.048554985574956,4.017876737009836,0.009274416856287871
-9.048554985574956,4.017876737009836,0.008355663745672065
-9.048554985574956,4.017876737009836,0.007528785946117843
-9.048554985574956,4.017876737009836,0.006701908146563617
-9.048554985574956,4.017876737009836,0.006040405906920239
-9.048554985574956,4.017876737009836,0.005445053891241198
-9.048554985574956,4.017876737009836,0.0049092370771300605
-9.048554985574956,4.017876737009836,0.004427001944430036
-9.048554985574956,4.017876737009836,0.0039447668117300145
-9.048554985574956,4.017876737009836,0.0035589787055699956
-9.048554985574956,4.017876737009836,0.003211769410025979
-9.048554985574956,4.017876737009836,0.002899281044036363
-9.048554985574956,4.017876737009836,0.0026180415146457086
-9.048554985574956,4.017876737009836,0.0023649259381941204
-9.048554985574956,4.017876737009836,0.0021118103617425326
-9.048554985574956,4.017876737009836,0.001909317900581262
-9.048554985574956,4.017876737009836,0.0017270746855361189
-9.048554985574956,4.017876737009836,0.0015448314704909747
-9.048554985574956,4.017876737009836,0.0013990368984548604
-9.048554985574956,4.017876737009836,0.0012678217836223564
-9.048554985574956,4.017876737009836,0.001149728180273104
-9.048554985574956,4.017876737009836,0.0010316345769238512
-8.948555038788447,4.017979900449229,0.0010316345769238512
-8.848555092001938,4.018083063888623,0.0010316345769238512
-8.748555145215429,4.018186227328017,0.0010316345769238512
-8.64855519842892,4.018289390767411,0.0010316345769238512
-8.54855525164241,4.018392554206804,0.0010316345769238512
-8.448555304855901,4.018495717646198,0.0010316345769238512
-8.348555358069392,4.018598881085592,0.0010316345769238512
-8.248555411282883,4.018702044524986,0.0010316345769238512
-8.148555464496374,4.0188052079643795,0.0010316345769238512
-8.048555517709865,4.018908371403773,0.0010316345769238512
-7.948555570923355,4.019011534843167,0.0010316345769238512
-7.848555624136845,4.019114698282561,0.0010316345769238512
-7.748555677350335,4.0192178617219545,0.0010316345769238512
-7.6485557305638245,4.019321025161348,0.0010316345769238512
-7.5485557837773145,4.019424188600742,0.0010316345769238512
-7.4485558369908045,4.019527352040136,0.0010316345769238512
-7.3485558902042944,4.0196305154795295,0.0010316345769238512
-7.248555943417784,4.019733678918923,0.0010316345769238512
-7.148555996631274,4.019836842358317,0.0010316345769238512
-7.048556049844764,4.019940005797711,0.0010316345769238512
-6.948556103058254,4.020043169237105,0.0010316345769238512
-6.848556156271744,4.020146332676498,0.0010316345769238512
-6.748556209485234,4.020249496115892,0.0010316345769238512
-6.648556262698724,4.020352659555286,0.0010316345769238512
-6.548556315912214,4.02045582299468,0.0010316345769238512
-6.448556369125704,4.020558986434073,0.0010316345769238512
-6.348556422339194,4.020662149873467,0.0010316345769238512
-6.248556475552684,4.020765313312861,0.0010316345769238512
-6.148556528766174,4.020868476752255,0.0010316345769238512
-6.048556581979664,4.020971640191648,0.0010316345769238512
-5.948556635193154,4.021074803631042,0.0010316345769238512
-5.848556688406644,4.021177967070436,0.0010316345769238512
-5.748556741620134,4.02128113050983,0.0010316345769238512
-5.648556794833624,4.0213842939492235,0.0010316345769238512
-5.548556848047114,4.021487457388617,0.0010316345769238512
-5.448556901260604,4.021590620828011,0.0010316345769238512
-5.348556954474094,4.021693784267405,0.0010316345769238512
-5.248557007687584,4.0217969477067985,0.0010316345769238512
-5.148557060901074,4.021900111146192,0.0010316345769238512
-5.048557114114564,4.022003274585586,0.0010316345769238512
-4.948557167328054,4.02210643802498,0.0010316345769238512
-4.848557220541544,4.022209601464374,0.0010316345769238512
-4.748557273755034,4.022312764903767,0.0010316345769238512
-4.648557326968524,4.022415928343161,0.0010316345769238512
-4.548557380182014,4.022519091782555,0.0010316345769238512
-4.448557433395504,4.022622255221949,0.0010316345769238512
-4.3485574866089935,4.022725418661342,0.0010316345769238512
-4.2485575398224835,4.022828582100736,0.0010316345769238512
-4.1485575930359735,4.02293174554013,0.0010316345769238512
-4.0485576462494635,4.023034908979524,0.0010316345769238512
-3.948557699462954,4.023138072418917,0.0010316345769238512
-3.8485577526764443,4.023241235858311,0.0010316345769238512
-3.7485578058899347,4.023344399297705,0.0010316345769238512
-3.648557859103425,4.023447562737099,0.0010316345769238512
-3.5485579123169155,4.0235507261764925,0.0010316345769238512
-3.448557965530406,4.023653889615886,0.0010316345769238512
-3.3485580187438964,4.02375705305528,0.0010316345769238512
-3.2485580719573868,4.023860216494674,0.0010316345769238512
-3.148558125170877,4.0239633799340675,0.0010316345769238512
-3.0485581783843676,4.024066543373461,0.0010316345769238512
-2.948558231597858,4.024169706812855,0.0010316345769238512
-2.8485582848113484,4.024272870252249,0.0010316345769238512
-2.748558338024839,4.0243760336916425,0.0010316345769238512
-2.6485583912383293,4.024479197131036,0.0010316345769238512
-2.5485584444518197,4.02458236057043,0.0010316345769238512
-2.44855849766531,4.024685524009824,0.0010316345769238512
-2.3485585508788005,4.024788687449218,0.0010316345769238512
-2.248558604092291,4.024891850888611,0.0010316345769238512
-2.1485586573057813,4.024995014328005,0.0010316345769238512
-2.0485587105192717,4.025098177767399,0.0010316345769238512
-1.948558763732762,4.025201341206793,0.0010316345769238512
-1.8485588169462521,4.025304504646186,0.0010316345769238512
-1.7485588701597423,4.02540766808558,0.0010316345769238512
-1.6485589233732325,4.025510831524974,0.0010316345769238512
-1.5485589765867227,4.025613994964368,0.0010316345769238512
-1.448559029800213,4.025717158403761,0.0010316345769238512
-1.348559083013703,4.025820321843155,0.0010316345769238512
-1.2485591362271933,4.025923485282549,0.0010316345769238512
-1.1485591894406835,4.026026648721943,0.0010316345769238512
-1.0485592426541737,4.0261298121613365,0.0010316345769238512
-0.948559295867664,4.02623297560073,0.0010316345769238512
-0.8485593490811543,4.026336139040124,0.0010316345769238512
-0.7485594022946446,4.026439302479518,0.0010316345769238512
-0.6485594555081349,4.0265424659189115,0.0010316345769238512
-0.5485595087216252,4.026645629358305,0.0010316345769238512
-0.4485595619351155,4.026748792797699,0.0010316345769238512
-0.3485596151486058,4.026851956237093,0.0010316345769238512
-0.2485596683620961,4.026955119676487,0.0010316345769238512
-0.1485597215755864,4.02705828311588,0.0010316345769238512
-0.04855977478907668,4.027161446555274,0.0010316345769238512
0.05144017199743303,4.027264609994668,0.0010316345769238512
0.15144011878394276,4.027367773434062,0.0010316345769238512
0.25144006557045245,4.027470936873455,0.0010316345769238512
0.35144001235696215,4.027574100312849,0.0010316345769238512
0.45143995914347185,4.027677263752243,0.0010316345769238512
0.5514399059299816,4.027780427191637,0.0010316345769238512
0.6514398527164913,4.02788359063103,0.0010316345769238512
0.751439799503001,4.027986754070424,0.0010316345769238512
0.8514397462895107,4.028089917509818,0.0010316345769238512
0.9514396930760204,4.028193080949212,0.0010316345769238512
1.05143963986253,4.0282962443886055,0.0010316345769238512
1.15143958664904,4.028399407827999,0.0010316345769238512
1.2514395334355497,4.028502571267393,0.0010316345769238512
1.3514394802220595,4.028605734706787,0.0010316345769238512
1.4514394270085693,4.0287088981461805,0.0010316345769238512
1.5514393737950791,4.028812061585574,0.0010316345769238512
1.651439320581589,4.028915225024968,0.0010316345769238512
1.7514392673680987,4.029018388464362,0.0010316345769238512
1.8514392141546085,4.0291215519037555,0.0010316345769238512
1.9514391609411184,4.029224715343149,0.0010316345769238512
2.051439107727628,4.029327878782543,0.0010316345769238512
2.1514390545141375,4.029431042221937,0.0010316345769238512
2.251439001300647,4.029534205661331,0.0010316345769238512
2.3514389480871567,4.029637369100724,0.0010316345769238512
2.4514388948736663,4.029740532540118,0.0010316345769238512
2.551438841660176,4.029843695979512,0.0010316345769238512
2.6514387884466855,4.029946859418906,0.0010316345769238512
2.751438735233195,4.030050022858299,0.0010316345769238512
2.8514386820197046,4.030153186297693,0.0010316345769238512
2.951438628806214,4.030256349737087,0.0010316345769238512
3.051438575592724,4.030359513176481,0.0010316345769238512
3.1514385223792334,4.030462676615874,0.0010316345769238512
3.251438469165743,4.030565840055268,0.0010316345769238512
3.3514384159522526,4.030669003494662,0.0010316345769238512
3.451438362738762,4.030772166934056,0.0010316345769238512
3.5514383095252717,4.0308753303734495,0.0010316345769238512
3.6514382563117813,4.030978493812843,0.0010316345769238512
3.751438203098291,4.031081657252237,0.0010316345769238512
3.8514381498848005,4.031184820691631,0.0010316345769238512
3.95143809667131,4.0312879841310245,0.0010316345769238512
4.05143804345782,4.031391147570418,0.0010316345769238512
4.15143799024433,4.031494311009812,0.0010316345769238512
4.25143793703084,4.031597474449206,0.0010316345769238512
4.35143788381735,4.0317006378886,0.0010316345769238512
4.45143783060386,4.031803801327993,0.0010316345769238512
4.55143777739037,4.031906964767387,0.0010316345769238512
4.65143772417688,4.032010128206781,0.0010316345769238512
4.75143767096339,4.032113291646175,0.0010316345769238512
4.8514376177499,4.032216455085568,0.0010316345769238512
4.95143756453641,4.032319618524962,0.0010316345769238512
5.05143751132292,4.032422781964356,0.0010316345769238512
5.15143745810943,4.03252594540375,0.0010316345769238512
5.25143740489594,4.032629108843143,0.0010316345769238512
5.35143735168245,4.032732272282537,0.0010316345769238512
5.45143729846896,4.032835435721931,0.0010316345769238512
5.55143724525547,4.032938599161325,0.0010316345769238512
5.65143719204198,4.0330417626007184,0.0010316345769238512
5.75143713882849,4.033144926040112,0.0010316345769238512
5.851437085615,4.033248089479506,0.0010316345769238512
5.95143703240151,4.0333512529189,0.0010316345769238512
6.05143697918802,4.0334544163582935,0.0010316345769238512
6.15143692597453,4.033557579797687,0.0010316345769238512
6.25143687276104,4.033660743237081,0.0010316345769238512
6.35143681954755,4.033763906676475,0.0010316345769238512
6.45143676633406,4.0338670701158685,0.0010316345769238512
6.55143671312057,4.033970233555262,0.0010316345769238512
6.65143665990708,4.034073396994656,0.0010316345769238512
6.7514366066935905,4.03417656043405,0.0010316345769238512
6.8514365534801005,4.034279723873444,0.0010316345769238512
6.9514365002666105,4.034382887312837,0.0010316345769238512
7.051436447053121,4.034486050752231,0.0010316345769238512
7.151436393839631,4.034589214191625,0.0010316345769238512
7.251436340626141,4.034692377631019,0.0010316345769238512
7.351436287412651,4.034795541070412,0.0010316345769238512
7.451436234199161,4.034898704509806,0.0010316345769238512
7.551436180985671,4.0350018679492,0.0010316345769238512
7.651436127772181,4.035105031388594,0.0010316345769238512
7.751436074558691,4.035208194827987,0.0010316345769238512
7.851436021345201,4.035311358267381,0.0010316345769238512
7.951435968131711,4.035414521706775,0.0010316345769238512
8.05143591491822,4.035517685146169,0.0010316345769238512
8.15143586170473,4.0356208485855625,0.0010316345769238512
8.25143580849124,4.035724012024956,0.0010316345769238512
8.351435755277748,4.03582717546435,0.0010316345769238512
8.451435702064257,4.035930338903744,0.0010316345769238512
8.551435648850767,4.0360335023431375,0.0010316345769238512
8.651435595637276,4.036136665782531,0.0010316345769238512
8.751435542423785,4.036239829221925,0.0010316345769238512
8.851435489210294,4.036342992661319,0.0010316345769238512
8.951435435996803,4.036446156100713,0.0010316345769238512
9.051435382783312,4.036549319540106,0.0010316345769238512
9.151435329569821,4.0366524829795,0.0010316345769238512
9.151435329569821,4.0366524829795,0.15811126725641347
9.151435329569821,4.0366524829795,0.2994829366679542
9.151435329569821,4.0366524829795,0.4267174391383408
9.151435329569821,4.0366524829795,0.541228491361689
9.151435329569821,4.0366524829795,0.6442884383627023
9.151435329569821,4.0366524829795,0.7370423906636139
9.151435329569821,4.0366524829795,0.8205209477344347
9.151435329569821,4.0366524829795,0.8956516490981731
9.151435329569821,4.0366524829795,0.9707823504619116
9.151435329569821,4.0366524829795,1.0308869115529027
9.151435329569821,4.0366524829795,1.084981016534794
9.151435329569821,4.0366524829795,1.1336657110184971
9.151435329569821,4.0366524829795,1.1774819360538296
9.151435329569821,4.0366524829795,1.2169165385856286
9.151435329569821,4.0366524829795,1.252407680864248
9.151435329569821,4.0366524829795,1.2878988231428672
9.151435329569821,4.0366524829795,1.3162917369657623
9.151435329569821,4.0366524829795,1.3418453594063686
9.151435329569821,4.0366524829795,1.3673989818469743
9.151435329569821,4.0366524829795,1.387841879799459
9.151435329569821,4.0366524829795,1.4062404879566952
9.151435329569821,4.0366524829795,1.4227992352982073
9.151435329569821,4.0366524829795,1.437702107905569
9.151435329569821,4.0366524829795,1.4511146932521939
9.151435329569821,4.0366524829795,1.4631860200641567
9.151435329569821,4.0366524829795,1.4740502141949228
9.151435329569821,4.0366524829795,1.483827988912613
9.151435329569821,4.0366524829795,1.4936057636303026
9.151435329569821,4.0366524829795,1.5014279834044542
9.151435329569821,4.0366524829795,1.5084679812011907
9.151435329569821,4.0366524829795,1.5148039792182537
9.151435329569821,4.0366524829795,1.5205063774336107
9.151435329569821,4.0366524829795,1.5256385358274316
9.151435329569821,4.0366524829795,1.5302574783818705
9.151435329569821,4.0366524829795,1.5344145266808653
9.151435329569821,4.0366524829795,1.5381558701499607
9.151435329569821,4.0366524829795,1.5415230792721468
9.151435329569821,4.0366524829795,1.544553567482114
9.151435329569821,4.0366524829795,1.5475840556920817
9.151435329569821,4.0366524829795,1.5500084462600554
9.151435329569821,4.0366524829795,1.5524328368280293
9.151435329569821,4.0366524829795,1.5546147883392059
9.151435329569821,4.0366524829795,1.5567967398503828
9.151435329569821,4.0366524829795,1.5582998620025261
9.151435329569821,4.0366524829795,1.5596526719394557
9.151435329569821,4.0366524829795,1.5608702008826922
9.151435329569821,4.0366524829795,1.561965976931605
9.151435329569821,4.0366524829795,1.5629521753756268
9.151435329569821,4.0366524829795,1.5638397539752458
9.151435329569821,4.0366524829795,1.5646385747149034
9.151435329569821,4.0366524829795,1.5654373954545608
9.151435329569821,4.0366524829795,1.5662362161942187
9.151435329569821,4.0366524829795,1.5668752727859443
9.151435329569821,4.0366524829795,1.5673705416445318
9.151435329569821,4.0366524829795,1.5678162836172607
9.151435329569821,4.0366524829795,1.5682174513927165
9.151435329569821,4.0366524829795,1.5685785023906271
9.151435329569821,4.0366524829795,1.5689034482887465
9.151435329569821,4.0366524829795,1.5691958995970539
9.151435329569821,4.0366524829795,1.5694591057745302
9.151435329569821,4.0366524829795,1.5697223119520074
9.151435329569821,4.0366524829795,1.5699328768939886
9.151435329569821,4.0366524829795,1.5701434418359697
9.151435329569821,4.0366524829795,1.5703118937895553
9.151435329569821,4.0366524829795,1.5704635005477814
9.151435329569821,4.0366524829795,1.5706151073060084
9.151435329569821,4.0366524829795,1.5707363927125895
9.151435329569821,4.0366524829795,1.5708576781191708
9.151435329569821,4.0366524829795,1.5709668349850936
9.151426804160353,4.086652482252674,1.5709668349850936
9.151418278750885,4.136652481525848,1.5709668349850936
9.15141145842331,4.176652480944387,1.5709668349850936
9.151404638095734,4.216652480362926,1.5709668349850936
9.151398499800916,4.252652479839611,1.5709668349850936
9.151392361506097,4.288652479316296,1.5709668349850936
9.151388132903001,4.31345247895579,1.5709668349850936
9.151383904299905,4.338252478595285,1.5709668349850936
9.151380521417428,4.35809247830688,1.5709668349850936
9.15137713853495,4.377932478018476,1.5709668349850936
9.15137409394072,4.395788477758912,1.5709668349850936
9.15137104934649,4.413644477499348,1.5709668349850936
9.151368951959356,4.425945277320538,1.5709668349850936
9.15136685457222,4.438246077141727,1.5709668349850936
9.151365176662512,4.448086716998678,1.5709668349850936
9.151363498752804,4.457927356855629,1.5709668349850936
9.151362156425037,4.465799868741191,1.5709668349850936
9.15136081409727,4.473672380626752,1.5709668349850936
9.151359740235057,4.4799703901352,1.5709668349850936
9.151358666372843,4.486268399643649,1.5709668349850936
9.15135769989685,4.491936608201253,1.5709668349850936
9.151356733420858,4.497604816758857,1.5709668349850936
9.151355970978686,4.5020764035098555,1.5709668349850936
9.151355208536515,4.506547990260854,1.5709668349850936
9.151354446094343,4.511019577011853,1.5709668349850936
9.151353683652172,4.515491163762851,1.5709668349850936
9.151353322834467,4.51760729495769,1.5709668349850936
9.151352962016762,4.519723426152529,1.5709668349850936
9.151352673362599,4.521416331108401,1.5709668349850936
9.151352384708435,4.523109236064272,1.5709668349850936
9.151352153785105,4.524463560028969,1.5709668349850936
9.151351922861775,4.525817883993666,1.5709668349850936
9.151351738123111,4.526901343165423,1.5709668349850936
9.151351553384448,4.52798480233718,1.5709668349850936
9.151351382876259,4.528984802322643,1.5709668349850936
9.15135121236807,4.529984802308107,1.5709668349850936
9.151351041859881,4.53098480229357,1.5709668349850936
9.151350871351692,4.531984802279034,1.5709668349850936
9.151350871351692,4.531984802279034,1.7280464676645828
9.151350871351692,4.531984802279034,1.885126100344073
9.151350871351692,4.531984802279034,2.010789806487665
9.151350871351692,4.531984802279034,2.1238871420168977
9.151350871351692,4.531984802279034,2.23698447754613
9.151350871351692,4.531984802279034,2.327462345969516
9.151350871351692,4.531984802279034,2.4179402143929023
9.151350871351692,4.531984802279034,2.499370295973949
9.151350871351692,4.531984802279034,2.5636095825545535
9.151350871351692,4.531984802279034,2.627848869135158
9.151350871351692,4.531984802279034,2.6792402983996415
9.151350871351692,4.531984802279034,2.725492584737676
9.151350871351692,4.531984802279034,2.7671196424419073
9.151350871351692,4.531984802279034,2.8045839943757156
9.151350871351692,4.531984802279034,2.838301911116143
9.151350871351692,4.531984802279034,2.8720198278565703
9.151350871351692,4.531984802279034,2.9057377445969976
9.151350871351692,4.531984802279034,2.9293402863152966
9.151350871351692,4.531984802279034,2.950582573861766
9.151350871351692,4.531984802279034,2.969700632653588
9.151350871351692,4.531984802279034,2.986906885566228
9.151350871351692,4.531984802279034,3.0023925131876044
9.151350871351692,4.531984802279034,3.016329578046843
9.151350871351692,4.531984802279034,3.030266642906082
9.151350871351692,4.531984802279034,3.0414162947934726
9.151350871351692,4.531984802279034,3.0514509814921245
9.151350871351692,4.531984802279034,3.060482199520911
9.151350871351692,4.531984802279034,3.0686102957468187
9.151350871351692,4.531984802279034,3.075925582350136
9.151350871351692,4.531984802279034,3.082509340293121
9.151350871351692,4.531984802279034,3.088434722441808
9.151350871351692,4.531984802279034,3.094360104590495
9.151350871351692,4.531984802279034,3.0991004103094446
9.151350871351692,4.531984802279034,3.103366685456499
9.151350871351692,4.531984802279034,3.107206333088848
9.151350871351692,4.531984802279034,3.1106620159579625
9.151350871351692,4.531984802279034,3.1137721305401653
9.151350871351692,4.531984802279034,3.1165712336641476
9.151350871351692,4.531984802279034,3.119090426475732
9.151350871351692,4.531984802279034,3.1213577000061576
9.151350871351692,4.531984802279034,3.123398246183541
9.151350871351692,4.531984802279034,3.125234737743186
9.151350871351692,4.531984802279034,3.127071229302831
9.151350871351692,4.531984802279034,3.1285404225505467
9.151350871351692,4.531984802279034,3.1300096157982624
9.151350871351692,4.531984802279034,3.131184970396435
9.151350871351692,4.531984802279034,3.1323603249946075
9.151350871351692,4.531984802279034,3.133300608673146
9.151350871351692,4.531984802279034,3.13414686398383
9.151350871351692,4.531984802279034,3.1349931192945144
9.151350871351692,4.531984802279034,3.135670123543062
9.151350871351692,4.531984802279034,3.136279427366755
9.151350871351692,4.531984802279034,3.1368887311904476
9.151350871351692,4.531984802279034,3.1373761742494017
9.151350871351692,4.531984802279034,3.1378148730024606
9.151350871351692,4.531984802279034,3.1382097018802138
9.151350871351692,4.531984802279034,3.138565047870191
9.151350871351692,4.531984802279034,3.138884859261171
9.151350871351692,4.531984802279034,3.139172689513053
9.151350871351692,4.531984802279034,3.139431736739747
9.151350871351692,4.531984802279034,3.1396648792437714
9.151350871351692,4.531984802279034,3.1398747074973934
9.151350871351692,4.531984802279034,3.1400845357510154
9.151350871351692,4.531984802279034,3.140252398353913
9.151350871351692,4.531984802279034,3.14042026095681
9.151350871351692,4.531984802279034,3.140554551039128
9.151350871351692,4.531984802279034,3.140675412113214
9.151350871351692,4.531984802279034,3.1407841870798916
9.151350871351692,4.531984802279034,3.140892962046569
9.051350895830105,4.532054771427648,3.140892962046569
8.951350920308517,4.532124740576261,3.140892962046569
8.85135094478693,4.532194709724875,3.140892962046569
8.751350969265342,4.532264678873489,3.140892962046569
8.651350993743755,4.532334648022102,3.140892962046569
8.551351018222167,4.532404617170716,3.140892962046569
8.45135104270058,4.53247458631933,3.140892962046569
8.351351067178992,4.532544555467943,3.140892962046569
8.251351091657405,4.532614524616557,3.140892962046569
8.151351116135817,4.532684493765171,3.140892962046569
8.05135114061423,4.532754462913784,3.140892962046569
7.951351165092642,4.532824432062398,3.140892962046569
7.851351189571053,4.532894401211012,3.140892962046569
7.751351214049465,4.532964370359625,3.140892962046569
7.651351238527877,4.533034339508239,3.140892962046569
7.551351263006288,4.533104308656853,3.140892962046569
7.4513512874847,4.5331742778054664,3.140892962046569
7.3513513119631115,4.53324424695408,3.140892962046569
7.251351336441523,4.533314216102694,3.140892962046569
7.151351360919935,4.5333841852513075,3.140892962046569
7.0513513853983465,4.533454154399921,3.140892962046569
6.951351409876758,4.533524123548535,3.140892962046569
6.85135143435517,4.5335940926971485,3.140892962046569
6.7513514588335815,4.533664061845762,3.140892962046569
6.651351483311993,4.533734030994376,3.140892962046569
6.551351507790405,4.53380400014299,3.140892962046569
6.451351532268816,4.533873969291603,3.140892962046569
6.351351556747228,4.533943938440217,3.140892962046569
6.25135158122564,4.534013907588831,3.140892962046569
6.151351605704051,4.534083876737444,3.140892962046569
6.051351630182463,4.534153845886058,3.140892962046569
5.951351654660875,4.534223815034672,3.140892962046569
5.851351679139286,4.534293784183285,3.140892962046569
5.751351703617698,4.534363753331899,3.140892962046569
5.65135172809611,4.534433722480513,3.140892962046569
5.551351752574521,4.534503691629126,3.140892962046569
5.451351777052933,4.53457366077774,3.140892962046569
5.351351801531345,4.534643629926354,3.140892962046569
5.251351826009756,4.534713599074967,3.140892962046569
5.151351850488168,4.534783568223581,3.140892962046569
5.05135187496658,4.534853537372195,3.140892962046569
4.951351899444991,4.5349235065208084,3.140892962046569
4.851351923923403,4.534993475669422,3.140892962046569
4.7513519484018145,4.535063444818036,3.140892962046569
4.651351972880226,4.5351334139666495,3.140892962046569
4.551351997358638,4.535203383115263,3.140892962046569
4.4513520218370495,4.535273352263877,3.140892962046569
4.351352046315461,4.5353433214124905,3.140892962046569
4.251352070793873,4.535413290561104,3.140892962046569
4.151352095272284,4.535483259709718,3.140892962046569
4.051352119750696,4.535553228858332,3.140892962046569
3.9513521442291077,4.535623198006945,3.140892962046569
3.8513521687075194,4.535693167155559,3.140892962046569
3.751352193185931,4.535763136304173,3.140892962046569
3.6513522176643427,4.535833105452786,3.140892962046569
3.5513522421427544,4.5359030746014,3.140892962046569
3.451352266621166,4.535973043750014,3.140892962046569
3.3513522910995777,4.536043012898627,3.140892962046569
3.2513523155779893,4.536112982047241,3.140892962046569
3.151352340056401,4.536182951195855,3.140892962046569
3.0513523645348126,4.536252920344468,3.140892962046569
2.9513523890132243,4.536322889493082,3.140892962046569
2.851352413491636,4.536392858641696,3.140892962046569
2.7513524379700476,4.536462827790309,3.140892962046569
2.6513524624484592,4.536532796938923,3.140892962046569
2.551352486926871,4.536602766087537,3.140892962046569
2.4513525114052825,4.5366727352361504,3.140892962046569
2.351352535883694,4.536742704384764,3.140892962046569
2.251352560362106,4.536812673533378,3.140892962046569
2.1513525848405175,4.5368826426819915,3.140892962046569
2.051352609318929,4.536952611830605,3.140892962046569
1.951352633797341,4.537022580979219,3.140892962046569
1.851352658275753,4.5370925501278325,3.140892962046569
1.7513526827541648,4.537162519276446,3.140892962046569
1.6513527072325767,4.53723248842506,3.140892962046569
1.5513527317109885,4.537302457573674,3.140892962046569
1.4513527561894004,4.537372426722287,3.140892962046569
1.3513527806678123,4.537442395870901,3.140892962046569
1.2513528051462242,4.537512365019515,3.140892962046569
1.151352829624636,4.537582334168128,3.140892962046569
1.051352854103048,4.537652303316742,3.140892962046569
0.9513528785814597,4.537722272465356,3.140892962046569
0.8513529030598714,4.537792241613969,3.140892962046569
0.7513529275382832,4.537862210762583,3.140892962046569
0.651352952016695,4.537932179911197,3.140892962046569
0.5513529764951067,4.53800214905981,3.140892962046569
0.4513530009735185,4.538072118208424,3.140892962046569
0.35135302545193026,4.538142087357038,3.140892962046569
0.251353049930342,4.538212056505651,3.140892962046569
0.15135307440875378,4.538282025654265,3.140892962046569
0.05135309888716556,4.538351994802879,3.140892962046569
-0.04864687663442266,4.538421963951492,3.140892962046569
-0.14864685215601087,4.538491933100106,3.140892962046569
-0.2486468276775991,4.53856190224872,3.140892962046569
-0.34864680319918734,4.5386318713973335,3.140892962046569
-0.4486467787207756,4.538701840545947,3.140892962046569
-0.5486467542423638,4.538771809694561,3.140892962046569
-0.648646729763952,4.5388417788431745,3.140892962046569
-0.7486467052855402,4.538911747991788,3.140892962046569
-0.8486466808071285,4.538981717140402,3.140892962046569
-0.9486466563287167,4.539051686289016,3.140892962046569
-1.048646631850305,4.539121655437629,3.140892962046569
-1.148646607371893,4.539191624586243,3.140892962046569
-1.2486465828934812,4.539261593734857,3.140892962046569
-1.3486465584150693,4.53933156288347,3.140892962046569
-1.4486465339366574,4.539401532032084,3.140892962046569
-1.5486465094582456,4.539471501180698,3.140892962046569
-1.6486464849798337,4.539541470329311,3.140892962046569
-1.7486464605014218,4.539611439477925,3.140892962046569
-1.84864643602301,4.539681408626539,3.140892962046569
-1.948646411544598,4.539751377775152,3.140892962046569
-2.0486463870661864,4.539821346923766,3.140892962046569
-2.1486463625877747,4.53989131607238,3.140892962046569
-2.248646338109363,4.539961285220993,3.140892962046569
-2.3486463136309514,4.540031254369607,3.140892962046569
-2.44864628915254,4.540101223518221,3.140892962046569
-2.548646264674128,4.540171192666834,3.140892962046569
-2.6486462401957165,4.540241161815448,3.140892962046569
-2.748646215717305,4.540311130964062,3.140892962046569
-2.848646191238893,4.5403811001126755,3.140892962046569
-2.9486461667604815,4.540451069261289,3.140892962046569
-3.04864614228207,4.540521038409903,3.140892962046569
-3.148646117803658,4.5405910075585165,3.140892962046569
-3.2486460933252466,4.54066097670713,3.140892962046569
-3.348646068846835,4.540730945855744,3.140892962046569
-3.4486460443684233,4.540800915004358,3.140892962046569
-3.5486460198900116,4.540870884152971,3.140892962046569
-3.6486459954116,4.540940853301585,3.140892962046569
-3.7486459709331883,4.541010822450199,3.140892962046569
-3.8486459464547766,4.541080791598812,3.140892962046569
-3.948645921976365,4.541150760747426,3.140892962046569
-4.048645897497953,4.54122072989604,3.140892962046569
-4.148645873019541,4.541290699044653,3.140892962046569
-4.24864584854113,4.541360668193267,3.140892962046569
-4.348645824062718,4.541430637341881,3.140892962046569
-4.448645799584306,4.541500606490494,3.140892962046569
-4.548645775105895,4.541570575639108,3.140892962046569
-4.648645750627483,4.541640544787722,3.140892962046569
-4.748645726149071,4.541710513936335,3.140892962046569
-4.84864570167066,4.541780483084949,3.140892962046569
-4.948645677192248,4.541850452233563,3.140892962046569
-5.048645652713836,4.541920421382176,3.140892962046569
-5.148645628235425,4.54199039053079,3.140892962046569
-5.248645603757013,4.542060359679404,3.140892962046569
-5.348645579278601,4.5421303288280175,3.140892962046569
-5.44864555480019,4.542200297976631,3.140892962046569
-5.548645530321778,4.542270267125245,3.140892962046569
-5.648645505843366,4.5423402362738585,3.140892962046569
-5.748645481364955,4.542410205422472,3.140892962046569
-5.848645456886543,4.542480174571086,3.140892962046569
-5.9486454324081315,4.5425501437197,3.140892962046569
-6.04864540792972,4.542620112868313,3.140892962046569
-6.148645383451308,4.542690082016927,3.140892962046569
-6.2486453589728965,4.542760051165541,3.140892962046569
-6.348645334494485,4.542830020314154,3.140892962046569
-6.448645310016073,4.542899989462768,3.140892962046569
-6.548645285537662,4.542969958611382,3.140892962046569
-6.64864526105925,4.543039927759995,3.140892962046569
-6.748645236580838,4.543109896908609,3.140892962046569
-6.848645212102427,4.543179866057223,3.140892962046569
-6.948645187624015,4.543249835205836,3.140892962046569
-7.048645163145603,4.54331980435445,3.140892962046569
-7.148645138667192,4.543389773503064,3.140892962046569
-7.24864511418878,4.543459742651677,3.140892962046569
-7.348645089710368,4.543529711800291,3.140892962046569
-7.448645065231957,4.543599680948905,3.140892962046569
-7.548645040753545,4.543669650097518,3.140892962046569
-7.648645016275133,4.543739619246132,3.140892962046569
-7.748644991796722,4.543809588394746,3.140892962046569
-7.84864496731831,4.5438795575433595,3.140892962046569
-7.948644942839898,4.543949526691973,3.140892962046569
-8.048644918361486,4.544019495840587,3.140892962046569
-8.148644893883073,4.5440894649892005,3.140892962046569
-8.24864486940466,4.544159434137814,3.140892962046569
-8.348644844926248,4.544229403286428,3.140892962046569
-8.448644820447836,4.544299372435042,3.140892962046569
-8.548644795969423,4.544369341583655,3.140892962046569
-8.64864477149101,4.544439310732269,3.140892962046569
-8.748644747012598,4.544509279880883,3.140892962046569
-8.848644722534186,4.544579249029496,3.140892962046569
-8.948644698055773,4.54464921817811,3.140892962046569
-9.04864467357736,4.544719187326724,3.140892962046569
-9.04864467357736,4.544719187326724,2.9838133293670794
-9.04864467357736,4.544719187326724,2.8424416599555387
-9.04864467357736,4.544719187326724,2.701069990543998
-9.04864467357736,4.544719187326724,2.5879726550147653
-9.04864467357736,4.544719187326724,2.486185053038456
-9.04864467357736,4.544719187326724,2.384397451062147
-9.04864467357736,4.544719187326724,2.282609849085838
-9.04864467357736,4.544719187326724,2.211358527702422
-9.04864467357736,4.544719187326724,2.1472323384573464
-9.04864467357736,4.544719187326724,2.089518768136779
-9.04864467357736,4.544719187326724,2.031805197816211
-9.04864467357736,4.544719187326724,1.9740916274956453
-9.04864467357736,4.544719187326724,1.9279207712391904
-9.04864467357736,4.544719187326724,1.8921383576404385
-9.04864467357736,4.544719187326724,1.859934185401562
-9.04864467357736,4.544719187326724,1.8309504303865731
-9.04864467357736,4.544719187326724,1.801966675371585
-9.04864467357736,4.544719187326724,1.7787796713595925
-9.04864467357736,4.544719187326724,1.7555926673476019
-9.04864467357736,4.544719187326724,1.7370430641380088
-9.04864467357736,4.544719187326724,1.7203484212493751
-9.04864467357736,4.544719187326724,1.703653778360742
-9.04864467357736,4.544719187326724,1.6902980640498346
-9.04864467357736,4.544719187326724,1.6782779211700187
-9.04864467357736,4.544719187326724,1.667459792578184
-9.04864467357736,4.544719187326724,1.6577234768455331
-9.04864467357736,4.544719187326724,1.648960792686147
-9.04864467357736,4.544719187326724,1.6410743769426994
-9.04864467357736,4.544719187326724,1.6339766027735967
-9.04864467357736,4.544719187326724,1.6275886060214042
-9.04864467357736,4.544719187326724,1.621839408944431
-9.04864467357736,4.544719187326724,1.616665131575155
-9.04864467357736,4.544719187326724,1.6120082819428068
-9.04864467357736,4.544719187326724,1.607817117273693
-9.04864467357736,4.544719187326724,1.6040450690714914
-9.04864467357736,4.544719187326724,1.6006502256895097
-9.04864467357736,4.544719187326724,1.5975948666457254
-9.04864467357736,4.544719187326724,1.5948450435063206
-9.04864467357736,4.544719187326724,1.592370202680855
-9.04864467357736,4.544719187326724,1.5901428459379372
-9.04864467357736,4.544719187326724,1.5881382248693108
-9.04864467357736,4.544719187326724,1.5863340659075469
-9.04864467357736,4.544719187326724,1.5845299069457832
-9.04864467357736,4.544719187326724,1.5830865797763722
-9.04864467357736,4.544719187326724,1.5817875853239018
-9.04864467357736,4.544719187326724,1.5806184903166793
-9.04864467357736,4.544719187326724,1.5795663048101787
-9.04864467357736,4.544719187326724,1.5786193378543283
-9.04864467357736,4.544719187326724,1.5776723708984777
-9.04864467357736,4.544719187326724,1.5767254039426266
-9.04864467357736,4.544719187326724,1.5757784369867758
-9.04864467357736,4.544719187326724,1.575210256813266
-9.04864467357736,4.544719187326724,1.5746988946571066
-9.04864467357736,4.544719187326724,1.574238668716563
-9.04864467357736,4.544719187326724,1.5737784427760195
-9.04864467357736,4.544719187326724,1.5733182168354758
-9.04864467357736,4.544719187326724,1.5729960586770961
-9.04864467357736,4.544719187326724,1.5727061163345533
-9.04864467357736,4.544719187326724,1.5724451682262652
-9.04864467357736,4.544719187326724,1.5722103149288056
-9.04864467357736,4.544719187326724,1.5719989469610927
-9.04864467357736,4.544719187326724,1.5718087157901506
-9.04864467357736,4.544719187326724,1.571618484619209
-9.04864467357736,4.544719187326724,1.5714282534482664
-9.04864467357736,4.544719187326724,1.5712760685115128
-9.04864467357736,4.544719187326724,1.5711581251855287
-9.04864467357736,4.544719187326724,1.5710519761921433
-9.048657456047083,4.594719185692808,1.5710519761921433
-9.048670238516806,4.644719184058893,1.5710519761921433
-9.048680464492584,4.684719182751761,1.5710519761921433
-9.048690690468362,4.7247191814446285,1.5710519761921433
-9.048699893846562,4.760719180268209,1.5710519761921433
-9.048709097224762,4.79671917909179,1.5710519761921433
-9.048715437329745,4.821519178281368,1.5710519761921433
-9.048721777434729,4.846319177470946,1.5710519761921433
-9.048726849518715,4.866159176822608,1.5710519761921433
-9.048731921602702,4.88599917617427,1.5710519761921433
-9.04873597926989,4.9018711756556,1.5710519761921433
-9.04874003693708,4.9177431751369305,1.5710519761921433
-9.048743688837549,4.932027974670127,1.5710519761921433
-9.048747340738018,4.946312774203324,1.5710519761921433
-9.048749856491675,4.956153413881749,1.5710519761921433
-9.048752372245332,4.965994053560173,1.5710519761921433
-9.048754636423624,4.9748506292707555,1.5710519761921433
-9.048756900601916,4.983707204981338,1.5710519761921433
-9.048758460369184,4.989808401581961,1.5710519761921433
-9.048760020136452,4.995909598182584,1.5710519761921433
-9.048761267950265,5.000790555463082,1.5710519761921433
-9.048762515764079,5.0056715127435805,1.5710519761921433
-9.04876351401513,5.009576278567979,1.5710519761921433
-9.048764512266182,5.013481044392378,1.5710519761921433
-9.048765310867022,5.016604857051897,1.5710519761921433
-9.04876602960778,5.0194162884454645,1.5710519761921433
-9.048766748348537,5.022227719839032,1.5710519761921433
-9.048767323341142,5.024476864953885,1.5710519761921433
-9.048767898333747,5.026726010068739,1.5710519761921433
-9.04876835832783,5.028525326160622,1.5710519761921433
-9.048768818321914,5.030324642252506,1.5710519761921433
-9.048769186317182,5.031764095126012,1.5710519761921433
-9.04876955431245,5.033203547999518,1.5710519761921433
-9.048769848708664,5.034355110298323,1.5710519761921433
-9.048770143104878,5.035506672597128,1.5710519761921433
-9.04877040806147,5.036543078666052,1.5710519761921433
-9.048770673018062,5.037579484734977,1.5710519761921433
-9.048770928667457,5.038579484702298,1.5710519761921433
-9.048771184316852,5.03957948466962,1.5710519761921433
-9.048771439966247,5.040579484636941,1.5710519761921433
-9.048771695615642,5.041579484604263,1.5710519761921433
-9.048771695615642,5.041579484604263,1.4139723435126534
-9.048771695615642,5.041579484604263,1.2568927108331636
-9.048771695615642,5.041579484604263,1.131229004689572
-9.048771695615642,5.041579484604263,1.0055652985459804
-9.048771695615642,5.041579484604263,0.9050343336311066
-9.048771695615642,5.041579484604263,0.8145564652077212
-9.048771695615642,5.041579484604263,0.7331263836266735
-9.048771695615642,5.041579484604263,0.659839310203731
-9.048771695615642,5.041579484604263,0.5938809441230823
-9.048771695615642,5.041579484604263,0.5345184146504988
-9.048771695615642,5.041579484604263,0.4810921381251733
-9.048771695615642,5.041579484604263,0.433008489252381
-9.048771695615642,5.041579484604263,0.38492484037958813
-9.048771695615642,5.041579484604263,0.346457921281354
-9.048771695615642,5.041579484604263,0.3118376940929432
-9.048771695615642,5.041579484604263,0.2772174669045326
-9.048771695615642,5.041579484604263,0.2425972397161218
-9.048771695615642,5.041579484604263,0.21836308068423432
-9.048771695615642,5.041579484604263,0.19412892165234677
-9.048771695615642,5.041579484604263,0.17474159442683673
-9.048771695615642,5.041579484604263,0.15729299992387777
-9.048771695615642,5.041579484604263,0.13984440542091878
-9.048771695615642,5.041579484604263,0.12588552981855153
-9.048771695615642,5.041579484604263,0.11192665421618433
-9.048771695615642,5.041579484604263,0.09936366617405387
-9.048771695615642,5.041579484604263,0.08680067813192334
-9.048771695615642,5.041579484604263,0.07688987645424261
-9.048771695615642,5.041579484604263,0.069226453748543
-9.048771695615642,5.041579484604263,0.062329373313413386
-9.048771695615642,5.041579484604263,0.05543229287828376
-9.048771695615642,5.041579484604263,0.04853521244315412
-9.048771695615642,5.041579484604263,0.04370725613856338
-9.048771695615642,5.041579484604263,0.0393620954644317
-9.048771695615642,5.041579484604263,0.035451450857713195
-9.048771695615642,5.041579484604263,0.03193187071166653
-9.048771695615642,5.041579484604263,0.028412290565619877
-9.048771695615642,5.041579484604263,0.025596626448782564
-9.048771695615642,5.041579484604263,0.02306252874362897
-9.048771695615642,5.041579484604263,0.02078184080899074
-9.048771695615642,5.041579484604263,0.018729221667816334
-9.048771695615642,5.041579484604263,0.016881864440759366
-9.048771695615642,5.041579484604263,0.015034507213702395
-9.048771695615642,5.041579484604263,0.013556621432056822
-9.048771695615642,5.041579484604263,0.01207873565041125
-9.048771695615642,5.041579484604263,0.01060084986876567
-9.048771695615642,5.041579484604263,0.009418541243449213
-9.048771695615642,5.041579484604263,0.008502252058828957
-9.048771695615642,5.041579484604263,0.0076775917926707295
-9.048771695615642,5.041579484604263,0.006935397553128325
-9.048771695615642,5.041579484604263,0.006267422737540158
-9.048771695615642,5.041579484604263,0.00559944792195199
-9.048771695615642,5.041579484604263,0.005065068069481459
-9.048771695615642,5.041579484604263,0.0045841262022579795
-9.048771695615642,5.041579484604263,0.004151278521756848
-9.048771695615642,5.041579484604263,0.003761715609305829
-9.048771695615642,5.041579484604263,0.003411108988099913
-9.048771695615642,5.041579484604263,0.0030955630290145884
-9.048771695615642,5.041579484604263,0.0028115716658377956
-9.048771695615642,5.041579484604263,0.0025559794389786814
-9.048771695615642,5.041579484604263,0.002300387212119569
-9.048771695615642,5.041579484604263,0.0020959134306322773
-9.048771695615642,5.041579484604263,0.0018914396491449877
-9.048771695615642,5.041579484604263,0.001727860623955155
-9.048771695615642,5.041579484604263,0.0015806395012843055
-9.048771695615642,5.041579484604263,0.00144814049088054
-9.048771695615642,5.041579484604263,0.0013288913815171534
-9.048771695615642,5.041579484604263,0.0012215671830901043
-9.048771695615642,5.041579484604263,0.0011142429846630552
-8.948771757692507,5.041690908879673,0.0011142429846630552
-8.848771819769372,5.041802333155083,0.0011142429846630552
-8.748771881846237,5.041913757430493,0.0011142429846630552
-8.648771943923101,5.0420251817059025,0.0011142429846630552
-8.548772005999966,5.042136605981312,0.0011142429846630552
-8.448772068076831,5.042248030256722,0.0011142429846630552
-8.348772130153696,5.042359454532132,0.0011142429846630552
-8.248772192230561,5.042470878807542,0.0011142429846630552
-8.148772254307426,5.042582303082952,0.0011142429846630552
-8.04877231638429,5.042693727358362,0.0011142429846630552
-7.948772378461156,5.042805151633772,0.0011142429846630552
-7.848772440538021,5.042916575909182,0.0011142429846630552
-7.7487725026148855,5.0430280001845915,0.0011142429846630552
-7.64877256469175,5.043139424460001,0.0011142429846630552
-7.548772626768615,5.043250848735411,0.0011142429846630552
-7.44877268884548,5.043362273010821,0.0011142429846630552
-7.348772750922345,5.043473697286231,0.0011142429846630552
-7.24877281299921,5.043585121561641,0.0011142429846630552
-7.148772875076075,5.043696545837051,0.0011142429846630552
-7.04877293715294,5.043807970112461,0.0011142429846630552
-6.948772999229805,5.043919394387871,0.0011142429846630552
-6.8487730613066695,5.0440308186632805,0.0011142429846630552
-6.748773123383534,5.04414224293869,0.0011142429846630552
-6.648773185460399,5.0442536672141,0.0011142429846630552
-6.548773247537264,5.04436509148951,0.0011142429846630552
-6.448773309614129,5.04447651576492,0.0011142429846630552
-6.348773371690994,5.04458794004033,0.0011142429846630552
-6.248773433767859,5.04469936431574,0.0011142429846630552
-6.148773495844724,5.04481078859115,0.0011142429846630552
-6.048773557921589,5.04492221286656,0.0011142429846630552
-5.9487736199984536,5.0450336371419695,0.0011142429846630552
-5.8487736820753184,5.045145061417379,0.0011142429846630552
-5.748773744152183,5.045256485692789,0.0011142429846630552
-5.648773806229048,5.045367909968199,0.0011142429846630552
-5.548773868305913,5.045479334243609,0.0011142429846630552
-5.448773930382778,5.045590758519019,0.0011142429846630552
-5.348773992459643,5.045702182794429,0.0011142429846630552
-5.248774054536508,5.045813607069839,0.0011142429846630552
-5.148774116613373,5.045925031345249,0.0011142429846630552
-5.048774178690238,5.0460364556206585,0.0011142429846630552
-4.9487742407671025,5.046147879896068,0.0011142429846630552
-4.848774302843967,5.046259304171478,0.0011142429846630552
-4.748774364920832,5.046370728446888,0.0011142429846630552
-4.648774426997697,5.046482152722298,0.0011142429846630552
-4.548774489074562,5.046593576997708,0.0011142429846630552
-4.448774551151427,5.046705001273118,0.0011142429846630552
-4.348774613228292,5.046816425548528,0.0011142429846630552
-4.248774675305157,5.046927849823938,0.0011142429846630552
-4.148774737382022,5.0470392740993475,0.0011142429846630552
-4.0487747994588865,5.047150698374757,0.0011142429846630552
-3.9487748615357514,5.047262122650167,0.0011142429846630552
-3.8487749236126163,5.047373546925577,0.0011142429846630552
-3.748774985689481,5.047484971200987,0.0011142429846630552
-3.648775047766346,5.047596395476397,0.0011142429846630552
-3.548775109843211,5.047707819751807,0.0011142429846630552
-3.448775171920076,5.047819244027217,0.0011142429846630552
-3.3487752339969408,5.047930668302627,0.0011142429846630552
-3.2487752960738057,5.0480420925780365,0.0011142429846630552
-3.1487753581506706,5.048153516853446,0.0011142429846630552
-3.0487754202275354,5.048264941128856,0.0011142429846630552
-2.9487754823044003,5.048376365404266,0.0011142429846630552
-2.8487755443812652,5.048487789679676,0.0011142429846630552
-2.74877560645813,5.048599213955086,0.0011142429846630552
-2.648775668534995,5.048710638230496,0.0011142429846630552
-2.54877573061186,5.048822062505906,0.0011142429846630552
-2.448775792688725,5.048933486781316,0.0011142429846630552
-2.3487758547655897,5.0490449110567255,0.0011142429846630552
-2.2487759168424546,5.049156335332135,0.0011142429846630552
-2.1487759789193195,5.049267759607545,0.0011142429846630552
-2.0487760409961844,5.049379183882955,0.0011142429846630552
-1.9487761030730495,5.049490608158365,0.0011142429846630552
-1.8487761651499146,5.049602032433775,0.0011142429846630552
-1.7487762272267797,5.049713456709185,0.0011142429846630552
-1.6487762893036448,5.049824880984595,0.0011142429846630552
-1.54877635138051,5.049936305260005,0.0011142429846630552
-1.448776413457375,5.0500477295354145,0.0011142429846630552
-1.3487764755342402,5.050159153810824,0.0011142429846630552
-1.2487765376111053,5.050270578086234,0.0011142429846630552
-1.1487765996879704,5.050382002361644,0.0011142429846630552
-1.0487766617648355,5.050493426637054,0.0011142429846630552
-0.9487767238417005,5.050604850912464,0.0011142429846630552
-0.8487767859185655,5.050716275187874,0.0011142429846630552
-0.7487768479954305,5.050827699463284,0.0011142429846630552
-0.6487769100722955,5.050939123738694,0.0011142429846630552
-0.5487769721491605,5.0510505480141035,0.0011142429846630552
-0.44877703422602555,5.051161972289513,0.0011142429846630552
-0.34877709630289055,5.051273396564923,0.0011142429846630552
-0.24877715837975556,5.051384820840333,0.0011142429846630552
-0.14877722045662056,5.051496245115743,0.0011142429846630552
-0.04877728253348558,5.051607669391153,0.0011142429846630552
0.0512226553896494,5.051719093666563,0.0011142429846630552
0.15122259331278437,5.051830517941973,0.0011142429846630552
0.25122253123591937,5.051941942217383,0.0011142429846630552
0.35122246915905436,5.0520533664927925,0.0011142429846630552
0.45122240708218936,5.052164790768202,0.0011142429846630552
0.5512223450053243,5.052276215043612,0.0011142429846630552
0.6512222829284593,5.052387639319022,0.0011142429846630552
0.7512222208515943,5.052499063594432,0.0011142429846630552
0.8512221587747293,5.052610487869842,0.0011142429846630552
0.9512220966978643,5.052721912145252,0.0011142429846630552
1.0512220346209993,5.052833336420662,0.0011142429846630552
1.1512219725441342,5.052944760696072,0.0011142429846630552
1.251221910467269,5.0530561849714815,0.0011142429846630552
1.351221848390404,5.053167609246891,0.0011142429846630552
1.4512217863135388,5.053279033522301,0.0011142429846630552
1.5512217242366737,5.053390457797711,0.0011142429846630552
1.6512216621598086,5.053501882073121,0.0011142429846630552
1.7512216000829435,5.053613306348531,0.0011142429846630552
1.8512215380060784,5.053724730623941,0.0011142429846630552
1.9512214759292132,5.053836154899351,0.0011142429846630552
2.0512214138523484,5.053947579174761,0.0011142429846630552
2.1512213517754835,5.0540590034501705,0.0011142429846630552
2.2512212896986186,5.05417042772558,0.0011142429846630552
2.3512212276217537,5.05428185200099,0.0011142429846630552
2.451221165544889,5.0543932762764,0.0011142429846630552
2.551221103468024,5.05450470055181,0.0011142429846630552
2.651221041391159,5.05461612482722,0.0011142429846630552
2.751220979314294,5.05472754910263,0.0011142429846630552
2.851220917237429,5.05483897337804,0.0011142429846630552
2.9512208551605643,5.05495039765345,0.0011142429846630552
3.0512207930836994,5.0550618219288594,0.0011142429846630552
3.1512207310068345,5.055173246204269,0.0011142429846630552
3.2512206689299696,5.055284670479679,0.0011142429846630552
3.3512206068531047,5.055396094755089,0.0011142429846630552
3.45122054477624,5.055507519030499,0.0011142429846630552
3.551220482699375,5.055618943305909,0.0011142429846630552
3.65122042062251,5.055730367581319,0.0011142429846630552
3.751220358545645,5.055841791856729,0.0011142429846630552
3.8512202964687803,5.0559532161321386,0.0011142429846630552
3.9512202343919154,5.056064640407548,0.0011142429846630552
4.05122017231505,5.056176064682958,0.0011142429846630552
4.151220110238185,5.056287488958368,0.0011142429846630552
4.25122004816132,5.056398913233778,0.0011142429846630552
4.351219986084455,5.056510337509188,0.0011142429846630552
4.4512199240075905,5.056621761784598,0.0011142429846630552
4.551219861930726,5.056733186060008,0.0011142429846630552
4.651219799853861,5.056844610335418,0.0011142429846630552
4.751219737776996,5.0569560346108275,0.0011142429846630552
4.851219675700131,5.057067458886237,0.0011142429846630552
4.951219613623266,5.057178883161647,0.0011142429846630552
5.051219551546401,5.057290307437057,0.0011142429846630552
5.151219489469536,5.057401731712467,0.0011142429846630552
5.251219427392671,5.057513155987877,0.0011142429846630552
5.351219365315806,5.057624580263287,0.0011142429846630552
5.4512193032389415,5.057736004538697,0.0011142429846630552
5.551219241162077,5.057847428814107,0.0011142429846630552
5.651219179085212,5.0579588530895165,0.0011142429846630552
5.751219117008347,5.058070277364926,0.0011142429846630552
5.851219054931482,5.058181701640336,0.0011142429846630552
5.951218992854617,5.058293125915746,0.0011142429846630552
6.051218930777752,5.058404550191156,0.0011142429846630552
6.151218868700887,5.058515974466566,0.0011142429846630552
6.251218806624022,5.058627398741976,0.0011142429846630552
6.3512187445471575,5.058738823017386,0.0011142429846630552
6.451218682470293,5.058850247292796,0.0011142429846630552
6.551218620393428,5.0589616715682055,0.0011142429846630552
6.651218558316563,5.059073095843615,0.0011142429846630552
6.751218496239698,5.059184520119025,0.0011142429846630552
6.851218434162833,5.059295944394435,0.0011142429846630552
6.951218372085968,5.059407368669845,0.0011142429846630552
7.051218310009103,5.059518792945255,0.0011142429846630552
7.151218247932238,5.059630217220665,0.0011142429846630552
7.2512181858553735,5.059741641496075,0.0011142429846630552
7.351218123778509,5.059853065771485,0.0011142429846630552
7.451218061701644,5.0599644900468945,0.0011142429846630552
7.551217999624779,5.060075914322304,0.0011142429846630552
7.651217937547914,5.060187338597714,0.0011142429846630552
7.751217875471049,5.060298762873124,0.0011142429846630552
7.851217813394184,5.060410187148534,0.0011142429846630552
7.951217751317319,5.060521611423944,0.0011142429846630552
8.051217689240454,5.060633035699354,0.0011142429846630552
8.15121762716359,5.060744459974764,0.0011142429846630552
8.251217565086725,5.060855884250174,0.0011142429846630552
8.35121750300986,5.0609673085255835,0.0011142429846630552
8.451217440932995,5.061078732800993,0.0011142429846630552
8.55121737885613,5.061190157076403,0.0011142429846630552
8.651217316779265,5.061301581351813,0.0011142429846630552
8.7512172547024,5.061413005627223,0.0011142429846630552
8.851217192625535,5.061524429902633,0.0011142429846630552
8.95121713054867,5.061635854178043,0.0011142429846630552
9.051217068471805,5.061747278453453,0.0011142429846630552
9.15121700639494,5.061858702728863,0.0011142429846630552
9.15121700639494,5.061858702728863,0.15819387566415274
9.15121700639494,5.061858702728863,0.2995655450756934
9.15121700639494,5.061858702728863,0.4268000475460802
9.15121700639494,5.061858702728863,0.5413110997694282
9.15121700639494,5.061858702728863,0.6443710467704412
9.15121700639494,5.061858702728863,0.7371249990713533
9.15121700639494,5.061858702728863,0.8206035561421742
9.15121700639494,5.061858702728863,0.9040821132129946
9.15121700639494,5.061858702728863,0.9875606702838151
9.15121700639494,5.061858702728863,1.0459956602333897
9.15121700639494,5.061858702728863,1.098587151188007
9.15121700639494,5.061858702728863,1.1511786421426238
9.15121700639494,5.061858702728863,1.193251834906317
9.15121700639494,5.061858702728863,1.235325027670011
9.15121700639494,5.061858702728863,1.273190901157335
9.15121700639494,5.061858702728863,1.3068494553682901
9.15121700639494,5.061858702728863,1.340508009579245
9.15121700639494,5.061858702728863,1.3636482655992765
9.15121700639494,5.061858702728863,1.386788521619308
9.15121700639494,5.061858702728863,1.4099287776393397
9.15121700639494,5.061858702728863,1.4261269568533617
9.15121700639494,5.061858702728863,1.4407053181459812
9.15121700639494,5.061858702728863,1.4538258433093394
9.15121700639494,5.061858702728863,1.465634315956361
9.15121700639494,5.061858702728863,1.4774427886033827
9.15121700639494,5.061858702728863,1.4892512612504052
9.15121700639494,5.061858702728863,1.497517192103321
9.15121700639494,5.061858702728863,1.5049565298709449
9.15121700639494,5.061858702728863,1.511651933861806
9.15121700639494,5.061858702728863,1.5176777974535816
9.15121700639494,5.061858702728863,1.5231010746861793
9.15121700639494,5.061858702728863,1.5279820241955173
9.15121700639494,5.061858702728863,1.5328629737048551
9.15121700639494,5.061858702728863,1.5367677333123255
9.15121700639494,5.061858702728863,1.5406724929197964
9.15121700639494,5.061858702728863,1.543796300605772
9.15121700639494,5.061858702728863,1.546607727523151
9.15121700639494,5.061858702728863,1.5491380117487918
9.15121700639494,5.061858702728863,1.5514152675518689
9.15121700639494,5.061858702728863,1.553464797774638
9.15121700639494,5.061858702728863,1.55530937497513
9.15121700639494,5.061858702728863,1.5571539521756217
9.15121700639494,5.061858702728863,1.5586296139360156
9.15121700639494,5.061858702728863,1.5599577095203703
9.15121700639494,5.061858702728863,1.5612858051047247
9.15121700639494,5.061858702728863,1.5624810911306442
9.15121700639494,5.061858702728863,1.563424038995535
9.15121700639494,5.061858702728863,1.5642726920739376
9.15121700639494,5.061858702728863,1.5650364798445002
9.15121700639494,5.061858702728863,1.5658002676150622
9.15121700639494,5.061858702728863,1.5664112978315117
9.15121700639494,5.061858702728863,1.566961225026317
9.15121700639494,5.061858702728863,1.5675111522211216
9.15121700639494,5.061858702728863,1.5680060866964456
9.15121700639494,5.061858702728863,1.5683965350047573
9.15121700639494,5.061858702728863,1.568747938482238
9.15121700639494,5.061858702728863,1.5690642016119698
9.15121700639494,5.061858702728863,1.5693488384287289
9.15121700639494,5.061858702728863,1.5696050115638116
9.15121700639494,5.061858702728863,1.5698611846988941
9.15121700639494,5.061858702728863,1.570066123206961
9.15121700639494,5.061858702728863,1.5702710617150277
9.15121700639494,5.061858702728863,1.5704350125214808
9.15121700639494,5.061858702728863,1.570582568247289
9.15121700639494,5.061858702728863,1.5707153684005155
9.15121700639494,5.061858702728863,1.57083488853842
9.15121700639494,5.061858702728863,1.570942456662534
9.15121700639494,5.061858702728863,1.7280220893420242
9.15121700639494,5.061858702728863,1.8693937587535647
9.15121700639494,5.061858702728863,1.9966282612239512
9.15121700639494,5.061858702728863,2.1238627636943384
9.15121700639494,5.061858702728863,2.225650365670647
9.15121700639494,5.061858702728863,2.3172592074493252
9.15121700639494,5.061858702728863,2.3997071650501356
9.15121700639494,5.061858702728863,2.4739103268908647
9.15121700639494,5.061858702728863,2.5406931725475217
9.15121700639494,5.061858702728863,2.6074760182041783
9.15121700639494,5.061858702728863,2.674258863860835
9.15121700639494,5.061858702728863,2.7210068558204945
9.15121700639494,5.061858702728863,2.763080048584188
9.15121700639494,5.061858702728863,2.8009459220715125
9.15121700639494,5.061858702728863,2.835025208210104
9.15121700639494,5.061858702728863,2.865696565734837
9.15121700639494,5.061858702728863,2.8933007875070964
9.15121700639494,5.061858702728863,2.91814458710213
9.15121700639494,5.061858702728863,2.94050400673766
9.15121700639494,5.061858702728863,2.960627484409637
9.15121700639494,5.061858702728863,2.9787386143144166
9.15121700639494,5.061858702728863,2.995038631228718
9.15121700639494,5.061858702728863,3.009708646451589
9.15121700639494,5.061858702728863,3.022911660152173
9.15121700639494,5.061858702728863,3.0347943724826987
9.15121700639494,5.061858702728863,3.0466770848132243
9.15121700639494,5.061858702728863,3.056183254677645
9.15121700639494,5.061858702728863,3.0647388075556234
9.15121700639494,5.061858702728863,3.073294360433602
9.15121700639494,5.061858702728863,3.0801388027359846
9.15121700639494,5.061858702728863,3.0869832450383674
9.15121700639494,5.061858702728863,3.0924587988802736
9.15121700639494,5.061858702728863,3.09793435272218
9.15121700639494,5.061858702728863,3.102314795795705
9.15121700639494,5.061858702728863,3.1062571945618775
9.15121700639494,5.061858702728863,3.1098053534514327
9.15121700639494,5.061858702728863,3.1129986964520326
9.15121700639494,5.061858702728863,3.1158727051525723
9.15121700639494,5.061858702728863,3.1184593129830582
9.15121700639494,5.061858702728863,3.1207872600304953
9.15121700639494,5.061858702728863,3.122882412373189
9.15121700639494,5.061858702728863,3.1247680494816135
9.15121700639494,5.061858702728863,3.1264651228791953
9.15121700639494,5.061858702728863,3.1279924889370188
9.15121700639494,5.061858702728863,3.12936711838906
9.15121700639494,5.061858702728863,3.130604284895897
9.15121700639494,5.061858702728863,3.1317177347520504
9.15121700639494,5.061858702728863,3.1328311846082038
9.15121700639494,5.061858702728863,3.133833289478742
9.15121700639494,5.061858702728863,3.1347240493636646
9.15121700639494,5.061858702728863,3.135425522773041
9.15121700639494,5.061858702728863,3.1361269961824174
9.15121700639494,5.061858702728863,3.136688174909919
9.15121700639494,5.061858702728863,3.13719323576467
9.15121700639494,5.061858702728863,3.137647790533946
9.15121700639494,5.061858702728863,3.1380568898262946
9.15121700639494,5.061858702728863,3.138465989118643
9.15121700639494,5.061858702728863,3.1388750884109915
9.15121700639494,5.061858702728863,3.13928418770334
9.15121700639494,5.061858702728863,3.139529647278749
9.15121700639494,5.061858702728863,3.1397751068541577
9.15121700639494,5.061858702728863,3.139971474514485
9.15121700639494,5.061858702728863,3.1401482054087797
9.15121700639494,5.061858702728863,3.1403072632136446
9.15121700639494,5.061858702728863,3.140450415238023
9.15121700639494,5.061858702728863,3.140579252059964
9.15121700639494,5.061858702728863,3.1406952051997106
9.15121700639494,5.061858702728863,3.1407995630254826
9.051217037844571,5.06193801177698,3.1407995630254826
8.951217069294202,5.062017320825097,3.1407995630254826
8.851217100743833,5.062096629873214,3.1407995630254826
8.751217132193464,5.062175938921332,3.1407995630254826
8.651217163643095,5.062255247969449,3.1407995630254826
8.551217195092725,5.062334557017566,3.1407995630254826
8.451217226542356,5.062413866065683,3.1407995630254826
8.351217257991987,5.062493175113801,3.1407995630254826
8.251217289441618,5.062572484161918,3.1407995630254826
8.151217320891249,5.062651793210035,3.1407995630254826
8.05121735234088,5.0627311022581525,3.1407995630254826
7.95121738379051,5.06281041130627,3.1407995630254826
7.851217415240141,5.062889720354387,3.1407995630254826
7.751217446689772,5.062969029402504,3.1407995630254826
7.651217478139403,5.0630483384506215,3.1407995630254826
7.5512175095890335,5.063127647498739,3.1407995630254826
7.451217541038664,5.063206956546856,3.1407995630254826
7.351217572488295,5.063286265594973,3.1407995630254826
7.251217603937926,5.063365574643091,3.1407995630254826
7.151217635387557,5.063444883691208,3.1407995630254826
7.0512176668371875,5.063524192739325,3.1407995630254826
6.951217698286818,5.063603501787442,3.1407995630254826
6.851217729736449,5.06368281083556,3.1407995630254826
6.75121776118608,5.063762119883677,3.1407995630254826
6.651217792635711,5.063841428931794,3.1407995630254826
6.551217824085342,5.063920737979911,3.1407995630254826
6.451217855534972,5.064000047028029,3.1407995630254826
6.351217886984603,5.064079356076146,3.1407995630254826
6.251217918434234,5.064158665124263,3.1407995630254826
6.151217949883865,5.06423797417238,3.1407995630254826
6.051217981333496,5.064317283220498,3.1407995630254826
5.9512180127831265,5.064396592268615,3.1407995630254826
5.851218044232757,5.064475901316732,3.1407995630254826
5.751218075682388,5.0645552103648495,3.1407995630254826
5.651218107132019,5.064634519412967,3.1407995630254826
5.55121813858165,5.064713828461084,3.1407995630254826
5.4512181700312805,5.064793137509201,3.1407995630254826
5.351218201480911,5.0648724465573185,3.1407995630254826
5.251218232930542,5.064951755605436,3.1407995630254826
5.151218264380173,5.065031064653553,3.1407995630254826
5.051218295829804,5.06511037370167,3.1407995630254826
4.951218327279435,5.0651896827497875,3.1407995630254826
4.851218358729065,5.065268991797905,3.1407995630254826
4.751218390178696,5.065348300846022,3.1407995630254826
4.651218421628327,5.065427609894139,3.1407995630254826
4.551218453077958,5.065506918942257,3.1407995630254826
4.451218484527589,5.065586227990374,3.1407995630254826
4.351218515977219,5.065665537038491,3.1407995630254826
4.25121854742685,5.065744846086608,3.1407995630254826
4.151218578876481,5.065824155134726,3.1407995630254826
4.051218610326112,5.065903464182843,3.1407995630254826
3.9512186417757422,5.06598277323096,3.1407995630254826
3.8512186732253726,5.066062082279077,3.1407995630254826
3.751218704675003,5.066141391327195,3.1407995630254826
3.6512187361246333,5.066220700375312,3.1407995630254826
3.5512187675742637,5.066300009423429,3.1407995630254826
3.451218799023894,5.066379318471546,3.1407995630254826
3.3512188304735244,5.066458627519664,3.1407995630254826
3.251218861923155,5.066537936567781,3.1407995630254826
3.151218893372785,5.066617245615898,3.1407995630254826
3.0512189248224155,5.0666965546640155,3.1407995630254826
2.951218956272046,5.066775863712133,3.1407995630254826
2.8512189877216763,5.06685517276025,3.1407995630254826
2.7512190191713066,5.066934481808367,3.1407995630254826
2.651219050620937,5.0670137908564845,3.1407995630254826
2.5512190820705674,5.067093099904602,3.1407995630254826
2.4512191135201977,5.067172408952719,3.1407995630254826
2.351219144969828,5.067251718000836,3.1407995630254826
2.2512191764194585,5.0673310270489536,3.1407995630254826
2.151219207869089,5.067410336097071,3.1407995630254826
2.051219239318719,5.067489645145188,3.1407995630254826
1.9512192707683498,5.067568954193305,3.1407995630254826
1.8512193022179804,5.067648263241423,3.1407995630254826
1.751219333667611,5.06772757228954,3.1407995630254826
1.6512193651172415,5.067806881337657,3.1407995630254826
1.5512193965668721,5.067886190385774,3.1407995630254826
1.4512194280165027,5.067965499433892,3.1407995630254826
1.3512194594661333,5.068044808482009,3.1407995630254826
1.251219490915764,5.068124117530126,3.1407995630254826
1.1512195223653945,5.068203426578243,3.1407995630254826
1.051219553815025,5.068282735626361,3.1407995630254826
0.9512195852646556,5.068362044674478,3.1407995630254826
0.851219616714286,5.068441353722595,3.1407995630254826
0.7512196481639165,5.0685206627707124,3.1407995630254826
0.651219679613547,5.06859997181883,3.1407995630254826
0.5512197110631775,5.068679280866947,3.1407995630254826
0.45121974251280794,5.068758589915064,3.1407995630254826
0.3512197739624384,5.0688378989631815,3.1407995630254826
0.2512198054120689,5.068917208011299,3.1407995630254826
0.1512198368616994,5.068996517059416,3.1407995630254826
0.05121986831132991,5.069075826107533,3.1407995630254826
-0.04878010023903959,5.0691551351556505,3.1407995630254826
-0.14878006878940908,5.069234444203768,3.1407995630254826
-0.24878003733977858,5.069313753251885,3.1407995630254826
-0.34878000589014807,5.069393062300002,3.1407995630254826
-0.44877997444051754,5.06947237134812,3.1407995630254826
-0.5487799429908871,5.069551680396237,3.1407995630254826
-0.6487799115412566,5.069630989444354,3.1407995630254826
-0.7487798800916261,5.069710298492471,3.1407995630254826
-0.8487798486419956,5.069789607540589,3.1407995630254826
-0.9487798171923651,5.069868916588706,3.1407995630254826
-1.0487797857427346,5.069948225636823,3.1407995630254826
-1.148779754293104,5.07002753468494,3.1407995630254826
-1.2487797228434734,5.070106843733058,3.1407995630254826
-1.3487796913938428,5.070186152781175,3.1407995630254826
-1.4487796599442122,5.070265461829292,3.1407995630254826
-1.5487796284945816,5.070344770877409,3.1407995630254826
-1.648779597044951,5.070424079925527,3.1407995630254826
-1.7487795655953204,5.070503388973644,3.1407995630254826
-1.8487795341456899,5.070582698021761,3.1407995630254826
-1.9487795026960593,5.0706620070698785,3.1407995630254826
-2.0487794712464287,5.070741316117996,3.1407995630254826
-2.1487794397967983,5.070820625166113,3.1407995630254826
-2.248779408347168,5.07089993421423,3.1407995630254826
-2.3487793768975376,5.0709792432623475,3.1407995630254826
-2.448779345447907,5.071058552310465,3.1407995630254826
-2.548779313998277,5.071137861358582,3.1407995630254826
-2.6487792825486465,5.071217170406699,3.1407995630254826
-2.748779251099016,5.0712964794548165,3.1407995630254826
-2.8487792196493857,5.071375788502934,3.1407995630254826
-2.9487791881997554,5.071455097551051,3.1407995630254826
-3.048779156750125,5.071534406599168,3.1407995630254826
-3.1487791253004946,5.071613715647286,3.1407995630254826
-3.2487790938508643,5.071693024695403,3.1407995630254826
-3.348779062401234,5.07177233374352,3.1407995630254826
-3.4487790309516035,5.071851642791637,3.1407995630254826
-3.548778999501973,5.071930951839755,3.1407995630254826
-3.648778968052343,5.072010260887872,3.1407995630254826
-3.7487789366027124,5.072089569935989,3.1407995630254826
-3.848778905153082,5.072168878984106,3.1407995630254826
-3.9487788737034517,5.072248188032224,3.1407995630254826
-4.048778842253821,5.072327497080341,3.1407995630254826
-4.14877881080419,5.072406806128458,3.1407995630254826
-4.248778779354559,5.072486115176575,3.1407995630254826
-4.3487787479049285,5.072565424224693,3.1407995630254826
-4.448778716455298,5.07264473327281,3.1407995630254826
-4.548778685005667,5.072724042320927,3.1407995630254826
-4.648778653556036,5.0728033513690445,3.1407995630254826
-4.748778622106405,5.072882660417162,3.1407995630254826
-4.848778590656774,5.072961969465279,3.1407995630254826
-4.948778559207144,5.073041278513396,3.1407995630254826
-5.048778527757513,5.0731205875615135,3.1407995630254826
-5.148778496307882,5.073199896609631,3.1407995630254826
-5.248778464858251,5.073279205657748,3.1407995630254826
-5.34877843340862,5.073358514705865,3.1407995630254826
-5.4487784019589895,5.073437823753983,3.1407995630254826
-5.548778370509359,5.0735171328021,3.1407995630254826
-5.648778339059728,5.073596441850217,3.1407995630254826
-5.748778307610097,5.073675750898334,3.1407995630254826
-5.848778276160466,5.073755059946452,3.1407995630254826
-5.9487782447108355,5.073834368994569,3.1407995630254826
-6.048778213261205,5.073913678042686,3.1407995630254826
-6.148778181811574,5.073992987090803,3.1407995630254826
-6.248778150361943,5.074072296138921,3.1407995630254826
-6.348778118912312,5.074151605187038,3.1407995630254826
-6.448778087462681,5.074230914235155,3.1407995630254826
-6.548778056013051,5.074310223283272,3.1407995630254826
-6.64877802456342,5.07438953233139,3.1407995630254826
-6.748777993113789,5.074468841379507,3.1407995630254826
-6.848777961664158,5.074548150427624,3.1407995630254826
-6.948777930214527,5.0746274594757415,3.1407995630254826
-7.048777898764897,5.074706768523859,3.1407995630254826
-7.148777867315266,5.074786077571976,3.1407995630254826
-7.248777835865635,5.074865386620093,3.1407995630254826
-7.348777804416004,5.0749446956682105,3.1407995630254826
-7.448777772966373,5.075024004716328,3.1407995630254826
-7.5487777415167425,5.075103313764445,3.1407995630254826
-7.648777710067112,5.075182622812562,3.1407995630254826
-7.748777678617481,5.0752619318606795,3.1407995630254826
-7.84877764716785,5.075341240908797,3.1407995630254826
-7.948777615718219,5.075420549956914,3.1407995630254826
-8.048777584268588,5.075499859005031,3.1407995630254826
-8.148777552818958,5.075579168053149,3.1407995630254826
-8.248777521369327,5.075658477101266,3.1407995630254826
-8.348777489919696,5.075737786149383,3.1407995630254826
-8.448777458470065,5.0758170951975,3.1407995630254826
-8.548777427020434,5.075896404245618,3.1407995630254826
-8.648777395570804,5.075975713293735,3.1407995630254826
-8.748777364121173,5.076055022341852,3.1407995630254826
-8.848777332671542,5.076134331389969,3.1407995630254826
-8.948777301221911,5.076213640438087,3.1407995630254826
-9.04877726977228,5.076292949486204,3.1407995630254826
-9.14877723832265,5.076372258534321,3.1407995630254826
-9.14877723832265,5.076372258534321,2.983719930345993
-9.14877723832265,5.076372258534321,2.8266402976665033
-9.14877723832265,5.076372258534321,2.6852686282549625
-9.14877723832265,5.076372258534321,2.573742089052525
-9.14877723832265,5.076372258534321,2.4733682037703306
-9.14877723832265,5.076372258534321,2.383031707016356
-9.14877723832265,5.076372258534321,2.292695210262382
-9.14877723832265,5.076372258534321,2.2113923631838044
-9.14877723832265,5.076372258534321,2.1472534504884826
-9.14877723832265,5.076372258534321,2.089528429062694
-9.14877723832265,5.076372258534321,2.031803407636904
-9.14877723832265,5.076372258534321,1.9798508883536932
-9.14877723832265,5.076372258534321,1.938866123141382
-9.14877723832265,5.076372258534321,1.897881357929071
-9.14877723832265,5.076372258534321,1.865093545759223
-9.14877723832265,5.076372258534321,1.8355845148063594
-9.14877723832265,5.076372258534321,1.809026386948782
-9.14877723832265,5.076372258534321,1.7851240718769623
-9.14877723832265,5.076372258534321,1.763611988312325
-9.14877723832265,5.076372258534321,1.7420999047476868
-9.14877723832265,5.076372258534321,1.7248902378959772
-9.14877723832265,5.076372258534321,1.709401537729438
-9.14877723832265,5.076372258534321,1.6954617075795524
-9.14877723832265,5.076372258534321,1.6829158604446561
-9.14877723832265,5.076372258534321,1.6716245980232483
-9.14877723832265,5.076372258534321,1.660333335601842
-9.14877723832265,5.076372258534321,1.6513003256647167
-9.14877723832265,5.076372258534321,1.6422673157275904
-9.14877723832265,5.076372258534321,1.6341376067841775
-9.14877723832265,5.076372258534321,1.6260078978407642
-9.14877723832265,5.076372258534321,1.6195944607854051
-9.14877723832265,5.076372258534321,1.6146353383299232
-9.14877723832265,5.076372258534321,1.609676215874441
-9.14877723832265,5.076372258534321,1.6052130056645073
-9.14877723832265,5.076372258534321,1.6012457077001223
-9.14877723832265,5.076372258534321,1.5981214605531682
-9.14877723832265,5.076372258534321,1.594997213406215
-9.14877723832265,5.076372258534321,1.5924978156886516
-9.14877723832265,5.076372258534321,1.5902483577428452
-9.14877723832265,5.076372258534321,1.5882238455916196
-9.14877723832265,5.076372258534321,1.586401784655516
-9.14877723832265,5.076372258534321,1.584761929813023
-9.14877723832265,5.076372258534321,1.5832860604547792
-9.14877723832265,5.076372258534321,1.5818101910965354
-9.14877723832265,5.076372258534321,1.5803343217382921
-9.14877723832265,5.076372258534321,1.579301213187521
-9.14877723832265,5.076372258534321,1.578371415491828
-9.14877723832265,5.076372258534321,1.5775345975657036
-9.14877723832265,5.076372258534321,1.576781461432192
-9.14877723832265,5.076372258534321,1.5761036389120309
-9.14877723832265,5.076372258534321,1.5754935986438865
-9.14877723832265,5.076372258534321,1.5749445624025566
-9.14877723832265,5.076372258534321,1.5744504297853594
-9.14877723832265,5.076372258534321,1.5740057104298821
-9.14877723832265,5.076372258534321,1.5735609910744046
-9.14877723832265,5.076372258534321,1.573205215590023
-9.14877723832265,5.076372258534321,1.5728850176540792
-9.14877723832265,5.076372258534321,1.5725968395117298
-9.14877723832265,5.076372258534321,1.5723086613693802
-9.14877723832265,5.076372258534321,1.572078118855501
-9.14877723832265,5.076372258534321,1.5718475763416218
-9.14877723832265,5.076372258534321,1.5716631423305178
-9.14877723832265,5.076372258534321,1.5714787083194142
-9.14877723832265,5.076372258534321,1.5713311611105318
-9.14877723832265,5.076372258534321,1.5711983686225373
-9.14877723832265,5.076372258534321,1.5710655761345425
-9.14877723832265,5.076372258534321,1.5709593421441466
-9.14877723832265,5.076372258534321,1.570853108153751
