-9.4,-5.45,0
-9.35,-5.45,0
-9.31,-5.45,0
-9.27,-5.45,0
-9.234,-5.45,0
-9.198,-5.45,0
-9.1732,-5.45,0
-9.1484,-5.45,0
-9.12608,-5.45,0
-9.10376,-5.45,0
-9.086152,-5.45,0
-9.070776,-5.45,0
-9.0554,-5.45,0
-9.04486,-5.45,0
-9.03432,-5.45,0
-9.025888,-5.45,0
-9.017456,-5.45,0
-9.0098672,-5.45,0
-9.0022784,-5.45,0
-8.99705056,-5.45,0
-8.99182272,-5.45,0
-8.987640448,-5.45,0
-8.983458176,-5.45,0
-8.9801123584,-5.45,0
-8.9767665408,-5.45,0
-8.97408988672,-5.45,0
-8.97141323264,-5.45,0
-8.969271909376,-5.45,0
-8.967130586112,-5.45,0
-8.9654175275008,-5.45,0
-8.9637044688896,-5.45,0
-8.96216271613952,-5.45,0
-8.96062096338944,-5.45,0
-8.9595588670505,-5.45,0
-8.9585588670505,-5.45,0
-8.9575588670505,-5.45,0
-8.9565588670505,-5.45,0
-8.9555588670505,-5.45,0
-8.9545588670505,-5.45,0
-8.9045588670505,-5.45,0
-8.8545588670505,-5.45,0
-8.8145588670505,-5.45,0
-8.7745588670505,-5.45,0
-8.7425588670505,-5.45,0
-8.7105588670505,-5.45,0
-8.6849588670505,-5.45,0
-8.6593588670505,-5.45,0
-8.6388788670505,-5.45,0
-8.6183988670505,-5.45,0
-8.6020148670505,-5.45,0
-8.5856308670505,-5.45,0
-8.5708852670505,-5.45,0
-8.5561396670505,-5.45,0
-8.5445070270505,-5.45,0
-8.5328743870505,-5.45,0
-8.5250428350505,-5.45,0
-8.5172112830505,-5.45,0
-8.5109460414505,-5.45,0
-8.5046807998505,-5.45,0
-8.4996686065705,-5.45,0
-8.4946564132905,-5.45,0
-8.4906466586665,-5.45,0
-8.4870378795049,-5.45,0
-8.4834291003433,-5.45,0
-8.48018119909786,-5.45,0
-8.47693329785242,-5.45,0
-8.47437106464768,-5.45,0
-8.47180883144295,-5.45,0
-8.4700838350037,-5.45,0
-8.46853133820838,-5.45,0
-8.46713409109259,-5.45,0
-8.4657368439768,-5.45,0
-8.46461904628417,-5.45,0
-8.46361302836081,-5.45,0
-8.46260701043744,-5.45,0
-8.46160701043744,-5.45,0
-8.46060701043744,-5.45,0
-8.45960701043744,-5.45,0
-8.45860701043744,-5.45,0
-8.40860701043744,-5.45,0
-8.36360701043744,-5.45,0
-8.31860701043744,-5.45,0
-8.28260701043744,-5.45,0
-8.24660701043744,-5.45,0
-8.21420701043744,-5.45,0
-8.18180701043744,-5.45,0
-8.15624701043744,-5.45,0
-8.13068701043744,-5.45,0
-8.11347901043744,-5.45,0
-8.09627101043744,-5.45,0
-8.07906301043744,-5.45,0
-8.06529661043744,-5.45,0
-8.05153021043744,-5.45,0
-8.04086125043744,-5.45,0
-8.03019229043744,-5.45,0
-8.02303376243744,-5.45,0
-8.01587523443744,-5.45,0
-8.01014841203744,-5.45,0
-8.00442158963744,-5.45,0
-7.99926744947744,-5.45,0
-7.99411330931744,-5.45,0
-7.99056267942944,-5.45,0
-7.98701204954144,-5.45,0
-7.98381648264224,-5.45,0
-7.98129553542176,-5.45,0
-7.97877458820128,-5.45,0
-7.9767578304249,-5.45,0
-7.97474107264851,-5.45,0
-7.9731276664274,-5.45,0
-7.9715142602063,-5.45,0
-7.97022353522941,-5.45,0
-7.96893281025253,-5.45,0
-7.96790023027102,-5.45,0
-7.96686765028951,-5.45,0
-7.96586765028951,-5.45,0
-7.96486765028951,-5.45,0
-7.96386765028951,-5.45,0
-7.96286765028951,-5.45,0
-7.91286765028951,-5.45,0
-7.86286765028951,-5.45,0
-7.82286765028951,-5.45,0
-7.78686765028951,-5.45,0
-7.75086765028951,-5.45,0
-7.71846765028951,-5.45,0
-7.68606765028951,-5.45,0
-7.66374765028951,-5.45,0
-7.64142765028951,-5.45,0
-7.62357165028951,-5.45,0
-7.60571565028951,-5.45,0
-7.58964525028951,-5.45,0
-7.57357485028951,-5.45,0
-7.56089709028951,-5.45,0
-7.54821933028951,-5.45,0
-7.53968416228951,-5.45,0
-7.53114899428951,-5.45,0
-7.52432085988951,-5.45,0
-7.51749272548951,-5.45,0
-7.51066459108951,-5.45,0
-7.50383645668951,-5.45,0
-7.49973957604951,-5.45,0
-7.49564269540951,-5.45,0
-7.49154581476951,-5.45,0
-7.48867799832151,-5.45,0
-7.48581018187351,-5.45,0
-7.48351592871511,-5.45,0
-7.48122167555671,-5.45,0
-7.47938627302999,-5.45,0
-7.47755087050327,-5.45,0
-7.47589900822922,-5.45,0
-7.47424714595517,-5.45,0
-7.47310919638861,-5.45,0
-7.47197124682204,-5.45,0
-7.47097124682204,-5.45,0
-7.46997124682204,-5.45,0
-7.46897124682204,-5.45,0
-7.46797124682204,-5.45,0
-7.46697124682204,-5.45,0
-7.46597124682204,-5.45,0
-7.41597124682204,-5.45,0
-7.37097124682204,-5.45,0
-7.32597124682204,-5.45,0
-7.28997124682204,-5.45,0
-7.25397124682204,-5.45,0
-7.22517124682204,-5.45,0
-7.19925124682204,-5.45,0
-7.17592324682204,-5.45,0
-7.15259524682204,-5.45,0
-7.13160004682204,-5.45,0
-7.11060484682204,-5.45,0
-7.09614148682204,-5.45,0
-7.08167812682204,-5.45,0
-7.06866110282204,-5.45,0
-7.05564407882204,-5.45,0
-7.04667679562204,-5.45,0
-7.03770951242204,-5.45,0
-7.03053568586204,-5.45,0
-7.02336185930204,-5.45,0
-7.01762279805404,-5.45,0
-7.01188373680604,-5.45,0
-7.00729248780764,-5.45,0
-7.00270123880924,-5.45,0
-6.99902823961052,-5.45,0
-6.99572254033167,-5.45,0
-6.99241684105282,-5.45,0
-6.98977228162974,-5.45,0
-6.98712772220666,-5.45,0
-6.98474761872589,-5.45,0
-6.98263197118743,-5.45,0
-6.98096589875089,-5.45,0
-6.97929982631435,-5.45,0
-6.97796696836512,-5.45,0
-6.97663411041589,-5.45,0
-6.97543453826158,-5.45,0
-6.97423496610727,-5.45,0
-6.97323496610727,-5.45,0
-6.97223496610727,-5.45,0
-6.97123496610727,-5.45,0
-6.97023496610727,-5.45,0
-6.92023496610727,-5.45,0
-6.87023496610727,-5.45,0
-6.83023496610727,-5.45,0
-6.79023496610727,-5.45,0
-6.75823496610727,-5.45,0
-6.72623496610727,-5.45,0
-6.69743496610727,-5.45,0
-6.66863496610727,-5.45,0
-6.64591496610727,-5.45,0
-6.62319496610727,-5.45,0
-6.60562696610727,-5.45,0
-6.58805896610727,-5.45,0
-6.57627656610727,-5.45,0
-6.56449416610727,-5.45,0
-6.55389000610727,-5.45,0
-6.54328584610727,-5.45,0
-6.53598075810727,-5.45,0
-6.52867567010727,-5.45,0
-6.52283159970727,-5.45,0
-6.51698752930727,-5.45,0
-6.51114345890727,-5.45,0
-6.50705260962727,-5.45,0
-6.50296176034727,-5.45,0
-6.49968908092327,-5.45,0
-6.49641640149927,-5.45,0
-6.49379825796007,-5.45,0
-6.49118011442087,-5.45,0
-6.48908559958951,-5.45,0
-6.48699108475815,-5.45,0
-6.48531547289306,-5.45,0
-6.48363986102797,-5.45,0
-6.4821318103494,-5.45,0
-6.48062375967082,-5.45,0
-6.47958488031446,-5.45,0
-6.47854600095811,-5.45,0
-6.47754600095811,-5.45,0
-6.47654600095811,-5.45,0
-6.47554600095811,-5.45,0
-6.47454600095811,-5.45,0
-6.42454600095811,-5.45,0
-6.37454600095811,-5.45,0
-6.33454600095811,-5.45,0
-6.29454600095811,-5.45,0
-6.26254600095811,-5.45,0
-6.23054600095811,-5.45,0
-6.20494600095811,-5.45,0
-6.17934600095811,-5.45,0
-6.15374600095811,-5.45,0
-6.12814600095811,-5.45,0
-6.11278600095811,-5.45,0
-6.09742600095811,-5.45,0
-6.08513800095811,-5.45,0
-6.07285000095811,-5.45,0
-6.06179080095811,-5.45,0
-6.05196040095811,-5.45,0
-6.04213000095811,-5.45,0
-6.03438856095811,-5.45,0
-6.02664712095811,-5.45,0
-6.02066286495811,-5.45,0
-6.01545275295811,-5.45,0
-6.01024264095811,-5.45,0
-6.00563095455811,-5.45,0
-6.00101926815811,-5.45,0
-5.99791077279811,-5.45,0
-5.99480227743811,-5.45,0
-5.99277664979011,-5.45,0
-5.99075102214211,-5.45,0
-5.98913052002371,-5.45,0
-5.98751001790531,-5.45,0
-5.98621361621059,-5.45,0
-5.98504685468534,-5.45,0
-5.98388009316009,-5.45,0
-5.98288009316009,-5.45,0
-5.98188009316009,-5.45,0
-5.98088009316009,-5.45,0
-5.97988009316009,-5.45,0
-5.97888009316009,-5.45,0
-5.97788009316009,-5.45,0
-5.92788009316009,-5.45,0
-5.87788009316009,-5.45,0
-5.82788009316009,-5.45,0
-5.79288009316009,-5.45,0
-5.75788009316009,-5.45,0
-5.72988009316009,-5.45,0
-5.70188009316009,-5.45,0
-5.67948009316009,-5.45,0
-5.65708009316009,-5.45,0
-5.63916009316009,-5.45,0
-5.62124009316009,-5.45,0
-5.60690409316009,-5.45,0
-5.59256809316009,-5.45,0
-5.58109929316009,-5.45,0
-5.56963049316009,-5.45,0
-5.55930857316009,-5.45,0
-5.54898665316009,-5.45,0
-5.53866473316009,-5.45,0
-5.52834281316009,-5.45,0
-5.52226434916009,-5.45,0
-5.51721807716009,-5.45,0
-5.51217180516009,-5.45,0
-5.50874263396009,-5.45,0
-5.50531346276009,-5.45,0
-5.50188429156009,-5.45,0
-5.49914095460009,-5.45,0
-5.49639761764009,-5.45,0
-5.49454586519209,-5.45,0
-5.49269411274409,-5.45,0
-5.49121271078569,-5.45,0
-5.48973130882729,-5.45,0
-5.48824990686889,-5.45,0
-5.48721292549801,-5.45,0
-5.48617594412713,-5.45,0
-5.48517594412713,-5.45,0
-5.48417594412713,-5.45,0
-5.48317594412713,-5.45,0
-5.48217594412713,-5.45,0
-5.43217594412713,-5.45,0
-5.38217594412713,-5.45,0
-5.33717594412713,-5.45,0
-5.29217594412713,-5.45,0
-5.26117594412713,-5.45,0
-5.23017594412713,-5.45,0
-5.20537594412713,-5.45,0
-5.18057594412713,-5.45,0
-5.15825594412713,-5.45,0
-5.13593594412713,-5.45,0
-5.12055994412713,-5.45,0
-5.10518394412713,-5.45,0
-5.09288314412713,-5.45,0
-5.08058234412713,-5.45,0
-5.06951162412713,-5.45,0
-5.05844090412713,-5.45,0
-5.05081440812713,-5.45,0
-5.04318791212713,-5.45,0
-5.03632406572713,-5.45,0
-5.02946021932713,-5.45,0
-5.02404540716713,-5.45,0
-5.01863059500713,-5.45,0
-5.01444364870313,-5.45,0
-5.01025670239913,-5.45,0
-5.00702993194153,-5.45,0
-5.00380316148393,-5.45,0
-5.00164043974825,-5.45,0
-4.99947771801257,-5.45,0
-4.99774754062402,-5.45,0
-4.99619038097433,-5.45,0
-4.99463322132464,-5.45,0
-4.99338749360489,-5.45,0
-4.99226633865712,-5.45,0
-4.99114518370934,-5.45,0
-4.99013614425634,-5.45,0
-4.98912710480334,-5.45,0
-4.98812710480334,-5.45,0
-4.98712710480334,-5.45,0
-4.93712710480334,-5.45,0
-4.88712710480334,-5.45,0
-4.84712710480334,-5.45,0
-4.80712710480334,-5.45,0
-4.77512710480334,-5.45,0
-4.74312710480334,-5.45,0
-4.71112710480334,-5.45,0
-4.67912710480334,-5.45,0
-4.65992710480334,-5.45,0
-4.64072710480334,-5.45,0
-4.62536710480334,-5.45,0
-4.61154310480334,-5.45,0
-4.59771910480334,-5.45,0
-4.58665990480334,-5.45,0
-4.57560070480334,-5.45,0
-4.56454150480334,-5.45,0
-4.55680006480334,-5.45,0
-4.54905862480334,-5.45,0
-4.54209132880334,-5.45,0
-4.53512403280334,-5.45,0
-4.53032434000334,-5.45,0
-4.52552464720334,-5.45,0
-4.52168489296334,-5.45,0
-4.51784513872334,-5.45,0
-4.51477333533134,-5.45,0
-4.51170153193934,-5.45,0
-4.50924408922574,-5.45,0
-4.5070323907835,-5.45,0
-4.50482069234126,-5.45,0
-4.50305133358747,-5.45,0
-4.50128197483368,-5.45,0
-4.49986648783064,-5.45,0
-4.49845100082761,-5.45,0
-4.49731861122518,-5.45,0
-4.49618622162276,-5.45,0
-4.49516707098057,-5.45,0
-4.49414792033839,-5.45,0
-4.49314792033839,-5.45,0
-4.49214792033839,-5.45,0
-4.49114792033839,-5.45,0
-4.44114792033839,-5.45,0
-4.39114792033839,-5.45,0
-4.35114792033839,-5.45,0
-4.31114792033839,-5.45,0
-4.27514792033839,-5.45,0
-4.23914792033839,-5.45,0
-4.21074792033839,-5.45,0
-4.18234792033839,-5.45,0
-4.15754792033839,-5.45,0
-4.13274792033839,-5.45,0
-4.11362792033839,-5.45,0
-4.09946792033839,-5.45,0
-4.08530792033839,-5.45,0
-4.07589192033839,-5.45,0
-4.06647592033839,-5.45,0
-4.05800152033839,-5.45,0
-4.04952712033839,-5.45,0
-4.04284176033839,-5.45,0
-4.03615640033839,-5.45,0
-4.03165555233839,-5.45,0
-4.02715470433839,-5.45,0
-4.02355402593839,-5.45,0
-4.01995334753839,-5.45,0
-4.01707280481839,-5.45,0
-4.01419226209839,-5.45,0
-4.01159977365039,-5.45,0
-4.00900728520239,-5.45,0
-4.00722134871599,-5.45,0
-4.00543541222959,-5.45,0
-4.00400666304047,-5.45,0
-4.00257791385135,-5.45,0
-4.00143491450005,-5.45,0
-4.00029191514875,-5.45,0
-3.99914891579746,-5.45,0
-3.99814891579746,-5.45,0
-3.99714891579746,-5.45,0
-3.99614891579746,-5.45,0
-3.99514891579746,-5.45,0
-3.99414891579746,-5.45,0
-3.94414891579746,-5.45,0
-3.89414891579746,-5.45,0
-3.84914891579746,-5.45,0
-3.80414891579746,-5.45,0
-3.76864891579746,-5.45,0
-3.73314891579746,-5.45,0
-3.70569891579746,-5.45,0
-3.68179891579746,-5.45,0
-3.65789891579746,-5.45,0
-3.64152391579746,-5.45,0
-3.62514891579746,-5.45,0
-3.61041141579746,-5.45,0
-3.59878516579746,-5.45,0
-3.58715891579746,-5.45,0
-3.57785791579746,-5.45,0
-3.56855691579746,-5.45,0
-3.56018601579746,-5.45,0
-3.55181511579746,-5.45,0
-3.54604849579746,-5.45,0
-3.54028187579746,-5.45,0
-3.53566857979746,-5.45,0
-3.53105528379746,-5.45,0
-3.52736464699746,-5.45,0
-3.52367401019746,-5.45,0
-3.52072150075746,-5.45,0
-3.51776899131746,-5.45,0
-3.51540698376546,-5.45,0
-3.51304497621346,-5.45,0
-3.51115537017186,-5.45,0
-3.50926576413026,-5.45,0
-3.50775407929698,-5.45,0
-3.5062423944637,-5.45,0
-3.50503304659707,-5.45,0
-3.50382369873045,-5.45,0
-3.50282369873045,-5.45,0
-3.50182369873045,-5.45,0
-3.50082369873045,-5.45,0
-3.49982369873045,-5.45,0
-3.49882369873045,-5.45,0
-3.49782369873045,-5.45,0
-3.44782369873045,-5.45,0
-3.39782369873045,-5.45,0
-3.35782369873045,-5.45,0
-3.31782369873045,-5.45,0
-3.28582369873045,-5.45,0
-3.25382369873045,-5.45,0
-3.22822369873045,-5.45,0
-3.20262369873045,-5.45,0
-3.18214369873045,-5.45,0
-3.16166369873045,-5.45,0
-3.14527969873045,-5.45,0
-3.12889569873045,-5.45,0
-3.11578849873045,-5.45,0
-3.10268129873045,-5.45,0
-3.09219553873045,-5.45,0
-3.08170977873045,-5.45,0
-3.07227259473045,-5.45,0
-3.06283541073045,-5.45,0
-3.05633423953045,-5.45,0
-3.04983306833045,-5.45,0
-3.04463213137045,-5.45,0
-3.03943119441045,-5.45,0
-3.03527044484245,-5.45,0
-3.03110969527445,-5.45,0
-3.02778109562005,-5.45,0
-3.02478535593109,-5.45,0
-3.02208919021103,-5.45,0
-3.01939302449096,-5.45,0
-3.01723609191491,-5.45,0
-3.01507915933886,-5.45,0
-3.01335361327802,-5.45,0
-3.01162806721718,-5.45,0
-3.01024763036851,-5.45,0
-3.0090052372047,-5.45,0
-3.00776284404089,-5.45,0
-3.00652045087709,-5.45,0
-3.00552045087709,-5.45,0
-3.00452045087709,-5.45,0
-3.00352045087709,-5.45,0
-3.00252045087709,-5.45,0
-3.00152045087709,-5.45,0
-3.00052045087709,-5.45,0
-2.95052045087709,-5.45,0
-2.90052045087709,-5.45,0
-2.85552045087709,-5.45,0
-2.81552045087709,-5.45,0
-2.77552045087709,-5.45,0
-2.74002045087709,-5.45,0
-2.71252045087709,-5.45,0
-2.68502045087709,-5.45,0
-2.66657045087709,-5.45,0
-2.64812045087709,-5.45,0
-2.62967045087709,-5.45,0
-2.61675545087709,-5.45,0
-2.60384045087709,-5.45,0
-2.59350845087709,-5.45,0
-2.58317645087709,-5.45,0
-2.57284445087709,-5.45,0
-2.56251245087709,-5.45,0
-2.55631325087709,-5.45,0
-2.55011405087709,-5.45,0
-2.54453477087709,-5.45,0
-2.53895549087709,-5.45,0
-2.53511198687709,-5.45,0
-2.53126848287709,-5.45,0
-2.52819367967709,-5.45,0
-2.52511887647709,-5.45,0
-2.52265903391709,-5.45,0
-2.52019919135709,-5.45,0
-2.51823131730909,-5.45,0
-2.51626344326109,-5.45,0
-2.51449235661789,-5.45,0
-2.51272126997469,-5.45,0
-2.51132407940061,-5.45,0
-2.50992688882653,-5.45,0
-2.50892688882653,-5.45,0
-2.50792688882653,-5.45,0
-2.50692688882653,-5.45,0
-2.50592688882653,-5.45,0
-2.50492688882653,-5.45,0
-2.50392688882653,-5.45,0
-2.45392688882653,-5.45,0
-2.40392688882653,-5.45,0
-2.35892688882653,-5.45,0
-2.31392688882653,-5.45,0
-2.28292688882653,-5.45,0
-2.25192688882653,-5.45,0
-2.22402688882653,-5.45,0
-2.19612688882653,-5.45,0
-2.17411688882653,-5.45,0
-2.15210688882653,-5.45,0
-2.13728888882653,-5.45,0
-2.12247088882653,-5.45,0
-2.11061648882653,-5.45,0
-2.09876208882653,-5.45,0
-2.08927856882653,-5.45,0
-2.07979504882653,-5.45,0
-2.07220823282653,-5.45,0
-2.06462141682653,-5.45,0
-2.05855196402653,-5.45,0
-2.05248251122653,-5.45,0
-2.04702000370653,-5.45,0
-2.04155749618653,-5.45,0
-2.03724818469853,-5.45,0
-2.03293887321053,-5.45,0
-2.03003767477213,-5.45,0
-2.02713647633373,-5.45,0
-2.02452539773917,-5.45,0
-2.02191431914461,-5.45,0
-2.01985446825335,-5.45,0
-2.01779461736208,-5.45,0
-2.0162018594194,-5.45,0
-2.01460910147672,-5.45,0
-2.0135408802117,-5.45,0
-2.01247265894668,-5.45,0
-2.01147265894668,-5.45,0
-2.01047265894668,-5.45,0
-2.00947265894668,-5.45,0
-2.00847265894668,-5.45,0
-1.95847265894668,-5.45,0
-1.90847265894668,-5.45,0
-1.86847265894668,-5.45,0
-1.82847265894668,-5.45,0
-1.79247265894668,-5.45,0
-1.75647265894668,-5.45,0
-1.72807265894668,-5.45,0
-1.69967265894668,-5.45,0
-1.68055265894668,-5.45,0
-1.66143265894668,-5.45,0
-1.64613665894668,-5.45,0
-1.63084065894668,-5.45,0
-1.61860385894668,-5.45,0
-1.60636705894668,-5.45,0
-1.59657761894668,-5.45,0
-1.58776712294668,-5.45,0
-1.57895662694668,-5.45,0
-1.57014613094668,-5.45,0
-1.56133563494668,-5.45,0
-1.55604933734668,-5.45,0
-1.55076303974668,-5.45,0
-1.54547674214668,-5.45,0
-1.54124770406668,-5.45,0
-1.53701866598668,-5.45,0
-1.53416406528268,-5.45,0
-1.53130946457868,-5.45,0
-1.52902578401548,-5.45,0
-1.52674210345228,-5.45,0
-1.5246867909454,-5.45,0
-1.52306537774553,-5.45,0
-1.52144396454566,-5.45,0
-1.51982255134579,-5.45,0
-1.51868756210588,-5.45,0
-1.51755257286597,-5.45,0
-1.51655257286597,-5.45,0
-1.51555257286597,-5.45,0
-1.51455257286597,-5.45,0
-1.51355257286597,-5.45,0
-1.51255257286597,-5.45,0
-1.51155257286597,-5.45,0
-1.46155257286597,-5.45,0
-1.41155257286597,-5.45,0
-1.36655257286597,-5.45,0
-1.32155257286597,-5.45,0
-1.28605257286597,-5.45,0
-1.25055257286597,-5.45,0
-1.22665257286597,-5.45,0
-1.20275257286597,-5.45,0
-1.17885257286597,-5.45,0
-1.15973257286597,-5.45,0
-1.14061257286597,-5.45,0
-1.12770657286597,-5.45,0
-1.11480057286597,-5.45,0
-1.10447577286597,-5.45,0
-1.09415097286597,-5.45,0
-1.08589113286597,-5.45,0
-1.07763129286597,-5.45,0
-1.07102342086597,-5.45,0
-1.06441554886597,-5.45,0
-1.05912925126597,-5.45,0
-1.05384295366597,-5.45,0
-1.04855665606597,-5.45,0
-1.04327035846597,-5.45,0
-1.04009857990597,-5.45,0
-1.03724397920197,-5.45,0
-1.03438937849797,-5.45,0
-1.03210569793477,-5.45,0
-1.02982201737157,-5.45,0
-1.02753833680837,-5.45,0
-1.02525465624517,-5.45,0
-1.02365607985093,-5.45,0
-1.02205750345669,-5.45,0
-1.02100701039761,-5.45,0
-1.01995651733854,-5.45,0
-1.01895651733854,-5.45,0
-1.01795651733854,-5.45,0
-1.01695651733854,-5.45,0
-1.01595651733854,-5.45,0
-1.01495651733854,-5.45,0
-1.01395651733854,-5.45,0
-0.963956517338543,-5.45,0
-0.913956517338543,-5.45,0
-0.863956517338543,-5.45,0
-0.823956517338543,-5.45,0
-0.783956517338543,-5.45,0
-0.748956517338543,-5.45,0
-0.713956517338543,-5.45,0
-0.678956517338543,-5.45,0
-0.655456517338543,-5.45,0
-0.631956517338543,-5.45,0
-0.620156517338543,-5.45,0
-0.608356517338543,-5.45,0
-0.596556517338543,-5.45,0
-0.587116517338543,-5.45,0
-0.577676517338543,-5.45,0
-0.570360517338543,-5.45,0
-0.563044517338543,-5.45,0
-0.557404117338543,-5.45,0
-0.551763717338543,-5.45,0
-0.547418957338543,-5.45,0
-0.543074197338543,-5.45,0
-0.540162429338543,-5.45,0
-0.537250661338543,-5.45,0
-0.534921246938543,-5.45,0
-0.532591832538543,-5.45,0
-0.530728301018543,-5.45,0
-0.528864769498543,-5.45,0
-0.527187591130543,-5.45,0
-0.525510412762543,-5.45,0
-0.524355023220143,-5.45,0
-0.523199633677743,-5.45,0
-0.522199633677743,-5.45,0
-0.521199633677743,-5.45,0
-0.520199633677743,-5.45,0
-0.519199633677743,-5.45,0
-0.518199633677743,-5.45,0
-0.517199633677743,-5.45,0
-0.516199633677743,-5.45,0
-0.515199633677743,-5.45,0
-0.465199633677743,-5.45,0
-0.415199633677743,-5.45,0
-0.375199633677743,-5.45,0
-0.335199633677743,-5.45,0
-0.303199633677743,-5.45,0
-0.271199633677743,-5.45,0
-0.239199633677743,-5.45,0
-0.213599633677743,-5.45,0
-0.187999633677743,-5.45,0
-0.165599633677743,-5.45,0
-0.148319633677743,-5.45,0
-0.131039633677743,-5.45,0
-0.119455633677743,-5.45,0
-0.107871633677743,-5.45,0
-0.098604433677743,-5.45,0
-0.089337233677743,-5.45,0
-0.081923473677743,-5.45,0
-0.074509713677743,-5.45,0
-0.068578705677743,-5.45,0
-0.062647697677743,-5.45,0
-0.057309790477743,-5.45,0
-0.051971883277743,-5.45,0
-0.047760867597743,-5.45,0
-0.043549851917743,-5.45,0
-0.040293728525743,-5.45,0
-0.037037605133743,-5.45,0
-0.034528195648943,-5.45,0
-0.032018786164143,-5.45,0
-0.030085929967023,-5.45,0
-0.028153073769903,-5.45,0
-0.026471158521263,-5.45,0
-0.024789243272623,-5.45,0
-0.023789243272623,-5.45,0
-0.022789243272623,-5.45,0
-0.021789243272623,-5.45,0
-0.020789243272623,-5.45,0
-0.019789243272623,-5.45,0
-0.018789243272623,-5.45,0
0.031210756727377,-5.45,0
0.081210756727377,-5.45,0
0.126210756727377,-5.45,0
0.171210756727377,-5.45,0
0.202210756727377,-5.45,0
0.233210756727377,-5.45,0
0.258010756727377,-5.45,0
0.282810756727377,-5.45,0
0.305130756727377,-5.45,0
0.327450756727377,-5.45,0
0.342826756727377,-5.45,0
0.358202756727377,-5.45,0
0.370503556727377,-5.45,0
0.382804356727377,-5.45,0
0.392644996727377,-5.45,0
0.402485636727377,-5.45,0
0.411342212727377,-5.45,0
0.420198788727377,-5.45,0
0.427185643127377,-5.45,0
0.434172497527377,-5.45,0
0.438876323447377,-5.45,0
0.443580149367377,-5.45,0
0.447343210103377,-5.45,0
0.451106270839377,-5.45,0
0.454116719428177,-5.45,0
0.457127168016977,-5.45,0
0.459535526888017,-5.45,0
0.461943885759057,-5.45,0
0.463870572855889,-5.45,0
0.465797259952721,-5.45,0
0.467338609630186,-5.45,0
0.468879959307652,-5.45,0
0.470113039049624,-5.45,0
0.471346118791597,-5.45,0
0.472455890559372,-5.45,0
0.473565662327147,-5.45,0
0.474565662327147,-5.45,0
0.475565662327147,-5.45,0
0.476565662327147,-5.45,0
0.477565662327147,-5.45,0
0.527565662327147,-5.45,0
0.577565662327147,-5.45,0
0.622565662327147,-5.45,0
0.667565662327147,-5.45,0
0.698565662327147,-5.45,0
0.729565662327147,-5.45,0
0.754365662327147,-5.45,0
0.779165662327147,-5.45,0
0.801485662327147,-5.45,0
0.823805662327147,-5.45,0
0.839181662327147,-5.45,0
0.854557662327147,-5.45,0
0.866858462327147,-5.45,0
0.877929182327147,-5.45,0
0.888999902327147,-5.45,0
0.897856478327147,-5.45,0
0.906713054327147,-5.45,0
0.913798315127147,-5.45,0
0.920175049847147,-5.45,0
0.926551784567147,-5.45,0
0.931653172343147,-5.45,0
0.936754560119147,-5.45,0
0.940835670339947,-5.45,0
0.944916780560747,-5.45,0
0.948181668737387,-5.45,0
0.951446556914027,-5.45,0
0.954058467455339,-5.45,0
0.956670377996651,-5.45,0
0.958759906429701,-5.45,0
0.96084943486275,-5.45,0
0.962730010452495,-5.45,0
0.96461058604224,-5.45,0
0.966094151229705,-5.45,0
0.96757771641717,-5.45,0
0.968724867526914,-5.45,0
0.969872018636659,-5.45,0
0.970872018636659,-5.45,0
0.971872018636659,-5.45,0
0.972872018636659,-5.45,0
1.02287201863666,-5.45,0
1.06787201863666,-5.45,0
1.11287201863666,-5.45,0
1.14887201863666,-5.45,0
1.18487201863666,-5.45,0
1.21727201863666,-5.45,0
1.24967201863666,-5.45,0
1.27199201863666,-5.45,0
1.29208001863666,-5.45,0
1.31015921863666,-5.45,0
1.32823841863666,-5.45,0
1.34270177863666,-5.45,0
1.35571880263666,-5.45,0
1.36873582663666,-5.45,0
1.38045114823666,-5.45,0
1.39216646983666,-5.45,0
1.40140855687666,-5.45,0
1.41065064391666,-5.45,0
1.41687278138866,-5.45,0
1.42309491886066,-5.45,0
1.42807262883826,-5.45,0
1.43305033881586,-5.45,0
1.43703250679794,-5.45,0
1.44101467478002,-5.45,0
1.44420040916568,-5.45,0
1.44738614355135,-5.45,0
1.44993473105988,-5.45,0
1.45248331856841,-5.45,0
1.45452218857523,-5.45,0
1.45635717158138,-5.45,0
1.45819215458752,-5.45,0
1.45984363929305,-5.45,0
1.46149512399858,-5.45,0
1.46279796193294,-5.45,0
1.4641007998673,-5.45,0
1.46523848933111,-5.45,0
1.46637617879491,-5.45,0
1.46737617879491,-5.45,0
1.46837617879491,-5.45,0
1.46937617879491,-5.45,0
1.51937617879491,-5.45,0
1.56437617879491,-5.45,0
1.60937617879491,-5.45,0
1.64537617879491,-5.45,0
1.67777617879491,-5.45,0
1.71017617879491,-5.45,0
1.73609617879491,-5.45,0
1.76201617879491,-5.45,0
1.78275217879491,-5.45,0
1.80348817879491,-5.45,0
1.82422417879491,-5.45,0
1.83873937879491,-5.45,0
1.85325457879491,-5.45,0
1.86486673879491,-5.45,0
1.87647889879491,-5.45,0
1.88576862679491,-5.45,0
1.89412938199491,-5.45,0
1.90249013719491,-5.45,0
1.90917874135491,-5.45,0
1.91586734551491,-5.45,0
1.92255594967491,-5.45,0
1.92723797258691,-5.45,0
1.93191999549891,-5.45,0
1.93566561382851,-5.45,0
1.93941123215811,-5.45,0
1.94278228865475,-5.45,0
1.94615334515139,-5.45,0
1.94847562851575,-5.45,0
1.9507979118801,-5.45,0
1.95265573857158,-5.45,0
1.95451356526306,-5.45,0
1.95599982661625,-5.45,0
1.95748608796943,-5.45,0
1.95867509705198,-5.45,0
1.95986410613453,-5.45,0
1.96086410613453,-5.45,0
1.96186410613453,-5.45,0
1.96286410613453,-5.45,0
1.96386410613453,-5.45,0
1.96486410613453,-5.45,0
1.96586410613453,-5.45,0
2.01586410613453,-5.45,0
2.06586410613453,-5.45,0
2.11086410613453,-5.45,0
2.15586410613453,-5.45,0
2.18686410613453,-5.45,0
2.21786410613453,-5.45,0
2.24266410613453,-5.45,0
2.26498410613453,-5.45,0
2.28730410613453,-5.45,0
2.30962410613453,-5.45,0
2.32524810613453,-5.45,0
2.34087210613453,-5.45,0
2.35649610613453,-5.45,0
2.36899530613453,-5.45,0
2.38149450613453,-5.45,0
2.38993146613453,-5.45,0
2.39836842613453,-5.45,0
2.40511799413453,-5.45,0
2.41186756213453,-5.45,0
2.41726721653453,-5.45,0
2.42266687093453,-5.45,0
2.42698659445453,-5.45,0
2.43130631797453,-5.45,0
2.43476209679053,-5.45,0
2.43787229772493,-5.45,0
2.44098249865933,-5.45,0
2.44378167950029,-5.45,0
2.44658086034125,-5.45,0
2.44878910300467,-5.45,0
2.4509973456681,-5.45,0
2.45292567024742,-5.45,0
2.45485399482675,-5.45,0
2.45595500595753,-5.45,0
2.45695500595753,-5.45,0
2.45795500595753,-5.45,0
2.45895500595753,-5.45,0
2.45995500595753,-5.45,0
2.46095500595753,-5.45,0
2.46195500595753,-5.45,0
2.51195500595753,-5.45,0
2.56195500595753,-5.45,0
2.60195500595753,-5.45,0
2.63795500595753,-5.45,0
2.67395500595753,-5.45,0
2.70635500595753,-5.45,0
2.73875500595753,-5.45,0
2.76431500595753,-5.45,0
2.78987500595753,-5.45,0
2.80708300595753,-5.45,0
2.82429100595753,-5.45,0
2.84149900595753,-5.45,0
2.85354460595753,-5.45,0
2.86559020595753,-5.45,0
2.87522668595753,-5.45,0
2.88486316595753,-5.45,0
2.89257234995753,-5.45,0
2.90028153395753,-5.45,0
2.90721979955753,-5.45,0
2.91415806515753,-5.45,0
2.91893775923753,-5.45,0
2.92371745331753,-5.45,0
2.92801917798953,-5.45,0
2.93232090266153,-5.45,0
2.93528431299113,-5.45,0
2.93824772332073,-5.45,0
2.94061845158441,-5.45,0
2.94298917984809,-5.45,0
2.94488576245903,-5.45,0
2.94678234506998,-5.45,0
2.94867892768092,-5.45,0
2.95000653550858,-5.45,0
2.95133414333624,-5.45,0
2.9526617511639,-5.45,0
2.95398935899156,-5.45,0
2.95498935899156,-5.45,0
2.95598935899156,-5.45,0
2.95698935899156,-5.45,0
2.95798935899156,-5.45,0
2.95898935899156,-5.45,0
2.95998935899156,-5.45,0
3.00998935899156,-5.45,0
3.05498935899156,-5.45,0
3.09998935899156,-5.45,0
3.13598935899156,-5.45,0
3.17198935899156,-5.45,0
3.20078935899156,-5.45,0
3.22958935899156,-5.45,0
3.25262935899156,-5.45,0
3.27566935899156,-5.45,0
3.29640535899156,-5.45,0
3.31714135899156,-5.45,0
3.33142615899156,-5.45,0
3.34571095899156,-5.45,0
3.35713879899156,-5.45,0
3.36856663899156,-5.45,0
3.37770891099156,-5.45,0
3.38685118299156,-5.45,0
3.39416500059156,-5.45,0
3.40074743643156,-5.45,0
3.40732987227156,-5.45,0
3.41259582094356,-5.45,0
3.41733517474836,-5.45,0
3.42207452855316,-5.45,0
3.425866011597,-5.45,0
3.42965749464084,-5.45,0
3.43269068107591,-5.45,0
3.43542054886748,-5.45,0
3.43815041665904,-5.45,0
3.4403343108923,-5.45,0
3.44251820512555,-5.45,0
3.44426532051215,-5.45,0
3.44601243589875,-5.45,0
3.44741012820803,-5.45,0
3.44880782051731,-5.45,0
3.44992597436474,-5.45,0
3.45104412821216,-5.45,0
3.45204412821216,-5.45,0
3.45304412821216,-5.45,0
3.45404412821216,-5.45,0
3.45504412821216,-5.45,0
3.50504412821216,-5.45,0
3.55504412821216,-5.45,0
3.59504412821216,-5.45,0
3.63504412821216,-5.45,0
3.66704412821216,-5.45,0
3.69904412821216,-5.45,0
3.72464412821216,-5.45,0
3.75024412821216,-5.45,0
3.77328412821216,-5.45,0
3.79632412821216,-5.45,0
3.81219612821216,-5.45,0
3.82648092821216,-5.45,0
3.84076572821216,-5.45,0
3.85362204821216,-5.45,0
3.86647836821216,-5.45,0
3.87662057621216,-5.45,0
3.88676278421216,-5.45,0
3.89460513941216,-5.45,0
3.90064903829216,-5.45,0
3.90669293717216,-5.45,0
3.91152805627616,-5.45,0
3.91636317538016,-5.45,0
3.92071478257376,-5.45,0
3.92506638976736,-5.45,0
3.92893448505056,-5.45,0
3.93280258033376,-5.45,0
3.9350267351216,-5.45,0
3.93702847443066,-5.45,0
3.93903021373972,-5.45,0
3.94083177911787,-5.45,0
3.94263334449602,-5.45,0
3.94405457940545,-5.45,0
3.94547581431488,-5.45,0
3.94647581431488,-5.45,0
3.94747581431488,-5.45,0
3.94847581431488,-5.45,0
3.94947581431488,-5.45,0
3.95047581431488,-5.45,0
3.95147581431488,-5.45,0
4.00147581431488,-5.45,0
4.05147581431488,-5.45,0
4.10147581431488,-5.45,0
4.15147581431488,-5.45,0
4.20147581431488,-5.45,0
4.25147581431488,-5.45,0
4.27147581431488,-5.45,0
4.28947581431488,-5.45,0
4.30747581431488,-5.45,0
4.32187581431488,-5.45,0
4.33627581431488,-5.45,0
4.34779581431488,-5.45,0
4.35931581431488,-5.45,0
4.36853181431488,-5.45,0
4.37774781431488,-5.45,0
4.38512061431488,-5.45,0
4.39249341431488,-5.45,0
4.39839165431488,-5.45,0
4.40370007031488,-5.45,0
4.40900848631488,-5.45,0
4.41325521911488,-5.45,0
4.41750195191488,-5.45,0
4.42089933815488,-5.45,0
4.42429672439488,-5.45,0
4.42701463338688,-5.45,0
4.42973254237888,-5.45,0
4.43190686957248,-5.45,0
4.43386376404672,-5.45,0
4.43582065852096,-5.45,0
4.43738617410035,-5.45,0
4.43895168967974,-5.45,0
4.44020410214325,-5.45,0
4.44145651460677,-5.45,0
4.44245844457758,-5.45,0
4.44346037454839,-5.45,0
4.44446037454839,-5.45,0
4.44546037454839,-5.45,0
4.44646037454839,-5.45,0
4.44746037454839,-5.45,0
4.49746037454839,-5.45,0
4.54746037454839,-5.45,0
4.59246037454839,-5.45,0
4.63746037454839,-5.45,0
4.66846037454839,-5.45,0
4.69946037454839,-5.45,0
4.72426037454839,-5.45,0
4.74906037454839,-5.45,0
4.77138037454839,-5.45,0
4.79370037454839,-5.45,0
4.80907637454839,-5.45,0
4.82291477454839,-5.45,0
4.83675317454839,-5.45,0
4.84782389454839,-5.45,0
4.85778754254839,-5.45,0
4.86775119054839,-5.45,0
4.87572210894839,-5.45,0
4.88369302734839,-5.45,0
4.89006976206839,-5.45,0
4.89644649678839,-5.45,0
4.90218555803639,-5.45,0
4.90792461928439,-5.45,0
4.91366368053239,-5.45,0
4.91704334993399,-5.45,0
4.92042301933559,-5.45,0
4.92346472179703,-5.45,0
4.92650642425847,-5.45,0
4.92860181928746,-5.45,0
4.93069721431645,-5.45,0
4.93237353033965,-5.45,0
4.93404984636284,-5.45,0
4.9353908991814,-5.45,0
4.93673195199995,-5.45,0
4.9378047942548,-5.45,0
4.9388047942548,-5.45,0
4.9398047942548,-5.45,0
4.9408047942548,-5.45,0
4.9418047942548,-5.45,0
4.9428047942548,-5.45,0
4.9928047942548,-5.45,0
5.0428047942548,-5.45,0
5.0878047942548,-5.45,0
5.1328047942548,-5.45,0
5.1638047942548,-5.45,0
5.1948047942548,-5.45,0
5.2196047942548,-5.45,0
5.2419247942548,-5.45,0
5.2642447942548,-5.45,0
5.2821007942548,-5.45,0
5.2999567942548,-5.45,0
5.3142415942548,-5.45,0
5.3285263942548,-5.45,0
5.3399542342548,-5.45,0
5.3513820742548,-5.45,0
5.3605243462548,-5.45,0
5.3696666182548,-5.45,0
5.3769804358548,-5.45,0
5.3842942534548,-5.45,0
5.3908766892948,-5.45,0
5.3974591251348,-5.45,0
5.4026519356308,-5.45,0
5.4078447461268,-5.45,0
5.4113407509396,-5.45,0
5.4148367557524,-5.45,0
5.41763355960264,-5.45,0
5.42043036345288,-5.45,0
5.42266780653307,-5.45,0
5.42490524961326,-5.45,0
5.42669520407742,-5.45,0
5.42848515854157,-5.45,0
5.42991712211289,-5.45,0
5.43134908568421,-5.45,0
5.43249465654127,-5.45,0
5.43352567031263,-5.45,0
5.43455668408398,-5.45,0
5.43555668408398,-5.45,0
5.43655668408398,-5.45,0
5.43755668408398,-5.45,0
5.43855668408398,-5.45,0
5.48855668408398,-5.45,0
5.53855668408398,-5.45,0
5.57855668408398,-5.45,0
5.61855668408398,-5.45,0
5.65055668408398,-5.45,0
5.67935668408398,-5.45,0
5.70815668408398,-5.45,0
5.73119668408398,-5.45,0
5.75423668408398,-5.45,0
5.77266868408398,-5.45,0
5.79110068408398,-5.45,0
5.80584628408398,-5.45,0
5.82059188408398,-5.45,0
5.83238836408398,-5.45,0
5.84418484408398,-5.45,0
5.85362202808398,-5.45,0
5.86305921208398,-5.45,0
5.87060895928398,-5.45,0
5.87815870648398,-5.45,0
5.88495347896398,-5.45,0
5.89174825144398,-5.45,0
5.89642909470798,-5.45,0
5.90110993797198,-5.45,0
5.90485461258318,-5.45,0
5.90859928719438,-5.45,0
5.91159502688334,-5.45,0
5.9145907665723,-5.45,0
5.91728693229236,-5.45,0
5.91968352404353,-5.45,0
5.92157084004758,-5.45,0
5.92345815605162,-5.45,0
5.92496800885486,-5.45,0
5.92632687637777,-5.45,0
5.92754985714839,-5.45,0
5.92865053984195,-5.45,0
5.92975122253551,-5.45,0
5.93075122253551,-5.45,0
5.93175122253551,-5.45,0
5.93275122253551,-5.45,0
5.93375122253551,-5.45,0
5.98375122253551,-5.45,0
6.03375122253551,-5.45,0
6.07375122253551,-5.45,0
6.11375122253551,-5.45,0
6.15375122253551,-5.45,0
6.18175122253551,-5.45,0
6.20695122253551,-5.45,0
6.23215122253551,-5.45,0
6.25483122253551,-5.45,0
6.27499122253551,-5.45,0
6.29515122253551,-5.45,0
6.30901122253551,-5.45,0
6.32287122253551,-5.45,0
6.33395922253551,-5.45,0
6.34504722253551,-5.45,0
6.35391762253551,-5.45,0
6.36278802253551,-5.45,0
6.36988434253551,-5.45,0
6.37698066253551,-5.45,0
6.38265771853551,-5.45,0
6.38776706893551,-5.45,0
6.39287641933551,-5.45,0
6.39747483469551,-5.45,0
6.40207325005551,-5.45,0
6.40570088883951,-5.45,0
6.40932852762351,-5.45,0
6.41177079711471,-5.45,0
6.41421306660591,-5.45,0
6.41616688219887,-5.45,0
6.41812069779183,-5.45,0
6.41987913182549,-5.45,0
6.42163756585916,-5.45,0
6.42284893152679,-5.45,0
6.42406029719443,-5.45,0
6.42506029719443,-5.45,0
6.42606029719443,-5.45,0
6.42706029719443,-5.45,0
6.42806029719443,-5.45,0
6.42906029719443,-5.45,0
6.43006029719443,-5.45,0
6.48006029719443,-5.45,0
6.53006029719443,-5.45,0
6.57006029719443,-5.45,0
6.61006029719443,-5.45,0
6.64606029719443,-5.45,0
6.68206029719443,-5.45,0
6.71046029719443,-5.45,0
6.73886029719443,-5.45,0
6.75798029719443,-5.45,0
6.77710029719443,-5.45,0
6.79239629719443,-5.45,0
6.80769229719443,-5.45,0
6.82145869719443,-5.45,0
6.83522509719443,-5.45,0
6.84470861719443,-5.45,0
6.85419213719443,-5.45,0
6.86177895319443,-5.45,0
6.86860708759443,-5.45,0
6.87543522199443,-5.45,0
6.88158054295443,-5.45,0
6.88772586391443,-5.45,0
6.89257383933843,-5.45,0
6.89742181476243,-5.45,0
6.90165525809043,-5.45,0
6.90449576200083,-5.45,0
6.90733626591123,-5.45,0
6.90960866903955,-5.45,0
6.91188107216787,-5.45,0
6.91392623498336,-5.45,0
6.91597139779884,-5.45,0
6.9173802877384,-5.45,0
6.91878917767796,-5.45,0
6.91991628962961,-5.45,0
6.92104340158125,-5.45,0
6.92204340158125,-5.45,0
6.92304340158125,-5.45,0
6.92404340158125,-5.45,0
6.92504340158125,-5.45,0
6.92604340158125,-5.45,0
6.92704340158126,-5.45,0
6.97704340158125,-5.45,0
7.02704340158125,-5.45,0
7.06704340158125,-5.45,0
7.10704340158125,-5.45,0
7.14304340158125,-5.45,0
7.17904340158125,-5.45,0
7.20384340158125,-5.45,0
7.22864340158125,-5.45,0
7.25096340158125,-5.45,0
7.27328340158125,-5.45,0
7.28865940158125,-5.45,0
7.30403540158125,-5.45,0
7.31941140158125,-5.45,0
7.33017460158125,-5.45,0
7.34093780158126,-5.45,0
7.34954836158126,-5.45,0
7.35729786558126,-5.45,0
7.36504736958126,-5.45,0
7.37124697278126,-5.45,0
7.37744657598125,-5.45,0
7.38302621886125,-5.45,0
7.38860586174125,-5.45,0
7.39244961572526,-5.45,0
7.39629336970926,-5.45,0
7.39936837289646,-5.45,0
7.40244337608366,-5.45,0
7.40490337863341,-5.45,0
7.40736338118317,-5.45,0
7.40933138322298,-5.45,0
7.41129938526279,-5.45,0
7.41287378689464,-5.45,0
7.41444818852648,-5.45,0
7.41570770983196,-5.45,0
7.41696723113744,-5.45,0
7.41797484818182,-5.45,0
7.4189824652262,-5.45,0
7.4199824652262,-5.45,0
7.4209824652262,-5.45,0
7.4219824652262,-5.45,0
7.4229824652262,-5.45,0
7.4729824652262,-5.45,0
7.5229824652262,-5.45,0
7.5679824652262,-5.45,0
7.6034824652262,-5.45,0
7.6389824652262,-5.45,0
7.6673824652262,-5.45,0
7.6957824652262,-5.45,0
7.7185024652262,-5.45,0
7.7412224652262,-5.45,0
7.7616704652262,-5.45,0
7.7821184652262,-5.45,0
7.7962048652262,-5.45,0
7.8088826252262,-5.45,0
7.8215603852262,-5.45,0
7.8317025932262,-5.45,0
7.8418448012262,-5.45,0
7.8499585676262,-5.45,0
7.8572609573862,-5.45,0
7.8645633471462,-5.45,0
7.8704052589542,-5.45,0
7.8762471707622,-5.45,0
7.8809207002086,-5.45,0
7.885594229655,-5.45,0
7.88933305321212,-5.45,0
7.89307187676924,-5.45,0
7.89606293561494,-5.45,0
7.89905399446063,-5.45,0
7.90204505330633,-5.45,0
7.90413879449832,-5.45,0
7.9062325356903,-5.45,0
7.90790752864389,-5.45,0
7.90958252159748,-5.45,0
7.91092251596036,-5.45,0
7.91226251032323,-5.45,0
7.91333450581353,-5.45,0
7.91433450581353,-5.45,0
7.91533450581353,-5.45,0
7.91633450581353,-5.45,0
7.91733450581353,-5.45,0
7.91833450581353,-5.45,0
7.91933450581353,-5.45,0
7.96933450581353,-5.45,0
8.01933450581353,-5.45,0
8.05933450581353,-5.45,0
8.09933450581353,-5.45,0
8.13133450581353,-5.45,0
8.16333450581353,-5.45,0
8.18893450581353,-5.45,0
8.21453450581353,-5.45,0
8.23501450581353,-5.45,0
8.25344650581353,-5.45,0
8.27187850581353,-5.45,0
8.28662410581353,-5.45,0
8.30136970581353,-5.45,0
8.31316618581353,-5.45,0
8.32496266581353,-5.45,0
8.33439984981353,-5.45,0
8.34289331541353,-5.45,0
8.35138678101353,-5.45,0
8.35818155349353,-5.45,0
8.36497632597353,-5.45,0
8.37041214395753,-5.45,0
8.37584796194153,-5.45,0
8.38128377992553,-5.45,0
8.38671959790953,-5.45,0
8.38998108869993,-5.45,0
8.39324257949033,-5.45,0
8.39617792120169,-5.45,0
8.39911326291305,-5.45,0
8.40142892137424,-5.45,0
8.40321947981816,-5.45,0
8.40501003826209,-5.45,0
8.40644248501724,-5.45,0
8.40787493177238,-5.45,0
8.40916413385201,-5.45,0
8.41045333593164,-5.45,0
8.41147037312779,-5.45,0
8.41248741032394,-5.45,0
8.41348741032394,-5.45,0
8.41448741032394,-5.45,0
8.41548741032394,-5.45,0
8.41648741032394,-5.45,0
8.46648741032394,-5.45,0
8.51148741032394,-5.45,0
8.55648741032394,-5.45,0
8.59248741032394,-5.45,0
8.62848741032394,-5.45,0
8.65728741032394,-5.45,0
8.68608741032394,-5.45,0
8.70912741032394,-5.45,0
8.73216741032394,-5.45,0
8.75059941032394,-5.45,0
8.76903141032394,-5.45,0
8.78377701032394,-5.45,0
8.79852261032394,-5.45,0
8.81031909032394,-5.45,0
8.82211557032394,-5.45,0
8.83391205032394,-5.45,0
8.84570853032394,-5.45,0
8.85278641832394,-5.45,0
8.85986430632394,-5.45,0
8.86552661672394,-5.45,0
8.87118892712394,-5.45,0
8.87628500648394,-5.45,0
8.88081485480394,-5.45,0
8.88534470312394,-5.45,0
8.88845897384394,-5.45,0
8.89126181749194,-5.45,0
8.89406466113994,-5.45,0
8.89630693605834,-5.45,0
8.89854921097674,-5.45,0
8.90034303091146,-5.45,0
8.90213685084618,-5.45,0
8.90357190679395,-5.45,0
8.90500696274173,-5.45,0
8.90615500749995,-5.45,0
8.90730305225817,-5.45,0
8.90830305225817,-5.45,0
8.90930305225817,-5.45,0
8.91030305225817,-5.45,0
8.91130305225817,-5.45,0
8.91230305225817,-5.45,0
8.96230305225817,-5.45,0
9.01230305225817,-5.45,0
9.05230305225817,-5.45,0
9.09230305225817,-5.45,0
9.12830305225817,-5.45,0
9.16430305225817,-5.45,0
9.18910305225817,-5.45,0
9.21142305225817,-5.45,0
9.23374305225817,-5.45,0
9.25159905225817,-5.45,0
9.26945505225817,-5.45,0
9.28373985225817,-5.45,0
9.29802465225817,-5.45,0
9.30945249225817,-5.45,0
9.32088033225817,-5.45,0
9.33002260425817,-5.45,0
9.33916487625817,-5.45,0
9.34647869385817,-5.45,0
9.35379251145817,-5.45,0
9.36037494729817,-5.45,0
9.36622600137817,-5.45,0
9.37207705545817,-5.45,0
9.37726986595417,-5.45,0
9.38246267645017,-5.45,0
9.38596599508057,-5.45,0
9.38946931371097,-5.45,0
9.39245335129177,-5.45,0
9.39443832138841,-5.45,0
9.39642329148505,-5.45,0
9.39801126756236,-5.45,0
9.39959924363968,-5.45,0
9.40086962450152,-5.45,0
9.40214000536337,-5.45,0
9.40315631005285,-5.45,0
9.40417261474233,-5.45,0
9.40517261474233,-5.45,0
9.40617261474233,-5.45,0
9.40717261474233,-5.45,0
9.40817261474233,-5.45,0
9.40817261474233,-5.45,0.15707963267949
9.40817261474233,-5.45,0.314159265358979
9.40817261474233,-5.45,0.471238898038469
9.40817261474233,-5.45,0.581194640914112
9.40817261474233,-5.45,0.691150383789755
9.40817261474233,-5.45,0.779114978090269
9.40817261474233,-5.45,0.858283112960732
9.40817261474233,-5.45,0.937451247831194
9.40817261474233,-5.45,1.00870256921461
9.40817261474233,-5.45,1.06491194497264
9.40817261474233,-5.45,1.12112132073067
9.40817261474233,-5.45,1.16608882133709
9.40817261474233,-5.45,1.20655957188287
9.40817261474233,-5.45,1.24703032242865
9.40817261474233,-5.45,1.28345399791986
9.40817261474233,-5.45,1.31218823080736
9.40817261474233,-5.45,1.34092246369486
9.40817261474233,-5.45,1.36390985000487
9.40817261474233,-5.45,1.38459849768387
9.40817261474233,-5.45,1.40321828059497
9.40817261474233,-5.45,1.41997608521496
9.40817261474233,-5.45,1.43673388983496
9.40817261474233,-5.45,1.45014013353095
9.40817261474233,-5.45,1.46354637722695
9.40817261474233,-5.45,1.47427137218374
9.40817261474233,-5.45,1.48392386764486
9.40817261474233,-5.45,1.49357636310597
9.40817261474233,-5.45,1.50129835947486
9.40817261474233,-5.45,1.50902035584376
9.40817261474233,-5.45,1.51519795293887
9.40817261474233,-5.45,1.52075779032447
9.40817261474233,-5.45,1.52576164397152
9.40817261474233,-5.45,1.53026511225385
9.40817261474233,-5.45,1.53431823370796
9.40817261474233,-5.45,1.53796604301665
9.40817261474233,-5.45,1.54124907139448
9.40817261474233,-5.45,1.54420379693452
9.40817261474233,-5.45,1.54715852247456
9.40817261474233,-5.45,1.54952230290659
9.40817261474233,-5.45,1.55188608333863
9.40817261474233,-5.45,1.55377710768426
9.40817261474233,-5.45,1.55547902959532
9.40817261474233,-5.45,1.55701075931528
9.40817261474233,-5.45,1.55838931606324
9.40817261474233,-5.45,1.5596300171364
9.40817261474233,-5.45,1.56074664810225
9.40817261474233,-5.45,1.5618632790681
9.40817261474233,-5.45,1.56297991003395
9.40817261474233,-5.45,1.56376155171005
9.40817261474233,-5.45,1.56454319338614
9.40817261474233,-5.45,1.56516850672702
9.40817261474233,-5.45,1.56579382006789
9.40817261474233,-5.45,1.56629407074059
9.40817261474233,-5.45,1.56679432141329
9.40817261474233,-5.45,1.56729457208599
9.40817261474233,-5.45,1.56779482275869
9.40817261474233,-5.45,1.56814499822959
9.40817261474233,-5.45,1.5684451486332
9.40817261474233,-5.45,1.56874529903683
9.40817261474233,-5.45,1.56895040181263
9.40817261474233,-5.45,1.56913499431086
9.40817261474233,-5.45,1.56931958680909
9.40817261474233,-5.45,1.56946726080767
9.40817261474233,-5.45,1.56960016740639
9.40817261474233,-5.45,1.56971978334524
9.40817261474233,-5.45,1.56983939928409
9.40822046111057,-5.40000002289276,1.56983939928409
9.40826830747881,-5.35000004578551,1.56983939928409
9.40831136921022,-5.30500006638899,1.56983939928409
9.40835443094163,-5.26000008699247,1.56983939928409
9.40838409568994,-5.22900010118598,1.56983939928409
9.40841079396342,-5.20110011396013,1.56983939928409
9.40843749223689,-5.17320012673429,1.56983939928409
9.40846152068302,-5.14809013823103,1.56983939928409
9.4084828793018,-5.12577014845036,1.56983939928409
9.40850423792059,-5.10345015866968,1.56983939928409
9.408518921971,-5.08810516569547,1.56983939928409
9.40853360602141,-5.07276017272126,1.56983939928409
9.40854535326174,-5.06048417834189,1.56983939928409
9.40855710050207,-5.04820818396251,1.56983939928409
9.40856767301837,-5.03715978902108,1.56983939928409
9.408576013559,-5.02844383301173,1.56983939928409
9.40858435409964,-5.01972787700237,1.56983939928409
9.40859102653214,-5.01275511219489,1.56983939928409
9.40859769896465,-5.00578234738741,1.56983939928409
9.40860303691066,-5.00020413554142,1.56983939928409
9.40860837485666,-4.99462592369544,1.56983939928409
9.40861264521346,-4.99016335421865,1.56983939928409
9.40861691557027,-4.98570078474186,1.56983939928409
9.40862118592707,-4.98123821526507,1.56983939928409
9.40862417517684,-4.97811441663132,1.56983939928409
9.4086271644266,-4.97499061799757,1.56983939928409
9.40862955582641,-4.97249157909056,1.56983939928409
9.40863194722622,-4.96999254018356,1.56983939928409
9.40863386034607,-4.96799330905796,1.56983939928409
9.40863577346592,-4.96599407793236,1.56983939928409
9.40863768658577,-4.96399484680676,1.56983939928409
9.40863959970562,-4.96199561568116,1.56983939928409
9.40864151282547,-4.95999638455555,1.56983939928409
9.40864266069738,-4.95879684588019,1.56983939928409
9.40864361762474,-4.95779684633805,1.56983939928409
9.4086445745521,-4.9567968467959,1.56983939928409
9.40864553147947,-4.95579684725376,1.56983939928409
9.40864648840683,-4.95479684771161,1.56983939928409
9.40869433477507,-4.90479687060437,1.56983939928409
9.40874218114331,-4.85479689349712,1.56983939928409
9.4087804582379,-4.81479691181132,1.56983939928409
9.40881873533249,-4.77479693012553,1.56983939928409
9.40885701242708,-4.73479694843973,1.56983939928409
9.40888763410275,-4.70279696309109,1.56983939928409
9.4089113659014,-4.6779969744459,1.56983939928409
9.40893509770004,-4.65319698580071,1.56983939928409
9.40895408313896,-4.63335699488455,1.56983939928409
9.40897117003399,-4.61550100306001,1.56983939928409
9.40898825692901,-4.59764501123547,1.56983939928409
9.40900192644503,-4.58336021777584,1.56983939928409
9.40901559596105,-4.56907542431621,1.56983939928409
9.40902653157387,-4.55764758954851,1.56983939928409
9.40903746718668,-4.5462197547808,1.56983939928409
9.40904621567694,-4.53707748696664,1.56983939928409
9.40905496416719,-4.52793521915247,1.56983939928409
9.40906196295939,-4.52062140490114,1.56983939928409
9.40906896175159,-4.51330759064981,1.56983939928409
9.40907456078535,-4.50745653924874,1.56983939928409
9.40908015981911,-4.50160548784768,1.56983939928409
9.4090851989495,-4.49633954158672,1.56983939928409
9.40909023807989,-4.49107359532576,1.56983939928409
9.40909370948082,-4.4874459434571,1.56983939928409
9.40909718088175,-4.48381829158844,1.56983939928409
9.40910030514259,-4.48055340490665,1.56983939928409
9.40910342940343,-4.47728851822485,1.56983939928409
9.40910558167201,-4.47503937406628,1.56983939928409
9.40910751871373,-4.47301514432357,1.56983939928409
9.40910945575545,-4.47099091458086,1.56983939928409
9.40911139279717,-4.46896668483815,1.56983939928409
9.40911332983889,-4.46694245509543,1.56983939928409
9.40911526688061,-4.46491822535272,1.56983939928409
9.40911720392233,-4.46289399561001,1.56983939928409
9.40911816084969,-4.46189399606786,1.56983939928409
9.40911911777705,-4.46089399652572,1.56983939928409
9.40912007470442,-4.45989399698357,1.56983939928409
9.40912103163178,-4.45889399744143,1.56983939928409
9.40916887800002,-4.40889402033418,1.56983939928409
9.40921672436826,-4.35889404322694,1.56983939928409
9.40925500146285,-4.31889406154114,1.56983939928409
9.40929327855744,-4.27889407985534,1.56983939928409
9.40932390023311,-4.24689409450671,1.56983939928409
9.40935452190878,-4.21489410915807,1.56983939928409
9.40937901924932,-4.18929412087916,1.56983939928409
9.40940351658986,-4.16369413260025,1.56983939928409
9.40942311446229,-4.14321414197712,1.56983939928409
9.40944075254748,-4.12478215041631,1.56983939928409
9.40945839063267,-4.1063501588555,1.56983939928409
9.40947250110082,-4.09160456560684,1.56983939928409
9.40948661156897,-4.07685897235819,1.56983939928409
9.40949789994349,-4.06506249775927,1.56983939928409
9.40950918831801,-4.05326602316035,1.56983939928409
9.40951821901762,-4.04382884348121,1.56983939928409
9.40952724971724,-4.03439166380207,1.56983939928409
9.40953447427693,-4.02684192005876,1.56983939928409
9.40954169883663,-4.01929217631546,1.56983939928409
9.40954747848438,-4.01325238132081,1.56983939928409
9.40955325813213,-4.00721258632616,1.56983939928409
9.40955788185034,-4.00238075033044,1.56983939928409
9.40956250556854,-3.99754891433472,1.56983939928409
9.4095662045431,-3.99368344553815,1.56983939928409
9.40956990351767,-3.98981797674157,1.56983939928409
9.40957323259477,-3.98633905482465,1.56983939928409
9.40957585886671,-3.98359457197909,1.56983939928409
9.40957848513865,-3.98085008913352,1.56983939928409
9.4095805861562,-3.97865450285706,1.56983939928409
9.40958268717376,-3.97645891658061,1.56983939928409
9.4095843679878,-3.97470244755945,1.56983939928409
9.40958604880184,-3.97294597853828,1.56983939928409
9.40958756153447,-3.97136515641924,1.56983939928409
9.40958907426711,-3.96978433430019,1.56983939928409
9.40959011637182,-3.96869532350707,1.56983939928409
9.40959115847652,-3.96760631271395,1.56983939928409
9.40959220058123,-3.96651730192082,1.56983939928409
9.40959315750859,-3.96551730237868,1.56983939928409
9.40959411443595,-3.96451730283654,1.56983939928409
9.40959507136332,-3.96351730329439,1.56983939928409
9.40959602829068,-3.96251730375225,1.56983939928409
9.40959698521805,-3.9615173042101,1.56983939928409
9.40964483158628,-3.91151732710286,1.56983939928409
9.40969267795452,-3.86151734999561,1.56983939928409
9.40973095504911,-3.82151736830981,1.56983939928409
9.4097692321437,-3.78151738662402,1.56983939928409
9.40979985381938,-3.74951740127538,1.56983939928409
9.40983047549505,-3.71751741592674,1.56983939928409
9.40985497283559,-3.69191742764784,1.56983939928409
9.40987947017612,-3.66631743936893,1.56983939928409
9.40989906804855,-3.6458374487458,1.56983939928409
9.40991866592099,-3.62535745812267,1.56983939928409
9.40993434421893,-3.60897346562417,1.56983939928409
9.40995002251687,-3.59258947312567,1.56983939928409
9.40996256515523,-3.57948227912686,1.56983939928409
9.40997510779358,-3.56637508512806,1.56983939928409
9.4099863961681,-3.55457861052914,1.56983939928409
9.40999768454262,-3.54278213593022,1.56983939928409
9.4100054609784,-3.53465567565096,1.56983939928409
9.41001323741418,-3.5265292153717,1.56983939928409
9.41001945856281,-3.5200280471483,1.56983939928409
9.41002567971143,-3.51352687892489,1.56983939928409
9.41003065663033,-3.50832594434617,1.56983939928409
9.41003563354923,-3.50312500976744,1.56983939928409
9.41003961508435,-3.49896426210447,1.56983939928409
9.41004359661947,-3.49480351444149,1.56983939928409
9.41004718000108,-3.4910588415448,1.56983939928409
9.41005076338268,-3.48731416864812,1.56983939928409
9.41005323193446,-3.48473450509707,1.56983939928409
9.41005570048623,-3.48215484154603,1.56983939928409
9.41005767532765,-3.48009111070519,1.56983939928409
9.41005965016907,-3.47802737986435,1.56983939928409
9.4100612300422,-3.47637639519168,1.56983939928409
9.41006265192803,-3.47489050898628,1.56983939928409
9.41006407381385,-3.47340462278087,1.56983939928409
9.41006535351109,-3.47206732519601,1.56983939928409
9.41006663320833,-3.47073002761115,1.56983939928409
9.41006759013569,-3.469730028069,1.56983939928409
9.41006854706305,-3.46873002852686,1.56983939928409
9.41006950399042,-3.46773002898471,1.56983939928409
9.41007046091778,-3.46673002944257,1.56983939928409
9.41007141784515,-3.46573002990042,1.56983939928409
9.41007237477251,-3.46473003035828,1.56983939928409
9.41012022114075,-3.41473005325104,1.56983939928409
9.41016806750899,-3.36473007614379,1.56983939928409
9.4102111292404,-3.31973009674727,1.56983939928409
9.41025419097181,-3.27473011735075,1.56983939928409
9.41028385572012,-3.24373013154426,1.56983939928409
9.41031352046843,-3.21273014573776,1.56983939928409
9.41033725226708,-3.18793015709257,1.56983939928409
9.41036098406572,-3.16313016844738,1.56983939928409
9.41037996950464,-3.14329017753122,1.56983939928409
9.41039895494355,-3.12345018661507,1.56983939928409
9.41041604183858,-3.10559419479053,1.56983939928409
9.41043312873361,-3.08773820296599,1.56983939928409
9.41044489970573,-3.07543740859797,1.56983939928409
9.41045667067786,-3.06313661422996,1.56983939928409
9.41046608745556,-3.05329597873554,1.56983939928409
9.41047550423327,-3.04345534324113,1.56983939928409
9.41048303765543,-3.0355828348456,1.56983939928409
9.41049057107759,-3.02771032645007,1.56983939928409
9.41049810449975,-3.01983781805454,1.56983939928409
9.41050563792191,-3.01196530965901,1.56983939928409
9.41051091131743,-3.00645455378214,1.56983939928409
9.41051618471294,-3.00094379790527,1.56983939928409
9.41052017742669,-2.99677136845564,1.56983939928409
9.41052417014043,-2.992598939006,1.56983939928409
9.41052683697188,-2.98981207103399,1.56983939928409
9.41052950380332,-2.98702520306197,1.56983939928409
9.41053163726848,-2.98479570868436,1.56983939928409
9.41053377073363,-2.98256621430674,1.56983939928409
9.41053569085227,-2.98055966936689,1.56983939928409
9.41053761097091,-2.97855312442704,1.56983939928409
9.41053893371931,-2.97717083791292,1.56983939928409
9.41054025646771,-2.97578855139879,1.56983939928409
9.4105415792161,-2.97440626488467,1.56983939928409
9.41054253614347,-2.97340626534253,1.56983939928409
9.41054349307083,-2.97240626580038,1.56983939928409
9.4105444499982,-2.97140626625824,1.56983939928409
9.41054540692556,-2.97040626671609,1.56983939928409
9.41054636385292,-2.96940626717395,1.56983939928409
9.41059421022116,-2.9194062900667,1.56983939928409
9.4106420565894,-2.86940631295946,1.56983939928409
9.41068511832081,-2.82440633356294,1.56983939928409
9.41072818005223,-2.77940635416642,1.56983939928409
9.41075784480054,-2.74840636835993,1.56983939928409
9.41078750954884,-2.71740638255343,1.56983939928409
9.41081124134749,-2.69260639390824,1.56983939928409
9.41083497314613,-2.66780640526305,1.56983939928409
9.41085395858505,-2.64796641434689,1.56983939928409
9.41087294402397,-2.62812642343074,1.56983939928409
9.4108881323751,-2.61225443069781,1.56983939928409
9.41090332072623,-2.59638243796489,1.56983939928409
9.41091547140714,-2.58368484377855,1.56983939928409
9.41092762208805,-2.57098724959221,1.56983939928409
9.41093734263277,-2.56082917424314,1.56983939928409
9.4109470631775,-2.55067109889407,1.56983939928409
9.41095483961328,-2.54254463861481,1.56983939928409
9.41096261604906,-2.53441817833555,1.56983939928409
9.41096961484126,-2.52710436408422,1.56983939928409
9.41097661363346,-2.51979054983289,1.56983939928409
9.41098143502365,-2.51475214445975,1.56983939928409
9.41098625641383,-2.50971373908661,1.56983939928409
9.41099011352598,-2.5056830147881,1.56983939928409
9.41099397063812,-2.50165229048959,1.56983939928409
9.41099705632784,-2.49842771105078,1.56983939928409
9.41100014201756,-2.49520313161197,1.56983939928409
9.41100261056933,-2.49262346806092,1.56983939928409
9.41100483226593,-2.49030177086498,1.56983939928409
9.41100705396253,-2.48798007366904,1.56983939928409
9.41100883131981,-2.48612271591228,1.56983939928409
9.41101060867709,-2.48426535815553,1.56983939928409
9.41101203056291,-2.48277947195013,1.56983939928409
9.41101345244873,-2.48129358574472,1.56983939928409
9.41101473214597,-2.47995628815986,1.56983939928409
9.41101601184321,-2.478618990575,1.56983939928409
9.41101696877057,-2.47761899103285,1.56983939928409
9.41101792569793,-2.47661899149071,1.56983939928409
9.4110188826253,-2.47561899194856,1.56983939928409
9.41101983955266,-2.47461899240642,1.56983939928409
9.41102079648003,-2.47361899286427,1.56983939928409
9.41102175340739,-2.47261899332213,1.56983939928409
9.41106959977563,-2.42261901621488,1.56983939928409
9.41111744614387,-2.37261903910764,1.56983939928409
9.41115572323846,-2.33261905742184,1.56983939928409
9.41119400033305,-2.29261907573605,1.56983939928409
9.41122462200872,-2.26061909038741,1.56983939928409
9.41125524368439,-2.22861910503877,1.56983939928409
9.41127974102493,-2.20301911675986,1.56983939928409
9.41130423836547,-2.17741912848095,1.56983939928409
9.41132628597195,-2.15437913902993,1.56983939928409
9.41134833357843,-2.13133914957892,1.56983939928409
9.41136352192957,-2.11546715684599,1.56983939928409
9.4113787102807,-2.09959516411307,1.56983939928409
9.41139237979672,-2.08531037065344,1.56983939928409
9.41140604931274,-2.0710255771938,1.56983939928409
9.41141546609044,-2.06118494169939,1.56983939928409
9.41142488286815,-2.05134430620498,1.56983939928409
9.41143335796808,-2.04248773426001,1.56983939928409
9.41144183306801,-2.03363116231504,1.56983939928409
9.41144767147019,-2.0275299683085,1.56983939928409
9.41145350987236,-2.02142877430196,1.56983939928409
9.41145934827454,-2.01532758029543,1.56983939928409
9.41146343515606,-2.01105674449085,1.56983939928409
9.41146752203759,-2.00678590868628,1.56983939928409
9.4114707915428,-2.00336924004262,1.56983939928409
9.41147406104802,-1.99995257139896,1.56983939928409
9.41147700360272,-1.99687756961966,1.56983939928409
9.41147994615741,-1.99380256784037,1.56983939928409
9.41148197325065,-1.9916842332813,1.56983939928409
9.41148400034388,-1.98956589872223,1.56983939928409
9.41148562201847,-1.98787123107497,1.56983939928409
9.41148724369306,-1.98617656342772,1.56983939928409
9.41148854103273,-1.98482082930992,1.56983939928409
9.4114898383724,-1.98346509519211,1.56983939928409
9.41149087624414,-1.98238050789787,1.56983939928409
9.41149191411587,-1.98129592060362,1.56983939928409
9.41149295198761,-1.98021133330938,1.56983939928409
9.41149390891497,-1.97921133376724,1.56983939928409
9.41149486584234,-1.97821133422509,1.56983939928409
9.4114958227697,-1.97721133468295,1.56983939928409
9.41154366913794,-1.9272113575757,1.56983939928409
9.41159151550618,-1.87721138046846,1.56983939928409
9.41162979260077,-1.83721139878266,1.56983939928409
9.41166806969536,-1.79721141709686,1.56983939928409
9.41169869137103,-1.76521143174823,1.56983939928409
9.4117293130467,-1.73321144639959,1.56983939928409
9.41175381038724,-1.70761145812068,1.56983939928409
9.41177830772778,-1.68201146984177,1.56983939928409
9.41179790560021,-1.66153147921864,1.56983939928409
9.41181750347264,-1.64105148859551,1.56983939928409
9.41183514155783,-1.6226194970347,1.56983939928409
9.41185277964302,-1.60418750547389,1.56983939928409
9.41186493032392,-1.59148991128755,1.56983939928409
9.41187708100483,-1.57879231710121,1.56983939928409
9.41188801661765,-1.5673644823335,1.56983939928409
9.41189773716237,-1.55720640698443,1.56983939928409
9.4119074577071,-1.54704833163536,1.56983939928409
9.4119141405816,-1.54006465483287,1.56983939928409
9.4119208234561,-1.53308097803039,1.56983939928409
9.41192750633059,-1.5260973012279,1.56983939928409
9.41193285263019,-1.52051035978591,1.56983939928409
9.41193819892979,-1.51492341834392,1.56983939928409
9.41194180768202,-1.51115223287058,1.56983939928409
9.41194541643425,-1.50738104739724,1.56983939928409
9.41194866431125,-1.50398698047123,1.56983939928409
9.41195191218826,-1.50059291354522,1.56983939928409
9.41195414961464,-1.49825477855175,1.56983939928409
9.41195638704103,-1.49591664355827,1.56983939928409
9.41195840072477,-1.49381232206415,1.56983939928409
9.41196041440851,-1.49170800057002,1.56983939928409
9.41196180161287,-1.49025835687407,1.56983939928409
9.41196318881723,-1.48880871317812,1.56983939928409
9.41196457602158,-1.48735906948216,1.56983939928409
9.41196568578507,-1.4861993545254,1.56983939928409
9.41196679554856,-1.48503963956864,1.56983939928409
9.41196775247592,-1.48403964002649,1.56983939928409
9.41196870940328,-1.48303964048435,1.56983939928409
9.41196966633065,-1.48203964094221,1.56983939928409
9.41197062325801,-1.48103964140006,1.56983939928409
9.41201846962625,-1.43103966429282,1.56983939928409
9.41206631599449,-1.38103968718557,1.56983939928409
9.41210459308908,-1.34103970549977,1.56983939928409
9.41213904247421,-1.30503972198256,1.56983939928409
9.41217349185934,-1.26903973846534,1.56983939928409
9.41220105136745,-1.24023975165157,1.56983939928409
9.41222861087555,-1.21143976483779,1.56983939928409
9.41225065848204,-1.18839977538678,1.56983939928409
9.41227270608852,-1.16535978593576,1.56983939928409
9.41229254893436,-1.14462379542984,1.56983939928409
9.41231239178019,-1.12388780492392,1.56983939928409
9.41232606129621,-1.10960301146429,1.56983939928409
9.41233973081223,-1.09531821800466,1.56983939928409
9.41235066642505,-1.08389038323695,1.56983939928409
9.41236160203786,-1.07246254846925,1.56983939928409
9.4123714440894,-1.06217749717831,1.56983939928409
9.41238128614093,-1.05189244588738,1.56983939928409
9.41238806622088,-1.0448071883314,1.56983939928409
9.41239484630082,-1.03772193077543,1.56983939928409
9.41240094837278,-1.03134519897505,1.56983939928409
9.41240576222954,-1.0263146661103,1.56983939928409
9.4124105760863,-1.02128413324556,1.56983939928409
9.41241442717171,-1.01725970695376,1.56983939928409
9.41241827825712,-1.01323528066197,1.56983939928409
9.41242174423399,-1.00961329699935,1.56983939928409
9.41242521021086,-1.00599131333674,1.56983939928409
9.41242759788381,-1.00349616903582,1.56983939928409
9.41242998555676,-1.00100102473491,1.56983939928409
9.41243189569513,-0.999004909294182,1.56983939928409
9.41243380583349,-0.997008793853451,1.56983939928409
9.41243533394418,-0.995411901500867,1.56983939928409
9.41243686205487,-0.993815009148282,1.56983939928409
9.41243808454342,-0.992537495266215,1.56983939928409
9.41243930703198,-0.991259981384148,1.56983939928409
9.41244028502282,-0.990237970278494,1.56983939928409
9.41244126301366,-0.98921595917284,1.56983939928409
9.41244221994102,-0.988215959630695,1.56983939928409
9.41244317686839,-0.98721596008855,1.56983939928409
9.41244413379575,-0.986215960546405,1.56983939928409
9.41244509072312,-0.98521596100426,1.56983939928409
9.41244604765048,-0.984215961462115,1.56983939928409
9.41249389401872,-0.93421598435487,1.56983939928409
9.41254174038696,-0.884216007247625,1.56983939928409
9.41258001748155,-0.844216025561829,1.56983939928409
9.41261829457614,-0.804216043876032,1.56983939928409
9.41264891625181,-0.772216058527395,1.56983939928409
9.41267953792748,-0.740216073178758,1.56983939928409
9.41270709743559,-0.711416086364985,1.56983939928409
9.41273465694369,-0.682616099551212,1.56983939928409
9.41275639833342,-0.65989610995368,1.56983939928409
9.41277320963336,-0.642328117997278,1.56983939928409
9.41278833980331,-0.626516925236517,1.56983939928409
9.41280346997326,-0.610705732475755,1.56983939928409
9.41281557410922,-0.598056778267146,1.56983939928409
9.41282767824518,-0.585407824058537,1.56983939928409
9.41283736155395,-0.575288660691649,1.56983939928409
9.41284704486272,-0.565169497324762,1.56983939928409
9.41285479150973,-0.557074166631252,1.56983939928409
9.41286253815674,-0.548978835937742,1.56983939928409
9.41287028480376,-0.540883505244232,1.56983939928409
9.41287570745667,-0.535216773758775,1.56983939928409
9.41288113010958,-0.529550042273318,1.56983939928409
9.41288546823191,-0.525016657084953,1.56983939928409
9.41288980635423,-0.520483271896587,1.56983939928409
9.4128932768521,-0.516856563745895,1.56983939928409
9.41289674734996,-0.513229855595202,1.56983939928409
9.41289952374825,-0.510328489074649,1.56983939928409
9.41290230014654,-0.507427122554095,1.56983939928409
9.41290452126517,-0.505106029337652,1.56983939928409
9.4129067423838,-0.502784936121208,1.56983939928409
9.41290851927871,-0.500928061548054,1.56983939928409
9.41291011848412,-0.499256874432215,1.56983939928409
9.41291171768954,-0.497585687316376,1.56983939928409
9.41291299705387,-0.496248737623704,1.56983939928409
9.4129142764182,-0.494911787931033,1.56983939928409
9.41291529990967,-0.493842228176896,1.56983939928409
9.41291632340113,-0.492772668422759,1.56983939928409
9.4129172803285,-0.491772668880614,1.56983939928409
9.41291823725586,-0.490772669338469,1.56983939928409
9.41291919418322,-0.489772669796324,1.56983939928409
9.41292015111059,-0.488772670254179,1.56983939928409
9.41292110803795,-0.487772670712034,1.56983939928409
9.41296895440619,-0.437772693604789,1.56983939928409
9.41301680077443,-0.387772716497544,1.56983939928409
9.41305507786902,-0.347772734811748,1.56983939928409
9.41309335496361,-0.307772753125952,1.56983939928409
9.41312397663928,-0.275772767777315,1.56983939928409
9.41315459831495,-0.243772782428678,1.56983939928409
9.41318215782306,-0.214972795614904,1.56983939928409
9.41320971733116,-0.186172808801131,1.56983939928409
9.41322870277008,-0.166332817884976,1.56983939928409
9.413247688209,-0.146492826968821,1.56983939928409
9.41326287656013,-0.130620834235898,1.56983939928409
9.41327806491126,-0.114748841502974,1.56983939928409
9.41329021559217,-0.102051247316634,1.56983939928409
9.41330236627308,-0.089353653130295,1.56983939928409
9.41331330188589,-0.07792581836259,1.56983939928409
9.41332423749871,-0.066497983594885,1.56983939928409
9.41333177092087,-0.058625475199355,1.56983939928409
9.41333930434303,-0.050752966803824,1.56983939928409
9.41334533108076,-0.0444549600874,1.56983939928409
9.41335135781849,-0.038156953370976,1.56983939928409
9.41335617920867,-0.033118547997837,1.56983939928409
9.41336100059886,-0.028080142624697,1.56983939928409
9.41336533985002,-0.023545577788872,1.56983939928409
9.41336967910119,-0.019011012953046,1.56983939928409
9.41337310228822,-0.015433745138117,1.56983939928409
9.41337652547525,-0.011856477323188,1.56983939928409
9.41337883009975,-0.009448119554828,1.56983939928409
9.41338113472426,-0.007039761786467,1.56983939928409
9.41338297842387,-0.005113075571779,1.56983939928409
9.41338482212347,-0.00318638935709,1.56983939928409
9.41338648145312,-0.001452371763871,1.56983939928409
9.41338814078276,0.000281645829349,1.56983939928409
9.41338928387652,0.001476191282456,1.56983939928409
9.41339042697028,0.002670736735563,1.56983939928409
9.41339138389764,0.003670736277708,1.56983939928409
9.413392340825,0.004670735819853,1.56983939928409
9.41339329775237,0.005670735361998,1.56983939928409
9.41339425467973,0.006670734904142,1.56983939928409
9.4133952116071,0.007670734446287,1.56983939928409
9.41339616853446,0.008670733988432,1.56983939928409
9.4134440149027,0.058670711095678,1.56983939928409
9.41349186127094,0.108670688202923,1.56983939928409
9.41353013836553,0.148670669888719,1.56983939928409
9.41356841546012,0.188670651574515,1.56983939928409
9.41359903713579,0.220670636923152,1.56983939928409
9.41362965881146,0.252670622271789,1.56983939928409
9.413654156152,0.278270610550699,1.56983939928409
9.41367620375848,0.301310600001717,1.56983939928409
9.41369825136497,0.324350589452736,1.56983939928409
9.41371588945015,0.342782581013551,1.56983939928409
9.41373352753534,0.361214572574365,1.56983939928409
9.41374940181201,0.377803364979099,1.56983939928409
9.41376192485249,0.390890078987277,1.56983939928409
9.41377444789298,0.403976792995456,1.56983939928409
9.41378571862941,0.415754835602817,1.56983939928409
9.41379698936585,0.427532878210177,1.56983939928409
9.41380475365095,0.435646640895248,1.56983939928409
9.41381174150754,0.442949027311812,1.56983939928409
9.41381872936413,0.450251413728376,1.56983939928409
9.4138243196494,0.456093322861626,1.56983939928409
9.41382990993467,0.461935231994877,1.56983939928409
9.41383438216289,0.466608759301478,1.56983939928409
9.41383885439111,0.471282286608079,1.56983939928409
9.41384243217368,0.475021108453359,1.56983939928409
9.41384600995625,0.47875993029864,1.56983939928409
9.41384887218231,0.481750987774864,1.56983939928409
9.41385144818577,0.484442939503466,1.56983939928409
9.41385402418922,0.487134891232068,1.56983939928409
9.41385608499198,0.48928845261495,1.56983939928409
9.41385793971447,0.491226657859543,1.56983939928409
9.41385979443695,0.493164863104137,1.56983939928409
9.41386146368719,0.494909247824271,1.56983939928409
9.41386313293743,0.496653632544405,1.56983939928409
9.41386461671542,0.49820419674008,1.56983939928409
9.41386610049341,0.499754760935755,1.56983939928409
9.41386705742077,0.5007547604779,1.56983939928409
9.41386801434814,0.501754760020044,1.56983939928409
9.4138689712755,0.502754759562189,1.56983939928409
9.41386992820286,0.503754759104334,1.56983939928409
9.41387088513023,0.504754758646479,1.56983939928409
9.41391873149847,0.554754735753724,1.56983939928409
9.4139665778667,0.60475471286097,1.56983939928409
9.4140048549613,0.644754694546766,1.56983939928409
9.41404313205589,0.684754676232562,1.56983939928409
9.41407375373156,0.716754661581199,1.56983939928409
9.41410437540723,0.748754646929836,1.56983939928409
9.4141349970829,0.780754632278473,1.56983939928409
9.41415643225587,0.803154622022519,1.56983939928409
9.41417572391154,0.82331461279216,1.56983939928409
9.41419501556722,0.843474603561801,1.56983939928409
9.41421237805733,0.861618595254478,1.56983939928409
9.41422974054743,0.879762586947155,1.56983939928409
9.41424170137395,0.892261781224333,1.56983939928409
9.41425366220047,0.904760975501511,1.56983939928409
9.41426323086168,0.914760330923253,1.56983939928409
9.4142727995229,0.924759686344995,1.56983939928409
9.41428045445187,0.932759170682389,1.56983939928409
9.41428810938084,0.940758655019782,1.56983939928409
9.41429499881691,0.947958190923436,1.56983939928409
9.41430188825299,0.955157726827091,1.56983939928409
9.41430663430895,0.960117407116275,1.56983939928409
9.41431138036491,0.965077087405459,1.56983939928409
9.41431517720968,0.969044831636806,1.56983939928409
9.41431897405445,0.973012575868153,1.56983939928409
9.41432239121474,0.976583545676366,1.56983939928409
9.41432580837504,0.980154515484579,1.56983939928409
9.41432816241879,0.982614516908014,1.56983939928409
9.41433051646255,0.985074518331449,1.56983939928409
9.41433239969756,0.987042519470197,1.56983939928409
9.41433428293256,0.989010520608946,1.56983939928409
9.41433578952057,0.990584921519944,1.56983939928409
9.41433729610857,0.992159322430943,1.56983939928409
9.41433865203778,0.993576283250841,1.56983939928409
9.41434000796698,0.99499324407074,1.56983939928409
9.41434107764446,0.996111068717549,1.56983939928409
9.41434214732194,0.997228893364358,1.56983939928409
9.41434310424931,0.998228892906503,1.56983939928409
9.41434406117667,0.999228892448648,1.56983939928409
9.41434501810404,1.00022889199079,1.56983939928409
9.4143459750314,1.00122889153294,1.56983939928409
9.41439382139964,1.05122886864018,1.56983939928409
9.41444166776788,1.10122884574743,1.56983939928409
9.41447994486247,1.14122882743322,1.56983939928409
9.41451822195706,1.18122880911902,1.56983939928409
9.41455267134219,1.21722879263624,1.56983939928409
9.41458712072732,1.25322877615345,1.56983939928409
9.41461085252597,1.27802876479865,1.56983939928409
9.41463458432461,1.30282875344384,1.56983939928409
9.41465594294339,1.32514874322452,1.56983939928409
9.41467730156217,1.34746873300519,1.56983939928409
9.41469201527733,1.36284472596521,1.56983939928409
9.41470672899249,1.37822071892523,1.56983939928409
9.41471997133614,1.39205911258925,1.56983939928409
9.41473321367978,1.40589750625327,1.56983939928409
9.41474233618318,1.41543062188848,1.56983939928409
9.41475145868658,1.42496373752369,1.56983939928409
9.41475966893964,1.43354354159538,1.56983939928409
9.4147678791927,1.44212334566707,1.56983939928409
9.41477353514481,1.4480338773609,1.56983939928409
9.41477919109692,1.45394440905474,1.56983939928409
9.41478428145381,1.45926388757919,1.56983939928409
9.41478937181071,1.46458336610363,1.56983939928409
9.41479287850102,1.46824789575381,1.56983939928409
9.41479638519133,1.47191242540398,1.56983939928409
9.41479919054357,1.47484404912413,1.56983939928409
9.41480199589582,1.47777567284427,1.56983939928409
9.41480452071284,1.48041413419239,1.56983939928409
9.41480704552986,1.48305259554052,1.56983939928409
9.41480903732995,1.48513404838182,1.56983939928409
9.41481102913004,1.48721550122312,1.56983939928409
9.41481237008842,1.48861681736135,1.56983939928409
9.41481371104679,1.49001813349957,1.56983939928409
9.41481478381349,1.49113918641015,1.56983939928409
9.41481585658019,1.49226023932074,1.56983939928409
9.41481682207022,1.49326918694026,1.56983939928409
9.41481778756025,1.49427813455978,1.56983939928409
9.41481874448761,1.49527813410193,1.56983939928409
9.41481970141498,1.49627813364407,1.56983939928409
9.41482065834234,1.49727813318622,1.56983939928409
9.4148216152697,1.49827813272836,1.56983939928409
9.41486946163794,1.54827810983561,1.56983939928409
9.41491730800618,1.59827808694285,1.56983939928409
9.41495558510077,1.63827806862865,1.56983939928409
9.41499386219536,1.67827805031445,1.56983939928409
9.41502831158049,1.71427803383166,1.56983939928409
9.41506276096562,1.75027801734888,1.56983939928409
9.41508649276427,1.77507800599407,1.56983939928409
9.41511022456291,1.79987799463927,1.56983939928409
9.41512921000183,1.81971798555542,1.56983939928409
9.41514819544075,1.83955797647158,1.56983939928409
9.41516338379188,1.8554299692045,1.56983939928409
9.41517857214302,1.87130196193742,1.56983939928409
9.41519072282392,1.88399955612376,1.56983939928409
9.41520287350483,1.8966971503101,1.56983939928409
9.41521259404956,1.90685522565917,1.56983939928409
9.41522231459428,1.91701330100824,1.56983939928409
9.41523009103006,1.9251397612875,1.56983939928409
9.41523786746584,1.93326622156676,1.56983939928409
9.41524408861446,1.93976738979016,1.56983939928409
9.41525030976309,1.94626855801357,1.56983939928409
9.41525528668199,1.95146949259229,1.56983939928409
9.41526026360089,1.95667042717102,1.56983939928409
9.4152647428279,1.96135126829187,1.56983939928409
9.4152692220549,1.96603210941272,1.56983939928409
9.41527275566732,1.96972477296362,1.56983939928409
9.41527628927974,1.97341743651451,1.56983939928409
9.41527902160822,1.97627274959823,1.56983939928409
9.41528175393669,1.97912806268195,1.56983939928409
9.41528358643823,1.98104304679384,1.56983939928409
9.41528541893977,1.98295803090572,1.56983939928409
9.41528725144131,1.98487301501761,1.56983939928409
9.41528908394285,1.9867879991295,1.56983939928409
9.41529036669392,1.98812848800782,1.56983939928409
9.415291649445,1.98946897688614,1.56983939928409
9.41529260637237,1.99046897642828,1.56983939928409
9.41529356329973,1.99146897597043,1.56983939928409
9.41529452022709,1.99246897551257,1.56983939928409
9.41529547715446,1.99346897505472,1.56983939928409
9.4153433235227,2.04346895216196,1.56983939928409
9.41539116989093,2.09346892926921,1.56983939928409
9.41543423162235,2.13846890866573,1.56983939928409
9.41547729335376,2.18346888806225,1.56983939928409
9.41550695810207,2.21446887386874,1.56983939928409
9.41553662285038,2.24546885967523,1.56983939928409
9.41556035464902,2.27026884832043,1.56983939928409
9.41558408644767,2.29506883696562,1.56983939928409
9.41560544506645,2.31738882674629,1.56983939928409
9.41562680368523,2.33970881652697,1.56983939928409
9.41564365326227,2.35731680846506,1.56983939928409
9.41566050283931,2.37492480040314,1.56983939928409
9.41567353159676,2.38853999416935,1.56983939928409
9.41568656035422,2.40215518793557,1.56983939928409
9.41569660127823,2.41264806313135,1.56983939928409
9.41570664220223,2.42314093832713,1.56983939928409
9.41571437615809,2.43122300662671,1.56983939928409
9.41572211011396,2.43930507492629,1.56983939928409
9.41572806658183,2.44552964887634,1.56983939928409
9.4157340230497,2.45175422282638,1.56983939928409
9.41573801482842,2.45592567515646,1.56983939928409
9.41574200660713,2.46009712748654,1.56983939928409
9.4157452000301,2.4634342893506,1.56983939928409
9.41574839345307,2.46677145121467,1.56983939928409
9.41575126753374,2.46977489689232,1.56983939928409
9.41575414161442,2.47277834256998,1.56983939928409
9.41575640894473,2.47514772749347,1.56983939928409
9.41575867627503,2.47751711241695,1.56983939928409
9.41576042946425,2.47934921428032,1.56983939928409
9.41576218265346,2.48118131614369,1.56983939928409
9.41576353379072,2.48259326932838,1.56983939928409
9.41576488492798,2.48400522251306,1.56983939928409
9.41576584185534,2.48500522205521,1.56983939928409
9.4157667987827,2.48600522159735,1.56983939928409
9.41576775571007,2.48700522113949,1.56983939928409
9.41576871263743,2.48800522068164,1.56983939928409
9.4157696695648,2.48900522022378,1.56983939928409
9.41577062649216,2.49000521976593,1.56983939928409
9.4158184728604,2.54000519687317,1.56983939928409
9.41586631922864,2.59000517398042,1.56983939928409
9.41590459632323,2.63000515566622,1.56983939928409
9.41594287341782,2.67000513735201,1.56983939928409
9.41597349509349,2.70200512270065,1.56983939928409
9.41600411676916,2.73400510804929,1.56983939928409
9.4160286141097,2.75960509632819,1.56983939928409
9.41605311145024,2.7852050846071,1.56983939928409
9.41607515905672,2.80824507405812,1.56983939928409
9.4160972066632,2.83128506350914,1.56983939928409
9.41611459977499,2.84946105518717,1.56983939928409
9.41613199288677,2.86763704686519,1.56983939928409
9.41614370261554,2.87987384126251,1.56983939928409
9.41615541234432,2.89211063565983,1.56983939928409
9.41616478012734,2.90190007117769,1.56983939928409
9.41617414791037,2.91168950669554,1.56983939928409
9.41618257891509,2.92049999866161,1.56983939928409
9.41619100991981,2.92931049062768,1.56983939928409
9.41619766104575,2.93626098984536,1.56983939928409
9.41620346907122,2.94233043986643,1.56983939928409
9.4162092770967,2.9483998898875,1.56983939928409
9.41621325840448,2.95256039998259,1.56983939928409
9.41621723971227,2.95672091007768,1.56983939928409
9.41622042475849,2.96004931815375,1.56983939928409
9.41622360980472,2.96337772622982,1.56983939928409
9.41622647634633,2.96637329349828,1.56983939928409
9.41622934288793,2.96936886076674,1.56983939928409
9.41623131761659,2.97143247377391,1.56983939928409
9.41623329234525,2.97349608678107,1.56983939928409
9.41623487212818,2.9751469771868,1.56983939928409
9.41623645191111,2.97679786759253,1.56983939928409
9.41623771573745,2.97811857991712,1.56983939928409
9.4162389795638,2.9794392922417,1.56983939928409
9.41623999062487,2.98049586210137,1.56983939928409
9.41624100168595,2.98155243196104,1.56983939928409
9.41624195861331,2.98255243150318,1.56983939928409
9.41624291554068,2.98355243104533,1.56983939928409
9.41624387246804,2.98455243058747,1.56983939928409
9.4162448293954,2.98555243012962,1.56983939928409
9.41624578632277,2.98655242967176,1.56983939928409
9.41629363269101,3.03655240677901,1.56983939928409
9.41634147905924,3.08655238388625,1.56983939928409
9.41638454079066,3.13155236328277,1.56983939928409
9.41642760252207,3.17655234267929,1.56983939928409
9.41645726727038,3.20755232848579,1.56983939928409
9.41648693201869,3.23855231429228,1.56983939928409
9.41651066381733,3.26335230293747,1.56983939928409
9.41653439561598,3.28815229158267,1.56983939928409
9.4165533810549,3.30799228249882,1.56983939928409
9.41657236649381,3.32783227341498,1.56983939928409
9.41658755484495,3.3437042661479,1.56983939928409
9.41660274319608,3.35957625888082,1.56983939928409
9.41661489387699,3.37227385306716,1.56983939928409
9.41662704455789,3.3849714472535,1.56983939928409
9.41663676510262,3.39512952260257,1.56983939928409
9.41664648564734,3.40528759795164,1.56983939928409
9.41665620619207,3.41544567330072,1.56983939928409
9.41666301057338,3.42255632604507,1.56983939928409
9.41666981495468,3.42966697878942,1.56983939928409
9.41667525845973,3.4353555009849,1.56983939928409
9.41668070196477,3.44104402318038,1.56983939928409
9.41668505676881,3.44559484093676,1.56983939928409
9.41668941157285,3.45014565869314,1.56983939928409
9.41669376637689,3.45469647644953,1.56983939928409
9.41669725022012,3.45833713065464,1.56983939928409
9.41670073406335,3.46197778485974,1.56983939928409
9.41670308565753,3.46443522644819,1.56983939928409
9.41670543725171,3.46689266803664,1.56983939928409
9.41670731852705,3.46885862130739,1.56983939928409
9.41670919980239,3.47082457457815,1.56983939928409
9.41671070482267,3.47239733719476,1.56983939928409
9.41671220984294,3.47397009981136,1.56983939928409
9.41671341385916,3.47522830990465,1.56983939928409
9.41671461787538,3.47648651999793,1.56983939928409
9.41671558108836,3.47749308807256,1.56983939928409
9.41671654430134,3.47849965614719,1.56983939928409
9.4167175012287,3.47949965568934,1.56983939928409
9.41671845815606,3.48049965523148,1.56983939928409
9.41671941508343,3.48149965477363,1.56983939928409
9.41672037201079,3.48249965431577,1.56983939928409
9.41672132893816,3.48349965385791,1.56983939928409
9.41676917530639,3.53349963096516,1.56983939928409
9.41681702167463,3.5834996080724,1.56983939928409
9.41685529876922,3.6234995897582,1.56983939928409
9.41689357586381,3.663499571444,1.56983939928409
9.41692419753949,3.69549955679263,1.56983939928409
9.41695175704759,3.72429954360641,1.56983939928409
9.4169793165557,3.75309953042018,1.56983939928409
9.41700136416218,3.7761395198712,1.56983939928409
9.41702341176866,3.79917950932222,1.56983939928409
9.41704104985385,3.81761150088303,1.56983939928409
9.41705868793904,3.83604349244385,1.56983939928409
9.41707279840719,3.8507890856925,1.56983939928409
9.41708690887534,3.86553467894115,1.56983939928409
9.41709819724986,3.87733115354007,1.56983939928409
9.41710948562438,3.88912762813899,1.56983939928409
9.41711964516145,3.89974445527802,1.56983939928409
9.41712980469851,3.91036128241705,1.56983939928409
9.41713680349072,3.91767509666838,1.56983939928409
9.41714380228292,3.92498891091972,1.56983939928409
9.41714940131668,3.93083996232078,1.56983939928409
9.41715500035044,3.93669101372185,1.56983939928409
9.4171605993842,3.94254206512291,1.56983939928409
9.41716507861121,3.94722290624376,1.56983939928409
9.41716955783822,3.95190374736462,1.56983939928409
9.41717258131645,3.95506331512119,1.56983939928409
9.41717560479468,3.95822288287777,1.56983939928409
9.41717802357727,3.96075053708303,1.56983939928409
9.41718044235985,3.96327819128829,1.56983939928409
9.41718286114244,3.96580584549355,1.56983939928409
9.41718455429025,3.96757520343723,1.56983939928409
9.41718624743806,3.96934456138091,1.56983939928409
9.41718777127109,3.97093698353022,1.56983939928409
9.41718929510412,3.97252940567954,1.56983939928409
9.41719034485576,3.97362640760462,1.56983939928409
9.4171913946074,3.9747234095297,1.56983939928409
9.41719244435904,3.97582041145479,1.56983939928409
9.41719340128641,3.97682041099693,1.56983939928409
9.41719435821377,3.97782041053908,1.56983939928409
9.41719531514113,3.97882041008122,1.56983939928409
9.4171962720685,3.97982040962337,1.56983939928409
9.41719722899586,3.98082040916551,1.56983939928409
9.4172450753641,4.03082038627276,1.56983939928409
9.41728813709551,4.07582036566928,1.56983939928409
9.41733119882693,4.1208203450658,1.56983939928409
9.41737426055834,4.16582032446232,1.56983939928409
9.41740440377033,4.19732031003988,1.56983939928409
9.41743454698232,4.22882029561745,1.56983939928409
9.41745866155192,4.2540202840795,1.56983939928409
9.41748277612151,4.27922027254155,1.56983939928409
9.41750206777718,4.29938026331119,1.56983939928409
9.41752135943286,4.31954025408083,1.56983939928409
9.41753872192296,4.33768424577351,1.56983939928409
9.41755608441307,4.35582823746619,1.56983939928409
9.41756804523959,4.36832743174336,1.56983939928409
9.41758000606611,4.38082662602054,1.56983939928409
9.41759077080997,4.39207590087,1.56983939928409
9.41760153555384,4.40332517571946,1.56983939928409
9.41760895126628,4.41107467617131,1.56983939928409
9.41761636697872,4.41882417662316,1.56983939928409
9.41762229954867,4.42502377698464,1.56983939928409
9.41762823211863,4.43122337734612,1.56983939928409
9.41763416468858,4.4374229777076,1.56983939928409
9.41763831748755,4.44176269796064,1.56983939928409
9.41764247028651,4.44610241821367,1.56983939928409
9.41764579252569,4.4495741944161,1.56983939928409
9.41764911476486,4.45304597061853,1.56983939928409
9.4176517725562,4.45582339158047,1.56983939928409
9.41765443034754,4.45860081254242,1.56983939928409
9.41765655658061,4.46082274931197,1.56983939928409
9.41765868281368,4.46304468608153,1.56983939928409
9.41766059642344,4.46504442917413,1.56983939928409
9.41766251003321,4.46704417226673,1.56983939928409
9.41766401965869,4.46862174737311,1.56983939928409
9.41766552928417,4.47019932247949,1.56983939928409
9.41766654562357,4.47126140825534,1.56983939928409
9.41766756196298,4.47232349403119,1.56983939928409
9.41766851889035,4.47332349357333,1.56983939928409
9.41766947581771,4.47432349311548,1.56983939928409
9.41767043274507,4.47532349265762,1.56983939928409
9.41767138967244,4.47632349219977,1.56983939928409
9.41771923604068,4.52632346930701,1.56983939928409
9.41776708240891,4.57632344641426,1.56983939928409
9.41781014414033,4.62132342581078,1.56983939928409
9.41785320587174,4.6663234052073,1.56983939928409
9.41788287062005,4.69732339101379,1.56983939928409
9.41791253536836,4.72832337682029,1.56983939928409
9.41793923364183,4.75622336404613,1.56983939928409
9.41796593191531,4.78412335127197,1.56983939928409
9.41798432405926,4.803343342472,1.56983939928409
9.41800271620321,4.82256333367202,1.56983939928409
9.41801742991837,4.83793932663204,1.56983939928409
9.41803214363353,4.85331531959206,1.56983939928409
9.41804391460566,4.86561611396008,1.56983939928409
9.41805568557779,4.87791690832809,1.56983939928409
9.41806510235549,4.88775754382251,1.56983939928409
9.41807451913319,4.89759817931692,1.56983939928409
9.41808205255535,4.90547068771245,1.56983939928409
9.41808958597751,4.91334319610798,1.56983939928409
9.41809636605746,4.92042845366396,1.56983939928409
9.41810314613741,4.92751371121993,1.56983939928409
9.41810917287514,4.93381171793636,1.56983939928409
9.41811519961287,4.94010972465278,1.56983939928409
9.41811926766083,4.94436087918637,1.56983939928409
9.4181233357088,4.94861203371995,1.56983939928409
9.4181263942782,4.95180827212854,1.56983939928409
9.4181294528476,4.95500451053712,1.56983939928409
9.41813149289832,4.95713638581063,1.56983939928409
9.41813353294904,4.95926826108414,1.56983939928409
9.41813536899469,4.9611869488303,1.56983939928409
9.41813720504034,4.96310563657646,1.56983939928409
9.41813846987179,4.96442739924604,1.56983939928409
9.41813973470323,4.96574916191561,1.56983939928409
9.41814087305154,4.96693874831823,1.56983939928409
9.41814201139984,4.96812833472085,1.56983939928409
9.4181429683272,4.969128334263,1.56983939928409
9.41814392525457,4.97012833380514,1.56983939928409
9.41814488218193,4.97112833334729,1.56983939928409
9.4181458391093,4.97212833288943,1.56983939928409
9.4181458391093,4.97212833288943,1.72691903196358
9.4181458391093,4.97212833288943,1.88399866464307
9.4181458391093,4.97212833288943,2.00966237078666
9.4181458391093,4.97212833288943,2.12275970631589
9.4181458391093,4.97212833288943,2.2245473082922
9.4181458391093,4.97212833288943,2.31615615007088
9.4181458391093,4.97212833288943,2.40776499184956
9.4181458391093,4.97212833288943,2.4810520652725
9.4181458391093,4.97212833288943,2.55433913869544
9.4181458391093,4.97212833288943,2.62029750477609
9.4181458391093,4.97212833288943,2.67233132690638
9.4181458391093,4.97212833288943,2.71916176682364
9.4181458391093,4.97212833288943,2.7659922067409
9.4181458391093,4.97212833288943,2.80345655867471
9.4181458391093,4.97212833288943,2.84092091060852
9.4181458391093,4.97212833288943,2.87089239215557
9.4181458391093,4.97212833288943,2.90086387370261
9.4181458391093,4.97212833288943,2.93083535524966
9.4181458391093,4.97212833288943,2.9548125404873
9.4181458391093,4.97212833288943,2.97339485904647
9.4181458391093,4.97212833288943,2.99197717760564
9.4181458391093,4.97212833288943,3.0105594961648
9.4181458391093,4.97212833288943,3.02542535101214
9.4181458391093,4.97212833288943,3.03694638851882
9.4181458391093,4.97212833288943,3.04846742602551
9.4181458391093,4.97212833288943,3.05883635978153
9.4181458391093,4.97212833288943,3.06805318978687
9.4181458391093,4.97212833288943,3.07531144341608
9.4181458391093,4.97212833288943,3.08184387168237
9.4181458391093,4.97212833288943,3.08772305712204
9.4181458391093,4.97212833288943,3.09301432401773
9.4181458391093,4.97212833288943,3.09830559091343
9.4181458391093,4.97212833288943,3.10253860442998
9.4181458391093,4.97212833288943,3.10677161794654
9.4181458391093,4.97212833288943,3.11100463146309
9.4181458391093,4.97212833288943,3.11396774092468
9.4181458391093,4.97212833288943,3.11693085038627
9.4181458391093,4.97212833288943,3.11930133795554
9.4181458391093,4.97212833288943,3.12167182552482
9.4181458391093,4.97212833288943,3.12380526433716
9.4181458391093,4.97212833288943,3.12570165439258
9.4181458391093,4.97212833288943,3.12719506156122
9.4181458391093,4.97212833288943,3.128539128013
9.4181458391093,4.97212833288943,3.12974878781959
9.4181458391093,4.97212833288943,3.13095844762619
9.4181458391093,4.97212833288943,3.13216810743279
9.4181458391093,4.97212833288943,3.13301486929741
9.4181458391093,4.97212833288943,3.13377695497557
9.4181458391093,4.97212833288943,3.13446283208591
9.4181458391093,4.97212833288943,3.13514870919625
9.4181458391093,4.97212833288943,3.13569741088453
9.4181458391093,4.97212833288943,3.1362461125728
9.4181458391093,4.97212833288943,3.13673994409225
9.4181458391093,4.97212833288943,3.13717890544287
9.4181458391093,4.97212833288943,3.13761786679348
9.4181458391093,4.97212833288943,3.13791965272203
9.4181458391093,4.97212833288943,3.13819126005773
9.4181458391093,4.97212833288943,3.13846286739342
9.4181458391093,4.97212833288943,3.13868015326198
9.4181458391093,4.97212833288943,3.13887571054368
9.4181458391093,4.97212833288943,3.13907126782538
9.4181458391093,4.97212833288943,3.13922771365074
9.4181458391093,4.97212833288943,3.1393841594761
9.4181458391093,4.97212833288943,3.13950931613639
9.4181458391093,4.97212833288943,3.13963447279668
9.4181458391093,4.97212833288943,3.13975962945697
9.36814592310871,4.97221998404475,3.13975962945697
9.31814600710812,4.97231163520006,3.13975962945697
9.27814607430765,4.97238495612432,3.13975962945697
9.23814614150718,4.97245827704857,3.13975962945697
9.20614619526681,4.97251693378797,3.13975962945697
9.17734624365047,4.97256972485344,3.13975962945697
9.14854629203413,4.9726225159189,3.13975962945697
9.12550633074106,4.97266474877127,3.13975962945697
9.10246636944799,4.97270698162364,3.13975962945697
9.08403440041353,4.97274076790553,3.13975962945697
9.06560243137908,4.97277455418743,3.13975962945697
9.05085685615151,4.97280158321295,3.13975962945697
9.03611128092395,4.97282861223846,3.13975962945697
9.02284026321914,4.97285293836143,3.13975962945697
9.00956924551433,4.97287726448439,3.13975962945697
9.00042698887324,4.97289402248021,3.13975962945697
8.99128473223215,4.97291078047603,3.13975962945697
8.98397092691928,4.97292418687269,3.13975962945697
8.97665712160641,4.97293759326935,3.13975962945697
8.97080607735611,4.97294831838667,3.13975962945697
8.96495503310581,4.972959043504,3.13975962945697
8.95968909328054,4.97296869610959,3.13975962945697
8.95442315345528,4.97297834871518,3.13975962945697
8.95079550602009,4.97298499828792,3.13975962945697
8.94716785858491,4.97299164786066,3.13975962945697
8.94426574063676,4.97299696751886,3.13975962945697
8.94136362268861,4.97300228717705,3.13975962945697
8.93846150474046,4.97300760683524,3.13975962945697
8.93643002217676,4.97301133059598,3.13975962945697
8.93460168786943,4.97301468198064,3.13975962945697
8.93277335356209,4.9730180333653,3.13975962945697
8.93112785268549,4.9730210496115,3.13975962945697
8.92948235180889,4.97302406585769,3.13975962945697
8.92834878453835,4.97302614371618,3.13975962945697
8.9272152172678,4.97302822157467,3.13975962945697
8.92621521894779,4.97303005459778,3.13975962945697
8.92521522062778,4.97303188762089,3.13975962945697
8.92421522230776,4.97303372064399,3.13975962945697
8.92321522398775,4.9730355536671,3.13975962945697
8.92221522566774,4.97303738669021,3.13975962945697
8.92121522734773,4.97303921971331,3.13975962945697
8.87121531134714,4.97313087086863,3.13975962945697
8.82121539534655,4.97322252202395,3.13975962945697
8.78121546254608,4.9732958429482,3.13975962945697
8.74121552974562,4.97336916387245,3.13975962945697
8.70921558350524,4.97342782061186,3.13975962945697
8.6804156318889,4.97348061167732,3.13975962945697
8.65161568027257,4.97353340274278,3.13975962945697
8.62857571897949,4.97357563559515,3.13975962945697
8.60553575768642,4.97361786844752,3.13975962945697
8.58479979252266,4.97365587801465,3.13975962945697
8.5663678234882,4.97368966429655,3.13975962945697
8.54793585445375,4.97372345057844,3.13975962945697
8.53526387574256,4.97374667864725,3.13975962945697
8.52259189703137,4.97376990671605,3.13975962945697
8.51245431406242,4.97378848917109,3.13975962945697
8.50231673109347,4.97380707162614,3.13975962945697
8.49420666471831,4.97382193759017,3.13975962945697
8.48609659834315,4.97383680355421,3.13975962945697
8.47960854524302,4.97384869632543,3.13975962945697
8.47312049214289,4.97386058909666,3.13975962945697
8.46728124435277,4.97387129259077,3.13975962945697
8.46144199656266,4.97388199608487,3.13975962945697
8.45741940364058,4.97388936960303,3.13975962945697
8.45379907001071,4.97389600576938,3.13975962945697
8.45017873638084,4.97390264193572,3.13975962945697
8.44728246947694,4.9739079508688,3.13975962945697
8.44438620257304,4.97391325980187,3.13975962945697
8.44206918904992,4.97391750694833,3.13975962945697
8.4397521755268,4.97392175409479,3.13975962945697
8.437666863356,4.97392557652661,3.13975962945697
8.43558155118519,4.97392939895842,3.13975962945697
8.43393647158378,4.97393241443241,3.13975962945697
8.43229139198236,4.9739354299064,3.13975962945697
8.43118385951831,4.97393746004241,3.13975962945697
8.43007632705426,4.97393949017842,3.13975962945697
8.42907632873425,4.97394132320152,3.13975962945697
8.42807633041424,4.97394315622463,3.13975962945697
8.42707633209423,4.97394498924774,3.13975962945697
8.42607633377422,4.97394682227084,3.13975962945697
8.37607641777363,4.97403847342616,3.13975962945697
8.32607650177304,4.97413012458147,3.13975962945697
8.28607656897257,4.97420344550573,3.13975962945697
8.2460766361721,4.97427676642998,3.13975962945697
8.21407668993173,4.97433542316939,3.13975962945697
8.18207674369135,4.97439407990879,3.13975962945697
8.15327679207501,4.97444687097425,3.13975962945697
8.12767683508271,4.97449379636577,3.13975962945697
8.10207687809041,4.97454072175729,3.13975962945697
8.08447690765821,4.97457298296396,3.13975962945697
8.066876937226,4.97460524417064,3.13975962945697
8.05279696088024,4.97463105313597,3.13975962945697
8.03871698453447,4.97465686210131,3.13975962945697
8.02604500582328,4.97468009017011,3.13975962945697
8.01337302711209,4.97470331823892,3.13975962945697
8.00464344177772,4.97471931979743,3.13975962945697
7.99591385644334,4.97473532135594,3.13975962945697
7.98893018817584,4.97474812260274,3.13975962945697
7.98264488673509,4.97475964372487,3.13975962945697
7.97635958529434,4.974771164847,3.13975962945697
7.97133134414174,4.9747803817447,3.13975962945697
7.96630310298914,4.9747895986424,3.13975962945697
7.96127486183655,4.9747988155401,3.13975962945697
7.95775509302973,4.97480526736849,3.13975962945697
7.95423532422291,4.97481171919688,3.13975962945697
7.95071555541609,4.97481817102527,3.13975962945697
7.94789974037063,4.97482333248798,3.13975962945697
7.94508392532517,4.9748284939507,3.13975962945697
7.94318325016949,4.97483197793803,3.13975962945697
7.94128257501381,4.97483546192536,3.13975962945697
7.93976203488926,4.97483824911522,3.13975962945697
7.93824149476472,4.97484103630509,3.13975962945697
7.93672095464017,4.97484382349495,3.13975962945697
7.93565657655299,4.97484577452786,3.13975962945697
7.93459219846581,4.97484772556076,3.13975962945697
7.93359220014579,4.97484955858387,3.13975962945697
7.93259220182578,4.97485139160698,3.13975962945697
7.93159220350577,4.97485322463008,3.13975962945697
7.93059220518576,4.97485505765319,3.13975962945697
7.92959220686575,4.9748568906763,3.13975962945697
7.92859220854573,4.9748587236994,3.13975962945697
7.87859229254515,4.97495037485472,3.13975962945697
7.82859237654456,4.97504202601004,3.13975962945697
7.78359245214403,4.97512451204982,3.13975962945697
7.74809251178362,4.9751895843701,3.13975962945697
7.71614256545924,4.97524814945834,3.13975962945697
7.6873876137673,4.97530085803777,3.13975962945697
7.65863266207537,4.97535356661719,3.13975962945697
7.63562870072182,4.97539573348073,3.13975962945697
7.61262473936827,4.97543790034427,3.13975962945697
7.59422157028543,4.9754716338351,3.13975962945697
7.57581840120259,4.97550536732593,3.13975962945697
7.56109586593631,4.97553235411859,3.13975962945697
7.54637333067004,4.97555934091126,3.13975962945697
7.53459530245703,4.97558093034539,3.13975962945697
7.52281727424401,4.97560251977952,3.13975962945697
7.51221704885229,4.97562195027024,3.13975962945697
7.50161682346058,4.97564138076096,3.13975962945697
7.49431444596851,4.97565476621012,3.13975962945697
7.48701206847643,4.97566815165928,3.13975962945697
7.48117016648278,4.97567886001861,3.13975962945697
7.47591245468849,4.97568849754201,3.13975962945697
7.4706547428942,4.9756981350654,3.13975962945697
7.46644857345876,4.97570584508412,3.13975962945697
7.46224240402333,4.97571355510284,3.13975962945697
7.4580362345879,4.97572126512155,3.13975962945697
7.45509191598309,4.97572666213466,3.13975962945697
7.45214759737829,4.97573205914776,3.13975962945697
7.44979214249445,4.97573637675824,3.13975962945697
7.44743668761061,4.97574069436872,3.13975962945697
7.44555232370353,4.97574414845711,3.13975962945697
7.44366795979646,4.97574760254549,3.13975962945697
7.4421604686708,4.9757503658162,3.13975962945697
7.44065297754514,4.97575312908691,3.13975962945697
7.43944698464461,4.97575533970347,3.13975962945697
7.43824099174409,4.97575755032004,3.13975962945697
7.43724099342407,4.97575938334315,3.13975962945697
7.43624099510406,4.97576121636625,3.13975962945697
7.43524099678405,4.97576304938936,3.13975962945697
7.43424099846404,4.97576488241247,3.13975962945697
7.43324100014403,4.97576671543557,3.13975962945697
7.43224100182402,4.97576854845868,3.13975962945697
7.38224108582343,4.975860199614,3.13975962945697
7.33224116982284,4.97595185076931,3.13975962945697
7.29224123702237,4.97602517169357,3.13975962945697
7.2522413042219,4.97609849261782,3.13975962945697
7.22024135798153,4.97615714935722,3.13975962945697
7.18824141174115,4.97621580609663,3.13975962945697
7.16264145474885,4.97626273148815,3.13975962945697
7.13960149345578,4.97630496434052,3.13975962945697
7.11656153216271,4.97634719719289,3.13975962945697
7.09352157086964,4.97638943004526,3.13975962945697
7.07048160957657,4.97643166289763,3.13975962945697
7.05665763280073,4.97645700260905,3.13975962945697
7.04283365602489,4.97648234232047,3.13975962945697
7.03177447460421,4.97650261408961,3.13975962945697
7.02071529318354,4.97652288585875,3.13975962945697
7.011867948047,4.97653910327406,3.13975962945697
7.00302060291046,4.97655532068937,3.13975962945697
6.99505799228758,4.97656991636315,3.13975962945697
6.98709538166469,4.97658451203693,3.13975962945697
6.98081376661775,4.9765960264018,3.13975962945697
6.97453215157081,4.97660754076667,3.13975962945697
6.96967495909084,4.97661644412767,3.13975962945697
6.96481776661088,4.97662534748868,3.13975962945697
6.96156017413161,4.97663131874099,3.13975962945697
6.95830258165234,4.97663728999331,3.13975962945697
6.95569650766892,4.97664206699516,3.13975962945697
6.9530904336855,4.97664684399702,3.13975962945697
6.95100557449877,4.9766506655985,3.13975962945697
6.94892071531203,4.97665448719998,3.13975962945697
6.94704434204397,4.97665792664132,3.13975962945697
6.94516796877591,4.97666136608265,3.13975962945697
6.94368771875332,4.97666407941971,3.13975962945697
6.94220746873074,4.97666679275676,3.13975962945697
6.94120747041073,4.97666862577987,3.13975962945697
6.94020747209072,4.97667045880297,3.13975962945697
6.93920747377071,4.97667229182608,3.13975962945697
6.9382074754507,4.97667412484919,3.13975962945697
6.93720747713068,4.97667595787229,3.13975962945697
6.93620747881067,4.9766777908954,3.13975962945697
6.88620756281008,4.97676944205072,3.13975962945697
6.8362076468095,4.97686109320603,3.13975962945697
6.79620771400903,4.97693441413029,3.13975962945697
6.75620778120856,4.97700773505454,3.13975962945697
6.71620784840809,4.97708105597879,3.13975962945697
6.67620791560762,4.97715437690305,3.13975962945697
6.64820796264729,4.97720570155003,3.13975962945697
6.62020800968696,4.977257026197,3.13975962945697
6.60180804059875,4.97729075382216,3.13975962945697
6.58340807151053,4.97732448144732,3.13975962945697
6.56868809623996,4.97735146354744,3.13975962945697
6.55396812096939,4.97737844564757,3.13975962945697
6.54219214075293,4.97740003132767,3.13975962945697
6.53041616053647,4.97742161700777,3.13975962945697
6.5209953763633,4.97743888555185,3.13975962945697
6.51157459219014,4.97745615409593,3.13975962945697
6.50309588643429,4.9774716957856,3.13975962945697
6.49461718067844,4.97748723747527,3.13975962945697
6.48877629449107,4.9774979439726,3.13975962945697
6.48293540830371,4.97750865046993,3.13975962945697
6.47767861073508,4.97751828631753,3.13975962945697
6.47242181316646,4.97752792216512,3.13975962945697
6.46827478397343,4.97753552377823,3.13975962945697
6.46506813745657,4.97754140164526,3.13975962945697
6.4618614909397,4.9775472795123,3.13975962945697
6.45929617372621,4.97755198180592,3.13975962945697
6.45673085651272,4.97755668409955,3.13975962945697
6.45467860274193,4.97756044593445,3.13975962945697
6.45262634897114,4.97756420776935,3.13975962945697
6.45098454595451,4.97756721723728,3.13975962945697
6.44934274293787,4.9775702267052,3.13975962945697
6.44802930052457,4.97757263427953,3.13975962945697
6.44671585811126,4.97757504185387,3.13975962945697
6.44540241569795,4.97757744942821,3.13975962945697
6.44440241737794,4.97757928245131,3.13975962945697
6.44340241905793,4.97758111547442,3.13975962945697
6.44240242073792,4.97758294849753,3.13975962945697
6.44140242241791,4.97758478152063,3.13975962945697
6.44040242409789,4.97758661454374,3.13975962945697
6.39040250809731,4.97767826569906,3.13975962945697
6.34540258369678,4.97776075173884,3.13975962945697
6.30040265929625,4.97784323777863,3.13975962945697
6.25990272733577,4.97791747521443,3.13975962945697
6.2194027953753,4.97799171265024,3.13975962945697
6.19150284224697,4.97804285399491,3.13975962945697
6.16360288911864,4.97809399533957,3.13975962945697
6.14128292661598,4.97813490841531,3.13975962945697
6.11896296411332,4.97817582149104,3.13975962945697
6.10110699411119,4.97820855195163,3.13975962945697
6.08503662110928,4.97823800936616,3.13975962945697
6.06896624810736,4.97826746678069,3.13975962945697
6.05450291240563,4.97829397845376,3.13975962945697
6.04003957670391,4.97832049012684,3.13975962945697
6.02718327830238,4.97834405605846,3.13975962945697
6.01432697990084,4.97836762199008,3.13975962945697
6.00693460831996,4.97838117240076,3.13975962945697
5.99954223673908,4.97839472281145,3.13975962945697
5.99362833947437,4.97840556313999,3.13975962945697
5.98771444220967,4.97841640346854,3.13975962945697
5.9829833243979,4.97842507573138,3.13975962945697
5.97825220658614,4.97843374799421,3.13975962945697
5.97446731233673,4.97844068580448,3.13975962945697
5.97068241808732,4.97844762361475,3.13975962945697
5.96765450268779,4.97845317386297,3.13975962945697
5.96462658728826,4.97845872411118,3.13975962945697
5.96159867188873,4.9784642743594,3.13975962945697
5.95947913110906,4.97846815953315,3.13975962945697
5.95735959032939,4.9784720447069,3.13975962945697
5.95566395770565,4.9784751528459,3.13975962945697
5.95396832508192,4.9784782609849,3.13975962945697
5.95261181898293,4.9784807474961,3.13975962945697
5.95125531288394,4.9784832340073,3.13975962945697
5.95017010800475,4.97848522321626,3.13975962945697
5.94908490312556,4.97848721242522,3.13975962945697
5.94808490480555,4.97848904544833,3.13975962945697
5.94708490648553,4.97849087847144,3.13975962945697
5.94608490816552,4.97849271149454,3.13975962945697
5.94508490984551,4.97849454451765,3.13975962945697
5.89508499384492,4.97858619567297,3.13975962945697
5.84508507784434,4.97867784682828,3.13975962945697
5.79508516184375,4.9787694979836,3.13975962945697
5.74508524584316,4.97886114913892,3.13975962945697
5.70508531304269,4.97893447006317,3.13975962945697
5.66508538024222,4.97900779098742,3.13975962945697
5.64308541720196,4.97904811749576,3.13975962945697
5.62108545416171,4.9790884440041,3.13975962945697
5.6034854837295,4.97912070521077,3.13975962945697
5.58588551329729,4.97915296641745,3.13975962945697
5.57180553695153,4.97917877538278,3.13975962945697
5.55772556060576,4.97920458434812,3.13975962945697
5.54505358189457,4.97922781241692,3.13975962945697
5.53238160318339,4.97925104048573,3.13975962945697
5.52111762210677,4.979271687658,3.13975962945697
5.50985364103016,4.97929233483027,3.13975962945697
5.49858965995355,4.97931298200254,3.13975962945697
5.4921128708345,4.97932485412659,3.13975962945697
5.48563608171544,4.97933672625065,3.13975962945697
5.48093336961596,4.97934534644507,3.13975962945697
5.47623065751647,4.97935396663949,3.13975962945697
5.47264589553884,4.97936053760207,3.13975962945697
5.46906113356121,4.97936710856464,3.13975962945697
5.46666359518905,4.97937150331526,3.13975962945697
5.4642660568169,4.97937589806588,3.13975962945697
5.46234802611917,4.97937941386637,3.13975962945697
5.46042999542145,4.97938292966686,3.13975962945697
5.45870376779349,4.97938609388731,3.13975962945697
5.45697754016554,4.97938925810775,3.13975962945697
5.45578836113295,4.97939143790406,3.13975962945697
5.45459918210036,4.97939361770037,3.13975962945697
5.45359918378035,4.97939545072347,3.13975962945697
5.45259918546034,4.97939728374658,3.13975962945697
5.45159918714033,4.97939911676969,3.13975962945697
5.45059918882031,4.97940094979279,3.13975962945697
5.4495991905003,4.9794027828159,3.13975962945697
5.44859919218029,4.97940461583901,3.13975962945697
5.44759919386028,4.97940644886211,3.13975962945697
5.39759927785969,4.97949810001743,3.13975962945697
5.34759936185911,4.97958975117275,3.13975962945697
5.30759942905864,4.979663072097,3.13975962945697
5.26759949625817,4.97973639302125,3.13975962945697
5.23559955001779,4.97979504976066,3.13975962945697
5.20679959840145,4.97984784082612,3.13975962945697
5.17799964678511,4.97990063189158,3.13975962945697
5.15207969033041,4.9799481438505,3.13975962945697
5.12615973387571,4.97999565580941,3.13975962945697
5.10571176822811,4.98003313746589,3.13975962945697
5.08526380258051,4.98007061912237,3.13975962945697
5.06945262914314,4.98009960141731,3.13975962945697
5.05364145570577,4.98012858371225,3.13975962945697
5.04145619617689,4.98015091961205,3.13975962945697
5.02927093664802,4.98017325551184,3.13975962945697
5.02110384636866,4.98018822600219,3.13975962945697
5.01375346511724,4.9802016994435,3.13975962945697
5.00640308386581,4.98021517288481,3.13975962945697
5.00052277886467,4.98022595163785,3.13975962945697
4.99464247386353,4.9802367303909,3.13975962945697
4.9893501993625,4.98024643126864,3.13975962945697
4.98517518281169,4.98025408418331,3.13975962945697
4.98100016626089,4.98026173709797,3.13975962945697
4.97766015302024,4.9802678594297,3.13975962945697
4.97432013977959,4.98027398176143,3.13975962945697
4.97164812918707,4.98027887962682,3.13975962945697
4.96897611859456,4.9802837774922,3.13975962945697
4.96683851012054,4.98028769578451,3.13975962945697
4.96470090164653,4.98029161407682,3.13975962945697
4.96299081486731,4.98029474871066,3.13975962945697
4.96145173676602,4.98029756988113,3.13975962945697
4.95991265866473,4.98030039105159,3.13975962945697
4.95852748837357,4.980302930105,3.13975962945697
4.95714231808241,4.98030546915842,3.13975962945697
4.9560495726305,4.98030747218945,3.13975962945697
4.95495682717858,4.98030947522047,3.13975962945697
4.95395682885857,4.98031130824358,3.13975962945697
4.95295683053856,4.98031314126669,3.13975962945697
4.95195683221854,4.98031497428979,3.13975962945697
4.95095683389853,4.9803168073129,3.13975962945697
4.94995683557852,4.98031864033601,3.13975962945697
4.89995691957793,4.98041029149132,3.13975962945697
4.84995700357735,4.98050194264664,3.13975962945697
4.80495707917682,4.98058442868643,3.13975962945697
4.75995715477629,4.98066691472621,3.13975962945697
4.71995722197582,4.98074023565047,3.13975962945697
4.67995728917535,4.98081355657472,3.13975962945697
4.65695732781508,4.98085571610616,3.13975962945697
4.63395736645481,4.98089787563761,3.13975962945697
4.61325740123057,4.98093581921591,3.13975962945697
4.59255743600633,4.98097376279421,3.13975962945697
4.57622746344053,4.98100369606154,3.13975962945697
4.55989749087474,4.98103362932887,3.13975962945697
4.54727051208795,4.98105677491163,3.13975962945697
4.53464353330117,4.98107992049439,3.13975962945697
4.52617494752831,4.98109544363387,3.13975962945697
4.51855322033275,4.9811094144594,3.13975962945697
4.51093149313718,4.98112338528493,3.13975962945697
4.50483411138073,4.98113456194536,3.13975962945697
4.49873672962428,4.98114573860578,3.13975962945697
4.49385882421911,4.98115467993412,3.13975962945697
4.48898091881395,4.98116362126246,3.13975962945697
4.48459080394931,4.98117166845797,3.13975962945697
4.48068847962518,4.98117882152064,3.13975962945697
4.47678615530105,4.98118597458331,3.13975962945697
4.47371307489579,4.98119160762017,3.13975962945697
4.47063999449054,4.98119724065702,3.13975962945697
4.46826445455823,4.98120159508392,3.13975962945697
4.46619622266644,4.98120538620714,3.13975962945697
4.46412799077465,4.98120917733035,3.13975962945697
4.46271095925445,4.98121177478624,3.13975962945697
4.46129392773425,4.98121437224212,3.13975962945697
4.45987689621405,4.981216969698,3.13975962945697
4.45887689789404,4.98121880272111,3.13975962945697
4.45787689957403,4.98122063574421,3.13975962945697
4.45687690125402,4.98122246876732,3.13975962945697
4.455876902934,4.98122430179043,3.13975962945697
4.45487690461399,4.98122613481353,3.13975962945697
4.45387690629398,4.98122796783664,3.13975962945697
4.45287690797397,4.98122980085975,3.13975962945697
4.40287699197338,4.98132145201506,3.13975962945697
4.35287707597279,4.98141310317038,3.13975962945697
4.31287714317233,4.98148642409463,3.13975962945697
4.27287721037186,4.98155974501889,3.13975962945697
4.23687727085143,4.98162573385072,3.13975962945697
4.20087733133101,4.98169172268254,3.13975962945697
4.17247737904268,4.98174378053877,3.13975962945697
4.14407742675434,4.98179583839499,3.13975962945697
4.12495745887572,4.98183088579678,3.13975962945697
4.10774948778496,4.98186242845839,3.13975962945697
4.0905415166942,4.98189397112001,3.13975962945697
4.07505434271251,4.98192235951546,3.13975962945697
4.05956716873083,4.98195074791091,3.13975962945697
4.04580079185822,4.9819759820402,3.13975962945697
4.03650848746921,4.98199301507747,3.13975962945697
4.02721618308019,4.98201004811475,3.13975962945697
4.01885310913008,4.98202537784829,3.13975962945697
4.01049003517997,4.98204070758183,3.13975962945697
4.00472880645879,4.98205126806494,3.13975962945697
3.9989675777376,4.98206182854805,3.13975962945697
3.99435859476065,4.98207027693454,3.13975962945697
3.9897496117837,4.98207872532102,3.13975962945697
3.98606242540214,4.98208548403021,3.13975962945697
3.98237523902058,4.9820922427394,3.13975962945697
3.97905677127718,4.98209832557767,3.13975962945697
3.97573830353377,4.98210440841594,3.13975962945697
3.97345224797721,4.98210859881564,3.13975962945697
3.97116619242064,4.98211278921534,3.13975962945697
3.96933734797538,4.9821161415351,3.13975962945697
3.96769138797466,4.98211915862288,3.13975962945697
3.96604542797393,4.98212217571066,3.13975962945697
3.96456406397327,4.98212489108966,3.13975962945697
3.96308269997262,4.98212760646867,3.13975962945697
3.96206220477217,4.98212947706309,3.13975962945697
3.96104170957171,4.98213134765752,3.13975962945697
3.9600417112517,4.98213318068063,3.13975962945697
3.95904171293169,4.98213501370373,3.13975962945697
3.95804171461168,4.98213684672684,3.13975962945697
3.95704171629167,4.98213867974995,3.13975962945697
3.95604171797165,4.98214051277305,3.13975962945697
3.95504171965164,4.98214234579616,3.13975962945697
3.90504180365106,4.98223399695148,3.13975962945697
3.85504188765047,4.98232564810679,3.13975962945697
3.81504195485,4.98239896903105,3.13975962945697
3.77904201532958,4.98246495786287,3.13975962945697
3.7466420697612,4.98252434781152,3.13975962945697
3.71424212419282,4.98258373776016,3.13975962945697
3.68832216773811,4.98263124971908,3.13975962945697
3.66240221128341,4.982678761678,3.13975962945697
3.64166624611965,4.98271677124513,3.13975962945697
3.62093028095588,4.98275478081226,3.13975962945697
3.60434150882487,4.98278518846597,3.13975962945697
3.58775273669386,4.98281559611968,3.13975962945697
3.57448171898905,4.98283992224264,3.13975962945697
3.56121070128424,4.98286424836561,3.13975962945697
3.5505938871204,4.98288370926398,3.13975962945697
3.53997707295655,4.98290317016235,3.13975962945697
3.53148362162547,4.98291873888105,3.13975962945697
3.5229901702944,4.98293430759974,3.13975962945697
3.51534606409643,4.98294831944657,3.13975962945697
3.50855130303156,4.98296077442153,3.13975962945697
3.5017565419667,4.98297322939649,3.13975962945697
3.49708514373461,4.98298179219177,3.13975962945697
3.49241374550252,4.98299035498705,3.13975962945697
3.48867662691684,4.98299720522328,3.13975962945697
3.48493950833117,4.98300405545951,3.13975962945697
3.48194981346263,4.98300953564849,3.13975962945697
3.47896011859409,4.98301501583747,3.13975962945697
3.47656836269926,4.98301939998866,3.13975962945697
3.47441578239391,4.98302334572472,3.13975962945697
3.47226320208856,4.98302729146079,3.13975962945697
3.47054113784428,4.98303044804964,3.13975962945697
3.46899128002443,4.98303328897961,3.13975962945697
3.46744142220458,4.98303612990958,3.13975962945697
3.46604655016672,4.98303868674655,3.13975962945697
3.46465167812885,4.98304124358352,3.13975962945697
3.46365167980884,4.98304307660663,3.13975962945697
3.46265168148883,4.98304490962974,3.13975962945697
3.46165168316881,4.98304674265284,3.13975962945697
3.4606516848488,4.98304857567595,3.13975962945697
3.45965168652879,4.98305040869906,3.13975962945697
3.45865168820878,4.98305224172216,3.13975962945697
3.40865177220819,4.98314389287748,3.13975962945697
3.35865185620761,4.9832355440328,3.13975962945697
3.31865192340714,4.98330886495705,3.13975962945697
3.27865199060667,4.9833821858813,3.13975962945697
3.24265205108625,4.98344817471313,3.13975962945697
3.20665211156582,4.98351416354496,3.13975962945697
3.18185215322953,4.983559622518,3.13975962945697
3.15705219489324,4.98360508149103,3.13975962945697
3.13721222822421,4.98364144866946,3.13975962945697
3.11737226155517,4.98367781584789,3.13975962945697
3.10150028821995,4.98370690959064,3.13975962945697
3.08562831488472,4.98373600333338,3.13975962945697
3.07293073621654,4.98375927832758,3.13975962945697
3.06023315754836,4.98378255332177,3.13975962945697
3.048805336747,4.98380350081655,3.13975962945697
3.03979005589259,4.98382002606243,3.13975962945697
3.03077477503818,4.9838365513083,3.13975962945697
3.02356255035465,4.98384977150501,3.13975962945697
3.01635032567113,4.98386299170171,3.13975962945697
3.01058054592431,4.98387356785907,3.13975962945697
3.00481076617748,4.98388414401643,3.13975962945697
3.00019494238003,4.98389260494232,3.13975962945697
2.99557911858257,4.98390106586821,3.13975962945697
2.9918864595446,4.98390783460892,3.13975962945697
2.98819380050664,4.98391460334964,3.13975962945697
2.98523967327627,4.98392001834221,3.13975962945697
2.98228554604589,4.98392543333478,3.13975962945697
2.97933141881552,4.98393084832735,3.13975962945697
2.97726352975426,4.98393463882215,3.13975962945697
2.975195640693,4.98393842931694,3.13975962945697
2.97354132944399,4.98394146171278,3.13975962945697
2.97188701819498,4.98394449410862,3.13975962945697
2.97056356919577,4.98394692002529,3.13975962945697
2.96924012019657,4.98394934594197,3.13975962945697
2.9681813609972,4.9839512866753,3.13975962945697
2.96712260179784,4.98395322740864,3.13975962945697
2.96612260347782,4.98395506043175,3.13975962945697
2.96512260515781,4.98395689345485,3.13975962945697
2.9641226068378,4.98395872647796,3.13975962945697
2.96312260851779,4.98396055950107,3.13975962945697
2.96212261019778,4.98396239252417,3.13975962945697
2.91212269419719,4.98405404367949,3.13975962945697
2.8621227781966,4.9841456948348,3.13975962945697
2.82212284539614,4.98421901575906,3.13975962945697
2.78212291259567,4.98429233668331,3.13975962945697
2.75012296635529,4.98435099342272,3.13975962945697
2.71812302011491,4.98440965016212,3.13975962945697
2.69252306312261,4.98445657555364,3.13975962945697
2.66692310613031,4.98450350094516,3.13975962945697
2.64644314053647,4.98454104125838,3.13975962945697
2.62596317494263,4.9845785815716,3.13975962945697
2.60957920246756,4.98460861382217,3.13975962945697
2.59319522999249,4.98463864607275,3.13975962945697
2.57844965476492,4.98466567509826,3.13975962945697
2.56370407953736,4.98469270412378,3.13975962945697
2.55354601660281,4.98471132411914,3.13975962945697
2.54338795366827,4.98472994411449,3.13975962945697
2.53526150332063,4.98474484011078,3.13975962945697
2.527135052973,4.98475973610706,3.13975962945697
2.52063389269489,4.98477165290409,3.13975962945697
2.51413273241678,4.98478356970112,3.13975962945697
2.50828168816648,4.98479429481844,3.13975962945697
2.50243064391618,4.98480501993577,3.13975962945697
2.49839992454376,4.98481240834992,3.13975962945697
2.49436920517133,4.98481979676408,3.13975962945697
2.4903384857989,4.98482718517824,3.13975962945697
2.4875169822382,4.98483235706815,3.13975962945697
2.4846954786775,4.98483752895806,3.13975962945697
2.48243827582894,4.98484166646999,3.13975962945697
2.48018107298038,4.98484580398191,3.13975962945697
2.47837531070154,4.98484911399146,3.13975962945697
2.47656954842269,4.984852424001,3.13975962945697
2.47512493859961,4.98485507200863,3.13975962945697
2.47368032877653,4.98485772001627,3.13975962945697
2.47252464091807,4.98485983842237,3.13975962945697
2.47136895305961,4.98486195682848,3.13975962945697
2.4703689547396,4.98486378985159,3.13975962945697
2.46936895641958,4.98486562287469,3.13975962945697
2.46836895809957,4.9848674558978,3.13975962945697
2.46736895977956,4.98486928892091,3.13975962945697
2.46636896145955,4.98487112194401,3.13975962945697
2.46536896313954,4.98487295496712,3.13975962945697
2.46436896481953,4.98487478799023,3.13975962945697
2.41436904881894,4.98496643914554,3.13975962945697
2.36436913281835,4.98505809030086,3.13975962945697
2.32436920001788,4.98513141122511,3.13975962945697
2.28436926721741,4.98520473214937,3.13975962945697
2.25236932097704,4.98526338888877,3.13975962945697
2.22036937473666,4.98532204562817,3.13975962945697
2.19476941774436,4.9853689710197,3.13975962945697
2.16916946075206,4.98541589641122,3.13975962945697
2.14612949945899,4.98545812926359,3.13975962945697
2.12308953816592,4.98550036211596,3.13975962945697
2.10260957257208,4.98553790242918,3.13975962945697
2.08673759923686,4.98556699617192,3.13975962945697
2.07086562590163,4.98559608991466,3.13975962945697
2.06021604379283,4.98561561087754,3.13975962945697
2.04956646168403,4.98563513184041,3.13975962945697
2.03998183778612,4.98565270070699,3.13975962945697
2.0303972138882,4.98567026957358,3.13975962945697
2.02379447298075,4.98568237257056,3.13975962945697
2.01719173207329,4.98569447556754,3.13975962945697
2.01190953934733,4.98570415796513,3.13975962945697
2.00662734662137,4.98571384036271,3.13975962945697
2.0024015924406,4.98572158628078,3.13975962945697
1.99817583825982,4.98572933219885,3.13975962945697
1.99479523491521,4.9857355289333,3.13975962945697
1.99141463157059,4.98574172566776,3.13975962945697
1.98837208856044,4.98574730272877,3.13975962945697
1.98532954555028,4.98575287978978,3.13975962945697
1.98262506287459,4.98575783717734,3.13975962945697
1.9799205801989,4.9857627945649,3.13975962945697
1.9780950543928,4.98576614080151,3.13975962945697
1.97626952858671,4.98576948703811,3.13975962945697
1.9750795562094,4.98577166828864,3.13975962945697
1.9738895838321,4.98577384953917,3.13975962945697
1.97288958551209,4.98577568256228,3.13975962945697
1.97188958719208,4.98577751558538,3.13975962945697
1.97088958887206,4.98577934860849,3.13975962945697
1.96988959055205,4.9857811816316,3.13975962945697
1.96888959223204,4.9857830146547,3.13975962945697
1.96788959391203,4.98578484767781,3.13975962945697
1.96688959559202,4.98578668070092,3.13975962945697
1.91688967959143,4.98587833185623,3.13975962945697
1.86688976359084,4.98596998301155,3.13975962945697
1.82688983079037,4.9860433039358,3.13975962945697
1.78688989798991,4.98611662486006,3.13975962945697
1.75488995174953,4.98617528159946,3.13975962945697
1.72289000550915,4.98623393833886,3.13975962945697
1.69089005926878,4.98629259507826,3.13975962945697
1.66849009690052,4.98633365479585,3.13975962945697
1.64609013453225,4.98637471451343,3.13975962945697
1.62817016463764,4.98640756228749,3.13975962945697
1.61025019474303,4.98644041006156,3.13975962945697
1.59591421882734,4.98646668828081,3.13975962945697
1.58157824291166,4.98649296650006,3.13975962945697
1.57010946217911,4.98651398907547,3.13975962945697
1.55864068144655,4.98653501165087,3.13975962945697
1.54946565686051,4.98655182971119,3.13975962945697
1.54029063227447,4.98656864777151,3.13975962945697
1.53295061260564,4.98658210221977,3.13975962945697
1.52561059293681,4.98659555666802,3.13975962945697
1.51973857720174,4.98660632022663,3.13975962945697
1.51386656146668,4.98661708378524,3.13975962945697
1.50858174730512,4.98662677098798,3.13975962945697
1.50329693314356,4.98663645819073,3.13975962945697
1.498012118982,4.98664614539347,3.13975962945697
1.49489995064241,4.98665185007953,3.13975962945697
1.49178778230283,4.98665755476559,3.13975962945697
1.4889868307972,4.98666268898305,3.13975962945697
1.48618587929158,4.9866678232005,3.13975962945697
1.48425633492103,4.98667136010586,3.13975962945697
1.48232679055049,4.98667489701122,3.13975962945697
1.48078315505406,4.98667772653551,3.13975962945697
1.47923951955762,4.98668055605979,3.13975962945697
1.47785024761083,4.98668310263165,3.13975962945697
1.47675426640836,4.98668511159389,3.13975962945697
1.47575426808835,4.986686944617,3.13975962945697
1.47475426976834,4.98668877764011,3.13975962945697
1.47375427144833,4.98669061066321,3.13975962945697
1.47275427312832,4.98669244368632,3.13975962945697
1.4717542748083,4.98669427670943,3.13975962945697
1.42175435880772,4.98678592786474,3.13975962945697
1.37175444280713,4.98687757902006,3.13975962945697
1.33175451000666,4.98695089994431,3.13975962945697
1.29175457720619,4.98702422086857,3.13975962945697
1.25575463768577,4.98709020970039,3.13975962945697
1.22735468539744,4.98714226755661,3.13975962945697
1.1989547331091,4.98719432541284,3.13975962945697
1.17623477127844,4.98723597169781,3.13975962945697
1.15351480944777,4.98727761798279,3.13975962945697
1.13533883998324,4.98731093501077,3.13975962945697
1.1171628705187,4.98734425203875,3.13975962945697
1.10262209494708,4.98737090566113,3.13975962945697
1.08808131937545,4.98739755928352,3.13975962945697
1.07499462136099,4.98742154754367,3.13975962945697
1.06190792334652,4.98744553580381,3.13975962945697
1.05289264249211,4.98746206104969,3.13975962945697
1.04387736163771,4.98747858629557,3.13975962945697
1.03576360886874,4.98749345901686,3.13975962945697
1.02764985609977,4.98750833173815,3.13975962945697
1.02206038197004,4.98751857739059,3.13975962945697
1.0164709078403,4.98752882304304,3.13975962945697
1.01144038112354,4.98753804413024,3.13975962945697
1.00640985440678,4.98754726521744,3.13975962945697
1.00294438044635,4.98755361752196,3.13975962945697
0.999478906485914,4.98755996982647,3.13975962945697
0.996359979921523,4.98756568690054,3.13975962945697
0.993241053357132,4.9875714039746,3.13975962945697
0.990780566845224,4.9875759141108,3.13975962945697
0.988320080333315,4.98758042424701,3.13975962945697
0.986663583780227,4.98758346064857,3.13975962945697
0.98500708722714,4.98758649705013,3.13975962945697
0.983681889984669,4.98758892617137,3.13975962945697
0.982356692742199,4.98759135529262,3.13975962945697
0.981296534948223,4.98759329858962,3.13975962945697
0.980236377154247,4.98759524188661,3.13975962945697
0.979236378834235,4.98759707490972,3.13975962945697
0.978236380514223,4.98759890793283,3.13975962945697
0.977236382194212,4.98760074095593,3.13975962945697
0.9762363838742,4.98760257397904,3.13975962945697
0.975236385554188,4.98760440700215,3.13975962945697
0.925236469553601,4.98769605815746,3.13975962945697
0.875236553553015,4.98778770931278,3.13975962945697
0.830236629152486,4.98787019535257,3.13975962945697
0.785236704751959,4.98795268139235,3.13975962945697
0.754236756831595,4.98800950510865,3.13975962945697
0.723236808911231,4.98806632882495,3.13975962945697
0.695336855782904,4.98811747016961,3.13975962945697
0.667436902654576,4.98816861151428,3.13975962945697
0.645426939631118,4.98820895635285,3.13975962945697
0.62341697660766,4.98824930119142,3.13975962945697
0.608599001501726,4.98827646292781,3.13975962945697
0.593781026395792,4.9883036246642,3.13975962945697
0.581926646311045,4.98832535405331,3.13975962945697
0.570072266226298,4.98834708344242,3.13975962945697
0.5605887621585,4.98836446695371,3.13975962945697
0.551105258090702,4.988381850465,3.13975962945697
0.543518454836464,4.98839575727403,3.13975962945697
0.535931651582226,4.98840966408306,3.13975962945697
0.529862208978835,4.98842078953029,3.13975962945697
0.523792766375445,4.98843191497751,3.13975962945697
0.518937212292733,4.98844081533529,3.13975962945697
0.51408165821002,4.98844971569308,3.13975962945697
0.51019721494385,4.9884568359793,3.13975962945697
0.50631277167768,4.98846395626552,3.13975962945697
0.503205217064744,4.9884696524945,3.13975962945697
0.500097662451808,4.98847534872348,3.13975962945697
0.497611618761459,4.98847990570666,3.13975962945697
0.495374179440146,4.98848400699153,3.13975962945697
0.493136740118832,4.9884881082764,3.13975962945697
0.491346788661781,4.98849138930429,3.13975962945697
0.48955683720473,4.98849467033218,3.13975962945697
0.488124876039089,4.98849729515449,3.13975962945697
0.486692914873448,4.98849991997681,3.13975962945697
0.485547345940935,4.98850201983466,3.13975962945697
0.484401777008422,4.98850411969251,3.13975962945697
0.48325620807591,4.98850621955036,3.13975962945697
0.482225196036648,4.98850810942243,3.13975962945697
0.481194183997387,4.98850999929449,3.13975962945697
0.480194185677375,4.9885118323176,3.13975962945697
0.479194187357363,4.9885136653407,3.13975962945697
0.429194271356777,4.98860531649602,3.13975962945697
0.37919435535619,4.98869696765134,3.13975962945697
0.334194430955662,4.98877945369112,3.13975962945697
0.289194506555134,4.98886193973091,3.13975962945697
0.25819455863477,4.98891876344721,3.13975962945697
0.227194610714406,4.9889755871635,3.13975962945697
0.199294657586079,4.98902672850817,3.13975962945697
0.17728469456262,4.98906707334674,3.13975962945697
0.157475727841508,4.98910338370145,3.13975962945697
0.137666761120396,4.98913969405617,3.13975962945697
0.119838691071394,4.98917237337541,3.13975962945697
0.102010621022393,4.98920505269465,3.13975962945697
0.089729061655304,4.98922756511457,3.13975962945697
0.077447502288214,4.98925007753449,3.13975962945697
0.067622254794542,4.98926808747043,3.13975962945697
0.05779700730087,4.98928609740637,3.13975962945697
0.049936809305933,4.98930050535512,3.13975962945697
0.042076611310995,4.98931491330387,3.13975962945697
0.035788452915046,4.98932643966287,3.13975962945697
0.029500294519096,4.98933796602187,3.13975962945697
0.023212136123146,4.98934949238087,3.13975962945697
0.018810425245981,4.98935756083217,3.13975962945697
0.014408714368816,4.98936562928347,3.13975962945697
0.010887345667084,4.98937208404451,3.13975962945697
0.007365976965352,4.98937853880555,3.13975962945697
0.004548882003966,4.98938370261438,3.13975962945697
0.001731787042581,4.98938886642322,3.13975962945697
-0.000521888926528,4.98939299747028,3.13975962945697
-0.002775564895636,4.98939712851735,3.13975962945697
-0.004578505670923,4.989400433355,3.13975962945697
-0.00638144644621,4.98940373819265,3.13975962945697
-0.007823799066439,4.98940638206277,3.13975962945697
-0.009266151686669,4.9894090259329,3.13975962945697
-0.010420033782852,4.98941114102899,3.13975962945697
-0.011573915879036,4.98941325612509,3.13975962945697
-0.012573914199048,4.9894150891482,3.13975962945697
-0.013573912519059,4.9894169221713,3.13975962945697
-0.014573910839071,4.98941875519441,3.13975962945697
-0.015573909159083,4.98942058821752,3.13975962945697
-0.016573907479095,4.98942242124062,3.13975962945697
-0.017573905799106,4.98942425426373,3.13975962945697
-0.018573904119118,4.98942608728684,3.13975962945697
-0.068573820119705,4.98951773844215,3.13975962945697
-0.118573736120291,4.98960938959747,3.13975962945697
-0.158573668920761,4.98968271052172,3.13975962945697
-0.19857360172123,4.98975603144598,3.13975962945697
-0.230573547961606,4.98981468818538,3.13975962945697
-0.262573494201981,4.98987334492478,3.13975962945697
-0.291373445818319,4.98992613599025,3.13975962945697
-0.320173397434657,4.98997892705571,3.13975962945697
-0.34001336410369,4.99001529423414,3.13975962945697
-0.359853330772723,4.99005166141257,3.13975962945697
-0.377709300774852,4.99008439187315,3.13975962945697
-0.395565270776982,4.99011712233374,3.13975962945697
-0.407866050111782,4.99013966998437,3.13975962945697
-0.420166829446582,4.99016221763499,3.13975962945697
-0.431237530847903,4.99018251052056,3.13975962945697
-0.442308232249223,4.99020280340612,3.13975962945697
-0.449934715436799,4.99021678294951,3.13975962945697
-0.457561198624375,4.9902307624929,3.13975962945697
-0.464425033493194,4.99024334408195,3.13975962945697
-0.471288868362013,4.990255925671,3.13975962945697
-0.47601728793831,4.9902645929879,3.13975962945697
-0.480272865556977,4.99027239357311,3.13975962945697
-0.484102885413778,4.9902794140998,3.13975962945697
-0.487932905270579,4.99028643462649,3.13975962945697
-0.4913799231417,4.99029275310051,3.13975962945697
-0.49482694101282,4.99029907157453,3.13975962945697
-0.497546255111149,4.99030405614848,3.13975962945697
-0.499648936012533,4.99030791041763,3.13975962945697
-0.501751616913916,4.99031176468679,3.13975962945697
-0.503433761635023,4.99031484810211,3.13975962945697
-0.50511590635613,4.99031793151743,3.13975962945697
-0.506461622133016,4.99032039824969,3.13975962945697
-0.507807337909901,4.99032286498195,3.13975962945697
-0.509018482109098,4.99032508504098,3.13975962945697
-0.510229626308295,4.99032730510001,3.13975962945697
-0.511229624628307,4.99032913812312,3.13975962945697
-0.512229622948319,4.99033097114622,3.13975962945697
-0.51322962126833,4.99033280416933,3.13975962945697
-0.514229619588342,4.99033463719244,3.13975962945697
-0.515229617908354,4.99033647021554,3.13975962945697
-0.56522953390894,4.99042812137086,3.13975962945697
-0.615229449909527,4.99051977252618,3.13975962945697
-0.655229382709997,4.99059309345043,3.13975962945697
-0.695229315510466,4.99066641437468,3.13975962945697
-0.731229255030889,4.99073240320651,3.13975962945697
-0.767229194551311,4.99079839203834,3.13975962945697
-0.792029152887602,4.99084385101138,3.13975962945697
-0.816829111223893,4.99088930998441,3.13975962945697
-0.839149073726555,4.99093022306015,3.13975962945697
-0.861469036229217,4.99097113613588,3.13975962945697
-0.879077006647983,4.99100341200674,3.13975962945697
-0.89668497706675,4.99103568787759,3.13975962945697
-0.910300154193374,4.99106064485379,3.13975962945697
-0.923915331319997,4.99108560182999,3.13975962945697
-0.934408193692082,4.99110483552148,3.13975962945697
-0.944901056064167,4.99112406921297,3.13975962945697
-0.952983114486381,4.9911388838377,3.13975962945697
-0.961065172908595,4.99115369846242,3.13975962945697
-0.967289739251379,4.99116510825552,3.13975962945697
-0.973514305594163,4.99117651804862,3.13975962945697
-0.979738871936947,4.99118792784172,3.13975962945697
-0.985963438279731,4.99119933763483,3.13975962945697
-0.98888997224318,4.99120470204821,3.13975962945697
-0.991816506206629,4.9912100664616,3.13975962945697
-0.994157733377388,4.99121435799231,3.13975962945697
-0.996264837831071,4.99121822036995,3.13975962945697
-0.998371942284754,4.99122208274759,3.13975962945697
-1.0000576258477,4.99122517264971,3.13975962945697
-1.00174330941065,4.99122826255182,3.13975962945697
-1.00309185626101,4.99123073447351,3.13975962945697
-1.00444040311136,4.9912332063952,3.13975962945697
-1.00551924059165,4.99123518393255,3.13975962945697
-1.00659807807193,4.9912371614699,3.13975962945697
-1.00759807639195,4.99123899449301,3.13975962945697
-1.00859807471196,4.99124082751611,3.13975962945697
-1.00959807303197,4.99124266053922,3.13975962945697
-1.01059807135198,4.99124449356233,3.13975962945697
-1.01159806967199,4.99124632658543,3.13975962945697
-1.06159798567258,4.99133797774075,3.13975962945697
-1.11159790167317,4.99142962889607,3.13975962945697
-1.16159781767375,4.99152128005138,3.13975962945697
-1.20159775047422,4.99159460097564,3.13975962945697
-1.23659769167463,4.99165875678436,3.13975962945697
-1.27159763287504,4.99172291259308,3.13975962945697
-1.29559759255533,4.99176690514763,3.13975962945697
-1.31959755223561,4.99181089770218,3.13975962945697
-1.33879751997983,4.99184609174583,3.13975962945697
-1.35799748772406,4.99188128578947,3.13975962945697
-1.37335746191944,4.99190944102438,3.13975962945697
-1.38871743611482,4.9919375962593,3.13975962945697
-1.40254141289066,4.99196293597072,3.13975962945697
-1.41482939224696,4.99198546015865,3.13975962945697
-1.42711737160327,4.99200798434658,3.13975962945697
-1.43679415534636,4.99202572214457,3.13975962945697
-1.44647093908945,4.99204345994257,3.13975962945697
-1.45298356814829,4.99205539776217,3.13975962945697
-1.45949619720713,4.99206733558178,3.13975962945697
-1.46535756336009,4.99207807961942,3.13975962945697
-1.47121892951305,4.99208882365706,3.13975962945697
-1.47525675952953,4.99209622510522,3.13975962945697
-1.47929458954601,4.99210362655337,3.13975962945697
-1.48252485355919,4.99210954771189,3.13975962945697
-1.48575511757238,4.99211546887042,3.13975962945697
-1.48833932878293,4.99212020579724,3.13975962945697
-1.49092353999347,4.99212494272405,3.13975962945697
-1.49299090896191,4.99212873226551,3.13975962945697
-1.49505827793035,4.99213252180696,3.13975962945697
-1.4967121731051,4.99213555344013,3.13975962945697
-1.49836606827985,4.99213858507329,3.13975962945697
-1.49985457393713,4.99214131354314,3.13975962945697
-1.50134307959441,4.99214404201299,3.13975962945697
-1.50236849460275,4.99214592162555,3.13975962945697
-1.5033939096111,4.99214780123811,3.13975962945697
-1.50439390793111,4.99214963426122,3.13975962945697
-1.50539390625112,4.99215146728432,3.13975962945697
-1.50639390457113,4.99215330030743,3.13975962945697
-1.50739390289114,4.99215513333054,3.13975962945697
-1.50839390121115,4.99215696635364,3.13975962945697
-1.55839381721174,4.99224861750896,3.13975962945697
-1.60839373321233,4.99234026866428,3.13975962945697
-1.6483936660128,4.99241358958853,3.13975962945697
-1.68839359881327,4.99248691051278,3.13975962945697
-1.72039354505364,4.99254556725219,3.13975962945697
-1.74919349666998,4.99259835831765,3.13975962945697
-1.77799344828632,4.99265114938311,3.13975962945697
-1.80391340474102,4.99269866134203,3.13975962945697
-1.82436137038862,4.99273614299851,3.13975962945697
-1.84480933603622,4.99277362465498,3.13975962945697
-1.8611677085543,4.99280360998017,3.13975962945697
-1.87752608107238,4.99283359530535,3.13975962945697
-1.89061277908685,4.9928575835655,3.13975962945697
-1.90369947710131,4.99288157182564,3.13975962945697
-1.91678617511577,4.99290556008579,3.13975962945697
-1.9259468637259,4.99292235186789,3.13975962945697
-1.93510755233602,4.99293914364999,3.13975962945697
-1.94243610322412,4.99295257707568,3.13975962945697
-1.94976465411222,4.99296601050136,3.13975962945697
-1.95636034991151,4.99297810058447,3.13975962945697
-1.96156362104206,4.9929876383167,3.13975962945697
-1.96676689217262,4.99299717604894,3.13975962945697
-1.97092950907706,4.99300480623473,3.13975962945697
-1.9750921259815,4.99301243642051,3.13975962945697
-1.97842221950505,4.99301854056914,3.13975962945697
-1.9817523130286,4.99302464471777,3.13975962945697
-1.98441638784744,4.99302952803668,3.13975962945697
-1.98708046266629,4.99303441135558,3.13975962945697
-1.98947813000324,4.9930388063426,3.13975962945697
-1.9918757973402,4.99304320132961,3.13975962945697
-1.99352752372788,4.99304622898733,3.13975962945697
-1.99517925011557,4.99304925664505,3.13975962945697
-1.99666580386448,4.993051981537,3.13975962945697
-1.99783852959973,4.99305413117398,3.13975962945697
-1.99901125533499,4.99305628081096,3.13975962945697
-2.00006670849672,4.99305821548424,3.13975962945697
-2.00112216165845,4.99306015015753,3.13975962945697
-2.00212215997846,4.99306198318063,3.13975962945697
-2.00312215829847,4.99306381620374,3.13975962945697
-2.00412215661848,4.99306564922685,3.13975962945697
-2.00512215493849,4.99306748224995,3.13975962945697
-2.05512207093908,4.99315913340527,3.13975962945697
-2.10512198693967,4.99325078456059,3.13975962945697
-2.14512191974014,4.99332410548484,3.13975962945697
-2.1851218525406,4.99339742640909,3.13975962945697
-2.21712179878098,4.9934560831485,3.13975962945697
-2.24912174502136,4.9935147398879,3.13975962945697
-2.27472170201366,4.99356166527942,3.13975962945697
-2.30032165900596,4.99360859067094,3.13975962945697
-2.3208016245998,4.99364613098416,3.13975962945697
-2.34128159019364,4.99368367129738,3.13975962945697
-2.35766556266871,4.99371370354795,3.13975962945697
-2.37404953514378,4.99374373579853,3.13975962945697
-2.38879511037135,4.99377076482404,3.13975962945697
-2.40354068559891,4.99379779384956,3.13975962945697
-2.41369874853346,4.99381641384492,3.13975962945697
-2.423856811468,4.99383503384027,3.13975962945697
-2.43198326181564,4.99384992983656,3.13975962945697
-2.44010971216327,4.99386482583284,3.13975962945697
-2.44661087244138,4.99387674262987,3.13975962945697
-2.45246191669168,4.99388746774719,3.13975962945697
-2.45831296094198,4.99389819286452,3.13975962945697
-2.46357890076725,4.99390784547011,3.13975962945697
-2.46773314218496,4.99391546030341,3.13975962945697
-2.47188738360267,4.99392307513671,3.13975962945697
-2.47562620087861,4.99392992848668,3.13975962945697
-2.47936501815455,4.99393678183666,3.13975962945697
-2.48268841128872,4.9939428737033,3.13975962945697
-2.48493170165428,4.99394698571328,3.13975962945697
-2.48695066298329,4.99395068652226,3.13975962945697
-2.4889696243123,4.99395438733125,3.13975962945697
-2.49078668950841,4.99395771805933,3.13975962945697
-2.49260375470451,4.99396104878742,3.13975962945697
-2.49403721724811,4.9939636763618,3.13975962945697
-2.4954706797917,4.99396630393617,3.13975962945697
-2.49647067811172,4.99396813695928,3.13975962945697
-2.49747067643173,4.99396996998239,3.13975962945697
-2.49847067475174,4.99397180300549,3.13975962945697
-2.49947067307175,4.9939736360286,3.13975962945697
-2.50047067139176,4.99397546905171,3.13975962945697
-2.55047058739235,4.99406712020702,3.13975962945697
-2.60047050339294,4.99415877136234,3.13975962945697
-2.65047041939352,4.99425042251766,3.13975962945697
-2.70047033539411,4.99434207367297,3.13975962945697
-2.73547027659452,4.9944062294817,3.13975962945697
-2.76197023207483,4.99445480459401,3.13975962945697
-2.78847018755514,4.99450337970633,3.13975962945697
-2.81232014748742,4.99454709730742,3.13975962945697
-2.8361701074197,4.9945908149085,3.13975962945697
-2.85260007981749,4.99462093147814,3.13975962945697
-2.86903005221529,4.99465104804778,3.13975962945697
-2.8838170273733,4.99467815296045,3.13975962945697
-2.89860400253131,4.99470525787313,3.13975962945697
-2.90879058541795,4.9947239301463,3.13975962945697
-2.91897716830458,4.99474260241948,3.13975962945697
-2.92712643461388,4.99475754023802,3.13975962945697
-2.93446077429226,4.9947709842747,3.13975962945697
-2.94179511397063,4.99478442831139,3.13975962945697
-2.94839601968117,4.9947965279444,3.13975962945697
-2.95499692539171,4.99480862757742,3.13975962945697
-2.96020430656335,4.99481817284347,3.13975962945697
-2.965411687735,4.99482771810952,3.13975962945697
-2.96943824021843,4.99483509888566,3.13975962945697
-2.97294405458469,4.99484152513519,3.13975962945697
-2.97644986895095,4.99484795138473,3.13975962945697
-2.97885186519562,4.99485235430674,3.13975962945697
-2.98101366181582,4.99485631693656,3.13975962945697
-2.98317545843602,4.99486027956637,3.13975962945697
-2.98490489573218,4.99486344967022,3.13975962945697
-2.98663433302834,4.99486661977407,3.13975962945697
-2.98819082659489,4.99486947286754,3.13975962945697
-2.98974732016143,4.994872325961,3.13975962945697
-2.99081957128505,4.99487429142539,3.13975962945697
-2.99189182240867,4.99487625688978,3.13975962945697
-2.99289182072868,4.99487808991288,3.13975962945697
-2.9938918190487,4.99487992293599,3.13975962945697
-2.99489181736871,4.9948817559591,3.13975962945697
-2.99589181568872,4.9948835889822,3.13975962945697
-2.99689181400873,4.99488542200531,3.13975962945697
-3.04689173000932,4.99497707316063,3.13975962945697
-3.0968916460099,4.99506872431594,3.13975962945697
-3.14189157041043,4.99515121035573,3.13975962945697
-3.18689149481096,4.99523369639551,3.13975962945697
-3.21789144273132,4.99529052011181,3.13975962945697
-3.24889139065169,4.99534734382811,3.13975962945697
-3.27369134898798,4.99539280280114,3.13975962945697
-3.29849130732427,4.99543826177418,3.13975962945697
-3.3183312739933,4.99547462895261,3.13975962945697
-3.33618724399543,4.9955073594132,3.13975962945697
-3.35404321399756,4.99554008987379,3.13975962945697
-3.36832798999927,4.99556627424226,3.13975962945697
-3.38261276600097,4.99559245861072,3.13975962945697
-3.39404058680233,4.9956134061055,3.13975962945697
-3.4054684076037,4.99563435360027,3.13975962945697
-3.41461066424479,4.99565111159609,3.13975962945697
-3.42375292088588,4.99566786959192,3.13975962945697
-3.43106672619875,4.99568127598857,3.13975962945697
-3.43838053151162,4.99569468238523,3.13975962945697
-3.44496295629321,4.99570674814222,3.13975962945697
-3.45015575806534,4.99571626668384,3.13975962945697
-3.45534855983748,4.99572578522547,3.13975962945697
-3.4595028012552,4.99573340005877,3.13975962945697
-3.46365704267291,4.99574101489207,3.13975962945697
-3.46781128409062,4.99574862972537,3.13975962945697
-3.47113467722479,4.99575472159201,3.13975962945697
-3.47445807035896,4.99576081345865,3.13975962945697
-3.47670136072452,4.99576492546864,3.13975962945697
-3.47894465109008,4.99576903747862,3.13975962945697
-3.48073928338254,4.9957723270866,3.13975962945697
-3.48253391567499,4.99577561669459,3.13975962945697
-3.48396962150895,4.99577824838098,3.13975962945697
-3.48540532734291,4.99578088006737,3.13975962945697
-3.48655389201008,4.99578298541648,3.13975962945697
-3.48770245667725,4.99578509076559,3.13975962945697
-3.48870245499726,4.9957869237887,3.13975962945697
-3.48970245331727,4.9957887568118,3.13975962945697
-3.49070245163728,4.99579058983491,3.13975962945697
-3.49170244995729,4.99579242285802,3.13975962945697
-3.4927024482773,4.99579425588112,3.13975962945697
-3.49370244659732,4.99579608890423,3.13975962945697
-3.5437023625979,4.99588774005955,3.13975962945697
-3.59370227859849,4.99597939121486,3.13975962945697
-3.63870220299902,4.99606187725465,3.13975962945697
-3.68370212739955,4.99614436329443,3.13975962945697
-3.71470207531991,4.99620118701073,3.13975962945697
-3.74570202324027,4.99625801072703,3.13975962945697
-3.77050198157656,4.99630346970006,3.13975962945697
-3.79530193991286,4.9963489286731,3.13975962945697
-3.81514190658189,4.99638529585153,3.13975962945697
-3.83498187325092,4.99642166302996,3.13975962945697
-3.85085384658615,4.9964507567727,3.13975962945697
-3.86672581992137,4.99647985051545,3.13975962945697
-3.87942339858956,4.99650312550964,3.13975962945697
-3.89212097725774,4.99652640050384,3.13975962945697
-3.9035487980591,4.99654734799861,3.13975962945697
-3.91497661886046,4.99656829549339,3.13975962945697
-3.92284911763473,4.99658272598979,3.13975962945697
-3.93072161640901,4.99659715648619,3.13975962945697
-3.93701961542842,4.99660870088331,3.13975962945697
-3.94331761444784,4.99662024528043,3.13975962945697
-3.94835601366338,4.99662948079813,3.13975962945697
-3.95339441287891,4.99663871631582,3.13975962945697
-3.95742513225134,4.99664610472998,3.13975962945697
-3.96145585162376,4.99665349314414,3.13975962945697
-3.96508349905895,4.99666014271688,3.13975962945697
-3.96871114649413,4.99666679228962,3.13975962945697
-3.97121019250504,4.9966713731064,3.13975962945697
-3.97370923851594,4.99667595392318,3.13975962945697
-3.97570847532467,4.9966796185766,3.13975962945697
-3.97770771213339,4.99668328323002,3.13975962945697
-3.97950702526124,4.9966865814181,3.13975962945697
-3.9813063383891,4.99668987960618,3.13975962945697
-3.9825458652105,4.9966921516913,3.13975962945697
-3.98378539203191,4.99669442377642,3.13975962945697
-3.98478539035192,4.99669625679953,3.13975962945697
-3.98578538867194,4.99669808982264,3.13975962945697
-3.98678538699195,4.99669992284574,3.13975962945697
-3.98778538531196,4.99670175586885,3.13975962945697
-3.98878538363197,4.99670358889196,3.13975962945697
-3.98978538195198,4.99670542191506,3.13975962945697
-4.03978529795257,4.99679707307038,3.13975962945697
-4.08978521395316,4.9968887242257,3.13975962945697
-4.12978514675363,4.99696204514995,3.13975962945697
-4.16578508627405,4.99702803398178,3.13975962945697
-4.19818503184243,4.99708742393042,3.13975962945697
-4.23058497741081,4.99714681387907,3.13975962945697
-4.25974492842235,4.99720026483285,3.13975962945697
-4.28890487943389,4.99725371578663,3.13975962945697
-4.31190884078744,4.99729588265017,3.13975962945697
-4.33199680703984,4.99733270441833,3.13975962945697
-4.35208477329224,4.99736952618649,3.13975962945697
-4.3658547501588,4.99739476691466,3.13975962945697
-4.37962472702536,4.99742000764284,3.13975962945697
-4.39064070851861,4.99744020022538,3.13975962945697
-4.40165669001186,4.99746039280791,3.13975962945697
-4.41157107335578,4.9974785661322,3.13975962945697
-4.4214854566997,4.99749673945649,3.13975962945697
-4.42831536522552,4.99750925885766,3.13975962945697
-4.43514527375133,4.99752177825883,3.13975962945697
-4.44060920057199,4.99753179377977,3.13975962945697
-4.44607312739264,4.99754180930071,3.13975962945697
-4.45099066153122,4.99755082326956,3.13975962945697
-4.45590819566981,4.99755983723841,3.13975962945697
-4.45929583029861,4.99756604686139,3.13975962945697
-4.46268346492742,4.99757225648437,3.13975962945697
-4.46573233609334,4.99757784514506,3.13975962945697
-4.46878120725927,4.99758343380574,3.13975962945697
-4.47088154072912,4.99758728377199,3.13975962945697
-4.47298187419898,4.99759113373824,3.13975962945697
-4.47466214097487,4.99759421371124,3.13975962945697
-4.47634240775076,4.99759729368424,3.13975962945697
-4.47785464784906,4.99760006565994,3.13975962945697
-4.47919886126976,4.99760252963834,3.13975962945697
-4.48054307469047,4.99760499361673,3.13975962945697
-4.48154307301049,4.99760682663984,3.13975962945697
-4.4825430713305,4.99760865966295,3.13975962945697
-4.48354306965051,4.99761049268605,3.13975962945697
-4.48454306797052,4.99761232570916,3.13975962945697
-4.48554306629053,4.99761415873227,3.13975962945697
-4.53554298229112,4.99770580988758,3.13975962945697
-4.58054290669165,4.99778829592737,3.13975962945697
-4.62554283109218,4.99787078196716,3.13975962945697
-4.6615427706126,4.99793677079898,3.13975962945697
-4.69754271013302,4.99800275963081,3.13975962945697
-4.72634266174936,4.99805555069627,3.13975962945697
-4.7551426133657,4.99810834176174,3.13975962945697
-4.7810625698204,4.99815585372065,3.13975962945697
-4.80698252627511,4.99820336567957,3.13975962945697
-4.82483849627723,4.99823609614016,3.13975962945697
-4.84269446627936,4.99826882660074,3.13975962945697
-4.85697924228107,4.99829501096921,3.13975962945697
-4.87126401828277,4.99832119533768,3.13975962945697
-4.8841203166843,4.9983447612693,3.13975962945697
-4.89697661508584,4.99836832720093,3.13975962945697
-4.90583317620689,4.99838456150938,3.13975962945697
-4.91468973732795,4.99840079581783,3.13975962945697
-4.92177498622479,4.99841378326459,3.13975962945697
-4.92886023512164,4.99842677071135,3.13975962945697
-4.93452843423912,4.99843716066876,3.13975962945697
-4.94019663335659,4.99844755062617,3.13975962945697
-4.94529801256232,4.99845690158784,3.13975962945697
-4.95039939176805,4.9984662525495,3.13975962945697
-4.95391367522088,4.9984726943231,3.13975962945697
-4.95742795867372,4.99847913609669,3.13975962945697
-4.96023938543599,4.99848428951557,3.13975962945697
-4.96305081219825,4.99848944293444,3.13975962945697
-4.96529995360807,4.99849356566954,3.13975962945697
-4.96754909501788,4.99849768840464,3.13975962945697
-4.96957332228672,4.99850139886623,3.13975962945697
-4.97159754955555,4.99850510932782,3.13975962945697
-4.97299201722963,4.99850766542358,3.13975962945697
-4.97438648490372,4.99851022151934,3.13975962945697
-4.97550205904299,4.99851226639595,3.13975962945697
-4.97661763318225,4.99851431127256,3.13975962945697
-4.97773320732152,4.99851635614917,3.13975962945697
-4.97873722404686,4.99851819653812,3.13975962945697
-4.9797412407722,4.99852003692707,3.13975962945697
-4.98074123909222,4.99852186995018,3.13975962945697
-5.0307411550928,4.99861352110549,3.13975962945697
-5.08074107109339,4.99870517226081,3.13975962945697
-5.12074100389386,4.99877849318506,3.13975962945697
-5.16074093669433,4.99885181410932,3.13975962945697
-5.19674087621475,4.99891780294114,3.13975962945697
-5.23274081573518,4.99898379177297,3.13975962945697
-5.25754077407147,4.99902925074601,3.13975962945697
-5.28234073240776,4.99907470971905,3.13975962945697
-5.30466069491042,4.99911562279478,3.13975962945697
-5.32226866532919,4.99914789866564,3.13975962945697
-5.33987663574795,4.99918017453649,3.13975962945697
-5.35572380912484,4.99920922282026,3.13975962945697
-5.37157098250173,4.99923827110403,3.13975962945697
-5.38407264149906,4.99926118697234,3.13975962945697
-5.39657430049638,4.99928410284065,3.13975962945697
-5.40624107625628,4.99930182229375,3.13975962945697
-5.41590785201619,4.99931954174685,3.13975962945697
-5.42432446187636,4.99933496961312,3.13975962945697
-5.43274107173653,4.99935039747939,3.13975962945697
-5.43754100447268,4.99935919588178,3.13975962945697
-5.44234093720884,4.99936799428418,3.13975962945697
-5.44714086994499,4.99937679268657,3.13975962945697
-5.45194080268115,4.99938559108897,3.13975962945697
-5.45482076232284,4.99939087013041,3.13975962945697
-5.45770072196454,4.99939614917184,3.13975962945697
-5.46000468967789,4.99940037240499,3.13975962945697
-5.46230865739125,4.99940459563814,3.13975962945697
-5.4646126251046,4.99940881887129,3.13975962945697
-5.46622540250395,4.9994117751345,3.13975962945697
-5.4678381799033,4.9994147313977,3.13975962945697
-5.46912840182277,4.99941709640827,3.13975962945697
-5.47041862374225,4.99941946141883,3.13975962945697
-5.47145080127784,4.99942135342728,3.13975962945697
-5.47248297881342,4.99942324543573,3.13975962945697
-5.47348297713343,4.99942507845884,3.13975962945697
-5.47448297545344,4.99942691148195,3.13975962945697
-5.47548297377345,4.99942874450505,3.13975962945697
-5.47648297209347,4.99943057752816,3.13975962945697
-5.47748297041348,4.99943241055127,3.13975962945697
-5.52748288641407,4.99952406170658,3.13975962945697
-5.57248281081459,4.99960654774637,3.13975962945697
-5.61748273521512,4.99968903378615,3.13975962945697
-5.65348267473554,4.99975502261798,3.13975962945697
-5.68948261425597,4.99982101144981,3.13975962945697
-5.71828256587231,4.99987380251527,3.13975962945697
-5.74708251748864,4.99992659358073,3.13975962945697
-5.77300247394335,4.99997410553965,3.13975962945697
-5.79892243039805,5.00002161749857,3.13975962945697
-5.81937039604565,5.00005909915504,3.13975962945697
-5.83981836169325,5.00009658081152,3.13975962945697
-5.85358473856586,5.00012181494081,3.13975962945697
-5.86735111543847,5.0001470490701,3.13975962945697
-5.87836421693656,5.00016723637354,3.13975962945697
-5.88937731843464,5.00018742367697,3.13975962945697
-5.89818779963311,5.00020357351972,3.13975962945697
-5.90699828083158,5.00021972336246,3.13975962945697
-5.91404666579036,5.00023264323666,3.13975962945697
-5.92109505074914,5.00024556311086,3.13975962945697
-5.92673375871616,5.00025589901022,3.13975962945697
-5.93237246668318,5.00026623490957,3.13975962945697
-5.9380111746502,5.00027657080893,3.13975962945697
-5.94195827022711,5.00028380593848,3.13975962945697
-5.94590536580403,5.00029104106803,3.13975962945697
-5.94945775182325,5.00029755268463,3.13975962945697
-5.95226018968286,5.00030268962661,3.13975962945697
-5.95506262754247,5.00030782656859,3.13975962945697
-5.95758482161612,5.00031244981637,3.13975962945697
-5.96010701568977,5.00031707306415,3.13975962945697
-5.96184452716272,5.00032025796818,3.13975962945697
-5.96358203863568,5.00032344287221,3.13975962945697
-5.96497204781405,5.00032599079543,3.13975962945697
-5.96622305607458,5.00032828392633,3.13975962945697
-5.96747406433511,5.00033057705723,3.13975962945697
-5.96847487094353,5.00033241156195,3.13975962945697
-5.96947567755196,5.00033424606667,3.13975962945697
-5.97047648416038,5.0003360805714,3.13975962945697
-5.9714772907688,5.00033791507612,3.13975962945697
-5.97247728908882,5.00033974809922,3.13975962945697
-5.97347728740883,5.00034158112233,3.13975962945697
-6.02347720340941,5.00043323227765,3.13975962945697
-6.07347711941,5.00052488343296,3.13975962945697
-6.11347705221047,5.00059820435722,3.13975962945697
-6.15347698501094,5.00067152528147,3.13975962945697
-6.18547693125132,5.00073018202087,3.13975962945697
-6.21747687749169,5.00078883876027,3.13975962945697
-6.24627682910803,5.00084162982574,3.13975962945697
-6.27507678072437,5.0008944208912,3.13975962945697
-6.2949167473934,5.00093078806963,3.13975962945697
-6.31277271739553,5.00096351853022,3.13975962945697
-6.33062868739766,5.0009962489908,3.13975962945697
-6.34491346339936,5.00102243335927,3.13975962945697
-6.35919823940107,5.00104861772774,3.13975962945697
-6.37062606020243,5.00106956522252,3.13975962945697
-6.38205388100379,5.00109051271729,3.13975962945697
-6.39119613764488,5.00110727071311,3.13975962945697
-6.40033839428597,5.00112402870893,3.13975962945697
-6.40765219959885,5.00113743510559,3.13975962945697
-6.41496600491172,5.00115084150224,3.13975962945697
-6.42081704916202,5.00116156661957,3.13975962945697
-6.42666809341231,5.00117229173689,3.13975962945697
-6.43134892881255,5.00118087183075,3.13975962945697
-6.43602976421279,5.00118945192461,3.13975962945697
-6.43977443253298,5.0011963159997,3.13975962945697
-6.44314463402115,5.00120249366728,3.13975962945697
-6.44651483550932,5.00120867133486,3.13975962945697
-6.44954801684868,5.00121423123568,3.13975962945697
-6.45194085990528,5.00121861737966,3.13975962945697
-6.45433370296188,5.00122300352365,3.13975962945697
-6.45624797740716,5.00122651243883,3.13975962945697
-6.45816225185244,5.00123002135402,3.13975962945697
-6.45969367140867,5.00123282848616,3.13975962945697
-6.46122509096489,5.00123563561831,3.13975962945697
-6.46245022660987,5.00123788132403,3.13975962945697
-6.46367536225486,5.00124012702975,3.13975962945697
-6.46467536057487,5.00124196005285,3.13975962945697
-6.46567535889488,5.00124379307596,3.13975962945697
-6.46667535721489,5.00124562609907,3.13975962945697
-6.4676753555349,5.00124745912217,3.13975962945697
-6.46867535385491,5.00124929214528,3.13975962945697
-6.46967535217493,5.00125112516839,3.13975962945697
-6.51967526817551,5.0013427763237,3.13975962945697
-6.5696751841761,5.00143442747902,3.13975962945697
-6.61967510017669,5.00152607863434,3.13975962945697
-6.6546750413771,5.00159023444306,3.13975962945697
-6.68967498257751,5.00165439025178,3.13975962945697
-6.71767493553784,5.00170571489876,3.13975962945697
-6.74567488849817,5.00175703954574,3.13975962945697
-6.76807485086643,5.00179809926332,3.13975962945697
-6.79047481323469,5.0018391589809,3.13975962945697
-6.81063477936613,5.00187611272672,3.13975962945697
-6.83079474549756,5.00191306647255,3.13975962945697
-6.84669871877903,5.00194221887203,3.13975962945697
-6.8626026920605,5.00197137127151,3.13975962945697
-6.87330987407253,5.00199099781652,3.13975962945697
-6.88401705608456,5.00201062436152,3.13975962945697
-6.89258280169418,5.00202632559753,3.13975962945697
-6.9011485473038,5.00204202683353,3.13975962945697
-6.9080011437915,5.00205458782233,3.13975962945697
-6.9148537402792,5.00206714881113,3.13975962945697
-6.92033581746936,5.00207719760218,3.13975962945697
-6.92581789465952,5.00208724639322,3.13975962945697
-6.93020355641165,5.00209528542605,3.13975962945697
-6.93458921816377,5.00210332445889,3.13975962945697
-6.93809774756548,5.00210975568515,3.13975962945697
-6.94160627696718,5.00211618691142,3.13975962945697
-6.94511480636888,5.00212261813769,3.13975962945697
-6.94862333577058,5.00212904936395,3.13975962945697
-6.95107930635177,5.00213355122234,3.13975962945697
-6.95353527693297,5.00213805308073,3.13975962945697
-6.95514920045775,5.00214101144481,3.13975962945697
-6.95676312398253,5.00214396980889,3.13975962945697
-6.95821565515484,5.00214663233657,3.13975962945697
-6.95966818632714,5.00214929486424,3.13975962945697
-6.96066881891251,5.00215112904997,3.13975962945697
-6.96166945149787,5.0021529632357,3.13975962945697
-6.96266944981788,5.00215479625881,3.13975962945697
-6.96366944813789,5.00215662928192,3.13975962945697
-6.96466944645791,5.00215846230502,3.13975962945697
-6.96566944477792,5.00216029532813,3.13975962945697
-6.96666944309793,5.00216212835124,3.13975962945697
-7.01666935909852,5.00225377950655,3.13975962945697
-7.0666692750991,5.00234543066187,3.13975962945697
-7.10666920789957,5.00241875158612,3.13975962945697
-7.14666914070004,5.00249207251038,3.13975962945697
-7.18266908022047,5.00255806134221,3.13975962945697
-7.21866901974089,5.00262405017403,3.13975962945697
-7.24346897807718,5.00266950914707,3.13975962945697
-7.26826893641347,5.00271496812011,3.13975962945697
-7.2881089030825,5.00275133529854,3.13975962945697
-7.30794886975154,5.00278770247697,3.13975962945697
-7.32382084308676,5.00281679621971,3.13975962945697
-7.33969281642199,5.00284588996246,3.13975962945697
-7.35239039509017,5.00286916495665,3.13975962945697
-7.36508797375835,5.00289243995085,3.13975962945697
-7.37651579455971,5.00291338744562,3.13975962945697
-7.38794361536108,5.0029343349404,3.13975962945697
-7.39695889621548,5.00295086018628,3.13975962945697
-7.40597417706989,5.00296738543215,3.13975962945697
-7.41204361967328,5.00297851087938,3.13975962945697
-7.41811306227667,5.0029896363266,3.13975962945697
-7.42296861635938,5.00299853668438,3.13975962945697
-7.4278241704421,5.00300743704216,3.13975962945697
-7.43170861370827,5.00301455732839,3.13975962945697
-7.43559305697444,5.00302167761461,3.13975962945697
-7.43870061158737,5.00302737384359,3.13975962945697
-7.44180816620031,5.00303307007257,3.13975962945697
-7.44429420989066,5.00303762705575,3.13975962945697
-7.446780253581,5.00304218403894,3.13975962945697
-7.44876908853328,5.00304582962548,3.13975962945697
-7.45075792348556,5.00304947521203,3.13975962945697
-7.45234899144739,5.00305239168127,3.13975962945697
-7.45394005940921,5.00305530815051,3.13975962945697
-7.45521291377867,5.0030576413259,3.13975962945697
-7.45648576814813,5.00305997450129,3.13975962945697
-7.45750405164369,5.0030618410416,3.13975962945697
-7.45852233513926,5.00306370758191,3.13975962945697
-7.45952233345927,5.00306554060502,3.13975962945697
-7.46052233177928,5.00306737362812,3.13975962945697
-7.4615223300993,5.00306920665123,3.13975962945697
-7.46252232841931,5.00307103967434,3.13975962945697
-7.46352232673932,5.00307287269744,3.13975962945697
-7.46452232505933,5.00307470572055,3.13975962945697
-7.51452224105992,5.00316635687587,3.13975962945697
-7.5645221570605,5.00325800803118,3.13975962945697
-7.60952208146103,5.00334049407097,3.13975962945697
-7.65452200586156,5.00342298011075,3.13975962945697
-7.68552195378193,5.00347980382705,3.13975962945697
-7.71652190170229,5.00353662754335,3.13975962945697
-7.74132186003858,5.00358208651638,3.13975962945697
-7.76612181837487,5.00362754548942,3.13975962945697
-7.7859617850439,5.00366391266785,3.13975962945697
-7.80381775504603,5.00369664312844,3.13975962945697
-7.82167372504816,5.00372937358902,3.13975962945697
-7.83595850104987,5.00375555795749,3.13975962945697
-7.85024327705157,5.00378174232596,3.13975962945697
-7.86167109785293,5.00380268982074,3.13975962945697
-7.8730989186543,5.00382363731551,3.13975962945697
-7.88452673945566,5.00384458481029,3.13975962945697
-7.89252621401661,5.00385924805663,3.13975962945697
-7.90052568857757,5.00387391130297,3.13975962945697
-7.90692526822633,5.00388564190005,3.13975962945697
-7.91332484787509,5.00389737249712,3.13975962945697
-7.91908446955898,5.00390793003449,3.13975962945697
-7.92484409124287,5.00391848757186,3.13975962945697
-7.9288118306251,5.00392576054204,3.13975962945697
-7.93277957000733,5.00393303351223,3.13975962945697
-7.93595376151312,5.00393885188838,3.13975962945697
-7.93912795301891,5.00394467026453,3.13975962945697
-7.94166730622354,5.00394932496544,3.13975962945697
-7.94420665942816,5.00395397966636,3.13975962945697
-7.94623814199187,5.0039577034271,3.13975962945697
-7.94826962455557,5.00396142718783,3.13975962945697
-7.94989481060653,5.00396440619642,3.13975962945697
-7.9513574780524,5.00396708730415,3.13975962945697
-7.95282014549827,5.00396976841188,3.13975962945697
-7.95413654619955,5.00397218140884,3.13975962945697
-7.95517504008611,5.00397408499533,3.13975962945697
-7.95621353397268,5.00397598858181,3.13975962945697
-7.95721353229269,5.00397782160492,3.13975962945697
-7.9582135306127,5.00397965462803,3.13975962945697
-7.95921352893271,5.00398148765113,3.13975962945697
-7.96021352725272,5.00398332067424,3.13975962945697
-8.01021344325331,5.00407497182956,3.13975962945697
-8.0602133592539,5.00416662298487,3.13975962945697
-8.10521328365443,5.00424910902466,3.13975962945697
-8.15021320805495,5.00433159506444,3.13975962945697
-8.18121315597532,5.00438841878074,3.13975962945697
-8.21221310389568,5.00444524249704,3.13975962945697
-8.23701306223197,5.00449070147007,3.13975962945697
-8.26181302056826,5.00453616044311,3.13975962945697
-8.28165298723729,5.00457252762154,3.13975962945697
-8.30149295390633,5.00460889479997,3.13975962945697
-8.31736492724155,5.00463798854271,3.13975962945697
-8.33323690057678,5.00466708228546,3.13975962945697
-8.34593447924496,5.00469035727965,3.13975962945697
-8.35863205791314,5.00471363227385,3.13975962945697
-8.36879012084769,5.0047322522692,3.13975962945697
-8.37894818378223,5.00475087226456,3.13975962945697
-8.38707463412987,5.00476576826085,3.13975962945697
-8.3952010844775,5.00478066425713,3.13975962945697
-8.40170224475561,5.00479258105416,3.13975962945697
-8.40820340503372,5.00480449785119,3.13975962945697
-8.41340433325621,5.00481403128881,3.13975962945697
-8.4186052614787,5.00482356472643,3.13975962945697
-8.42276600405669,5.00483119147653,3.13975962945697
-8.42692674663467,5.00483881822663,3.13975962945697
-8.43108748921266,5.00484644497673,3.13975962945697
-8.43524823179065,5.00485407172682,3.13975962945697
-8.43940897436864,5.00486169847692,3.13975962945697
-8.44148934565764,5.00486551185197,3.13975962945697
-8.44356971694663,5.00486932522702,3.13975962945697
-8.44523401397783,5.00487237592706,3.13975962945697
-8.44689831100902,5.0048754266271,3.13975962945697
-8.4483961783371,5.00487817225713,3.13975962945697
-8.44957782922925,5.00488033825416,3.13975962945697
-8.4507594801214,5.00488250425119,3.13975962945697
-8.45175947844141,5.0048843372743,3.13975962945697
-8.45275947676142,5.0048861702974,3.13975962945697
-8.45375947508144,5.00488800332051,3.13975962945697
-8.45475947340145,5.00488983634362,3.13975962945697
-8.45575947172146,5.00489166936672,3.13975962945697
-8.45675947004147,5.00489350238983,3.13975962945697
-8.50675938604206,5.00498515354515,3.13975962945697
-8.55675930204265,5.00507680470046,3.13975962945697
-8.60175922644317,5.00515929074025,3.13975962945697
-8.6467591508437,5.00524177678003,3.13975962945697
-8.67775909876407,5.00529860049633,3.13975962945697
-8.70875904668443,5.00535542421263,3.13975962945697
-8.73665899981276,5.00540656555729,3.13975962945697
-8.76455895294109,5.00545770690196,3.13975962945697
-8.78656891596454,5.00549805174053,3.13975962945697
-8.80578888367517,5.00553328244463,3.13975962945697
-8.8250088513858,5.00556851314874,3.13975962945697
-8.84010582602301,5.00559618629857,3.13975962945697
-8.85520280066023,5.00562385944841,3.13975962945697
-8.86535838359894,5.00564247489787,3.13975962945697
-8.87449840824378,5.00565922880238,3.13975962945697
-8.88363843288862,5.00567598270689,3.13975962945697
-8.89095045260449,5.0056893858305,3.13975962945697
-8.89826247232037,5.00570278895411,3.13975962945697
-8.90411208809306,5.005713511453,3.13975962945697
-8.90996170386576,5.00572423395189,3.13975962945697
-8.91522635806119,5.00573388420089,3.13975962945697
-8.92049101225662,5.00574353444989,3.13975962945697
-8.92575566645204,5.00575318469889,3.13975962945697
-8.93102032064747,5.00576283494789,3.13975962945697
-8.934120617007,5.0057685178723,3.13975962945697
-8.93722091336653,5.00577420079671,3.13975962945697
-8.93917468503461,5.00577778211134,3.13975962945697
-8.94112845670269,5.00578136342597,3.13975962945697
-8.94269147403715,5.00578422847767,3.13975962945697
-8.94425449137162,5.00578709352937,3.13975962945697
-8.94581750870609,5.00578995858107,3.13975962945697
-8.94738052604055,5.00579282363278,3.13975962945697
-8.94838052436056,5.00579465665588,3.13975962945697
-8.94938052268057,5.00579648967899,3.13975962945697
-8.95038052100059,5.0057983227021,3.13975962945697
-8.9513805193206,5.0058001557252,3.13975962945697
-8.95238051764061,5.00580198874831,3.13975962945697
-8.95338051596062,5.00580382177142,3.13975962945697
-9.00338043196121,5.00589547292673,3.13975962945697
-9.0533803479618,5.00598712408205,3.13975962945697
-9.09338028076227,5.0060604450063,3.13975962945697
-9.12938022028269,5.00612643383813,3.13975962945697
-9.16538015980311,5.00619242266996,3.13975962945697
-9.19778010537149,5.0062518126186,3.13975962945697
-9.23018005093987,5.00631120256725,3.13975962945697
-9.25574000799937,5.00635805463785,3.13975962945697
-9.28129996505887,5.00640490670845,3.13975962945697
-9.29850793614963,5.00643644937006,3.13975962945697
-9.3157159072404,5.00646799203167,3.13975962945697
-9.32948228411301,5.00649322616096,3.13975962945697
-9.34187202329835,5.00651593687733,3.13975962945697
-9.3542617624837,5.00653864759369,3.13975962945697
-9.36541252775052,5.00655908723841,3.13975962945697
-9.37656329301733,5.00657952688314,3.13975962945697
-9.38424493131225,5.00659360752728,3.13975962945697
-9.39192656960716,5.00660768817143,3.13975962945697
-9.39884004407259,5.00662036075116,3.13975962945697
-9.40575351853801,5.00663303333089,3.13975962945697
-9.41051613428086,5.00664176333026,3.13975962945697
-9.41527875002371,5.00665049332963,3.13975962945697
-9.41956510419227,5.00665835032906,3.13975962945697
-9.42385145836083,5.00666620732849,3.13975962945697
-9.4268042801214,5.0066716199281,3.13975962945697
-9.42975710188196,5.00667703252771,3.13975962945697
-9.43241464146647,5.00668190386736,3.13975962945697
-9.43507218105098,5.00668677520701,3.13975962945697
-9.43690293054253,5.00669013101876,3.13975962945697
-9.43873368003408,5.00669348683052,3.13975962945697
-9.44019827962732,5.00669617147993,3.13975962945697
-9.44166287922057,5.00669885612933,3.13975962945697
-9.44283455889516,5.00670100384886,3.13975962945697
-9.44400623856975,5.00670315156838,3.13975962945697
-9.44500623688976,5.00670498459149,3.13975962945697
-9.44600623520977,5.0067068176146,3.13975962945697
-9.44700623352978,5.0067086506377,3.13975962945697
-9.4480062318498,5.00671048366081,3.13975962945697
-9.44900623016981,5.00671231668392,3.13975962945697
-9.44900623016981,5.00671231668392,-2.98634604504313
-9.44900623016981,5.00671231668392,-2.82926641236364
-9.44900623016981,5.00671231668392,-2.70360270622005
-9.44900623016981,5.00671231668392,-2.57793900007645
-9.44900623016981,5.00671231668392,-2.47740803516158
-9.44900623016981,5.00671231668392,-2.3869301667382
-9.44900623016981,5.00671231668392,-2.30550008515715
-9.44900623016981,5.00671231668392,-2.23221301173421
-9.44900623016981,5.00671231668392,-2.16625464565356
-9.44900623016981,5.00671231668392,-2.10689211618097
-9.44900623016981,5.00671231668392,-2.05346583965565
-9.44900623016981,5.00671231668392,-2.00538219078286
-9.44900623016981,5.00671231668392,-1.96210690679734
-9.44900623016981,5.00671231668392,-1.91883162281183
-9.44900623016981,5.00671231668392,-1.87988386722487
-9.44900623016981,5.00671231668392,-1.84915841559515
-9.44900623016981,5.00671231668392,-1.82150550912841
-9.44900623016981,5.00671231668392,-1.79661789330834
-9.44900623016981,5.00671231668392,-1.77173027748827
-9.44900623016981,5.00671231668392,-1.75182018483222
-9.44900623016981,5.00671231668392,-1.73390110144177
-9.44900623016981,5.00671231668392,-1.71777392639036
-9.44900623016981,5.00671231668392,-1.7032594688441
-9.44900623016981,5.00671231668392,-1.68874501129783
-9.44900623016981,5.00671231668392,-1.67713344526082
-9.44900623016981,5.00671231668392,-1.66668303582751
-9.44900623016981,5.00671231668392,-1.65727766733753
-9.44900623016981,5.00671231668392,-1.64787229884756
-9.44900623016981,5.00671231668392,-1.63940746720657
-9.44900623016981,5.00671231668392,-1.63272965557869
-9.44900623016981,5.00671231668392,-1.62671962511359
-9.44900623016981,5.00671231668392,-1.621310597695
-9.44900623016981,5.00671231668392,-1.61644247301828
-9.44900623016981,5.00671231668392,-1.61206116080922
-9.44900623016981,5.00671231668392,-1.60811797982107
-9.44900623016981,5.00671231668392,-1.60456911693174
-9.44900623016981,5.00671231668392,-1.60137514033133
-9.44900623016981,5.00671231668392,-1.59850056139097
-9.44900623016981,5.00671231668392,-1.59591344034465
-9.44900623016981,5.00671231668392,-1.59358503140296
-9.44900623016981,5.00671231668392,-1.59148946335543
-9.44900623016981,5.00671231668392,-1.58960345211266
-9.44900623016981,5.00671231668392,-1.58790604199417
-9.44900623016981,5.00671231668392,-1.58620863187567
-9.44900623016981,5.00671231668392,-1.58485070378088
-9.44900623016981,5.00671231668392,-1.58362856849556
-9.44900623016981,5.00671231668392,-1.58252864673878
-9.44900623016981,5.00671231668392,-1.58142872498199
-9.44900623016981,5.00671231668392,-1.58054878757657
-9.44900623016981,5.00671231668392,-1.57966885017114
-9.44900623016981,5.00671231668392,-1.57887690650626
-9.44900623016981,5.00671231668392,-1.5782521509484
-9.44900623016981,5.00671231668392,-1.57762739539055
-9.44900623016981,5.00671231668392,-1.57712759094427
-9.44900623016981,5.00671231668392,-1.57662778649798
-9.44900623016981,5.00671231668392,-1.57622794294096
-9.44900623016981,5.00671231668392,-1.57582809938393
-9.44900623016981,5.00671231668392,-1.5754282558269
-9.44900623016981,5.00671231668392,-1.57510838098128
-9.44900623016981,5.00671231668392,-1.57478850613566
-9.44900623016981,5.00671231668392,-1.57457259061487
-9.44900623016981,5.00671231668392,-1.57435667509407
-9.44900623016981,5.00671231668392,-1.57418394267744
-9.44900623016981,5.00671231668392,-1.5740112102608
-9.44900623016981,5.00671231668392,-1.5738730243275
-9.44900623016981,5.00671231668392,-1.57374865698752
-9.44900623016981,5.00671231668392,-1.57363672638154
-9.44900623016981,5.00671231668392,-1.57353598883616
-9.44914321310051,4.9567125043275,-1.57353598883616
-9.44928019603121,4.90671269197109,-1.57353598883616
-9.44938978237578,4.86671284208595,-1.57353598883616
-9.44949936872034,4.82671299220082,-1.57353598883616
-9.44958703779599,4.79471311229272,-1.57353598883616
-9.44967470687164,4.76271323238461,-1.57353598883616
-9.44974484213216,4.73711332845813,-1.57353598883616
-9.44980796386663,4.71407341492429,-1.57353598883616
-9.4498710856011,4.69103350139046,-1.57353598883616
-9.44992158298867,4.67260157056339,-1.57353598883616
-9.44997208037625,4.65416963973632,-1.57353598883616
-9.45001752802506,4.63758090199196,-1.57353598883616
-9.45006297567388,4.62099216424759,-1.57353598883616
-9.45009428405418,4.60956436713481,-1.57353598883616
-9.45012559243447,4.59813657002203,-1.57353598883616
-9.45015376997674,4.58785155262053,-1.57353598883616
-9.450181947519,4.57756653521902,-1.57353598883616
-9.45020135871479,4.5704813010091,-1.57353598883616
-9.45022076991057,4.56339606679917,-1.57353598883616
-9.4502362988672,4.55772787943123,-1.57353598883616
-9.45025182782383,4.55205969206329,-1.57353598883616
-9.45026425098913,4.54752514216894,-1.57353598883616
-9.45027667415443,4.54299059227459,-1.57353598883616
-9.45028661268667,4.5393629523591,-1.57353598883616
-9.45029655121891,4.53573531244362,-1.57353598883616
-9.4503045020447,4.53283320051124,-1.57353598883616
-9.4503124528705,4.52993108857885,-1.57353598883616
-9.45031881353113,4.52760939903294,-1.57353598883616
-9.45032517419177,4.52528770948703,-1.57353598883616
-9.45033026272027,4.52343035785031,-1.57353598883616
-9.45033535124878,4.52157300621358,-1.57353598883616
-9.45033942207159,4.5200871249042,-1.57353598883616
-9.45034349289439,4.51860124359482,-1.57353598883616
-9.45034674955264,4.51741253854731,-1.57353598883616
-9.45035000621088,4.51622383349981,-1.57353598883616
-9.4503527458695,4.51522383725268,-1.57353598883616
-9.45035548552811,4.51422384100555,-1.57353598883616
-9.45035822518672,4.51322384475842,-1.57353598883616
-9.45036096484534,4.51222384851129,-1.57353598883616
-9.45036370450395,4.51122385226417,-1.57353598883616
-9.45036644416256,4.51022385601704,-1.57353598883616
-9.45050342709327,4.46022404366062,-1.57353598883616
-9.45064041002397,4.41022423130421,-1.57353598883616
-9.4507636946616,4.36522440018343,-1.57353598883616
-9.45088697929924,4.32022456906266,-1.57353598883616
-9.45098423718004,4.28472470228961,-1.57353598883616
-9.45105944080899,4.25727480530593,-1.57353598883616
-9.45113464443795,4.22982490832226,-1.57353598883616
-9.45119480734111,4.20786499073532,-1.57353598883616
-9.45125497024428,4.18590507314839,-1.57353598883616
-9.45130310056681,4.16833713907884,-1.57353598883616
-9.45135123088934,4.15076920500929,-1.57353598883616
-9.45138973514736,4.13671485775365,-1.57353598883616
-9.45142823940539,4.12266051049801,-1.57353598883616
-9.45145904281181,4.11141703269349,-1.57353598883616
-9.45148984621823,4.10017355488898,-1.57353598883616
-9.45151448894337,4.09117877264537,-1.57353598883616
-9.45153913166851,4.08218399040176,-1.57353598883616
-9.45155884584861,4.07498816460688,-1.57353598883616
-9.45157856002872,4.06779233881199,-1.57353598883616
-9.45159433137281,4.06203567817608,-1.57353598883616
-9.4516101027169,4.05627901754017,-1.57353598883616
-9.45162271979217,4.05167368903144,-1.57353598883616
-9.45163407515991,4.04752889337358,-1.57353598883616
-9.45164543052765,4.04338409771573,-1.57353598883616
-9.45165451482185,4.04006826118944,-1.57353598883616
-9.45166359911604,4.03675242466316,-1.57353598883616
-9.4516708665514,4.03409975544213,-1.57353598883616
-9.45167813398675,4.03144708622111,-1.57353598883616
-9.45168394793504,4.02932495084428,-1.57353598883616
-9.45168976188332,4.02720281546746,-1.57353598883616
-9.45169441304195,4.025505107166,-1.57353598883616
-9.45169906420058,4.02380739886455,-1.57353598883616
-9.45170371535921,4.02210969056309,-1.57353598883616
-9.45170836651784,4.02041198226163,-1.57353598883616
-9.45171162232887,4.01922358645061,-1.57353598883616
-9.45171487813991,4.01803519063959,-1.57353598883616
-9.45171761779853,4.01703519439246,-1.57353598883616
-9.45172035745714,4.01603519814533,-1.57353598883616
-9.45172309711576,4.01503520189821,-1.57353598883616
-9.45172583677437,4.01403520565108,-1.57353598883616
-9.45186281970507,3.96403539329466,-1.57353598883616
-9.45199980263578,3.91403558093825,-1.57353598883616
-9.45210938898034,3.87403573105311,-1.57353598883616
-9.4522189753249,3.83403588116798,-1.57353598883616
-9.45231760303501,3.79803601627136,-1.57353598883616
-9.45241623074511,3.76203615137475,-1.57353598883616
-9.45248417427874,3.73723624444596,-1.57353598883616
-9.45255211781237,3.71243633751718,-1.57353598883616
-9.45260647263927,3.69259641197416,-1.57353598883616
-9.45266082746618,3.67275648643113,-1.57353598883616
-9.4527043113277,3.65688454599671,-1.57353598883616
-9.45274779518922,3.64101260556229,-1.57353598883616
-9.45278693066459,3.62672785917131,-1.57353598883616
-9.45282606613996,3.61244311278033,-1.57353598883616
-9.45285302613411,3.60260250971099,-1.57353598883616
-9.45287998612825,3.59276190664165,-1.57353598883616
-9.45290425012298,3.58390536387925,-1.57353598883616
-9.45292851411771,3.57504882111684,-1.57353598883616
-9.45294765571355,3.56806199293761,-1.57353598883616
-9.4529667973094,3.56107516475838,-1.57353598883616
-9.4529796841866,3.55637135649123,-1.57353598883616
-9.4529925710638,3.55166754822409,-1.57353598883616
-9.45300288056556,3.54790450161037,-1.57353598883616
-9.45301319006732,3.54414145499665,-1.57353598883616
-9.45302143766873,3.54113101770568,-1.57353598883616
-9.45302968527014,3.53812058041471,-1.57353598883616
-9.45303628335127,3.53571223058193,-1.57353598883616
-9.45304288143239,3.53330388074915,-1.57353598883616
-9.45304815989729,3.53137720088293,-1.57353598883616
-9.45305343836219,3.52945052101671,-1.57353598883616
-9.4530581889806,3.52771650913711,-1.57353598883616
-9.45306241175252,3.52617516524413,-1.57353598883616
-9.45306663452445,3.52463382135115,-1.57353598883616
-9.45306953768014,3.52357414742473,-1.57353598883616
-9.45307244083584,3.52251447349831,-1.57353598883616
-9.45307518049445,3.52151447725118,-1.57353598883616
-9.45307792015307,3.52051448100405,-1.57353598883616
-9.45308065981168,3.51951448475692,-1.57353598883616
-9.45308339947029,3.51851448850979,-1.57353598883616
-9.45308613912891,3.51751449226267,-1.57353598883616
-9.45308887878752,3.51651449601554,-1.57353598883616
-9.45322586171822,3.46651468365912,-1.57353598883616
-9.45336284464893,3.41651487130271,-1.57353598883616
-9.45348612928656,3.37151504018194,-1.57353598883616
-9.45360941392419,3.32651520906116,-1.57353598883616
-9.45369434334123,3.29551532540018,-1.57353598883616
-9.45377927275826,3.26451544173921,-1.57353598883616
-9.45384721629189,3.23971553481043,-1.57353598883616
-9.45391515982552,3.21491562788164,-1.57353598883616
-9.45396951465242,3.19507570233862,-1.57353598883616
-9.45402386947933,3.17523577679559,-1.57353598883616
-9.45406735334085,3.15936383636117,-1.57353598883616
-9.45411083720237,3.14349189592675,-1.57353598883616
-9.45414562429159,3.13079434357922,-1.57353598883616
-9.45418041138081,3.11809679123168,-1.57353598883616
-9.45420824105218,3.10793874935365,-1.57353598883616
-9.45423607072356,3.09778070747562,-1.57353598883616
-9.4542611174278,3.0886384697854,-1.57353598883616
-9.45428616413203,3.07949623209517,-1.57353598883616
-9.45430592319871,3.07228402236177,-1.57353598883616
-9.4543212016883,3.06670725737073,-1.57353598883616
-9.45433648017788,3.06113049237969,-1.57353598883616
-9.45434870296955,3.05666908038686,-1.57353598883616
-9.45436092576122,3.05220766839403,-1.57353598883616
-9.45437070399455,3.04863853879977,-1.57353598883616
-9.45438048222788,3.0450694092055,-1.57353598883616
-9.45438830481455,3.04221410553009,-1.57353598883616
-9.45439612740122,3.03935880185468,-1.57353598883616
-9.45440238547055,3.03707455891435,-1.57353598883616
-9.45440864353989,3.03479031597402,-1.57353598883616
-9.45441364999535,3.03296292162176,-1.57353598883616
-9.45441865645082,3.0311355272695,-1.57353598883616
-9.45442266161519,3.02967361178768,-1.57353598883616
-9.45442626626313,3.02835788785406,-1.57353598883616
-9.45442987091107,3.02704216392043,-1.57353598883616
-9.45443275462942,3.02598958477352,-1.57353598883616
-9.45443563834776,3.02493700562662,-1.57353598883616
-9.45443837800638,3.02393700937949,-1.57353598883616
-9.45444111766499,3.02293701313236,-1.57353598883616
-9.45444385732361,3.02193701688523,-1.57353598883616
-9.45444659698222,3.02093702063811,-1.57353598883616
-9.45458357991292,2.97093720828169,-1.57353598883616
-9.45472056284363,2.92093739592528,-1.57353598883616
-9.45483014918819,2.88093754604014,-1.57353598883616
-9.45493973553275,2.84093769615501,-1.57353598883616
-9.45503836324286,2.80493783125839,-1.57353598883616
-9.45513699095296,2.76893796636178,-1.57353598883616
-9.45520493448659,2.74413805943299,-1.57353598883616
-9.45526608366686,2.72181814319709,-1.57353598883616
-9.45532723284712,2.69949822696119,-1.57353598883616
-9.45537615219133,2.68164229397246,-1.57353598883616
-9.45542017960113,2.66557195428261,-1.57353598883616
-9.45546420701092,2.64950161459276,-1.57353598883616
-9.45549942893875,2.63664534284088,-1.57353598883616
-9.45553465086658,2.623789071089,-1.57353598883616
-9.45556635060163,2.61221842651231,-1.57353598883616
-9.45559805033668,2.60064778193562,-1.57353598883616
-9.45562305790544,2.59151982899178,-1.57353598883616
-9.4556480654742,2.58239187604795,-1.57353598883616
-9.45566490155571,2.57624657815055,-1.57353598883616
-9.45568173763721,2.57010128025315,-1.57353598883616
-9.45569689011057,2.56457051214549,-1.57353598883616
-9.45571035897577,2.55965427382757,-1.57353598883616
-9.45572382784098,2.55473803550965,-1.57353598883616
-9.4557330876858,2.55135812166608,-1.57353598883616
-9.45574234753063,2.54797820782251,-1.57353598883616
-9.45574975540649,2.54527427674766,-1.57353598883616
-9.45575716328235,2.5425703456728,-1.57353598883616
-9.45576308958304,2.54040720081292,-1.57353598883616
-9.45576901588373,2.53824405595303,-1.57353598883616
-9.45577375692428,2.53651354006512,-1.57353598883616
-9.45577849796483,2.53478302417722,-1.57353598883616
-9.45578229079728,2.53339861146689,-1.57353598883616
-9.45578608362972,2.53201419875656,-1.57353598883616
-9.45578911789567,2.5309066685883,-1.57353598883616
-9.45579215216162,2.52979913842004,-1.57353598883616
-9.45579489182024,2.52879914217292,-1.57353598883616
-9.45579763147885,2.52779914592579,-1.57353598883616
-9.45580037113746,2.52679914967866,-1.57353598883616
-9.45580311079608,2.52579915343153,-1.57353598883616
-9.45580585045469,2.5247991571844,-1.57353598883616
-9.45580859011331,2.52379916093727,-1.57353598883616
-9.45594557304401,2.47379934858086,-1.57353598883616
-9.45606885768164,2.42879951746009,-1.57353598883616
-9.45619214231927,2.38379968633931,-1.57353598883616
-9.45629077002938,2.34779982144269,-1.57353598883616
-9.45637953496848,2.31539994303574,-1.57353598883616
-9.45646829990757,2.28300006462878,-1.57353598883616
-9.45654818835276,2.25384017406252,-1.57353598883616
-9.45662807679794,2.22468028349626,-1.57353598883616
-9.4566910999047,2.20167636982732,-1.57353598883616
-9.45675412301146,2.17867245615838,-1.57353598883616
-9.45679655265234,2.16318531427985,-1.57353598883616
-9.45683898229323,2.14769817240133,-1.57353598883616
-9.45687716897003,2.13375974471066,-1.57353598883616
-9.45690729401506,2.1227638739769,-1.57353598883616
-9.45693741906009,2.11176800324315,-1.57353598883616
-9.45696453160062,2.10187171958277,-1.57353598883616
-9.45699164414115,2.0919754359224,-1.57353598883616
-9.45701032166907,2.08515799606747,-1.57353598883616
-9.45702899919698,2.07834055621254,-1.57353598883616
-9.45704394121932,2.0728866043286,-1.57353598883616
-9.45705888324166,2.06743265244466,-1.57353598883616
-9.45707233106176,2.06252409574911,-1.57353598883616
-9.45708577888186,2.05761553905356,-1.57353598883616
-9.45709504293571,2.05423408888552,-1.57353598883616
-9.45710430698956,2.05085263871748,-1.57353598883616
-9.45711171823263,2.04814747858304,-1.57353598883616
-9.4571183883514,2.04571283446205,-1.57353598883616
-9.45712505847017,2.04327819034106,-1.57353598883616
-9.45713039456519,2.04133047504427,-1.57353598883616
-9.45713573066021,2.03938275974747,-1.57353598883616
-9.45713999953622,2.03782458751004,-1.57353598883616
-9.45714426841223,2.0362664152726,-1.57353598883616
-9.45714768351304,2.03501987748265,-1.57353598883616
-9.45715109861385,2.03377333969271,-1.57353598883616
-9.45715383827247,2.03277334344558,-1.57353598883616
-9.45715657793108,2.03177334719845,-1.57353598883616
-9.4571593175897,2.03077335095132,-1.57353598883616
-9.45716205724831,2.02977335470419,-1.57353598883616
-9.45716479690692,2.02877335845707,-1.57353598883616
-9.45730177983763,1.97877354610065,-1.57353598883616
-9.45743876276833,1.92877373374424,-1.57353598883616
-9.45754834911289,1.8887738838591,-1.57353598883616
-9.45765793545746,1.84877403397397,-1.57353598883616
-9.45774560453311,1.81677415406587,-1.57353598883616
-9.45783327360876,1.78477427415776,-1.57353598883616
-9.45790340886928,1.75917437023128,-1.57353598883616
-9.4579735441298,1.73357446630479,-1.57353598883616
-9.45802965233821,1.71309454316361,-1.57353598883616
-9.45808576054663,1.69261462002242,-1.57353598883616
-9.45813064711336,1.67623068150947,-1.57353598883616
-9.45817553368009,1.65984674299652,-1.57353598883616
-9.45821144293348,1.64673959218616,-1.57353598883616
-9.45824735218686,1.6336324413758,-1.57353598883616
-9.45827607958957,1.62314672072751,-1.57353598883616
-9.45830480699228,1.61266100007922,-1.57353598883616
-9.45832778891445,1.60427242356059,-1.57353598883616
-9.45835077083662,1.59588384704196,-1.57353598883616
-9.45836915637435,1.58917298582706,-1.57353598883616
-9.45838754191209,1.58246212461215,-1.57353598883616
-9.45840225034227,1.57709343564023,-1.57353598883616
-9.45841695877246,1.57172474666831,-1.57353598883616
-9.45842872551661,1.56742979549077,-1.57353598883616
-9.45844049226076,1.56313484431323,-1.57353598883616
-9.45845108233049,1.55926938825344,-1.57353598883616
-9.45846167240023,1.55540393219366,-1.57353598883616
-9.4584689677816,1.55274106246358,-1.57353598883616
-9.45847626316298,1.55007819273351,-1.57353598883616
-9.45848209946807,1.54794789694945,-1.57353598883616
-9.45848735214266,1.5460306307438,-1.57353598883616
-9.45849260481725,1.54411336453814,-1.57353598883616
-9.45849733222438,1.54238782495306,-1.57353598883616
-9.45850205963151,1.54066228536797,-1.57353598883616
-9.45850531628975,1.53947358032046,-1.57353598883616
-9.458508572948,1.53828487527296,-1.57353598883616
-9.45851131260661,1.53728487902583,-1.57353598883616
-9.45851405226522,1.5362848827787,-1.57353598883616
-9.45851679192384,1.53528488653157,-1.57353598883616
-9.45851953158245,1.53428489028444,-1.57353598883616
-9.45852227124107,1.53328489403732,-1.57353598883616
-9.45865925417177,1.4832850816809,-1.57353598883616
-9.45879623710247,1.43328526932449,-1.57353598883616
-9.45890582344704,1.39328541943935,-1.57353598883616
-9.4590154097916,1.35328556955422,-1.57353598883616
-9.45910307886725,1.32128568964612,-1.57353598883616
-9.4591907479429,1.28928580973801,-1.57353598883616
-9.45926088320342,1.26368590581153,-1.57353598883616
-9.45933101846394,1.23808600188504,-1.57353598883616
-9.45938712667235,1.21760607874386,-1.57353598883616
-9.45944323488077,1.19712615560267,-1.57353598883616
-9.4594881214475,1.18074221708972,-1.57353598883616
-9.45953300801423,1.16435827857677,-1.57353598883616
-9.45957340592429,1.14961273391511,-1.57353598883616
-9.45961380383435,1.13486718925346,-1.57353598883616
-9.45964163350573,1.12470914737543,-1.57353598883616
-9.4596694631771,1.1145511054974,-1.57353598883616
-9.45969450988134,1.10540886780717,-1.57353598883616
-9.45971426894801,1.09819665807377,-1.57353598883616
-9.45973402801469,1.09098444834037,-1.57353598883616
-9.45974983526803,1.08521468055365,-1.57353598883616
-9.45976564252137,1.07944491276693,-1.57353598883616
-9.45977828832404,1.07482909853756,-1.57353598883616
-9.45979093412672,1.07021328430818,-1.57353598883616
-9.45980105076885,1.06652063292468,-1.57353598883616
-9.45981116741099,1.06282798154118,-1.57353598883616
-9.4598192607247,1.05987386043438,-1.57353598883616
-9.45982735403841,1.05691973932757,-1.57353598883616
-9.45983382868938,1.05455644244213,-1.57353598883616
-9.45984030334035,1.05219314555669,-1.57353598883616
-9.45984548306112,1.05030250804834,-1.57353598883616
-9.4598506627819,1.04841187053999,-1.57353598883616
-9.45985480655852,1.04689936053331,-1.57353598883616
-9.45985895033514,1.04538685052662,-1.57353598883616
-9.45986226535643,1.04417684252128,-1.57353598883616
-9.45986558037773,1.04296683451593,-1.57353598883616
-9.45986832003634,1.0419668382688,-1.57353598883616
-9.45987105969495,1.04096684202168,-1.57353598883616
-9.45987379935357,1.03996684577455,-1.57353598883616
-9.45987653901218,1.03896684952742,-1.57353598883616
-9.4598792786708,1.03796685328029,-1.57353598883616
-9.4600162616015,0.987967040923877,-1.57353598883616
-9.4601532445322,0.937967228567462,-1.57353598883616
-9.46026283087677,0.89796737868233,-1.57353598883616
-9.46037241722133,0.857967528797198,-1.57353598883616
-9.46048200356589,0.817967678912066,-1.57353598883616
-9.46056967264154,0.78596779900396,-1.57353598883616
-9.46065734171719,0.753967919095855,-1.57353598883616
-9.46071651834325,0.732368000157884,-1.57353598883616
-9.46077569496932,0.710768081219913,-1.57353598883616
-9.46083487159538,0.689168162281941,-1.57353598883616
-9.46087629523363,0.674048219025362,-1.57353598883616
-9.46091771887187,0.658928275768782,-1.57353598883616
-9.46095085778246,0.646832321163518,-1.57353598883616
-9.46098399669306,0.634736366558254,-1.57353598883616
-9.4610138217126,0.623850007413517,-1.57353598883616
-9.46103735033912,0.615261879643779,-1.57353598883616
-9.46106087896564,0.606673751874042,-1.57353598883616
-9.46108205472951,0.598944436881278,-1.57353598883616
-9.46110323049338,0.591215121888514,-1.57353598883616
-9.46111781824183,0.585890482671277,-1.57353598883616
-9.46113240599027,0.58056584345404,-1.57353598883616
-9.46114407618903,0.57630613208025,-1.57353598883616
-9.46115574638778,0.572046420706461,-1.57353598883616
-9.46116508254679,0.568638651607429,-1.57353598883616
-9.46117441870579,0.565230882508397,-1.57353598883616
-9.461181887633,0.562504667229172,-1.57353598883616
-9.4611893565602,0.559778451949946,-1.57353598883616
-9.46119533170196,0.557597479726566,-1.57353598883616
-9.46120130684372,0.555416507503186,-1.57353598883616
-9.46120608695714,0.553671729724481,-1.57353598883616
-9.46121086707055,0.551926951945777,-1.57353598883616
-9.46121469116127,0.550531129722814,-1.57353598883616
-9.46121813284293,0.549274889722147,-1.57353598883616
-9.46122157452459,0.548018649721479,-1.57353598883616
-9.46122432786991,0.547013657720946,-1.57353598883616
-9.46122708121523,0.546008665720412,-1.57353598883616
-9.46122982087385,0.545008669473284,-1.57353598883616
-9.46123256053246,0.544008673226156,-1.57353598883616
-9.46123530019108,0.543008676979027,-1.57353598883616
-9.46123803984969,0.542008680731899,-1.57353598883616
-9.46137502278039,0.492008868375484,-1.57353598883616
-9.4615120057111,0.442009056019069,-1.57353598883616
-9.46163529034873,0.397009224898296,-1.57353598883616
-9.46175857498636,0.352009393777522,-1.57353598883616
-9.4618435044034,0.321009510116545,-1.57353598883616
-9.46192843382043,0.290009626455568,-1.57353598883616
-9.46199637735406,0.265209719526786,-1.57353598883616
-9.46206432088769,0.240409812598005,-1.57353598883616
-9.46212547006796,0.218089896362101,-1.57353598883616
-9.46218661924822,0.195769980126197,-1.57353598883616
-9.4622348591571,0.178162046206762,-1.57353598883616
-9.46227698414795,0.162786103910918,-1.57353598883616
-9.4623191091388,0.147410161615073,-1.57353598883616
-9.46235219763968,0.135332606940756,-1.57353598883616
-9.46238528614055,0.123255052266439,-1.57353598883616
-9.46240754444217,0.115130602756571,-1.57353598883616
-9.46242980274379,0.107006153246702,-1.57353598883616
-9.46244760938508,0.100506593638807,-1.57353598883616
-9.46246541602637,0.094007034030911,-1.57353598883616
-9.46247966133941,0.088807386344595,-1.57353598883616
-9.46249390665244,0.083607738658279,-1.57353598883616
-9.46250530290287,0.079448020509226,-1.57353598883616
-9.46251555952825,0.075704274175079,-1.57353598883616
-9.46252581615364,0.071960527840931,-1.57353598883616
-9.46253402145395,0.068965530773613,-1.57353598883616
-9.46254140622423,0.066270033413027,-1.57353598883616
-9.4625487909945,0.063574536052441,-1.57353598883616
-9.46255469881073,0.061418138163972,-1.57353598883616
-9.46256060662695,0.059261740275503,-1.57353598883616
-9.46256533287992,0.057536621964727,-1.57353598883616
-9.4625700591329,0.055811503653952,-1.57353598883616
-9.46257384013528,0.054431409005332,-1.57353598883616
-9.46257762113767,0.053051314356712,-1.57353598883616
-9.46258064593957,0.051947238637816,-1.57353598883616
-9.46258367074148,0.05084316291892,-1.57353598883616
-9.46258641040009,0.049843166671791,-1.57353598883616
-9.4625891500587,0.048843170424663,-1.57353598883616
-9.46259188971732,0.047843174177535,-1.57353598883616
-9.46259462937593,0.046843177930406,-1.57353598883616
-9.46259736903455,0.045843181683278,-1.57353598883616
-9.46260010869316,0.04484318543615,-1.57353598883616
-9.46273709162386,-0.005156626920265,-1.57353598883616
-9.46287407455457,-0.05515643927668,-1.57353598883616
-9.4629973591922,-0.100156270397453,-1.57353598883616
-9.46310694553676,-0.140156120282585,-1.57353598883616
-9.46321653188132,-0.180155970167717,-1.57353598883616
-9.46332611822589,-0.220155820052849,-1.57353598883616
-9.46339050020332,-0.243655731860364,-1.57353598883616
-9.46345488218075,-0.267155643667879,-1.57353598883616
-9.46350638776269,-0.285955573113891,-1.57353598883616
-9.46355789334464,-0.304755502559903,-1.57353598883616
-9.46359909781019,-0.319795446116713,-1.57353598883616
-9.46364030227575,-0.334835389673522,-1.57353598883616
-9.46367326584819,-0.34686734451897,-1.57353598883616
-9.46370622942063,-0.358899299364418,-1.57353598883616
-9.46373260027859,-0.368524863240776,-1.57353598883616
-9.46375897113655,-0.378150427117134,-1.57353598883616
-9.4637853419945,-0.387775990993492,-1.57353598883616
-9.46380643868087,-0.395476442094579,-1.57353598883616
-9.46382753536723,-0.403176893195665,-1.57353598883616
-9.46384177563053,-0.408374697688898,-1.57353598883616
-9.46385601589382,-0.413572502182132,-1.57353598883616
-9.46386740810446,-0.417730745776719,-1.57353598883616
-9.46387880031509,-0.421888989371305,-1.57353598883616
-9.4638879140836,-0.425215584246975,-1.57353598883616
-9.46389702785211,-0.428542179122644,-1.57353598883616
-9.46390431886692,-0.43120345502318,-1.57353598883616
-9.46391160988173,-0.433864730923715,-1.57353598883616
-9.46391744269357,-0.435993751644143,-1.57353598883616
-9.46392327550542,-0.438122772364572,-1.57353598883616
-9.4639279417549,-0.439825988940914,-1.57353598883616
-9.46393260800437,-0.441529205517257,-1.57353598883616
-9.4639368076289,-0.443062100435966,-1.57353598883616
-9.46394100725343,-0.444594995354674,-1.57353598883616
-9.46394474025301,-0.445957568615748,-1.57353598883616
-9.4639484732526,-0.447320141876822,-1.57353598883616
-9.46395121291121,-0.448320138123951,-1.57353598883616
-9.46395395256982,-0.449320134371079,-1.57353598883616
-9.46395669222844,-0.450320130618207,-1.57353598883616
-9.46395943188705,-0.451320126865336,-1.57353598883616
-9.46409641481776,-0.501319939221751,-1.57353598883616
-9.46423339774846,-0.551319751578165,-1.57353598883616
-9.46434298409302,-0.591319601463297,-1.57353598883616
-9.46445257043758,-0.631319451348429,-1.57353598883616
-9.46455119814769,-0.667319316245048,-1.57353598883616
-9.46464982585779,-0.703319181141667,-1.57353598883616
-9.46472763216243,-0.73171907456011,-1.57353598883616
-9.46480543846707,-0.760118967978554,-1.57353598883616
-9.46486560137024,-0.782078885565491,-1.57353598883616
-9.4649257642734,-0.804038803152429,-1.57353598883616
-9.46497213025579,-0.820962739638828,-1.57353598883616
-9.46501849623817,-0.837886676125227,-1.57353598883616
-9.465054209332,-0.850922227204293,-1.57353598883616
-9.46508171451821,-0.860961829526812,-1.57353598883616
-9.46510921970442,-0.871001431849331,-1.57353598883616
-9.46513397437201,-0.880037073939598,-1.57353598883616
-9.46515872903959,-0.889072716029865,-1.57353598883616
-9.46517578225504,-0.895297269469827,-1.57353598883616
-9.46519283547049,-0.901521822909789,-1.57353598883616
-9.46520647804285,-0.906501465661759,-1.57353598883616
-9.46522012061521,-0.911481108413728,-1.57353598883616
-9.4652310346731,-0.915464822615304,-1.57353598883616
-9.46524194873098,-0.919448536816879,-1.57353598883616
-9.46525177138308,-0.923033879598298,-1.57353598883616
-9.46526159403518,-0.926619222379716,-1.57353598883616
-9.46526836075107,-0.929089125184692,-1.57353598883616
-9.46527512746696,-0.931559027989669,-1.57353598883616
-9.46528121751126,-0.933781940514148,-1.57353598883616
-9.46528730755556,-0.936004853038627,-1.57353598883616
-9.46529211192385,-0.937758484030161,-1.57353598883616
-9.46529691629213,-0.939512115021695,-1.57353598883616
-9.46530172066041,-0.941265746013228,-1.57353598883616
-9.46530447471378,-0.942270996454854,-1.57353598883616
-9.46530722876715,-0.943276246896479,-1.57353598883616
-9.46530996842576,-0.944276243143608,-1.57353598883616
-9.46531270808437,-0.945276239390736,-1.57353598883616
-9.46531544774299,-0.946276235637864,-1.57353598883616
-9.4653181874016,-0.947276231884993,-1.57353598883616
-9.46545517033231,-0.997276044241408,-1.57353598883616
-9.46559215326301,-1.04727585659782,-1.57353598883616
-9.46570173960757,-1.08727570648295,-1.57353598883616
-9.46581132595213,-1.12727555636809,-1.57353598883616
-9.4659209122967,-1.16727540625322,-1.57353598883616
-9.46599762273789,-1.19527530117281,-1.57353598883616
-9.46606666213496,-1.22047520660044,-1.57353598883616
-9.46613570153204,-1.24567511202808,-1.57353598883616
-9.4661978369894,-1.26835502691295,-1.57353598883616
-9.46624685496133,-1.28624695976657,-1.57353598883616
-9.46629587293325,-1.30413889262019,-1.57353598883616
-9.46633508731079,-1.31845243890308,-1.57353598883616
-9.46637430168833,-1.33276598518598,-1.57353598883616
-9.46640959462811,-1.34564817684058,-1.57353598883616
-9.4664448875679,-1.35853036849519,-1.57353598883616
-9.46646920048197,-1.36740476719058,-1.57353598883616
-9.46649108210464,-1.37539172601644,-1.57353598883616
-9.4665129637273,-1.3833786848423,-1.57353598883616
-9.46653046902544,-1.38976825190298,-1.57353598883616
-9.46654797432357,-1.39615781896366,-1.57353598883616
-9.46656372909189,-1.40190842931828,-1.57353598883616
-9.46657948386021,-1.4076590396729,-1.57353598883616
-9.46659033714506,-1.41162057125052,-1.57353598883616
-9.4666011904299,-1.41558210282815,-1.57353598883616
-9.46661095838626,-1.41914748124801,-1.57353598883616
-9.46662072634262,-1.42271285966787,-1.57353598883616
-9.46662745537922,-1.425169009246,-1.57353598883616
-9.46663351151216,-1.42737954386631,-1.57353598883616
-9.4666395676451,-1.42959007848663,-1.57353598883616
-9.46664441255146,-1.43135850618288,-1.57353598883616
-9.46664925745781,-1.43312693387913,-1.57353598883616
-9.46665313338289,-1.43454167603613,-1.57353598883616
-9.46665700930798,-1.43595641819313,-1.57353598883616
-9.46666088523306,-1.43737116035013,-1.57353598883616
-9.46666362489167,-1.43837115659726,-1.57353598883616
-9.46666636455029,-1.43937115284439,-1.57353598883616
-9.4666691042089,-1.44037114909152,-1.57353598883616
-9.46667184386751,-1.44137114533865,-1.57353598883616
-9.46667458352613,-1.44237114158577,-1.57353598883616
-9.46667732318474,-1.4433711378329,-1.57353598883616
-9.46681430611545,-1.49337095018932,-1.57353598883616
-9.46693759075308,-1.53837078131009,-1.57353598883616
-9.46706087539071,-1.58337061243086,-1.57353598883616
-9.46715950310082,-1.61937047732748,-1.57353598883616
-9.46725813081092,-1.6553703422241,-1.57353598883616
-9.46733703297901,-1.6841702341414,-1.57353598883616
-9.46741593514709,-1.71297012605869,-1.57353598883616
-9.46747905688156,-1.73601003959253,-1.57353598883616
-9.46754217861603,-1.75904995312636,-1.57353598883616
-9.46759898817705,-1.77978587530682,-1.57353598883616
-9.46765579773807,-1.80052179748727,-1.57353598883616
-9.46769493321344,-1.81480654387825,-1.57353598883616
-9.46773406868881,-1.82909129026922,-1.57353598883616
-9.46777320416418,-1.8433760366602,-1.57353598883616
-9.46781233963955,-1.85766078305118,-1.57353598883616
-9.46783582092478,-1.86623163088577,-1.57353598883616
-9.46785930221,-1.87480247872036,-1.57353598883616
-9.46787808723818,-1.88165915698802,-1.57353598883616
-9.46789499376354,-1.88783016742893,-1.57353598883616
-9.4679119002889,-1.89400117786983,-1.57353598883616
-9.46792542550918,-1.89893798622255,-1.57353598883616
-9.46793895072947,-1.90387479457527,-1.57353598883616
-9.4679497709057,-1.90782424125745,-1.57353598883616
-9.46796059108193,-1.91177368793963,-1.57353598883616
-9.46796924722292,-1.91493324528537,-1.57353598883616
-9.4679770377498,-1.91777684689654,-1.57353598883616
-9.46798482827669,-1.92062044850771,-1.57353598883616
-9.4679910606982,-1.92289532979664,-1.57353598883616
-9.46799729311971,-1.92517021108558,-1.57353598883616
-9.46800227905692,-1.92699011611672,-1.57353598883616
-9.46800726499412,-1.92881002114787,-1.57353598883616
-9.46801175233761,-1.9304479356759,-1.57353598883616
-9.4680162396811,-1.93208585020394,-1.57353598883616
-9.46801933096216,-1.93321419132325,-1.57353598883616
-9.46802211311512,-1.93422969833063,-1.57353598883616
-9.46802489526809,-1.93524520533801,-1.57353598883616
-9.4680276349267,-1.93624520158514,-1.57353598883616
-9.46803037458531,-1.93724519783227,-1.57353598883616
-9.46803311424393,-1.93824519407939,-1.57353598883616
-9.46803585390254,-1.93924519032652,-1.57353598883616
-9.46817283683324,-1.98924500268294,-1.57353598883616
-9.46830981976395,-2.03924481503935,-1.57353598883616
-9.46841940610851,-2.07924466492448,-1.57353598883616
-9.46852899245307,-2.11924451480962,-1.57353598883616
-9.46861666152872,-2.15124439471772,-1.57353598883616
-9.46870433060437,-2.18324427462583,-1.57353598883616
-9.46877446586489,-2.20884417855231,-1.57353598883616
-9.46884460112541,-2.2344440824788,-1.57353598883616
-9.46890772285988,-2.25748399601263,-1.57353598883616
-9.46897084459435,-2.28052390954647,-1.57353598883616
-9.46901432845587,-2.29639584998089,-1.57353598883616
-9.46905346393124,-2.31068059637187,-1.57353598883616
-9.46909259940662,-2.32496534276284,-1.57353598883616
-9.46912390778691,-2.33639313987563,-1.57353598883616
-9.46915521616721,-2.34782093698841,-1.57353598883616
-9.46918026287144,-2.35696317467864,-1.57353598883616
-9.46920530957568,-2.36610541236886,-1.57353598883616
-9.46922785160949,-2.37433342629006,-1.57353598883616
-9.46925039364331,-2.38256144021127,-1.57353598883616
-9.46926592259993,-2.38822962757921,-1.57353598883616
-9.46928145155656,-2.39389781494715,-1.57353598883616
-9.46929387472186,-2.3984323648415,-1.57353598883616
-9.46930505557063,-2.40251345974642,-1.57353598883616
-9.46931623641941,-2.40659455465134,-1.57353598883616
-9.46932518109842,-2.40985943057527,-1.57353598883616
-9.46933412577744,-2.4131243064992,-1.57353598883616
-9.46934128152065,-2.41573620723835,-1.57353598883616
-9.46934843726387,-2.4183481079775,-1.57353598883616
-9.46935487743276,-2.42069881864273,-1.57353598883616
-9.46936131760165,-2.42304952930796,-1.57353598883616
-9.46936575416244,-2.42466890776623,-1.57353598883616
-9.46937019072324,-2.4262882862245,-1.57353598883616
-9.46937373997187,-2.42758378899112,-1.57353598883616
-9.46937693429564,-2.42874974148107,-1.57353598883616
-9.46938012861941,-2.42991569397103,-1.57353598883616
-9.46938286827803,-2.43091569021816,-1.57353598883616
-9.46938560793664,-2.43191568646529,-1.57353598883616
-9.46938834759525,-2.43291568271241,-1.57353598883616
-9.46939108725387,-2.43391567895954,-1.57353598883616
-9.46939382691248,-2.43491567520667,-1.57353598883616
-9.46939656657109,-2.4359156714538,-1.57353598883616
-9.46939930622971,-2.43691566770093,-1.57353598883616
-9.46953628916041,-2.48691548005734,-1.57353598883616
-9.46967327209111,-2.53691529241376,-1.57353598883616
-9.46981025502182,-2.58691510477017,-1.57353598883616
-9.46990614307331,-2.62191497341966,-1.57353598883616
-9.4700020311248,-2.65691484206915,-1.57353598883616
-9.47008833037114,-2.68841472385369,-1.57353598883616
-9.47017462961749,-2.71991460563823,-1.57353598883616
-9.47023408020941,-2.74161452420092,-1.57353598883616
-9.47028758574215,-2.76114445090733,-1.57353598883616
-9.47034109127488,-2.78067437761375,-1.57353598883616
-9.47038389570107,-2.79629831897888,-1.57353598883616
-9.47042670012725,-2.81192226034401,-1.57353598883616
-9.47046522411082,-2.82598380757263,-1.57353598883616
-9.47050374809439,-2.84004535480125,-1.57353598883616
-9.47053028683862,-2.84973219844764,-1.57353598883616
-9.47055682558286,-2.85941904209402,-1.57353598883616
-9.47057805657825,-2.86716851701112,-1.57353598883616
-9.47059716447409,-2.87414304443652,-1.57353598883616
-9.47061627236994,-2.88111757186191,-1.57353598883616
-9.47063155868662,-2.88669719380223,-1.57353598883616
-9.4706468450033,-2.89227681574255,-1.57353598883616
-9.47065907405665,-2.8967405132948,-1.57353598883616
-9.47067130310999,-2.90120421084705,-1.57353598883616
-9.47068108635266,-2.90477516888885,-1.57353598883616
-9.47069086959534,-2.90834612693066,-1.57353598883616
-9.47069869618948,-2.9112028933641,-1.57353598883616
-9.47070652278362,-2.91405965979754,-1.57353598883616
-9.47071278405893,-2.91634507294429,-1.57353598883616
-9.47071904533424,-2.91863048609105,-1.57353598883616
-9.47072405435449,-2.92045881660845,-1.57353598883616
-9.47072906337474,-2.92228714712585,-1.57353598883616
-9.47073307059094,-2.92374981153977,-1.57353598883616
-9.47073667708552,-2.9250662095123,-1.57353598883616
-9.4707402835801,-2.92638260748483,-1.57353598883616
-9.47074316877577,-2.92743572586286,-1.57353598883616
-9.47074605397143,-2.92848884424088,-1.57353598883616
-9.47074879363005,-2.92948884048801,-1.57353598883616
-9.47075153328866,-2.93048883673514,-1.57353598883616
-9.47075427294727,-2.93148883298227,-1.57353598883616
-9.47075701260589,-2.9324888292294,-1.57353598883616
-9.47089399553659,-2.98248864158581,-1.57353598883616
-9.47103097846729,-3.03248845394222,-1.57353598883616
-9.47114056481186,-3.07248830382736,-1.57353598883616
-9.47125015115642,-3.11248815371249,-1.57353598883616
-9.47134877886652,-3.14848801860911,-1.57353598883616
-9.47144740657663,-3.18448788350573,-1.57353598883616
-9.47151535011026,-3.20928779043451,-1.57353598883616
-9.47158329364389,-3.23408769736329,-1.57353598883616
-9.47163764847079,-3.25392762290631,-1.57353598883616
-9.47169200329769,-3.27376754844934,-1.57353598883616
-9.47173548715922,-3.28963948888376,-1.57353598883616
-9.47177897102074,-3.30551142931818,-1.57353598883616
-9.47181375810996,-3.31820898166572,-1.57353598883616
-9.47184854519918,-3.33090653401325,-1.57353598883616
-9.47187985357947,-3.34233433112604,-1.57353598883616
-9.47191116195977,-3.35376212823882,-1.57353598883616
-9.47193272995508,-3.36163461069429,-1.57353598883616
-9.4719542979504,-3.36950709314976,-1.57353598883616
-9.47197370914618,-3.37659232735969,-1.57353598883616
-9.47199312034196,-3.38367756156961,-1.57353598883616
-9.47200649249906,-3.38855850069201,-1.57353598883616
-9.47201986465615,-3.3934394398144,-1.57353598883616
-9.47203056238183,-3.39734419111231,-1.57353598883616
-9.47204126010751,-3.40124894241023,-1.57353598883616
-9.47205088806062,-3.40476321857835,-1.57353598883616
-9.47205944624116,-3.40788701961668,-1.57353598883616
-9.47206618580833,-3.41034701293437,-1.57353598883616
-9.47207292537551,-3.41280700625206,-1.57353598883616
-9.47207831702925,-3.4147750009062,-1.57353598883616
-9.47208370868299,-3.41674299556035,-1.57353598883616
-9.47208802200598,-3.41831739128367,-1.57353598883616
-9.47209233532898,-3.41989178700699,-1.57353598883616
-9.47209578598737,-3.42115130358565,-1.57353598883616
-9.47209923664576,-3.4224108201643,-1.57353598883616
-9.47210268730416,-3.42367033674296,-1.57353598883616
-9.47210542696277,-3.42467033299009,-1.57353598883616
-9.47210816662138,-3.42567032923721,-1.57353598883616
-9.47211090628,-3.42667032548434,-1.57353598883616
-9.47211364593861,-3.42767032173147,-1.57353598883616
-9.47225062886932,-3.47767013408788,-1.57353598883616
-9.47237391350695,-3.52266996520866,-1.57353598883616
-9.47249719814458,-3.56766979632943,-1.57353598883616
-9.47259582585469,-3.60366966122605,-1.57353598883616
-9.47269445356479,-3.63966952612267,-1.57353598883616
-9.47277335573288,-3.66846941803996,-1.57353598883616
-9.47285225790096,-3.69726930995726,-1.57353598883616
-9.47293116006905,-3.72606920187455,-1.57353598883616
-9.47301006223713,-3.75486909379185,-1.57353598883616
-9.4730731839716,-3.77790900732568,-1.57353598883616
-9.473114213099,-3.79288495112268,-1.57353598883616
-9.47315524222641,-3.80786089491967,-1.57353598883616
-9.47318806552833,-3.81984164995727,-1.57353598883616
-9.47322088883025,-3.83182240499486,-1.57353598883616
-9.47325042980198,-3.8426050845287,-1.57353598883616
-9.47327997077372,-3.85338776406253,-1.57353598883616
-9.47330032122091,-3.86081583218584,-1.57353598883616
-9.4733206716681,-3.86824390030915,-1.57353598883616
-9.47333695202585,-3.87418635480779,-1.57353598883616
-9.47335323238361,-3.88012880930644,-1.57353598883616
-9.47336625666981,-3.88488277290536,-1.57353598883616
-9.47337928095601,-3.88963673650428,-1.57353598883616
-9.47339100281359,-3.8939153037433,-1.57353598883616
-9.4734002500568,-3.89729061789853,-1.57353598883616
-9.4734094973,-3.90066593205377,-1.57353598883616
-9.47341689509457,-3.90336618337795,-1.57353598883616
-9.47342429288913,-3.90606643470214,-1.57353598883616
-9.47343095090424,-3.9084966608939,-1.57353598883616
-9.47343760891934,-3.91092688708567,-1.57353598883616
-9.47344219555197,-3.91260104290666,-1.57353598883616
-9.4734467821846,-3.91427519872766,-1.57353598883616
-9.4734504514907,-3.91561452338446,-1.57353598883616
-9.47345412079681,-3.91695384804125,-1.57353598883616
-9.47345705624169,-3.91802530776669,-1.57353598883616
-9.47345999168657,-3.91909676749212,-1.57353598883616
-9.47346273134519,-3.92009676373925,-1.57353598883616
-9.4734654710038,-3.92109675998638,-1.57353598883616
-9.47346821066241,-3.92209675623351,-1.57353598883616
-9.47347095032103,-3.92309675248064,-1.57353598883616
-9.47360793325173,-3.97309656483705,-1.57353598883616
-9.47374491618244,-4.02309637719347,-1.57353598883616
-9.473854502527,-4.0630962270786,-1.57353598883616
-9.47396408887156,-4.10309607696373,-1.57353598883616
-9.47406271658167,-4.13909594186035,-1.57353598883616
-9.47415038565732,-4.17109582176846,-1.57353598883616
-9.47423805473297,-4.20309570167656,-1.57353598883616
-9.47429832722248,-4.22509561911338,-1.57353598883616
-9.47435859971199,-4.24709553655021,-1.57353598883616
-9.4744188722015,-4.26909545398703,-1.57353598883616
-9.47446106294415,-4.2844953961928,-1.57353598883616
-9.47450325368681,-4.29989533839858,-1.57353598883616
-9.47453700628093,-4.3122152921632,-1.57353598883616
-9.47457075887506,-4.32453524592782,-1.57353598883616
-9.47459776095036,-4.33439120893952,-1.57353598883616
-9.47462476302566,-4.34424717195121,-1.57353598883616
-9.4746463646859,-4.35213194236057,-1.57353598883616
-9.47466796634614,-4.36001671276993,-1.57353598883616
-9.47468524767433,-4.36632452909742,-1.57353598883616
-9.47470252900253,-4.3726323454249,-1.57353598883616
-9.47471635406508,-4.37767859848689,-1.57353598883616
-9.47473017912763,-4.38272485154888,-1.57353598883616
-9.47474123917768,-4.38676185399847,-1.57353598883616
-9.47475229922772,-4.39079885644806,-1.57353598883616
-9.47476114726776,-4.39402845840773,-1.57353598883616
-9.47476911050379,-4.39693510017144,-1.57353598883616
-9.47477707373982,-4.39984174193514,-1.57353598883616
-9.47478344432864,-4.40216705534611,-1.57353598883616
-9.47478981491747,-4.40449236875707,-1.57353598883616
-9.47479554844741,-4.40658515082694,-1.57353598883616
-9.47480128197735,-4.40867793289681,-1.57353598883616
-9.47480523174242,-4.41011962721161,-1.57353598883616
-9.4748091815075,-4.4115613215264,-1.57353598883616
-9.47481273629606,-4.41285884640972,-1.57353598883616
-9.47481629108463,-4.41415637129304,-1.57353598883616
-9.47481903074324,-4.41515636754017,-1.57353598883616
-9.47482177040185,-4.4161563637873,-1.57353598883616
-9.47482451006047,-4.41715636003443,-1.57353598883616
-9.47482724971908,-4.41815635628155,-1.57353598883616
-9.47496423264978,-4.46815616863797,-1.57353598883616
-9.47508751728742,-4.51315599975874,-1.57353598883616
-9.47521080192505,-4.55815583087952,-1.57353598883616
-9.47532175809892,-4.59865567888821,-1.57353598883616
-9.47543271427279,-4.63915552689691,-1.57353598883616
-9.47550915074812,-4.66705542219179,-1.57353598883616
-9.47558558722345,-4.69495531748667,-1.57353598883616
-9.47564673640372,-4.71727523372257,-1.57353598883616
-9.47570788558399,-4.73959514995847,-1.57353598883616
-9.4757568049282,-4.7574510829472,-1.57353598883616
-9.47580572427241,-4.77530701593592,-1.57353598883616
-9.47584485974778,-4.7895917623269,-1.57353598883616
-9.47588399522315,-4.80387650871788,-1.57353598883616
-9.47591530360345,-4.81530430583066,-1.57353598883616
-9.47594661198374,-4.82673210294344,-1.57353598883616
-9.47597165868798,-4.83587434063367,-1.57353598883616
-9.47599670539222,-4.84501657832389,-1.57353598883616
-9.47601674275561,-4.85233036847608,-1.57353598883616
-9.476036780119,-4.85964415862826,-1.57353598883616
-9.47605281000971,-4.86549519075,-1.57353598883616
-9.47606883990042,-4.87134622287175,-1.57353598883616
-9.47608166381299,-4.87602704856914,-1.57353598883616
-9.47609448772556,-4.88070787426654,-1.57353598883616
-9.47610474685562,-4.88445253482445,-1.57353598883616
-9.47611500598567,-4.88819719538237,-1.57353598883616
-9.47612321328971,-4.8911929238287,-1.57353598883616
-9.47613142059376,-4.89418865227504,-1.57353598883616
-9.4761388071674,-4.89688480787674,-1.57353598883616
-9.47614619374104,-4.89958096347844,-1.57353598883616
-9.47615128226955,-4.90143831511516,-1.57353598883616
-9.47615637079805,-4.90329566675189,-1.57353598883616
-9.47616044162086,-4.90478154806127,-1.57353598883616
-9.47616451244367,-4.90626742937065,-1.57353598883616
-9.47616817618419,-4.9076047225491,-1.57353598883616
-9.47617183992472,-4.90894201572754,-1.57353598883616
-9.47617457958333,-4.90994201197467,-1.57353598883616
-9.47617731924194,-4.9109420082218,-1.57353598883616
-9.47618005890056,-4.91194200446892,-1.57353598883616
-9.47618279855917,-4.91294200071605,-1.57353598883616
-9.47618553821778,-4.91394199696318,-1.57353598883616
-9.47618553821778,-4.91394199696318,-1.41645635615667
-9.47618553821778,-4.91394199696318,-1.27508468674513
-9.47618553821778,-4.91394199696318,-1.14785018427474
-9.47618553821778,-4.91394199696318,-1.03333913205139
-9.47618553821778,-4.91394199696318,-0.918828079828044
-9.47618553821778,-4.91394199696318,-0.81576813282703
-9.47618553821778,-4.91394199696318,-0.734465285748454
-9.47618553821778,-4.91394199696318,-0.661292723377734
-9.47618553821778,-4.91394199696318,-0.595437417244087
-9.47618553821778,-4.91394199696318,-0.529582111110439
-9.47618553821778,-4.91394199696318,-0.476897866203521
-9.47618553821778,-4.91394199696318,-0.424213621296603
-9.47618553821778,-4.91394199696318,-0.371529376389685
-9.47618553821778,-4.91394199696318,-0.334650404954843
-9.47618553821778,-4.91394199696318,-0.29777143352
-9.47618553821778,-4.91394199696318,-0.264580359228642
-9.47618553821778,-4.91394199696318,-0.238396289509904
-9.47618553821778,-4.91394199696318,-0.214830626763039
-9.47618553821778,-4.91394199696318,-0.193621530290861
-9.47618553821778,-4.91394199696318,-0.174533343465901
-9.47618553821778,-4.91394199696318,-0.157353975323437
-9.47618553821778,-4.91394199696318,-0.141892543995219
-9.47618553821778,-4.91394199696318,-0.127977255799824
-9.47618553821778,-4.91394199696318,-0.114061967604427
-9.47618553821778,-4.91394199696318,-0.102929737048111
-9.47618553821778,-4.91394199696318,-0.092910729547426
-9.47618553821778,-4.91394199696318,-0.083893622796809
-9.47618553821778,-4.91394199696318,-0.074876516046193
-9.47618553821778,-4.91394199696318,-0.067662830645699
-9.47618553821778,-4.91394199696318,-0.060449145245206
-9.47618553821778,-4.91394199696318,-0.054678196924811
-9.47618553821778,-4.91394199696318,-0.049484343436456
-9.47618553821778,-4.91394199696318,-0.044809875296937
-9.47618553821778,-4.91394199696318,-0.040135407157417
-9.47618553821778,-4.91394199696318,-0.035460939017897
-9.47618553821778,-4.91394199696318,-0.031721364506282
-9.47618553821778,-4.91394199696318,-0.02882319425978
-9.47618553821778,-4.91394199696318,-0.025925024013278
-9.47618553821778,-4.91394199696318,-0.023316670791426
-9.47618553821778,-4.91394199696318,-0.021258969916409
-9.47618553821778,-4.91394199696318,-0.019407039128894
-9.47618553821778,-4.91394199696318,-0.017555108341379
-9.47618553821778,-4.91394199696318,-0.016073563711367
-9.47618553821778,-4.91394199696318,-0.014740173544357
-9.47618553821778,-4.91394199696318,-0.013540122394047
-9.47618553821778,-4.91394199696318,-0.012460076358768
-9.47618553821778,-4.91394199696318,-0.011488034927018
-9.47618553821778,-4.91394199696318,-0.010515993495267
-9.47618553821778,-4.91394199696318,-0.009738360349866
-9.47618553821778,-4.91394199696318,-0.008960727204465
-9.47618553821778,-4.91394199696318,-0.008260857373605
-9.47618553821778,-4.91394199696318,-0.007638750857284
-9.47618553821778,-4.91394199696318,-0.007016644340964
-9.47618553821778,-4.91394199696318,-0.006588946110993
-9.47618553821778,-4.91394199696318,-0.00620401770402
-9.47618553821778,-4.91394199696318,-0.005819089297047
-9.47618553821778,-4.91394199696318,-0.005511146571468
-9.47618553821778,-4.91394199696318,-0.005203203845889
-9.47618553821778,-4.91394199696318,-0.004926055392869
-9.47618553821778,-4.91394199696318,-0.004648906939848
-9.47618553821778,-4.91394199696318,-0.004430267604687
-9.47618553821778,-4.91394199696318,-0.004211628269526
-9.47618553821778,-4.91394199696318,-0.004020703779667
-9.47618553821778,-4.91394199696318,-0.003829779289809
-9.47618553821778,-4.91394199696318,-0.003720767564954
-9.47618553821778,-4.91394199696318,-0.003611755840099
-9.42618586433694,-4.91412258436257,-0.003611755840099
-9.38118615784417,-4.91428511302201,-0.003611755840099
-9.33618645135141,-4.91444764168146,-0.003611755840099
-9.3001866861572,-4.91457766460901,-0.003611755840099
-9.26418692096299,-4.91470768753657,-0.003611755840099
-9.23538710880762,-4.91481170587861,-0.003611755840099
-9.20658729665225,-4.91491572422066,-0.003611755840099
-9.18066746571242,-4.9150093407285,-0.003611755840099
-9.15474763477259,-4.91510295723634,-0.003611755840099
-9.13689175123626,-4.91516744860841,-0.003611755840099
-9.11903586769993,-4.91523193998048,-0.003611755840099
-9.10475116087087,-4.91528353307813,-0.003611755840099
-9.0904664540418,-4.91533512617578,-0.003611755840099
-9.07903868857855,-4.91537640065391,-0.003611755840099
-9.0676109231153,-4.91541767513203,-0.003611755840099
-9.0584687107447,-4.91545069471453,-0.003611755840099
-9.05024071961116,-4.91548041233878,-0.003611755840099
-9.04201272847762,-4.91551012996303,-0.003611755840099
-9.03543033557079,-4.91553390406243,-0.003611755840099
-9.02884794266396,-4.91555767816183,-0.003611755840099
-9.02226554975713,-4.91558145226122,-0.003611755840099
-9.0156831568503,-4.91560522636062,-0.003611755840099
-9.0117337211062,-4.91561949082026,-0.003611755840099
-9.0077842853621,-4.9156337552799,-0.003611755840099
-9.00462473676682,-4.91564516684761,-0.003611755840099
-9.00146518817154,-4.91565657841533,-0.003611755840099
-8.99893754929532,-4.91566570766949,-0.003611755840099
-8.99640991041909,-4.91567483692366,-0.003611755840099
-8.99438779931811,-4.915682140327,-0.003611755840099
-8.99236568821713,-4.91568944373034,-0.003611755840099
-8.99074799933635,-4.915695286453,-0.003611755840099
-8.98913031045557,-4.91570112917567,-0.003611755840099
-8.98783615935094,-4.91570580335381,-0.003611755840099
-8.98654200824631,-4.91571047753194,-0.003611755840099
-8.98524785714169,-4.91571515171007,-0.003611755840099
-8.98424786366407,-4.91571876345806,-0.003611755840099
-8.98324787018645,-4.91572237520605,-0.003611755840099
-8.98224787670883,-4.91572598695404,-0.003611755840099
-8.98124788323122,-4.91572959870203,-0.003611755840099
-8.9802478897536,-4.91573321045001,-0.003611755840099
-8.97924789627598,-4.915736822198,-0.003611755840099
-8.97824790279837,-4.91574043394599,-0.003611755840099
-8.92824822891752,-4.91592102134537,-0.003611755840099
-8.88324852242476,-4.91608355000482,-0.003611755840099
-8.83824881593199,-4.91624607866426,-0.003611755840099
-8.80224905073778,-4.91637610159182,-0.003611755840099
-8.76624928554357,-4.91650612451938,-0.003611755840099
-8.7374494733882,-4.91661014286142,-0.003611755840099
-8.70864966123284,-4.91671416120347,-0.003611755840099
-8.682729830293,-4.91680777771131,-0.003611755840099
-8.65680999935317,-4.91690139421915,-0.003611755840099
-8.63895411581684,-4.91696588559122,-0.003611755840099
-8.62109823228051,-4.91703037696328,-0.003611755840099
-8.60681352545145,-4.91708197006094,-0.003611755840099
-8.59252881862239,-4.91713356315859,-0.003611755840099
-8.58110105315914,-4.91717483763672,-0.003611755840099
-8.56967328769589,-4.91721611211484,-0.003611755840099
-8.56053107532529,-4.91724913169734,-0.003611755840099
-8.55138886295469,-4.91728215127984,-0.003611755840099
-8.54407509305821,-4.91730856694583,-0.003611755840099
-8.53676132316173,-4.91733498261183,-0.003611755840099
-8.53091030724454,-4.91735611514463,-0.003611755840099
-8.52505929132736,-4.91737724767743,-0.003611755840099
-8.52037847859361,-4.91739415370367,-0.003611755840099
-8.51569766585986,-4.91741105972991,-0.003611755840099
-8.51101685312612,-4.91742796575615,-0.003611755840099
-8.50774028421249,-4.91743979997452,-0.003611755840099
-8.50446371529887,-4.91745163419289,-0.003611755840099
-8.50118714638525,-4.91746346841125,-0.003611755840099
-8.49856589125435,-4.91747293578595,-0.003611755840099
-8.49594463612345,-4.91748240316064,-0.003611755840099
-8.49417528891009,-4.91748879363856,-0.003611755840099
-8.49240594169673,-4.91749518411648,-0.003611755840099
-8.49099046392605,-4.91750029649881,-0.003611755840099
-8.48957498615536,-4.91750540888115,-0.003611755840099
-8.48830105616175,-4.91751001002525,-0.003611755840099
-8.48702712616813,-4.91751461116935,-0.003611755840099
-8.48602713269052,-4.91751822291734,-0.003611755840099
-8.4850271392129,-4.91752183466533,-0.003611755840099
-8.48402714573528,-4.91752544641331,-0.003611755840099
-8.48302715225767,-4.9175290581613,-0.003611755840099
-8.43302747837682,-4.91770964556069,-0.003611755840099
-8.38302780449597,-4.91789023296007,-0.003611755840099
-8.33802809800321,-4.91805276161951,-0.003611755840099
-8.29302839151044,-4.91821529027896,-0.003611755840099
-8.26202859370432,-4.91832725446658,-0.003611755840099
-8.23102879589819,-4.9184392186542,-0.003611755840099
-8.20312897787268,-4.91853998642305,-0.003611755840099
-8.17522915984716,-4.91864075419191,-0.003611755840099
-8.15321930340481,-4.91872024876512,-0.003611755840099
-8.13120944696247,-4.91879974333833,-0.003611755840099
-8.11639154361114,-4.91885326222001,-0.003611755840099
-8.10157364025981,-4.91890678110169,-0.003611755840099
-8.08971931757875,-4.91894959620703,-0.003611755840099
-8.07786499489768,-4.91899241131238,-0.003611755840099
-8.06838153675283,-4.91902666339666,-0.003611755840099
-8.05984642442247,-4.9190574902725,-0.003611755840099
-8.0513113120921,-4.91908831714835,-0.003611755840099
-8.04362971099478,-4.91911606133662,-0.003611755840099
-8.03594810989745,-4.91914380552488,-0.003611755840099
-8.03065634025262,-4.91916291818791,-0.003611755840099
-8.0253645706078,-4.91918203085093,-0.003611755840099
-8.02060197792745,-4.91919923224766,-0.003611755840099
-8.01583938524711,-4.91921643364438,-0.003611755840099
-8.01255848806732,-4.91922828349546,-0.003611755840099
-8.0096056806055,-4.91923894836142,-0.003611755840099
-8.00665287314369,-4.91924961322739,-0.003611755840099
-8.00399534642806,-4.91925921160676,-0.003611755840099
-8.00163310045861,-4.91926774349954,-0.003611755840099
-7.99927085448916,-4.91927627539231,-0.003611755840099
-7.99741058578821,-4.91928299425787,-0.003611755840099
-7.99555031708727,-4.91928971312343,-0.003611755840099
-7.99429832672346,-4.9192942350266,-0.003611755840099
-7.99304633635965,-4.91929875692977,-0.003611755840099
-7.99204474406861,-4.91930237445231,-0.003611755840099
-7.99104315177756,-4.91930599197485,-0.003611755840099
-7.99004155948651,-4.91930960949738,-0.003611755840099
-7.98903996719547,-4.91931322701992,-0.003611755840099
-7.98803997371785,-4.91931683876791,-0.003611755840099
-7.98703998024023,-4.9193204505159,-0.003611755840099
-7.98603998676262,-4.91932406226388,-0.003611755840099
-7.93604031288177,-4.91950464966327,-0.003611755840099
-7.88604063900092,-4.91968523706265,-0.003611755840099
-7.84104093250816,-4.9198477657221,-0.003611755840099
-7.79604122601539,-4.92001029438154,-0.003611755840099
-7.76504142820927,-4.92012225856916,-0.003611755840099
-7.73404163040314,-4.92023422275678,-0.003611755840099
-7.70924179215824,-4.92032379410687,-0.003611755840099
-7.68444195391334,-4.92041336545697,-0.003611755840099
-7.66460208331742,-4.92048502253704,-0.003611755840099
-7.6447622127215,-4.92055667961712,-0.003611755840099
-7.62889031624476,-4.92061400528118,-0.003611755840099
-7.61301841976803,-4.92067133094524,-0.003611755840099
-7.60032090258664,-4.92071719147649,-0.003611755840099
-7.58762338540525,-4.92076305200774,-0.003611755840099
-7.57746537166014,-4.92079974043273,-0.003611755840099
-7.56730735791502,-4.92083642885773,-0.003611755840099
-7.55918094691894,-4.92086577959773,-0.003611755840099
-7.55105453592285,-4.92089513033773,-0.003611755840099
-7.54374076602637,-4.92092154600373,-0.003611755840099
-7.53797101421914,-4.92094238502913,-0.003611755840099
-7.53220126241192,-4.92096322405453,-0.003611755840099
-7.52758546096614,-4.92097989527485,-0.003611755840099
-7.52343123966494,-4.92099489937314,-0.003611755840099
-7.51927701836374,-4.92100990347142,-0.003611755840099
-7.51553821919266,-4.92102340715988,-0.003611755840099
-7.51179942002158,-4.92103691084834,-0.003611755840099
-7.50922380281483,-4.92104621338928,-0.003611755840099
-7.50664818560809,-4.92105551593022,-0.003611755840099
-7.50407256840134,-4.92106481847116,-0.003611755840099
-7.50226963635662,-4.92107133024981,-0.003611755840099
-7.5004667043119,-4.92107784202847,-0.003611755840099
-7.49902435867613,-4.9210830514514,-0.003611755840099
-7.49758201304035,-4.92108826087432,-0.003611755840099
-7.49642813653173,-4.92109242841266,-0.003611755840099
-7.4952742600231,-4.921096595951,-0.003611755840099
-7.49427426654549,-4.92110020769899,-0.003611755840099
-7.49327427306787,-4.92110381944698,-0.003611755840099
-7.49227427959025,-4.92110743119497,-0.003611755840099
-7.49127428611264,-4.92111104294295,-0.003611755840099
-7.49027429263502,-4.92111465469094,-0.003611755840099
-7.4892742991574,-4.92111826643893,-0.003611755840099
-7.43927462527656,-4.92129885383831,-0.003611755840099
-7.38927495139571,-4.9214794412377,-0.003611755840099
-7.34927521229103,-4.9216239111572,-0.003611755840099
-7.30927547318635,-4.92176838107671,-0.003611755840099
-7.27327570799214,-4.92189840400427,-0.003611755840099
-7.23727594279793,-4.92202842693182,-0.003611755840099
-7.21247610455303,-4.92211799828192,-0.003611755840099
-7.18767626630813,-4.92220756963201,-0.003611755840099
-7.16783639571221,-4.92227922671209,-0.003611755840099
-7.14799652511629,-4.92235088379216,-0.003611755840099
-7.13212462863955,-4.92240820945622,-0.003611755840099
-7.11625273216281,-4.92246553512028,-0.003611755840099
-7.10355521498142,-4.92251139565153,-0.003611755840099
-7.09085769780003,-4.92255725618278,-0.003611755840099
-7.08069968405492,-4.92259394460778,-0.003611755840099
-7.07054167030981,-4.92263063303278,-0.003611755840099
-7.06139945793921,-4.92266365261528,-0.003611755840099
-7.05418726818018,-4.92268970139703,-0.003611755840099
-7.04697507842115,-4.92271575017877,-0.003611755840099
-7.04120532661393,-4.92273658920417,-0.003611755840099
-7.03543557480671,-4.92275742822957,-0.003611755840099
-7.03081977336093,-4.92277409944989,-0.003611755840099
-7.02620397191515,-4.92279077067021,-0.003611755840099
-7.02251133075853,-4.92280410764647,-0.003611755840099
-7.0188186896019,-4.92281744462272,-0.003611755840099
-7.01586457667661,-4.92282811420373,-0.003611755840099
-7.01291046375131,-4.92283878378473,-0.003611755840099
-7.01054717341107,-4.92284731944954,-0.003611755840099
-7.00818388307083,-4.92285585511434,-0.003611755840099
-7.00629325079864,-4.92286268364618,-0.003611755840099
-7.00440261852645,-4.92286951217803,-0.003611755840099
-7.00289011270869,-4.9228749750035,-0.003611755840099
-7.00137760689094,-4.92288043782898,-0.003611755840099
-7.00001635165496,-4.9228853543719,-0.003611755840099
-6.99865509641899,-4.92289027091483,-0.003611755840099
-6.99758121728838,-4.92289414952092,-0.003611755840099
-6.99650733815778,-4.922898028127,-0.003611755840099
-6.99550734468016,-4.92290163987499,-0.003611755840099
-6.99450735120254,-4.92290525162298,-0.003611755840099
-6.99350735772493,-4.92290886337097,-0.003611755840099
-6.99250736424731,-4.92291247511895,-0.003611755840099
-6.94250769036646,-4.92309306251834,-0.003611755840099
-6.89250801648561,-4.92327364991772,-0.003611755840099
-6.84250834260476,-4.92345423731711,-0.003611755840099
-6.79250866872392,-4.92363482471649,-0.003611755840099
-6.75750889700732,-4.92376123589606,-0.003611755840099
-6.72250912529073,-4.92388764707563,-0.003611755840099
-6.69250932096222,-4.92399599951526,-0.003611755840099
-6.67250945140988,-4.92406823447501,-0.003611755840099
-6.65250958185754,-4.92414046943476,-0.003611755840099
-6.63450969926044,-4.92420548089854,-0.003611755840099
-6.61650981666333,-4.92427049236232,-0.003611755840099
-6.60230990928117,-4.92432177918375,-0.003611755840099
-6.58811000189901,-4.92437306600517,-0.003611755840099
-6.57713007351478,-4.92441272299808,-0.003611755840099
-6.56615014513054,-4.92445237999098,-0.003611755840099
-6.55768820032295,-4.92448294260245,-0.003611755840099
-6.54922625551535,-4.92451350521392,-0.003611755840099
-6.5435546925077,-4.92453398960381,-0.003611755840099
-6.53788312950005,-4.9245544739937,-0.003611755840099
-6.53334587909393,-4.92457086150561,-0.003611755840099
-6.5288086286878,-4.92458724901752,-0.003611755840099
-6.52517882836291,-4.92460035902704,-0.003611755840099
-6.52154902803801,-4.92461346903657,-0.003611755840099
-6.51864518777809,-4.92462395704419,-0.003611755840099
-6.51574134751817,-4.92463444505182,-0.003611755840099
-6.51341827531024,-4.92464283545791,-0.003611755840099
-6.5110952031023,-4.92465122586401,-0.003611755840099
-6.50900443811516,-4.9246587772295,-0.003611755840099
-6.50691367312802,-4.92466632859499,-0.003611755840099
-6.50526429186039,-4.92467228578332,-0.003611755840099
-6.50361491059275,-4.92467824297165,-0.003611755840099
-6.50250448207736,-4.92468225358576,-0.003611755840099
-6.50139405356197,-4.92468626419987,-0.003611755840099
-6.50039406008435,-4.92468987594786,-0.003611755840099
-6.49939406660674,-4.92469348769585,-0.003611755840099
-6.49839407312912,-4.92469709944384,-0.003611755840099
-6.4973940796515,-4.92470071119183,-0.003611755840099
-6.44739440577065,-4.92488129859121,-0.003611755840099
-6.3973947318898,-4.92506188599059,-0.003611755840099
-6.35239502539704,-4.92522441465004,-0.003611755840099
-6.30739531890428,-4.92538694330948,-0.003611755840099
-6.27639552109815,-4.9254989074971,-0.003611755840099
-6.24539572329203,-4.92561087168472,-0.003611755840099
-6.22059588504713,-4.92570044303481,-0.003611755840099
-6.19579604680222,-4.92579001438491,-0.003611755840099
-6.17099620855732,-4.925879585735,-0.003611755840099
-6.14867635413691,-4.92596019995009,-0.003611755840099
-6.13354845280752,-4.92601483847364,-0.003611755840099
-6.11842055147813,-4.9260694769972,-0.003611755840099
-6.10631823041462,-4.92611318781605,-0.003611755840099
-6.09421590935111,-4.92615689863489,-0.003611755840099
-6.0845340525003,-4.92619186728997,-0.003611755840099
-6.07582038133457,-4.92622333907954,-0.003611755840099
-6.06710671016884,-4.92625481086911,-0.003611755840099
-6.06013577323626,-4.92627998830076,-0.003611755840099
-6.05316483630368,-4.92630516573242,-0.003611755840099
-6.04758808675761,-4.92632530767774,-0.003611755840099
-6.04201133721155,-4.92634544962307,-0.003611755840099
-6.03754993757469,-4.92636156317933,-0.003611755840099
-6.03308853793784,-4.92637767673559,-0.003611755840099
-6.02907327826468,-4.92639217893622,-0.003611755840099
-6.02505801859151,-4.92640668113685,-0.003611755840099
-6.02229195081666,-4.92641667154173,-0.003611755840099
-6.01952588304181,-4.92642666194661,-0.003611755840099
-6.01703642204445,-4.92643565331101,-0.003611755840099
-6.01454696104708,-4.9264446446754,-0.003611755840099
-6.01283199902668,-4.92645083872643,-0.003611755840099
-6.01111703700627,-4.92645703277745,-0.003611755840099
-6.0095735711879,-4.92646260742337,-0.003611755840099
-6.00803010536954,-4.9264681820693,-0.003611755840099
-6.00696682891689,-4.92647202238093,-0.003611755840099
-6.00590355246423,-4.92647586269257,-0.003611755840099
-6.00490355898662,-4.92647947444056,-0.003611755840099
-6.003903565509,-4.92648308618855,-0.003611755840099
-6.00290357203138,-4.92648669793653,-0.003611755840099
-6.00190357855377,-4.92649030968452,-0.003611755840099
-5.95190390467292,-4.9266708970839,-0.003611755840099
-5.90190423079207,-4.92685148448329,-0.003611755840099
-5.86190449168739,-4.9269959544028,-0.003611755840099
-5.82190475258271,-4.9271404243223,-0.003611755840099
-5.78990496129897,-4.92725600025791,-0.003611755840099
-5.75790517001523,-4.92737157619352,-0.003611755840099
-5.72590537873148,-4.92748715212912,-0.003611755840099
-5.69390558744774,-4.92760272806473,-0.003611755840099
-5.6747057126775,-4.92767207362609,-0.003611755840099
-5.65550583790725,-4.92774141918745,-0.003611755840099
-5.63822595061403,-4.92780383019268,-0.003611755840099
-5.62286605079783,-4.92785930664177,-0.003611755840099
-5.60750615098164,-4.92791478309086,-0.003611755840099
-5.596946219858,-4.92795292314961,-0.003611755840099
-5.58638628873437,-4.92799106320836,-0.003611755840099
-5.57688235072309,-4.92802538926124,-0.003611755840099
-5.56737841271182,-4.92805971531411,-0.003611755840099
-5.56083125541517,-4.92808336215054,-0.003611755840099
-5.55428409811851,-4.92810700898696,-0.003611755840099
-5.54904637228119,-4.9281259264561,-0.003611755840099
-5.54380864644387,-4.92814484392524,-0.003611755840099
-5.53961846577401,-4.92815997790055,-0.003611755840099
-5.53542828510415,-4.92817511187586,-0.003611755840099
-5.53165712250128,-4.92818873245364,-0.003611755840099
-5.52788595989841,-4.92820235303142,-0.003611755840099
-5.52528804788309,-4.92821173609612,-0.003611755840099
-5.52269013586778,-4.92822111916081,-0.003611755840099
-5.52061180625553,-4.92822862561257,-0.003611755840099
-5.51853347664328,-4.92823613206432,-0.003611755840099
-5.51687081295348,-4.92824213722572,-0.003611755840099
-5.51520814926368,-4.92824814238713,-0.003611755840099
-5.51387801831184,-4.92825294651625,-0.003611755840099
-5.51254788736,-4.92825775064537,-0.003611755840099
-5.51148378259853,-4.92826159394867,-0.003611755840099
-5.51041967783706,-4.92826543725197,-0.003611755840099
-5.50941968435944,-4.92826904899996,-0.003611755840099
-5.50841969088183,-4.92827266074795,-0.003611755840099
-5.50741969740421,-4.92827627249593,-0.003611755840099
-5.50641970392659,-4.92827988424392,-0.003611755840099
-5.45642003004574,-4.92846047164331,-0.003611755840099
-5.4064203561649,-4.92864105904269,-0.003611755840099
-5.36642061706022,-4.9287855289622,-0.003611755840099
-5.32642087795554,-4.9289299988817,-0.003611755840099
-5.29042111276133,-4.92906002180926,-0.003611755840099
-5.25442134756712,-4.92919004473682,-0.003611755840099
-5.22962150932222,-4.92927961608691,-0.003611755840099
-5.20482167107732,-4.92936918743701,-0.003611755840099
-5.18498180048139,-4.92944084451708,-0.003611755840099
-5.16514192988547,-4.92951250159716,-0.003611755840099
-5.14927003340874,-4.92956982726122,-0.003611755840099
-5.133398136932,-4.92962715292528,-0.003611755840099
-5.12070061975061,-4.92967301345653,-0.003611755840099
-5.10800310256922,-4.92971887398777,-0.003611755840099
-5.09784508882411,-4.92975556241277,-0.003611755840099
-5.087687075079,-4.92979225083777,-0.003611755840099
-5.07956066408291,-4.92982160157777,-0.003611755840099
-5.07143425308682,-4.92985095231777,-0.003611755840099
-5.06330784209073,-4.92988030305777,-0.003611755840099
-5.05518143109465,-4.92990965379777,-0.003611755840099
-5.05030558449699,-4.92992726424177,-0.003611755840099
-5.04542973789934,-4.92994487468577,-0.003611755840099
-5.04152906062122,-4.92995896304097,-0.003611755840099
-5.03762838334309,-4.92997305139617,-0.003611755840099
-5.03450784152059,-4.92998432208032,-0.003611755840099
-5.03169935388035,-4.92999446569607,-0.003611755840099
-5.0288908662401,-4.93000460931181,-0.003611755840099
-5.02636322736387,-4.93001373856598,-0.003611755840099
-5.02383558848765,-4.93002286782015,-0.003611755840099
-5.0220943261507,-4.93002915686191,-0.003611755840099
-5.02035306381374,-4.93003544590367,-0.003611755840099
-5.01896005394418,-4.93004047713708,-0.003611755840099
-5.01756704407462,-4.93004550837049,-0.003611755840099
-5.01645263617897,-4.93004953335722,-0.003611755840099
-5.01533822828332,-4.93005355834394,-0.003611755840099
-5.01433526117723,-4.930057180832,-0.003611755840099
-5.01333229407114,-4.93006080332005,-0.003611755840099
-5.01233230059353,-4.93006441506804,-0.003611755840099
-5.01133230711591,-4.93006802681603,-0.003611755840099
-5.01033231363829,-4.93007163856402,-0.003611755840099
-5.00933232016068,-4.930075250312,-0.003611755840099
-4.95933264627983,-4.93025583771139,-0.003611755840099
-4.90933297239898,-4.93043642511077,-0.003611755840099
-4.85933329851813,-4.93061701251016,-0.003611755840099
-4.80933362463728,-4.93079759990954,-0.003611755840099
-4.77433385292069,-4.93092401108911,-0.003611755840099
-4.73933408120409,-4.93105042226868,-0.003611755840099
-4.70933427687559,-4.93115877470831,-0.003611755840099
-4.67933447254708,-4.93126712714794,-0.003611755840099
-4.65633462256189,-4.93135019735165,-0.003611755840099
-4.6393347334424,-4.93141159706744,-0.003611755840099
-4.62233484432291,-4.93147299678324,-0.003611755840099
-4.60933492911389,-4.93151994950707,-0.003611755840099
-4.59803500281682,-4.93156076225934,-0.003611755840099
-4.58673507651975,-4.9316015750116,-0.003611755840099
-4.57899512700299,-4.93162952994102,-0.003611755840099
-4.57125517748624,-4.93165748487044,-0.003611755840099
-4.56506321787283,-4.93167984881398,-0.003611755840099
-4.55887125825943,-4.93170221275752,-0.003611755840099
-4.55391769056871,-4.93172010391236,-0.003611755840099
-4.54896412287798,-4.93173799506719,-0.003611755840099
-4.5450012687254,-4.93175230799105,-0.003611755840099
-4.54103841457283,-4.93176662091492,-0.003611755840099
-4.53786813125076,-4.93177807125401,-0.003611755840099
-4.53501487626091,-4.93178837655919,-0.003611755840099
-4.53216162127105,-4.93179868186438,-0.003611755840099
-4.52987901727916,-4.93180692610852,-0.003611755840099
-4.52759641328728,-4.93181517035267,-0.003611755840099
-4.52577033009377,-4.93182176574799,-0.003611755840099
-4.52394424690026,-4.93182836114331,-0.003611755840099
-4.52248338034546,-4.93183363745956,-0.003611755840099
-4.52102251379065,-4.93183891377581,-0.003611755840099
-4.5198538205468,-4.93184313482882,-0.003611755840099
-4.51868512730296,-4.93184735588182,-0.003611755840099
-4.51768513382534,-4.93185096762981,-0.003611755840099
-4.51668514034772,-4.9318545793778,-0.003611755840099
-4.51568514687011,-4.93185819112578,-0.003611755840099
-4.51468515339249,-4.93186180287377,-0.003611755840099
-4.51368515991487,-4.93186541462176,-0.003611755840099
-4.51268516643726,-4.93186902636975,-0.003611755840099
-4.46268549255641,-4.93204961376913,-0.003611755840099
-4.41768578606365,-4.93221214242858,-0.003611755840099
-4.37718605022016,-4.93235841822208,-0.003611755840099
-4.33668631437667,-4.93250469401558,-0.003611755840099
-4.30428652570188,-4.93262171465038,-0.003611755840099
-4.27188673702709,-4.93273873528518,-0.003611755840099
-4.24596690608726,-4.93283235179302,-0.003611755840099
-4.22004707514743,-4.93292596830086,-0.003611755840099
-4.19931121039556,-4.93300086150713,-0.003611755840099
-4.1785753456437,-4.93307575471341,-0.003611755840099
-4.16198665384221,-4.93313566927842,-0.003611755840099
-4.14539796204071,-4.93319558384344,-0.003611755840099
-4.13212700859952,-4.93324351549546,-0.003611755840099
-4.11885605515833,-4.93329144714747,-0.003611755840099
-4.10823929240537,-4.93332979246908,-0.003611755840099
-4.09762252965242,-4.93336813779069,-0.003611755840099
-4.08912911945005,-4.93339881404798,-0.003611755840099
-4.08063570924769,-4.93342949030527,-0.003611755840099
-4.0738409810858,-4.9334540313111,-0.003611755840099
-4.06704625292391,-4.93347857231693,-0.003611755840099
-4.06161047039439,-4.9334982051216,-0.003611755840099
-4.05617468786488,-4.93351783792626,-0.003611755840099
-4.05128248358832,-4.93353550745046,-0.003611755840099
-4.04742307799236,-4.93354944674177,-0.003611755840099
-4.043949612956,-4.93356199210395,-0.003611755840099
-4.04047614791965,-4.93357453746614,-0.003611755840099
-4.03700268288329,-4.93358708282832,-0.003611755840099
-4.03352921784693,-4.9335996281905,-0.003611755840099
-4.03144513882511,-4.93360715540781,-0.003611755840099
-4.0293610598033,-4.93361468262512,-0.003611755840099
-4.02727698078148,-4.93362220984242,-0.003611755840099
-4.02519290175967,-4.93362973705973,-0.003611755840099
-4.02394245434658,-4.93363425339012,-0.003611755840099
-4.02269200693349,-4.9336387697205,-0.003611755840099
-4.02169164900302,-4.93364238278481,-0.003611755840099
-4.02069129107254,-4.93364599584912,-0.003611755840099
-4.01969129759493,-4.93364960759711,-0.003611755840099
-4.01869130411731,-4.9336532193451,-0.003611755840099
-4.01769131063969,-4.93365683109308,-0.003611755840099
-4.01669131716208,-4.93366044284107,-0.003611755840099
-3.96669164328123,-4.93384103024046,-0.003611755840099
-3.91669196940038,-4.93402161763984,-0.003611755840099
-3.8766922302957,-4.93416608755935,-0.003611755840099
-3.83669249119102,-4.93431055747885,-0.003611755840099
-3.80469269990728,-4.93442613341446,-0.003611755840099
-3.77269290862354,-4.93454170935007,-0.003611755840099
-3.74709307559654,-4.93463417009855,-0.003611755840099
-3.72149324256955,-4.93472663084703,-0.003611755840099
-3.69589340954255,-4.93481909159552,-0.003611755840099
-3.67797352642366,-4.93488381411946,-0.003611755840099
-3.66005364330476,-4.9349485366434,-0.003611755840099
-3.64571773680965,-4.93500031466255,-0.003611755840099
-3.63138183031453,-4.9350520926817,-0.003611755840099
-3.61991310511844,-4.93509351509702,-0.003611755840099
-3.60844437992234,-4.93513493751234,-0.003611755840099
-3.59926939976547,-4.9351680754446,-0.003611755840099
-3.59009441960859,-4.93520121337686,-0.003611755840099
-3.58275443548309,-4.93522772372266,-0.003611755840099
-3.57541445135759,-4.93525423406847,-0.003611755840099
-3.56954246405719,-4.93527544234511,-0.003611755840099
-3.56425767548683,-4.93529452979409,-0.003611755840099
-3.55897288691647,-4.93531361724307,-0.003611755840099
-3.55474505606019,-4.93532888720225,-0.003611755840099
-3.5505172252039,-4.93534415716144,-0.003611755840099
-3.54628939434761,-4.93535942712062,-0.003611755840099
-3.54206156349132,-4.93537469707981,-0.003611755840099
-3.53952486497755,-4.93538385905532,-0.003611755840099
-3.53698816646378,-4.93539302103083,-0.003611755840099
-3.53495880765276,-4.93540035061124,-0.003611755840099
-3.53292944884174,-4.93540768019165,-0.003611755840099
-3.53130596179293,-4.93541354385597,-0.003611755840099
-3.52968247474411,-4.9354194075203,-0.003611755840099
-3.52838368510506,-4.93542409845176,-0.003611755840099
-3.52708489546601,-4.93542878938322,-0.003611755840099
-3.52604586375477,-4.93543254212839,-0.003611755840099
-3.52500683204352,-4.93543629487356,-0.003611755840099
-3.52400683856591,-4.93543990662155,-0.003611755840099
-3.52300684508829,-4.93544351836953,-0.003611755840099
-3.52200685161067,-4.93544713011752,-0.003611755840099
-3.52100685813306,-4.93545074186551,-0.003611755840099
-3.47100718425221,-4.93563132926489,-0.003611755840099
-3.42600747775945,-4.93579385792434,-0.003611755840099
-3.38100777126668,-4.93595638658378,-0.003611755840099
-3.34500800607247,-4.93608640951134,-0.003611755840099
-3.30900824087826,-4.9362164324389,-0.003611755840099
-3.27660845220347,-4.9363334530737,-0.003611755840099
-3.24420866352868,-4.9364504737085,-0.003611755840099
-3.22188880910827,-4.93653108792358,-0.003611755840099
-3.19956895468786,-4.93661170213867,-0.003611755840099
-3.18171307115153,-4.93667619351074,-0.003611755840099
-3.1638571876152,-4.9367406848828,-0.003611755840099
-3.14778689243251,-4.93679872711766,-0.003611755840099
-3.13350218560344,-4.93685032021532,-0.003611755840099
-3.12225297897556,-4.93689094977972,-0.003611755840099
-3.11100377234767,-4.93693157934412,-0.003611755840099
-3.10200440704536,-4.93696408299565,-0.003611755840099
-3.09300504174305,-4.93699658664717,-0.003611755840099
-3.0858055495012,-4.93702258956839,-0.003611755840099
-3.07860605725936,-4.9370485924896,-0.003611755840099
-3.07284646346588,-4.93706939482658,-0.003611755840099
-3.0670868696724,-4.93709019716355,-0.003611755840099
-3.06247919463762,-4.93710683903313,-0.003611755840099
-3.05787151960283,-4.93712348090271,-0.003611755840099
-3.05418537957501,-4.93713679439837,-0.003611755840099
-3.05086785354997,-4.93714877654447,-0.003611755840099
-3.04755032752492,-4.93716075869057,-0.003611755840099
-3.04489630670489,-4.93717034440745,-0.003611755840099
-3.04224228588485,-4.93717993012432,-0.003611755840099
-3.03958826506482,-4.9371895158412,-0.003611755840099
-3.03773045049079,-4.93719622584302,-0.003611755840099
-3.03587263591677,-4.93720293584483,-0.003611755840099
-3.03438638425755,-4.93720830384628,-0.003611755840099
-3.03290013259833,-4.93721367184773,-0.003611755840099
-3.03156250610503,-4.93721850304904,-0.003611755840099
-3.03022487961173,-4.93722333425035,-0.003611755840099
-3.02922488613412,-4.93722694599834,-0.003611755840099
-3.0282248926565,-4.93723055774632,-0.003611755840099
-3.02722489917888,-4.93723416949431,-0.003611755840099
-3.02622490570127,-4.9372377812423,-0.003611755840099
-3.02522491222365,-4.93724139299029,-0.003611755840099
-3.02422491874603,-4.93724500473827,-0.003611755840099
-2.97422524486519,-4.93742559213766,-0.003611755840099
-2.92422557098434,-4.93760617953704,-0.003611755840099
-2.88422583187966,-4.93775064945655,-0.003611755840099
-2.84422609277498,-4.93789511937606,-0.003611755840099
-2.81222630149124,-4.93801069531166,-0.003611755840099
-2.78022651020749,-4.93812627124727,-0.003611755840099
-2.7546266771805,-4.93821873199575,-0.003611755840099
-2.72902684415351,-4.93831119274424,-0.003611755840099
-2.70854697773191,-4.93838516134302,-0.003611755840099
-2.68806711131031,-4.93845912994181,-0.003611755840099
-2.66758724488872,-4.9385330985406,-0.003611755840099
-2.65120335175144,-4.93859227341963,-0.003611755840099
-2.63481945861417,-4.93865144829866,-0.003611755840099
-2.6237603307465,-4.938691391342,-0.003611755840099
-2.61270120287884,-4.93873133438535,-0.003611755840099
-2.60385390058471,-4.93876328882003,-0.003611755840099
-2.59500659829058,-4.9387952432547,-0.003611755840099
-2.58792875645528,-4.93882080680244,-0.003611755840099
-2.58085091461998,-4.93884637035018,-0.003611755840099
-2.57518864115173,-4.93886682118838,-0.003611755840099
-2.56952636768349,-4.93888727202657,-0.003611755840099
-2.5649965489089,-4.93890363269712,-0.003611755840099
-2.5604667301343,-4.93891999336768,-0.003611755840099
-2.55638989323717,-4.93893471797118,-0.003611755840099
-2.55231305634003,-4.93894944257468,-0.003611755840099
-2.54909688501007,-4.93896105865077,-0.003611755840099
-2.54588071368011,-4.93897267472686,-0.003611755840099
-2.54371546030585,-4.93898049512739,-0.003611755840099
-2.5415502069316,-4.93898831552791,-0.003611755840099
-2.53981800423219,-4.93899457184833,-0.003611755840099
-2.53808580153279,-4.93900082816875,-0.003611755840099
-2.53670003937326,-4.93900583322509,-0.003611755840099
-2.53531427721374,-4.93901083828142,-0.003611755840099
-2.53420566748612,-4.93901484232649,-0.003611755840099
-2.53320567400851,-4.93901845407448,-0.003611755840099
-2.53220568053089,-4.93902206582247,-0.003611755840099
-2.53120568705327,-4.93902567757046,-0.003611755840099
-2.53020569357565,-4.93902928931844,-0.003611755840099
-2.52920570009804,-4.93903290106643,-0.003611755840099
-2.47920602621719,-4.93921348846582,-0.003611755840099
-2.42920635233634,-4.9393940758652,-0.003611755840099
-2.37920667845549,-4.93957466326458,-0.003611755840099
-2.3442069067389,-4.93970107444415,-0.003611755840099
-2.30920713502231,-4.93982748562372,-0.003611755840099
-2.27770734047737,-4.93994125568533,-0.003611755840099
-2.24620754593244,-4.94005502574694,-0.003611755840099
-2.22135770801366,-4.94014477768444,-0.003611755840099
-2.19650787009487,-4.94023452962193,-0.003611755840099
-2.17977797921434,-4.94029495416577,-0.003611755840099
-2.16304808833381,-4.9403553787096,-0.003611755840099
-2.14799118654133,-4.94040976079905,-0.003611755840099
-2.13293428474885,-4.9404641428885,-0.003611755840099
-2.12256175240292,-4.94050160610568,-0.003611755840099
-2.11218922005699,-4.94053906932285,-0.003611755840099
-2.10181668771106,-4.94057653254003,-0.003611755840099
-2.09144415536513,-4.94061399575721,-0.003611755840099
-2.08522063595758,-4.94063647368752,-0.003611755840099
-2.07899711655002,-4.94065895161782,-0.003611755840099
-2.07277359714246,-4.94068142954813,-0.003611755840099
-2.06841713355717,-4.94069716409934,-0.003611755840099
-2.06406066997188,-4.94071289865056,-0.003611755840099
-2.06013985274512,-4.94072705974665,-0.003611755840099
-2.05704676359956,-4.94073823127801,-0.003611755840099
-2.05395367445401,-4.94074940280937,-0.003611755840099
-2.05147920313756,-4.94075834003446,-0.003611755840099
-2.04900473182112,-4.94076727725955,-0.003611755840099
-2.04702515476796,-4.94077442703963,-0.003611755840099
-2.0450455777148,-4.9407815768197,-0.003611755840099
-2.04346191607228,-4.94078729664375,-0.003611755840099
-2.04187825442975,-4.94079301646781,-0.003611755840099
-2.04061132511573,-4.94079759232706,-0.003611755840099
-2.03934439580171,-4.9408021681863,-0.003611755840099
-2.0383308523505,-4.9408058288737,-0.003611755840099
-2.03731730889928,-4.9408094895611,-0.003611755840099
-2.03631731542167,-4.94081310130909,-0.003611755840099
-2.03531732194405,-4.94081671305707,-0.003611755840099
-2.03431732846643,-4.94082032480506,-0.003611755840099
-2.03331733498882,-4.94082393655305,-0.003611755840099
-1.98331766110797,-4.94100452395243,-0.003611755840099
-1.9383179546152,-4.94116705261188,-0.003611755840099
-1.89331824812244,-4.94132958127132,-0.003611755840099
-1.85731848292823,-4.94145960419888,-0.003611755840099
-1.82131871773402,-4.94158962712644,-0.003611755840099
-1.79251890557865,-4.94169364546848,-0.003611755840099
-1.76371909342328,-4.94179766381053,-0.003611755840099
-1.74067924369899,-4.94188087848416,-0.003611755840099
-1.71763939397469,-4.9419640931578,-0.003611755840099
-1.69690352922283,-4.94203898636407,-0.003611755840099
-1.67616766447096,-4.94211387957034,-0.003611755840099
-1.6618829576419,-4.942165472668,-0.003611755840099
-1.64759825081284,-4.94221706576565,-0.003611755840099
-1.63474201466668,-4.94226349955354,-0.003611755840099
-1.62188577852052,-4.94230993334143,-0.003611755840099
-1.6130292602865,-4.94234192106197,-0.003611755840099
-1.60505839387589,-4.94237071001047,-0.003611755840099
-1.59708752746527,-4.94239949895896,-0.003611755840099
-1.58911666105465,-4.94242828790745,-0.003611755840099
-1.58353705456722,-4.94244844017139,-0.003611755840099
-1.57795744807979,-4.94246859243533,-0.003611755840099
-1.5729358022411,-4.94248672947288,-0.003611755840099
-1.56791415640241,-4.94250486651043,-0.003611755840099
-1.5644548003802,-4.94251736091408,-0.003611755840099
-1.560995444358,-4.94252985531772,-0.003611755840099
-1.55788202393801,-4.942541100281,-0.003611755840099
-1.55476860351802,-4.94255234524428,-0.003611755840099
-1.55231246074225,-4.94256121627087,-0.003611755840099
-1.54985631796649,-4.94257008729746,-0.003611755840099
-1.54820274578787,-4.9425760596224,-0.003611755840099
-1.54654917360926,-4.94258203194734,-0.003611755840099
-1.54522631586636,-4.9425868098073,-0.003611755840099
-1.54390345812347,-4.94259158766725,-0.003611755840099
-1.54271288615487,-4.94259588774121,-0.003611755840099
-1.54152231418626,-4.94260018781517,-0.003611755840099
-1.54052232070865,-4.94260379956316,-0.003611755840099
-1.53952232723103,-4.94260741131114,-0.003611755840099
-1.53852233375341,-4.94261102305913,-0.003611755840099
-1.5375223402758,-4.94261463480712,-0.003611755840099
-1.48752266639495,-4.9427952222065,-0.003611755840099
-1.4375229925141,-4.94297580960589,-0.003611755840099
-1.39752325340942,-4.94312027952539,-0.003611755840099
-1.35752351430474,-4.9432647494449,-0.003611755840099
-1.325523723021,-4.94338032538051,-0.003611755840099
-1.29352393173726,-4.94349590131611,-0.003611755840099
-1.26152414045351,-4.94361147725172,-0.003611755840099
-1.23912428655489,-4.94369238040664,-0.003611755840099
-1.21896441804614,-4.94376519324608,-0.003611755840099
-1.19880454953738,-4.94383800608551,-0.003611755840099
-1.18267665473037,-4.94389625635705,-0.003611755840099
-1.16654875992336,-4.9439545066286,-0.003611755840099
-1.15364644407776,-4.94400110684583,-0.003611755840099
-1.14074412823215,-4.94404770706307,-0.003611755840099
-1.13042227555567,-4.94408498723686,-0.003611755840099
-1.12010042287919,-4.94412226741065,-0.003611755840099
-1.111842940738,-4.94415209154968,-0.003611755840099
-1.10358545859681,-4.94418191568871,-0.003611755840099
-1.09615372466974,-4.94420875741384,-0.003611755840099
-1.08872199074267,-4.94423559913897,-0.003611755840099
-1.08360235181514,-4.94425409010516,-0.003611755840099
-1.0784827128876,-4.94427258107136,-0.003611755840099
-1.07387503785282,-4.94428922294094,-0.003611755840099
-1.06977932671079,-4.9443040157139,-0.003611755840099
-1.06568361556876,-4.94431880848686,-0.003611755840099
-1.06286781415862,-4.94432897851827,-0.003611755840099
-1.06005201274847,-4.94433914854968,-0.003611755840099
-1.05779937162036,-4.94434728457481,-0.003611755840099
-1.05554673049224,-4.94435542059994,-0.003611755840099
-1.05374461758975,-4.94436192942004,-0.003611755840099
-1.0521227159775,-4.94436778735813,-0.003611755840099
-1.05050081436526,-4.94437364529622,-0.003611755840099
-1.04920329307547,-4.9443783316467,-0.003611755840099
-1.04790577178567,-4.94438301799717,-0.003611755840099
-1.04686775475384,-4.94438676707755,-0.003611755840099
-1.045829737722,-4.94439051615793,-0.003611755840099
-1.04482974424438,-4.94439412790592,-0.003611755840099
-1.04382975076677,-4.9443977396539,-0.003611755840099
-1.04282975728915,-4.94440135140189,-0.003611755840099
-1.04182976381153,-4.94440496314988,-0.003611755840099
-1.04082977033391,-4.94440857489787,-0.003611755840099
-0.990830096453066,-4.94458916229725,-0.003611755840099
-0.940830422572218,-4.94476974969663,-0.003611755840099
-0.900830683467539,-4.94491421961614,-0.003611755840099
-0.86083094436286,-4.94505868953565,-0.003611755840099
-0.828831153079118,-4.94517426547125,-0.003611755840099
-0.796831361795375,-4.94528984140686,-0.003611755840099
-0.771231528768381,-4.94538230215535,-0.003611755840099
-0.745631695741386,-4.94547476290383,-0.003611755840099
-0.722591846017091,-4.94555797757747,-0.003611755840099
-0.699551996292797,-4.9456411922511,-0.003611755840099
-0.68368009981606,-4.94569851791516,-0.003611755840099
-0.667808203339324,-4.94575584357922,-0.003611755840099
-0.655110686157934,-4.94580170411047,-0.003611755840099
-0.643682920694684,-4.94584297858859,-0.003611755840099
-0.632255155231434,-4.94588425306672,-0.003611755840099
-0.623112942860834,-4.94591727264922,-0.003611755840099
-0.613970730490233,-4.94595029223171,-0.003611755840099
-0.606656960593753,-4.94597670789771,-0.003611755840099
-0.599343190697273,-4.94600312356371,-0.003611755840099
-0.593492174780089,-4.94602425609651,-0.003611755840099
-0.587641158862905,-4.94604538862931,-0.003611755840099
-0.582960346129157,-4.94606229465555,-0.003611755840099
-0.578747614668785,-4.94607751007917,-0.003611755840099
-0.574534883208412,-4.94609272550278,-0.003611755840099
-0.571164698040114,-4.94610489784167,-0.003611755840099
-0.567794512871816,-4.94611707018057,-0.003611755840099
-0.565098364737178,-4.94612680805168,-0.003611755840099
-0.562402216602539,-4.94613654592279,-0.003611755840099
-0.560245298094829,-4.94614433621968,-0.003611755840099
-0.558088379587118,-4.94615212651658,-0.003611755840099
-0.556147152930178,-4.94615913778378,-0.003611755840099
-0.554205926273238,-4.94616614905098,-0.003611755840099
-0.552868636798458,-4.94617097903505,-0.003611755840099
-0.551531347323677,-4.94617580901913,-0.003611755840099
-0.550461515743853,-4.94617967300638,-0.003611755840099
-0.549391684164028,-4.94618353699364,-0.003611755840099
-0.548391690686411,-4.94618714874163,-0.003611755840099
-0.547391697208794,-4.94619076048962,-0.003611755840099
-0.546391703731177,-4.9461943722376,-0.003611755840099
-0.54539171025356,-4.94619798398559,-0.003611755840099
-0.495392036372712,-4.94637857138498,-0.003611755840099
-0.450392329879948,-4.94654110004442,-0.003611755840099
-0.405392623387185,-4.94670362870387,-0.003611755840099
-0.369392858192974,-4.94683365163142,-0.003611755840099
-0.333393092998763,-4.94696367455898,-0.003611755840099
-0.304593280843395,-4.94706769290102,-0.003611755840099
-0.275793468688026,-4.94717171124307,-0.003611755840099
-0.252753618963731,-4.94725492591671,-0.003611755840099
-0.229713769239436,-4.94733814059034,-0.003611755840099
-0.208977904487571,-4.94741303379661,-0.003611755840099
-0.188242039735706,-4.94748792700289,-0.003611755840099
-0.173957332906643,-4.94753952010054,-0.003611755840099
-0.15967262607758,-4.9475911131982,-0.003611755840099
-0.14824486061433,-4.94763238767632,-0.003611755840099
-0.136817095151079,-4.94767366215444,-0.003611755840099
-0.126532106234154,-4.94771080918475,-0.003611755840099
-0.116247117317229,-4.94774795621506,-0.003611755840099
-0.108133403838321,-4.94777726109453,-0.003611755840099
-0.100019690359414,-4.947806565974,-0.003611755840099
-0.09455721846798,-4.94782629517454,-0.003611755840099
-0.089094746576546,-4.94784602437509,-0.003611755840099
-0.084724769063399,-4.94786180773552,-0.003611755840099
-0.080354791550253,-4.94787759109595,-0.003611755840099
-0.076858809539735,-4.9478902177843,-0.003611755840099
-0.073362827529217,-4.94790284447265,-0.003611755840099
-0.070566041920803,-4.94791294582333,-0.003611755840099
-0.067769256312389,-4.947923047174,-0.003611755840099
-0.065252149264817,-4.94793213838962,-0.003611755840099
-0.062735042217244,-4.94794122960523,-0.003611755840099
-0.061001035140028,-4.94794749244265,-0.003611755840099
-0.059267028062811,-4.94795375528007,-0.003611755840099
-0.057533020985594,-4.94796001811749,-0.003611755840099
-0.055799013908377,-4.94796628095491,-0.003611755840099
-0.054758609662047,-4.94797003865736,-0.003611755840099
-0.053718205415717,-4.94797379635981,-0.003611755840099
-0.052718211938101,-4.9479774081078,-0.003611755840099
-0.051718218460484,-4.94798101985579,-0.003611755840099
-0.050718224982867,-4.94798463160377,-0.003611755840099
-0.04971823150525,-4.94798824335176,-0.003611755840099
0.000281442375599,-4.94816883075115,-0.003611755840099
0.045281148868362,-4.94833135941059,-0.003611755840099
0.090280855361126,-4.94849388807004,-0.003611755840099
0.135280561853889,-4.94865641672948,-0.003611755840099
0.166780356398824,-4.94877018679109,-0.003611755840099
0.198280150943758,-4.94888395685271,-0.003611755840099
0.223479986579706,-4.948974972902,-0.003611755840099
0.248679822215653,-4.94906598895128,-0.003611755840099
0.268839690724411,-4.94913880179072,-0.003611755840099
0.288999559233169,-4.94921161463015,-0.003611755840099
0.305127454040176,-4.94926986490169,-0.003611755840099
0.319642559366481,-4.94932229014608,-0.003611755840099
0.334157664692787,-4.94937471539047,-0.003611755840099
0.347221259486462,-4.94942189811043,-0.003611755840099
0.360284854280138,-4.94946908083038,-0.003611755840099
0.370590579061815,-4.9495063027539,-0.003611755840099
0.380896303843492,-4.94954352467741,-0.003611755840099
0.387834524189466,-4.94956858394423,-0.003611755840099
0.394078922500843,-4.94959113728437,-0.003611755840099
0.40032332081222,-4.94961369062451,-0.003611755840099
0.405318839461321,-4.94963173329661,-0.003611755840099
0.410314358110422,-4.94964977596872,-0.003611755840099
0.414310773029704,-4.94966421010641,-0.003611755840099
0.418307187948985,-4.9496786442441,-0.003611755840099
0.421504319884409,-4.94969019155425,-0.003611755840099
0.424701451819834,-4.9497017388644,-0.003611755840099
0.427578870561717,-4.94971213144353,-0.003611755840099
0.430456289303599,-4.94972252402267,-0.003611755840099
0.433013994851939,-4.94973176187079,-0.003611755840099
0.435571700400279,-4.94974099971891,-0.003611755840099
0.437042381090574,-4.94974631148158,-0.003611755840099
0.43851306178087,-4.94975162324425,-0.003611755840099
0.439689606333106,-4.94975587265438,-0.003611755840099
0.440866150885343,-4.94976012206452,-0.003611755840099
0.44186614436296,-4.94976373381251,-0.003611755840099
0.442866137840577,-4.94976734556049,-0.003611755840099
0.443866131318194,-4.94977095730848,-0.003611755840099
0.444866124795811,-4.94977456905647,-0.003611755840099
0.445866118273427,-4.94977818080446,-0.003611755840099
0.446866111751044,-4.94978179255244,-0.003611755840099
0.446866111751044,-4.94978179255244,-0.160691388519588
0.446866111751044,-4.94978179255244,-0.317771021199078
0.446866111751044,-4.94978179255244,-0.474850653878568
0.446866111751044,-4.94978179255244,-0.631930286558058
0.446866111751044,-4.94978179255244,-0.789009919237547
0.446866111751044,-4.94978179255244,-0.946089551917037
0.446866111751044,-4.94978179255244,-1.10316918459653
0.446866111751044,-4.94978179255244,-1.26024881727602
0.446866111751044,-4.94978179255244,-1.41732844995551
0.446866111751044,-4.94978179255244,-1.574408082635
0.446866111751044,-4.94978179255244,-1.73148771531449
0.446866111751044,-4.94978179255244,-1.88856734799398
0.446866111751044,-4.94978179255244,-2.04564698067346
0.446866111751044,-4.94978179255244,-2.20272661335295
0.446866111751044,-4.94978179255244,-2.35980624603244
0.446866111751044,-4.94978179255244,-2.51688587871193
0.446866111751044,-4.94978179255244,-2.67396551139142
0.446866111751044,-4.94978179255244,-2.83104514407091
0.446866111751044,-4.94978179255244,-2.9881247767504
0.446866111751044,-4.94978179255244,3.13798089774969
0.446866111751044,-4.94978179255244,2.9809012650702
0.446866111751044,-4.94978179255244,2.83952959565866
0.446866111751044,-4.94978179255244,2.69815792624712
0.446866111751044,-4.94978179255244,2.57092342377674
0.446866111751044,-4.94978179255244,2.47054953849454
0.446866111751044,-4.94978179255244,2.37017565321235
0.446866111751044,-4.94978179255244,2.28987654498659
0.446866111751044,-4.94978179255244,2.21760734758341
0.446866111751044,-4.94978179255244,2.14533815018023
0.446866111751044,-4.94978179255244,2.08029587251737
0.446866111751044,-4.94978179255244,2.02898474236112
0.446866111751044,-4.94978179255244,1.97767361220486
0.446866111751044,-4.94978179255244,1.93662470807985
0.446866111751044,-4.94978179255244,1.89968069436735
0.446866111751044,-4.94978179255244,1.86643108202609
0.446866111751044,-4.94978179255244,1.83318146968484
0.446866111751044,-4.94978179255244,1.80658177981183
0.446866111751044,-4.94978179255244,1.77998208993883
0.446866111751044,-4.94978179255244,1.75604236905312
0.446866111751044,-4.94978179255244,1.73715658924329
0.446866111751044,-4.94978179255244,1.71827080943346
0.446866111751044,-4.94978179255244,1.70316218558559
0.446866111751044,-4.94978179255244,1.68956442412251
0.446866111751044,-4.94978179255244,1.67732643880574
0.446866111751044,-4.94978179255244,1.66631225202065
0.446866111751044,-4.94978179255244,1.65529806523555
0.446866111751044,-4.94978179255244,1.64648671580748
0.446866111751044,-4.94978179255244,1.6376753663794
0.446866111751044,-4.94978179255244,1.63062628683694
0.446866111751044,-4.94978179255244,1.62428211524873
0.446866111751044,-4.94978179255244,1.61793794366051
0.446866111751044,-4.94978179255244,1.61286260638994
0.446866111751044,-4.94978179255244,1.60778726911937
0.446866111751044,-4.94978179255244,1.60372699930291
0.446866111751044,-4.94978179255244,1.59966672948646
0.446866111751044,-4.94978179255244,1.59641851363329
0.446866111751044,-4.94978179255244,1.59349511936544
0.446866111751044,-4.94978179255244,1.59086406452438
0.446866111751044,-4.94978179255244,1.58849611516742
0.446866111751044,-4.94978179255244,1.58636496074616
0.446866111751044,-4.94978179255244,1.58423380632489
0.446866111751044,-4.94978179255244,1.58252888278788
0.446866111751044,-4.94978179255244,1.58099445160458
0.446866111751044,-4.94978179255244,1.57946002042127
0.446866111751044,-4.94978179255244,1.57807903235629
0.446866111751044,-4.94978179255244,1.57669804429131
0.446866111751044,-4.94978179255244,1.57574669695766
0.446866111751044,-4.94978179255244,1.57479534962401
0.446866111751044,-4.94978179255244,1.57403427175709
0.446866111751044,-4.94978179255244,1.57334930167686
0.446866111751044,-4.94978179255244,1.57273282860465
0.446866111751044,-4.94978179255244,1.57211635553245
0.446866111751044,-4.94978179255244,1.57156152976746
0.446866111751044,-4.94978179255244,1.57112383388619
0.446866111751044,-4.94978179255244,1.57072990759305
0.446866111751044,-4.94978179255244,1.57037537392923
0.446866111751044,-4.94978179255244,1.57005629363179
0.446866111751044,-4.94978179255244,1.56976912136409
0.446866111751044,-4.94978179255244,1.56951066632316
0.446866111751044,-4.94978179255244,1.56927805678632
0.446866111751044,-4.94978179255244,1.56904544724949
0.446866111751044,-4.94978179255244,1.56885935962002
0.446866111751044,-4.94978179255244,1.56867327199055
0.446866111751044,-4.94978179255244,1.56850579312403
0.446866111751044,-4.94978179255244,1.5683736709071
0.446866111751044,-4.94978179255244,1.56825476091187
0.446866111751044,-4.94978179255244,1.56814774191617
0.446866111751044,-4.94978179255244,1.56804072292046
0.447003891770398,-4.89978198238614,1.56804072292046
0.447141671789751,-4.84978217221984,1.56804072292046
0.447279451809104,-4.79978236205354,1.56804072292046
0.447389675824586,-4.75978251392049,1.56804072292046
0.447499899840069,-4.71978266578745,1.56804072292046
0.447574301050519,-4.69278276829765,1.56804072292046
0.44764870226097,-4.66578287080785,1.56804072292046
0.447715663350376,-4.64148296306702,1.56804072292046
0.447782624439781,-4.6171830553262,1.56804072292046
0.447828753190261,-4.60044311888252,1.56804072292046
0.44787488194074,-4.58370318243884,1.56804072292046
0.447911784941123,-4.5703112332839,1.56804072292046
0.447948687941507,-4.55691928412896,1.56804072292046
0.447978210341814,-4.54620572480501,1.56804072292046
0.448007732742121,-4.53549216548105,1.56804072292046
0.448031350662366,-4.52692131802189,1.56804072292046
0.448054968582612,-4.51835047056272,1.56804072292046
0.448076224710833,-4.51063670784948,1.56804072292046
0.448097480839053,-4.50292294513623,1.56804072292046
0.448112123949606,-4.49760901971155,1.56804072292046
0.448126767060158,-4.49229509428687,1.56804072292046
0.448139945859655,-4.48751256140466,1.56804072292046
0.448153124659152,-4.48273002852244,1.56804072292046
0.448162203387694,-4.47943539475914,1.56804072292046
0.448171282116236,-4.47614076099584,1.56804072292046
0.448179452971924,-4.47317559060887,1.56804072292046
0.44818589886919,-4.47083640063692,1.56804072292046
0.448192344766455,-4.46849721066498,1.56804072292046
0.448197501484267,-4.46662585868742,1.56804072292046
0.448202142530297,-4.46494164190762,1.56804072292046
0.448206319471725,-4.4634258468058,1.56804072292046
0.448210496413153,-4.46191005170398,1.56804072292046
0.448214255660438,-4.46054583611234,1.56804072292046
0.448218014907723,-4.4591816205207,1.56804072292046
0.44822077050811,-4.45818162431738,1.56804072292046
0.448223526108497,-4.45718162811405,1.56804072292046
0.448226281708884,-4.45618163191073,1.56804072292046
0.448229037309271,-4.4551816357074,1.56804072292046
0.448231792909658,-4.45418163950407,1.56804072292046
0.448234548510045,-4.45318164330075,1.56804072292046
0.448372328529398,-4.40318183313444,1.56804072292046
0.448510108548751,-4.35318202296814,1.56804072292046
0.448620332564234,-4.3131821748351,1.56804072292046
0.448730556579716,-4.27318232670206,1.56804072292046
0.448818735792102,-4.24118244819562,1.56804072292046
0.448906915004488,-4.20918256968919,1.56804072292046
0.448986276295636,-4.1803826790334,1.56804072292046
0.449065637586783,-4.15158278837761,1.56804072292046
0.449128244827577,-4.12886287463804,1.56804072292046
0.449190852068371,-4.10614296089847,1.56804072292046
0.449233001731892,-4.0908470189724,1.56804072292046
0.449275151395412,-4.07555107704632,1.56804072292046
0.449313086092581,-4.06178472931286,1.56804072292046
0.449351020789749,-4.04801838157939,1.56804072292046
0.449384740520565,-4.03578162803853,1.56804072292046
0.449410873311948,-4.02629814404436,1.56804072292046
0.449437006103331,-4.0168146600502,1.56804072292046
0.449454540363355,-4.01045154820895,1.56804072292046
0.44947207462338,-4.0040884363677,1.56804072292046
0.4494861020314,-3.9989979468947,1.56804072292046
0.449500129439419,-3.99390745742171,1.56804072292046
0.449511351365835,-3.98983506584331,1.56804072292046
0.449522573292251,-3.98576267426491,1.56804072292046
0.449531550833383,-3.98250476100219,1.56804072292046
0.449540528374516,-3.97924684773947,1.56804072292046
0.449547710407422,-3.9766405171293,1.56804072292046
0.449554892440328,-3.97403418651912,1.56804072292046
0.449561356269943,-3.97168848896997,1.56804072292046
0.449567820099559,-3.96934279142081,1.56804072292046
0.44957227295996,-3.9677268664425,1.56804072292046
0.449576725820362,-3.96611094146419,1.56804072292046
0.449580288108684,-3.96481820148154,1.56804072292046
0.449583494168173,-3.96365473549716,1.56804072292046
0.449586700227662,-3.96249126951278,1.56804072292046
0.449589585681202,-3.96144415012684,1.56804072292046
0.449592341281589,-3.96044415392351,1.56804072292046
0.449595096881976,-3.95944415772018,1.56804072292046
0.449597852482363,-3.95844416151686,1.56804072292046
0.449600608082751,-3.95744416531353,1.56804072292046
0.449603363683138,-3.95644416911021,1.56804072292046
0.449741143702491,-3.9064443589439,1.56804072292046
0.449878923721844,-3.8564445487776,1.56804072292046
0.450002925739262,-3.81144471962793,1.56804072292046
0.450126927756679,-3.76644489047826,1.56804072292046
0.450237151772162,-3.72644504234521,1.56804072292046
0.450311552982612,-3.69944514485541,1.56804072292046
0.450385954193063,-3.67244524736561,1.56804072292046
0.450452915282469,-3.64814533962478,1.56804072292046
0.450519876371874,-3.62384543188396,1.56804072292046
0.450566005122354,-3.60710549544028,1.56804072292046
0.450612133872833,-3.59036555899661,1.56804072292046
0.450649036873217,-3.57697360984166,1.56804072292046
0.4506859398736,-3.56358166068672,1.56804072292046
0.450715462273907,-3.55286810136277,1.56804072292046
0.450744984674214,-3.54215454203881,1.56804072292046
0.450768602594459,-3.53358369457965,1.56804072292046
0.450792220514705,-3.52501284712049,1.56804072292046
0.450813476642926,-3.51729908440724,1.56804072292046
0.450834732771147,-3.50958532169399,1.56804072292046
0.450849375881699,-3.50427139626931,1.56804072292046
0.450864018992251,-3.49895747084463,1.56804072292046
0.450875733480693,-3.49470633050489,1.56804072292046
0.450887447969134,-3.49045519016514,1.56804072292046
0.450896819559888,-3.48705427789335,1.56804072292046
0.450906191150641,-3.48365336562155,1.56804072292046
0.450913688423244,-3.48093263580411,1.56804072292046
0.450921185695847,-3.47821190598668,1.56804072292046
0.450927183513929,-3.47603532213273,1.56804072292046
0.450933181332011,-3.47385873827878,1.56804072292046
0.450938579368285,-3.47189981281022,1.56804072292046
0.450943977404559,-3.46994088734167,1.56804072292046
0.450948235855397,-3.46839551280536,1.56804072292046
0.450952494306236,-3.46685013826906,1.56804072292046
0.450955361263279,-3.46580973118687,1.56804072292046
0.450958228220322,-3.46476932410469,1.56804072292046
0.450961095177365,-3.4637289170225,1.56804072292046
0.450963850777753,-3.46272892081917,1.56804072292046
0.450966606378139,-3.46172892461585,1.56804072292046
0.450969361978527,-3.46072892841252,1.56804072292046
0.450972117578914,-3.45972893220919,1.56804072292046
0.451109897598267,-3.40972912204289,1.56804072292046
0.45124767761762,-3.35972931187659,1.56804072292046
0.451357901633102,-3.31972946374355,1.56804072292046
0.451468125648585,-3.2797296156105,1.56804072292046
0.451556304860971,-3.24772973710407,1.56804072292046
0.451644484073357,-3.21572985859764,1.56804072292046
0.451715027443265,-3.19012995579249,1.56804072292046
0.451785570813174,-3.16453005298734,1.56804072292046
0.451842005509101,-3.14405013074323,1.56804072292046
0.451898440205028,-3.12357020849911,1.56804072292046
0.45194358796177,-3.10718627070382,1.56804072292046
0.451988735718512,-3.09080233290852,1.56804072292046
0.452024853923905,-3.07769518267229,1.56804072292046
0.452060972129298,-3.06458803243605,1.56804072292046
0.452089866693613,-3.05410231224706,1.56804072292046
0.452118761257927,-3.04361659205807,1.56804072292046
0.452144766365811,-3.03417944388799,1.56804072292046
0.452170771473694,-3.0247422957179,1.56804072292046
0.452188686103569,-3.01824114920072,1.56804072292046
0.452206600733444,-3.01174000268355,1.56804072292046
0.452220932437344,-3.00653908546981,1.56804072292046
0.452235264141244,-3.00133816825607,1.56804072292046
0.452246729504364,-2.99717743448508,1.56804072292046
0.452258194867484,-2.99301670071409,1.56804072292046
0.45226736715798,-2.9896881136973,1.56804072292046
0.452276539448476,-2.98635952668051,1.56804072292046
0.452283877280873,-2.98369665706708,1.56804072292046
0.45229121511327,-2.98103378745364,1.56804072292046
0.452297085379187,-2.97890349176289,1.56804072292046
0.452302955645105,-2.97677319607215,1.56804072292046
0.452307651857839,-2.97506895951955,1.56804072292046
0.452312348070573,-2.97336472296695,1.56804072292046
0.45231610504076,-2.97200133372487,1.56804072292046
0.452319862010947,-2.9706379444828,1.56804072292046
0.452322867587097,-2.96954723308913,1.56804072292046
0.452325873163247,-2.96845652169547,1.56804072292046
0.452328628763634,-2.96745652549214,1.56804072292046
0.452331384364021,-2.96645652928882,1.56804072292046
0.452334139964408,-2.96545653308549,1.56804072292046
0.452336895564795,-2.96445653688217,1.56804072292046
0.452474675584148,-2.91445672671586,1.56804072292046
0.452612455603501,-2.86445691654956,1.56804072292046
0.452722679618983,-2.82445706841652,1.56804072292046
0.452832903634466,-2.78445722028348,1.56804072292046
0.452921082846852,-2.75245734177704,1.56804072292046
0.453009262059238,-2.72045746327061,1.56804072292046
0.453079805429146,-2.69485756046546,1.56804072292046
0.453150348799055,-2.66925765766032,1.56804072292046
0.453213837831973,-2.64621774513568,1.56804072292046
0.453277326864891,-2.62317783261105,1.56804072292046
0.453327412657526,-2.6050019016194,1.56804072292046
0.453377498450162,-2.58682597062774,1.56804072292046
0.453411218180978,-2.57458921708688,1.56804072292046
0.453444937911794,-2.56235246354602,1.56804072292046
0.453475285669529,-2.55133938535925,1.56804072292046
0.453499226678409,-2.54265129034524,1.56804072292046
0.453523167687288,-2.53396319533123,1.56804072292046
0.453542320494392,-2.52701271932002,1.56804072292046
0.453561473301496,-2.52006224330881,1.56804072292046
0.453578710827889,-2.51380681489872,1.56804072292046
0.453595948354282,-2.50755138648864,1.56804072292046
0.453607823094687,-2.50324209136169,1.56804072292046
0.453619697835091,-2.49893279623474,1.56804072292046
0.453629197627415,-2.49548536013318,1.56804072292046
0.453638697419738,-2.49203792403162,1.56804072292046
0.453646297253597,-2.48927997515037,1.56804072292046
0.45365313710407,-2.48679782115725,1.56804072292046
0.453659976954543,-2.48431566716412,1.56804072292046
0.453665448834921,-2.48232994396963,1.56804072292046
0.453670920715299,-2.48034422077513,1.56804072292046
0.453675298219602,-2.47875564221953,1.56804072292046
0.453679675723904,-2.47716706366393,1.56804072292046
0.453683615477777,-2.47573734296389,1.56804072292046
0.453687555231649,-2.47430762226385,1.56804072292046
0.453690310832036,-2.47330762606053,1.56804072292046
0.453693066432423,-2.4723076298572,1.56804072292046
0.45369582203281,-2.47130763365387,1.56804072292046
0.453698577633197,-2.47030763745055,1.56804072292046
0.453701333233584,-2.46930764124722,1.56804072292046
0.453704088833971,-2.4683076450439,1.56804072292046
0.453841868853325,-2.41830783487759,1.56804072292046
0.453979648872678,-2.36830802471129,1.56804072292046
0.45408987288816,-2.32830817657825,1.56804072292046
0.454200096903643,-2.28830832844521,1.56804072292046
0.454288276116028,-2.25630844993877,1.56804072292046
0.454376455328414,-2.22430857143234,1.56804072292046
0.454446998698323,-2.19870866862719,1.56804072292046
0.454517542068232,-2.17310876582205,1.56804072292046
0.45458103110115,-2.15006885329742,1.56804072292046
0.454644520134068,-2.12702894077278,1.56804072292046
0.454688257023411,-2.11115700103359,1.56804072292046
0.454731993912755,-2.0952850612944,1.56804072292046
0.45476698342423,-2.08258750950305,1.56804072292046
0.454801972935704,-2.0698899577117,1.56804072292046
0.454833463496032,-2.05846216109948,1.56804072292046
0.454864954056359,-2.04703436448726,1.56804072292046
0.454886647553473,-2.03916188237662,1.56804072292046
0.454908341050587,-2.03128940026598,1.56804072292046
0.45492786519799,-2.02420416636641,1.56804072292046
0.454947389345393,-2.01711893246683,1.56804072292046
0.454962791728345,-2.01152947016828,1.56804072292046
0.454978194111296,-2.00594000786973,1.56804072292046
0.454988563602916,-2.00217696142084,1.56804072292046
0.454998933094537,-1.99841391497196,1.56804072292046
0.455007228687833,-1.99540347781285,1.56804072292046
0.45501552428113,-1.99239304065374,1.56804072292046
0.455022160755767,-1.98998469092645,1.56804072292046
0.455028797230404,-1.98757634119917,1.56804072292046
0.455034106410114,-1.98564966141734,1.56804072292046
0.455039415589824,-1.98372298163551,1.56804072292046
0.455043662933592,-1.98218163781004,1.56804072292046
0.45504791027736,-1.98064029398458,1.56804072292046
0.455051308152374,-1.97940721892421,1.56804072292046
0.455054706027388,-1.97817414386384,1.56804072292046
0.455057461627775,-1.97717414766051,1.56804072292046
0.455060217228162,-1.97617415145719,1.56804072292046
0.455062972828549,-1.97517415525386,1.56804072292046
0.455065728428936,-1.97417415905054,1.56804072292046
0.455068484029323,-1.97317416284721,1.56804072292046
0.45507123962971,-1.97217416664388,1.56804072292046
0.455209019649063,-1.92217435647758,1.56804072292046
0.455346799668416,-1.87217454631128,1.56804072292046
0.455457023683899,-1.83217469817824,1.56804072292046
0.455556225297833,-1.7961748348585,1.56804072292046
0.455655426911767,-1.76017497153876,1.56804072292046
0.455734788202915,-1.73137508088297,1.56804072292046
0.455814149494062,-1.70257519022718,1.56804072292046
0.45587763852698,-1.67953527770255,1.56804072292046
0.455941127559898,-1.65649536517792,1.56804072292046
0.455998267689524,-1.63575944390575,1.56804072292046
0.45605540781915,-1.61502352263358,1.56804072292046
0.456094771019559,-1.60073877686831,1.56804072292046
0.456134134219968,-1.58645403110304,1.56804072292046
0.456165624780296,-1.57502623449082,1.56804072292046
0.456197115340623,-1.5635984378786,1.56804072292046
0.456222307788885,-1.55445620058883,1.56804072292046
0.456247500237147,-1.54531396329905,1.56804072292046
0.456267654195756,-1.53800017346723,1.56804072292046
0.456285792758504,-1.5314177626186,1.56804072292046
0.456303931321253,-1.52483535176996,1.56804072292046
0.456318442171452,-1.51956942309105,1.56804072292046
0.456332953021651,-1.51430349441214,1.56804072292046
0.45634456170181,-1.51009075146901,1.56804072292046
0.456356170381969,-1.50587800852588,1.56804072292046
0.456365457326096,-1.50250781417138,1.56804072292046
0.456374744270223,-1.49913761981688,1.56804072292046
0.456382173825525,-1.49644146433328,1.56804072292046
0.456389603380827,-1.49374530884967,1.56804072292046
0.456395547025068,-1.49158838446279,1.56804072292046
0.45640149066931,-1.48943146007591,1.56804072292046
0.456406245584703,-1.48770592056641,1.56804072292046
0.456411000500096,-1.4859803810569,1.56804072292046
0.45641480443241,-1.4845999494493,1.56804072292046
0.456418608364725,-1.48321951784169,1.56804072292046
0.456421651510577,-1.48211517255561,1.56804072292046
0.456424694656428,-1.48101082726953,1.56804072292046
0.456427450256815,-1.4800108310662,1.56804072292046
0.456430205857202,-1.47901083486287,1.56804072292046
0.456432961457589,-1.47801083865955,1.56804072292046
0.456435717057976,-1.47701084245622,1.56804072292046
0.456573497077329,-1.42701103228992,1.56804072292046
0.456711277096683,-1.37701122212362,1.56804072292046
0.456821501112165,-1.33701137399058,1.56804072292046
0.456931725127647,-1.29701152585753,1.56804072292046
0.457019904340033,-1.2650116473511,1.56804072292046
0.457108083552419,-1.23301176884467,1.56804072292046
0.457178626922328,-1.20741186603952,1.56804072292046
0.457249170292237,-1.18181196323437,1.56804072292046
0.457305604988164,-1.16133204099026,1.56804072292046
0.457356396214498,-1.14290011097055,1.56804072292046
0.457407187440833,-1.12446818095085,1.56804072292046
0.457452899544534,-1.10787944393311,1.56804072292046
0.457498611648234,-1.09129070691537,1.56804072292046
0.457530102208562,-1.07986291030316,1.56804072292046
0.457561592768889,-1.06843511369094,1.56804072292046
0.457586785217151,-1.05929287640117,1.56804072292046
0.457611977665413,-1.05015063911139,1.56804072292046
0.457632131624022,-1.04283684927957,1.56804072292046
0.457652285582631,-1.03552305944775,1.56804072292046
0.457668408749519,-1.0296720275823,1.56804072292046
0.457684531916407,-1.02382099571684,1.56804072292046
0.457697430449917,-1.01914017022448,1.56804072292046
0.457710328983427,-1.01445934473211,1.56804072292046
0.457721937663586,-1.01024660178899,1.56804072292046
0.457733546343745,-1.00603385884586,1.56804072292046
0.457741543434521,-1.00313174704059,1.56804072292046
0.457749540525297,-1.00022963523533,1.56804072292046
0.457755938197918,-0.997907945791114,1.56804072292046
0.457762335870539,-0.995586256346901,1.56804072292046
0.457768093775898,-0.99349673584711,1.56804072292046
0.457773851681257,-0.991407215347318,1.56804072292046
0.457777818238282,-0.989967767891906,1.56804072292046
0.457781784795307,-0.988528320436494,1.56804072292046
0.457784958040927,-0.987376762472165,1.56804072292046
0.457787813961985,-0.986340360304268,1.56804072292046
0.457790669883043,-0.985303958136372,1.56804072292046
0.45779342548343,-0.984303961933046,1.56804072292046
0.457796181083817,-0.98330396572972,1.56804072292046
0.457798936684204,-0.982303969526394,1.56804072292046
0.457801692284591,-0.981303973323068,1.56804072292046
0.457804447884978,-0.980303977119742,1.56804072292046
0.457942227904332,-0.930304166953439,1.56804072292046
0.458080007923685,-0.880304356787137,1.56804072292046
0.458190231939167,-0.840304508654095,1.56804072292046
0.45830045595465,-0.800304660521054,1.56804072292046
0.458388635167036,-0.76830478201462,1.56804072292046
0.458476814379421,-0.736304903508187,1.56804072292046
0.458556175670569,-0.707505012852396,1.56804072292046
0.458635536961716,-0.678705122196606,1.56804072292046
0.458690208073396,-0.658865197522618,1.56804072292046
0.458744879185075,-0.639025272848629,1.56804072292046
0.458788616074418,-0.623153333109438,1.56804072292046
0.458832352963762,-0.607281393370247,1.56804072292046
0.458867342475236,-0.594583841578894,1.56804072292046
0.458902331986711,-0.581886289787541,1.56804072292046
0.458930323595891,-0.571728248354459,1.56804072292046
0.458958315205071,-0.561570206921377,1.56804072292046
0.458986306814251,-0.551412165488294,1.56804072292046
0.45901429842343,-0.541254124055212,1.56804072292046
0.45904229003261,-0.53109608262213,1.56804072292046
0.45907028164179,-0.520938041189047,1.56804072292046
0.45908427744638,-0.515859020472506,1.56804072292046
0.45909827325097,-0.510779999755965,1.56804072292046
0.459108070314183,-0.507224685254386,1.56804072292046
0.459115488090615,-0.50453280427462,1.56804072292046
0.459122905867048,-0.501840923294853,1.56804072292046
0.459128840088194,-0.499687418511039,1.56804072292046
0.45913477430934,-0.497533913727226,1.56804072292046
0.459140115108372,-0.495595759421794,1.56804072292046
0.459145455907403,-0.493657605116362,1.56804072292046
0.459149135124514,-0.492322432150398,1.56804072292046
0.459152814341625,-0.490987259184433,1.56804072292046
0.459155757715313,-0.489919120811662,1.56804072292046
0.459158701089002,-0.48885098243889,1.56804072292046
0.459161456689389,-0.487850986235564,1.56804072292046
0.459164212289776,-0.486850990032238,1.56804072292046
0.459166967890163,-0.485850993828912,1.56804072292046
0.45916972349055,-0.484850997625586,1.56804072292046
0.45916972349055,-0.484850997625586,1.72512035559995
0.45916972349055,-0.484850997625586,1.88219998827944
0.45916972349055,-0.484850997625586,2.03927962095893
0.45916972349055,-0.484850997625586,2.19635925363842
0.45916972349055,-0.484850997625586,2.35343888631791
0.45916972349055,-0.484850997625586,2.5105185189974
0.45916972349055,-0.484850997625586,2.66759815167689
0.45916972349055,-0.484850997625586,2.82467778435637
0.45916972349055,-0.484850997625586,2.98175741703586
0.45916972349055,-0.484850997625586,3.13883704971535
0.45916972349055,-0.484850997625586,-2.98726862478474
0.45916972349055,-0.484850997625586,-2.83018899210525
0.45916972349055,-0.484850997625586,-2.67310935942576
0.45916972349055,-0.484850997625586,-2.51602972674627
0.45916972349055,-0.484850997625586,-2.35895009406678
0.45916972349055,-0.484850997625586,-2.20187046138729
0.45916972349055,-0.484850997625586,-2.0447908287078
0.45916972349055,-0.484850997625586,-1.88771119602832
0.45916972349055,-0.484850997625586,-1.73063156334883
0.45916972349055,-0.484850997625586,-1.57355193066934
0.45916972349055,-0.484850997625586,-1.41647229798985
0.45916972349055,-0.484850997625586,-1.25939266531036
0.45916972349055,-0.484850997625586,-1.13372895916676
0.45916972349055,-0.484850997625586,-1.00806525302317
0.45916972349055,-0.484850997625586,-0.907534288108299
0.45916972349055,-0.484850997625586,-0.807003323193426
0.45916972349055,-0.484850997625586,-0.71652545477004
0.45916972349055,-0.484850997625586,-0.64514846968048
0.45916972349055,-0.484850997625586,-0.57377148459092
0.45916972349055,-0.484850997625586,-0.516669896519272
0.45916972349055,-0.484850997625586,-0.459568308447623
0.45916972349055,-0.484850997625586,-0.40817687918314
0.45916972349055,-0.484850997625586,-0.36763475165227
0.45916972349055,-0.484850997625586,-0.3270926241214
0.45916972349055,-0.484850997625586,-0.286550496590529
0.45916972349055,-0.484850997625586,-0.246008369059659
0.45916972349055,-0.484850997625586,-0.21762887978805
0.45916972349055,-0.484850997625586,-0.196141552196689
0.45916972349055,-0.484850997625586,-0.176802957364464
0.45916972349055,-0.484850997625586,-0.159398222015461
0.45916972349055,-0.484850997625586,-0.143733960201359
0.45916972349055,-0.484850997625586,-0.129636124568667
0.45916972349055,-0.484850997625586,-0.116948072499244
0.45916972349055,-0.484850997625586,-0.105528825636764
0.45916972349055,-0.484850997625586,-0.095251503460531
0.45916972349055,-0.484850997625586,-0.086001913501922
0.45916972349055,-0.484850997625586,-0.076752323543313
0.45916972349055,-0.484850997625586,-0.069352651576425
0.45916972349055,-0.484850997625586,-0.061952979609538
0.45916972349055,-0.484850997625586,-0.05455330764265
0.45916972349055,-0.484850997625586,-0.04863357006914
0.45916972349055,-0.484850997625586,-0.04271383249563
0.45916972349055,-0.484850997625586,-0.03812603587616
0.45916972349055,-0.484850997625586,-0.03353823925669
0.45916972349055,-0.484850997625586,-0.030459975718465
0.45916972349055,-0.484850997625586,-0.027689538534062
0.45916972349055,-0.484850997625586,-0.0251961450681
0.45916972349055,-0.484850997625586,-0.022702751602137
0.45916972349055,-0.484850997625586,-0.020708036829367
0.45916972349055,-0.484850997625586,-0.018912793533875
0.45916972349055,-0.484850997625586,-0.017297074567931
0.45916972349055,-0.484850997625586,-0.015842927498582
0.45916972349055,-0.484850997625586,-0.014534195136167
0.45916972349055,-0.484850997625586,-0.013225462773753
0.45916972349055,-0.484850997625586,-0.012178476883821
0.45916972349055,-0.484850997625586,-0.011236189582883
0.45916972349055,-0.484850997625586,-0.010388131012039
0.45916972349055,-0.484850997625586,-0.009624878298279
0.45916972349055,-0.484850997625586,-0.008937950855895
0.45916972349055,-0.484850997625586,-0.008251023413511
0.45916972349055,-0.484850997625586,-0.007701481459603
0.45916972349055,-0.484850997625586,-0.007151939505696
0.45916972349055,-0.484850997625586,-0.00671230594257
0.45916972349055,-0.484850997625586,-0.006272672379444
0.45916972349055,-0.484850997625586,-0.005920965528944
0.45916972349055,-0.484850997625586,-0.005569258678443
0.45916972349055,-0.484850997625586,-0.005287893198043
0.45916972349055,-0.484850997625586,-0.005006527717642
0.45916972349055,-0.484850997625586,-0.004781435333322
0.45916972349055,-0.484850997625586,-0.004556342949002
0.45916972349055,-0.484850997625586,-0.004376269041545
0.45916972349055,-0.484850997625586,-0.004214202524835
0.45916972349055,-0.484850997625586,-0.004068342659795
0.45916972349055,-0.484850997625586,-0.003937068781259
0.45916972349055,-0.484850997625586,-0.003818922290577
0.45916972349055,-0.484850997625586,-0.003712590448963
0.45916972349055,-0.484850997625586,-0.003606258607349
0.509169398363374,-0.485031310165123,-0.003606258607349
0.559169073236197,-0.485211622704659,-0.003606258607349
0.599168813134456,-0.485355872736288,-0.003606258607349
0.639168553032715,-0.485500122767917,-0.003606258607349
0.671168344951323,-0.485615522793221,-0.003606258607349
0.70316813686993,-0.485730922818524,-0.003606258607349
0.731967949596676,-0.485834782841297,-0.003606258607349
0.760767762323423,-0.48593864286407,-0.003606258607349
0.783487614585634,-0.486020576882035,-0.003606258607349
0.806207466847845,-0.486102510900001,-0.003606258607349
0.821503367384939,-0.486157672112096,-0.003606258607349
0.836799267922034,-0.48621283332419,-0.003606258607349
0.849035988351709,-0.486256962293867,-0.003606258607349
0.861272708781384,-0.486301091263542,-0.003606258607349
0.871062085125125,-0.486336394439283,-0.003606258607349
0.880851461468865,-0.486371697615024,-0.003606258607349
0.890640837812605,-0.486407000790765,-0.003606258607349
0.898472338887598,-0.486435243331357,-0.003606258607349
0.90630383996259,-0.48646348587195,-0.003606258607349
0.91159010318821,-0.48648254958685,-0.003606258607349
0.91687636641383,-0.48650161330175,-0.003606258607349
0.921105376994325,-0.48651686427367,-0.003606258607349
0.925334387574821,-0.48653211524559,-0.003606258607349
0.928717596039218,-0.486544316023126,-0.003606258607349
0.932100804503614,-0.486556516800662,-0.003606258607349
0.934807371275132,-0.486566277422691,-0.003606258607349
0.937513938046649,-0.48657603804472,-0.003606258607349
0.939679191463863,-0.486583846542343,-0.003606258607349
0.941844444881077,-0.486591655039966,-0.003606258607349
0.943793172956569,-0.486598682687827,-0.003606258607349
0.945741901032062,-0.486605710335687,-0.003606258607349
0.947279230958284,-0.486611254369,-0.003606258607349
0.948816560884505,-0.486616798402312,-0.003606258607349
0.949851552017934,-0.486620530864176,-0.003606258607349
0.950886543151362,-0.48662426332604,-0.003606258607349
0.951886536648818,-0.48662786957683,-0.003606258607349
0.952886530146275,-0.486631475827621,-0.003606258607349
0.953886523643731,-0.486635082078412,-0.003606258607349
0.954886517141188,-0.486638688329203,-0.003606258607349
0.955886510638644,-0.486642294579993,-0.003606258607349
1.00588618551147,-0.48682260711953,-0.003606258607349
1.05588586038429,-0.487002919659066,-0.003606258607349
1.09588560028255,-0.487147169690695,-0.003606258607349
1.13588534018081,-0.487291419722324,-0.003606258607349
1.16788513209942,-0.487406819747628,-0.003606258607349
1.19988492401802,-0.487522219772931,-0.003606258607349
1.22548475755291,-0.487614539793174,-0.003606258607349
1.2510845910878,-0.487706859813416,-0.003606258607349
1.2715644579157,-0.48778071582961,-0.003606258607349
1.29204432474361,-0.487854571845805,-0.003606258607349
1.30842821820594,-0.48791365665876,-0.003606258607349
1.32481211166827,-0.487972741471715,-0.003606258607349
1.33955761578436,-0.488025917803375,-0.003606258607349
1.35430311990046,-0.488079094135035,-0.003606258607349
1.3644611338471,-0.488115726719067,-0.003606258607349
1.37461914779374,-0.488152359303099,-0.003606258607349
1.38274555895105,-0.488181665370325,-0.003606258607349
1.39087197010837,-0.488210971437551,-0.003606258607349
1.39737309903422,-0.488234416291331,-0.003606258607349
1.40387422796007,-0.488257861145112,-0.003606258607349
1.40907513110075,-0.488276617028137,-0.003606258607349
1.41427603424143,-0.488295372911161,-0.003606258607349
1.41947693738211,-0.488314128794186,-0.003606258607349
1.42363765989466,-0.488329133500605,-0.003606258607349
1.4277983824072,-0.488344138207025,-0.003606258607349
1.43060687010317,-0.488354266383858,-0.003606258607349
1.43341535779914,-0.488364394560692,-0.003606258607349
1.43566214795591,-0.488372497102158,-0.003606258607349
1.43790893811269,-0.488380599643625,-0.003606258607349
1.43970637023811,-0.488387081676798,-0.003606258607349
1.44150380236353,-0.488393563709971,-0.003606258607349
1.44294174806386,-0.48839874933651,-0.003606258607349
1.4443796937642,-0.488403934963049,-0.003606258607349
1.44553005032447,-0.488408083464279,-0.003606258607349
1.44668040688473,-0.48841223196551,-0.003606258607349
1.44768040038219,-0.488415838216301,-0.003606258607349
1.44868039387965,-0.488419444467092,-0.003606258607349
1.4496803873771,-0.488423050717882,-0.003606258607349
1.45068038087456,-0.488426656968673,-0.003606258607349
1.45168037437202,-0.488430263219464,-0.003606258607349
1.45268036786947,-0.488433869470255,-0.003606258607349
1.5026800427423,-0.488614182009791,-0.003606258607349
1.55267971761512,-0.488794494549327,-0.003606258607349
1.59267945751338,-0.488938744580956,-0.003606258607349
1.63267919741164,-0.489082994612586,-0.003606258607349
1.66467898933025,-0.489198394637889,-0.003606258607349
1.69667878124885,-0.489313794663192,-0.003606258607349
1.72227861478374,-0.489406114683435,-0.003606258607349
1.74787844831863,-0.489498434703677,-0.003606258607349
1.76835831514653,-0.489572290719872,-0.003606258607349
1.78883818197444,-0.489646146736066,-0.003606258607349
1.80522207543677,-0.489705231549021,-0.003606258607349
1.8216059688991,-0.489764316361976,-0.003606258607349
1.83635147301519,-0.489817492693636,-0.003606258607349
1.85109697713128,-0.489870669025296,-0.003606258607349
1.86125499107793,-0.489907301609328,-0.003606258607349
1.87141300502457,-0.48994393419336,-0.003606258607349
1.88055521757655,-0.489976903518989,-0.003606258607349
1.88776740747866,-0.490002912653652,-0.003606258607349
1.89497959738078,-0.490028921788315,-0.003606258607349
1.90074934930247,-0.490049729096046,-0.003606258607349
1.90651910122417,-0.490070536403776,-0.003606258607349
1.91113490276152,-0.49008718224996,-0.003606258607349
1.91575070429888,-0.490103828096145,-0.003606258607349
1.91944334552876,-0.490117144773092,-0.003606258607349
1.92313598675864,-0.490130461450039,-0.003606258607349
1.92609009974255,-0.490141114791597,-0.003606258607349
1.92904421272646,-0.490151768133155,-0.003606258607349
1.93140750311358,-0.490160290806402,-0.003606258607349
1.93377079350071,-0.490168813479648,-0.003606258607349
1.93613408388783,-0.490177336152894,-0.003606258607349
1.93778838715882,-0.490183302024167,-0.003606258607349
1.93944269042981,-0.490189267895439,-0.003606258607349
1.9409315633737,-0.490194637179584,-0.003606258607349
1.94242043631759,-0.49020000646373,-0.003606258607349
1.9434461043456,-0.490203705303919,-0.003606258607349
1.94447177237361,-0.490207404144107,-0.003606258607349
1.94547176587107,-0.490211010394898,-0.003606258607349
1.94647175936853,-0.490214616645689,-0.003606258607349
1.94747175286598,-0.49021822289648,-0.003606258607349
1.94847174636344,-0.49022182914727,-0.003606258607349
1.99847142123626,-0.490402141686807,-0.003606258607349
2.04847109610909,-0.490582454226343,-0.003606258607349
2.08847083600734,-0.490726704257972,-0.003606258607349
2.1284705759056,-0.490870954289601,-0.003606258607349
2.16047036782421,-0.490986354314905,-0.003606258607349
2.19247015974282,-0.491101754340208,-0.003606258607349
2.2180699932777,-0.491194074360451,-0.003606258607349
2.24366982681259,-0.491286394380693,-0.003606258607349
2.2641496936405,-0.491360250396887,-0.003606258607349
2.28462956046841,-0.491434106413082,-0.003606258607349
2.30101345393073,-0.491493191226037,-0.003606258607349
2.31739734739306,-0.491552276038992,-0.003606258607349
2.33214285150915,-0.491605452370652,-0.003606258607349
2.34688835562525,-0.491658628702312,-0.003606258607349
2.3585209199835,-0.49170057891951,-0.003606258607349
2.37015348434175,-0.491742529136708,-0.003606258607349
2.37798498541675,-0.491770771677301,-0.003606258607349
2.38581648649174,-0.491799014217893,-0.003606258607349
2.39208168735173,-0.491821608250368,-0.003606258607349
2.39834688821173,-0.491844202282842,-0.003606258607349
2.40398556898572,-0.491864536912068,-0.003606258607349
2.40962424975971,-0.491884871541295,-0.003606258607349
2.41350867429291,-0.491898879841429,-0.003606258607349
2.41739309882611,-0.491912888141563,-0.003606258607349
2.42050063845266,-0.49192409478167,-0.003606258607349
2.42360817807922,-0.491935301421777,-0.003606258607349
2.42609420978047,-0.491944266733863,-0.003606258607349
2.42858024148171,-0.491953232045949,-0.003606258607349
2.43056906684271,-0.491960404295617,-0.003606258607349
2.4325578922037,-0.491967576545286,-0.003606258607349
2.4341489524925,-0.491973314345021,-0.003606258607349
2.4357400127813,-0.491979052144755,-0.003606258607349
2.43701286101234,-0.491983642384543,-0.003606258607349
2.43828570924337,-0.491988232624331,-0.003606258607349
2.43943127265131,-0.49199236384014,-0.003606258607349
2.44057683605924,-0.491996495055949,-0.003606258607349
2.44159511464407,-0.49200016724778,-0.003606258607349
2.4426133932289,-0.49200383943961,-0.003606258607349
2.44361338672636,-0.492007445690401,-0.003606258607349
2.44461338022381,-0.492011051941192,-0.003606258607349
2.44461338022381,-0.492011051941192,-0.160685891286839
2.44461338022381,-0.492011051941192,-0.30205756069838
2.44461338022381,-0.492011051941192,-0.429292063168767
2.44461338022381,-0.492011051941192,-0.543803115392115
2.44461338022381,-0.492011051941192,-0.658314167615463
2.44461338022381,-0.492011051941192,-0.749923009394141
2.44461338022381,-0.492011051941192,-0.832370966994951
2.44461338022381,-0.492011051941192,-0.906574128835681
2.44461338022381,-0.492011051941192,-0.973356974492337
2.44461338022381,-0.492011051941192,-1.03346153558333
2.44461338022381,-0.492011051941192,-1.08755564056522
2.44461338022381,-0.492011051941192,-1.13624033504892
2.44461338022381,-0.492011051941192,-1.18005656008426
2.44461338022381,-0.492011051941192,-1.21949116261605
2.44461338022381,-0.492011051941192,-1.25498230489467
2.44461338022381,-0.492011051941192,-1.29047344717329
2.44461338022381,-0.492011051941192,-1.32241547522405
2.44461338022381,-0.492011051941192,-1.35080838904695
2.44461338022381,-0.492011051941192,-1.37316780868248
2.44461338022381,-0.492011051941192,-1.39329128635445
2.44461338022381,-0.492011051941192,-1.41341476402643
2.44461338022381,-0.492011051941192,-1.42951354616401
2.44461338022381,-0.492011051941192,-1.44561232830159
2.44461338022381,-0.492011051941192,-1.45849135401166
2.44461338022381,-0.492011051941192,-1.47008247715072
2.44461338022381,-0.492011051941192,-1.48167360028978
2.44461338022381,-0.492011051941192,-1.49094649880102
2.44461338022381,-0.492011051941192,-1.49929210746114
2.44461338022381,-0.492011051941192,-1.50763771612127
2.44461338022381,-0.492011051941192,-1.51514876391538
2.44461338022381,-0.492011051941192,-1.52265981170949
2.44461338022381,-0.492011051941192,-1.52858519385817
2.44461338022381,-0.492011051941192,-1.53451057600686
2.44461338022381,-0.492011051941192,-1.54043595815555
2.44461338022381,-0.492011051941192,-1.54383262088022
2.44461338022381,-0.492011051941192,-1.54688961733242
2.44461338022381,-0.492011051941192,-1.5496409141394
2.44461338022381,-0.492011051941192,-1.55239221094639
2.44461338022381,-0.492011051941192,-1.55486837807267
2.44461338022381,-0.492011051941192,-1.55706941551826
2.44461338022381,-0.492011051941192,-1.55902283625121
2.44461338022381,-0.492011051941192,-1.56075615323961
2.44461338022381,-0.492011051941192,-1.56212079645588
2.44461338022381,-0.492011051941192,-1.56334897535051
2.44461338022381,-0.492011051941192,-1.56445433635569
2.44461338022381,-0.492011051941192,-1.56544916126034
2.44461338022381,-0.492011051941192,-1.56634450367453
2.44461338022381,-0.492011051941192,-1.5671503118473
2.44461338022381,-0.492011051941192,-1.56795612002008
2.44461338022381,-0.492011051941192,-1.56868134737557
2.44461338022381,-0.492011051941192,-1.56925347117824
2.44461338022381,-0.492011051941192,-1.5698255949809
2.44461338022381,-0.492011051941192,-1.57028329402304
2.44461338022381,-0.492011051941192,-1.57069522316096
2.44461338022381,-0.492011051941192,-1.57110715229888
2.44461338022381,-0.492011051941192,-1.57147788852301
2.44461338022381,-0.492011051941192,-1.57180743183335
2.44461338022381,-0.492011051941192,-1.57209990152127
2.44461338022381,-0.492011051941192,-1.57233016990937
2.44461338022381,-0.492011051941192,-1.57253741145866
2.44461338022381,-0.492011051941192,-1.57272392885301
2.44461338022381,-0.492011051941192,-1.57291044624737
2.44461338022381,-0.492011051941192,-1.5730783119023
2.44461338022381,-0.492011051941192,-1.57321073925229
2.44461338022381,-0.492011051941192,-1.57332992386729
2.44461338022381,-0.492011051941192,-1.57344910848228
2.44448074129501,-0.542010876010028,-1.57344910848228
2.44436136625909,-0.58701071767198,-1.57344910848228
2.44424199122317,-0.632010559333933,-1.57344910848228
2.44412261618725,-0.677010400995886,-1.57344910848228
2.44403905366211,-0.708510290159252,-1.57344910848228
2.44395549113696,-0.740010179322619,-1.57344910848228
2.44388864111685,-0.765210090653312,-1.57344910848228
2.44382179109673,-0.790410001984006,-1.57344910848228
2.44376162607863,-0.81308992218163,-1.57344910848228
2.44370146106053,-0.835769842379254,-1.57344910848228
2.44366001404805,-0.851393787404284,-1.57344910848228
2.44361856703558,-0.867017732429314,-1.57344910848228
2.4435854094256,-0.879516888449338,-1.57344910848228
2.44355225181563,-0.892016044469362,-1.57344910848228
2.44352572572765,-0.902015369285381,-1.57344910848228
2.44349919963966,-0.9120146941014,-1.57344910848228
2.44347532616048,-0.921014086435817,-1.57344910848228
2.4434514526813,-0.930013478770234,-1.57344910848228
2.44343500650675,-0.936213060156166,-1.57344910848228
2.4434185603322,-0.942412641542098,-1.57344910848228
2.44340540339256,-0.947372306650844,-1.57344910848228
2.44339224645292,-0.952331971759589,-1.57344910848228
2.44338172090121,-0.956299703846585,-1.57344910848228
2.4433711953495,-0.960267435933582,-1.57344910848228
2.44336172235296,-0.963838394811879,-1.57344910848228
2.44335224935642,-0.967409353690175,-1.57344910848228
2.4433447762147,-0.970226443471943,-1.57344910848228
2.44333730307299,-0.97304353325371,-1.57344910848228
2.44333227185927,-0.974940109191294,-1.57344910848228
2.44332724064555,-0.976836685128879,-1.57344910848228
2.44332321567458,-0.978353945878946,-1.57344910848228
2.4433191907036,-0.979871206629014,-1.57344910848228
2.44331556822973,-0.981236741304074,-1.57344910848228
2.44331194575585,-0.982602275979135,-1.57344910848228
2.44330929297727,-0.983602272460512,-1.57344910848228
2.4433066401987,-0.984602268941888,-1.57344910848228
2.44330398742012,-0.985602265423265,-1.57344910848228
2.44330133464155,-0.986602261904642,-1.57344910848228
2.44329868186297,-0.987602258386019,-1.57344910848228
2.44329602908439,-0.988602254867395,-1.57344910848228
2.44316339015559,-1.03860207893623,-1.57344910848228
2.44303075122679,-1.08860190300507,-1.57344910848228
2.44292464008375,-1.12860176226014,-1.57344910848228
2.44281852894071,-1.16860162151521,-1.57344910848228
2.44273364002628,-1.20060150891926,-1.57344910848228
2.44264875111185,-1.23260139632332,-1.57344910848228
2.44256386219742,-1.26460128372737,-1.57344910848228
2.44250443995731,-1.28700120491021,-1.57344910848228
2.44244501771721,-1.30940112609305,-1.57344910848228
2.44239153770112,-1.3295610551576,-1.57344910848228
2.44234934791065,-1.34546499919742,-1.57344910848228
2.44230715812017,-1.36136894323723,-1.57344910848228
2.4422734062878,-1.37409209846909,-1.57344910848228
2.44224302963866,-1.38554293817775,-1.57344910848228
2.44221265298952,-1.39699377788642,-1.57344910848228
2.4421883516702,-1.40615444965335,-1.57344910848228
2.44216405035089,-1.41531512142029,-1.57344910848228
2.44214460929544,-1.42264365883383,-1.57344910848228
2.44212516823999,-1.42997219624738,-1.57344910848228
2.44210961539563,-1.43583502617822,-1.57344910848228
2.44209406255127,-1.44169785610906,-1.57344910848228
2.44208162027578,-1.44638812005373,-1.57344910848228
2.4420691780003,-1.4510783839984,-1.57344910848228
2.44205922417991,-1.45483059515413,-1.57344910848228
2.44205026574155,-1.4582075851943,-1.57344910848228
2.4420413073032,-1.46158457523446,-1.57344910848228
2.44203414055252,-1.46428616726659,-1.57344910848228
2.44202697380184,-1.46698775929872,-1.57344910848228
2.44202052372623,-1.46941919212763,-1.57344910848228
2.44201407365062,-1.47185062495655,-1.57344910848228
2.44200898525763,-1.47376875529936,-1.57344910848228
2.44200389686465,-1.47568688564218,-1.57344910848228
2.44199945347923,-1.4773618727021,-1.57344910848228
2.4419950100938,-1.47903685976202,-1.57344910848228
2.44199235731523,-1.48003685624339,-1.57344910848228
2.44198970453665,-1.48103685272477,-1.57344910848228
2.44198705175808,-1.48203684920615,-1.57344910848228
2.4419843989795,-1.48303684568752,-1.57344910848228
2.44198174620092,-1.4840368421689,-1.57344910848228
2.44197909342235,-1.48503683865028,-1.57344910848228
2.44184645449355,-1.53503666271911,-1.57344910848228
2.44171381556475,-1.58503648678795,-1.57344910848228
2.44160770442171,-1.62503634604302,-1.57344910848228
2.44150159327867,-1.66503620529809,-1.57344910848228
2.44141670436424,-1.69703609270214,-1.57344910848228
2.4413318154498,-1.7290359801062,-1.57344910848228
2.44126390431826,-1.75463589002944,-1.57344910848228
2.44120278429987,-1.77767580896036,-1.57344910848228
2.44114166428148,-1.80071572789128,-1.57344910848228
2.44109276826676,-1.81914766303602,-1.57344910848228
2.44104387225205,-1.83757959818075,-1.57344910848228
2.44100475544028,-1.85232514629654,-1.57344910848228
2.44096563862851,-1.86707069441233,-1.57344910848228
2.44093434517909,-1.87886713290496,-1.57344910848228
2.44090305172968,-1.89066357139759,-1.57344910848228
2.4408748876252,-1.90128036604096,-1.57344910848228
2.44084672352073,-1.91189716068433,-1.57344910848228
2.44082732158209,-1.91921095254976,-1.57344910848228
2.44080985983731,-1.92579336522865,-1.57344910848228
2.44079239809254,-1.93237577790753,-1.57344910848228
2.44077842869672,-1.93764170805064,-1.57344910848228
2.4407644593009,-1.94290763819376,-1.57344910848228
2.44075048990508,-1.94817356833687,-1.57344910848228
2.44073652050926,-1.95343949847998,-1.57344910848228
2.44072534499261,-1.95765224259446,-1.57344910848228
2.44071416947595,-1.96186498670895,-1.57344910848228
2.44070690539013,-1.96460327038337,-1.57344910848228
2.4406996413043,-1.96734155405779,-1.57344910848228
2.4406949475873,-1.96911090658587,-1.57344910848228
2.44069025387031,-1.97088025911396,-1.57344910848228
2.44068649889671,-1.97229574113643,-1.57344910848228
2.44068274392312,-1.97371122315889,-1.57344910848228
2.44067936444688,-1.97498515697912,-1.57344910848228
2.44067598497064,-1.97625909079934,-1.57344910848228
2.44067333219207,-1.97725908728071,-1.57344910848228
2.44067067941349,-1.97825908376209,-1.57344910848228
2.44066802663492,-1.97925908024347,-1.57344910848228
2.44066537385634,-1.98025907672484,-1.57344910848228
2.44053273492754,-2.03025890079368,-1.57344910848228
2.44040009599874,-2.08025872486251,-1.57344910848228
2.4402939848557,-2.12025858411758,-1.57344910848228
2.44018787371266,-2.16025844337265,-1.57344910848228
2.44010298479823,-2.19225833077671,-1.57344910848228
2.44001809588379,-2.22425821818076,-1.57344910848228
2.43994169586081,-2.25305811684441,-1.57344910848228
2.43986529583782,-2.28185801550806,-1.57344910848228
2.43981266471087,-2.30169794569858,-1.57344910848228
2.43976003358392,-2.32153787588909,-1.57344910848228
2.43971792868236,-2.3374098200415,-1.57344910848228
2.4396758237808,-2.35328176419391,-1.57344910848228
2.4396379293694,-2.36756651393108,-1.57344910848228
2.439600034958,-2.38185126366825,-1.57344910848228
2.43957392991903,-2.39169186904275,-1.57344910848228
2.43954782488007,-2.40153247441724,-1.57344910848228
2.43952694084889,-2.40940495871684,-1.57344910848228
2.43950605681772,-2.41727744301644,-1.57344910848228
2.43948934959278,-2.42357543045611,-1.57344910848228
2.43947264236785,-2.42987341789579,-1.57344910848228
2.43945927658789,-2.43491180784753,-1.57344910848228
2.43944591080794,-2.43995019779927,-1.57344910848228
2.43943388160599,-2.44448474875584,-1.57344910848228
2.43942185240403,-2.44901929971241,-1.57344910848228
2.43941236270027,-2.45259655657814,-1.57344910848228
2.4394028729965,-2.45617381344388,-1.57344910848228
2.43939648415369,-2.45858216384081,-1.57344910848228
2.43939009531087,-2.46099051423774,-1.57344910848228
2.43938498423662,-2.46291719455529,-1.57344910848228
2.43937987316236,-2.46484387487284,-1.57344910848228
2.43937578430296,-2.46638521912687,-1.57344910848228
2.43937169544356,-2.46792656338091,-1.57344910848228
2.4393680154701,-2.46931377320954,-1.57344910848228
2.43936433549663,-2.47070098303818,-1.57344910848228
2.43936168271806,-2.47170097951955,-1.57344910848228
2.43935902993948,-2.47270097600093,-1.57344910848228
2.43935637716091,-2.47370097248231,-1.57344910848228
2.43935372438233,-2.47470096896368,-1.57344910848228
2.43935107160375,-2.47570096544506,-1.57344910848228
2.43934841882518,-2.47670096192644,-1.57344910848228
2.43921577989638,-2.52670078599527,-1.57344910848228
2.43908314096758,-2.57670061006411,-1.57344910848228
2.43897702982454,-2.61670046931918,-1.57344910848228
2.4388709186815,-2.65670032857425,-1.57344910848228
2.43878602976706,-2.6887002159783,-1.57344910848228
2.43870114085263,-2.72070010338236,-1.57344910848228
2.4386162519382,-2.75269999078641,-1.57344910848228
2.4385568296981,-2.77509991196925,-1.57344910848228
2.438497407458,-2.79749983315209,-1.57344910848228
2.43844986966591,-2.81541977009836,-1.57344910848228
2.43840233187383,-2.83333970704463,-1.57344910848228
2.43836430164017,-2.84767565660165,-1.57344910848228
2.4383262714065,-2.86201160615866,-1.57344910848228
2.4382920441962,-2.87491396075998,-1.57344910848228
2.4382578169859,-2.88781631536129,-1.57344910848228
2.43823423824103,-2.89670460408664,-1.57344910848228
2.43821065949616,-2.90559289281199,-1.57344910848228
2.43819179650026,-2.91270352379228,-1.57344910848228
2.43817293350436,-2.91981415477256,-1.57344910848228
2.43815784310764,-2.92550265955678,-1.57344910848228
2.43814275271092,-2.931191164341,-1.57344910848228
2.43813068039355,-2.93574196816838,-1.57344910848228
2.43811860807617,-2.94029277199576,-1.57344910848228
2.43810774299054,-2.9443884954404,-1.57344910848228
2.4380968779049,-2.94848421888505,-1.57344910848228
2.43808939306813,-2.95130571725802,-1.57344910848228
2.43808190823135,-2.954127215631,-1.57344910848228
2.43807592036194,-2.95638441432938,-1.57344910848228
2.43806993249252,-2.95864161302776,-1.57344910848228
2.43806454341004,-2.9606730918563,-1.57344910848228
2.43805915432757,-2.96270457068484,-1.57344910848228
2.43805544184853,-2.96410403387784,-1.57344910848228
2.43805172936949,-2.96550349707083,-1.57344910848228
2.43804875938626,-2.96662306762523,-1.57344910848228
2.43804578940302,-2.96774263817963,-1.57344910848228
2.43804313662445,-2.968742634661,-1.57344910848228
2.43804048384587,-2.96974263114238,-1.57344910848228
2.4380378310673,-2.97074262762376,-1.57344910848228
2.43803517828872,-2.97174262410513,-1.57344910848228
2.43790253935992,-3.02174244817397,-1.57344910848228
2.437783164324,-3.06674228983592,-1.57344910848228
2.43766378928808,-3.11174213149787,-1.57344910848228
2.43755635175575,-3.15224198899363,-1.57344910848228
2.43746085172702,-3.18824186232319,-1.57344910848228
2.43736535169828,-3.22424173565275,-1.57344910848228
2.43729969542852,-3.24899164856683,-1.57344910848228
2.43723403915877,-3.2737415614809,-1.57344910848228
2.43718151414296,-3.29354149181216,-1.57344910848228
2.43712898912716,-3.31334142214342,-1.57344910848228
2.43708696911451,-3.32918136640843,-1.57344910848228
2.43704494910187,-3.34502131067344,-1.57344910848228
2.43701133309175,-3.35769326608544,-1.57344910848228
2.43697771708164,-3.37036522149745,-1.57344910848228
2.43695082427355,-3.38050278582705,-1.57344910848228
2.43692393146546,-3.39064035015666,-1.57344910848228
2.43690241721898,-3.39875040162034,-1.57344910848228
2.43688090297251,-3.40686045308402,-1.57344910848228
2.43686154015068,-3.41415949940134,-1.57344910848228
2.43684217732886,-3.42145854571866,-1.57344910848228
2.43682281450703,-3.42875759203597,-1.57344910848228
2.4368034516852,-3.43605663835329,-1.57344910848228
2.43679398541675,-3.43962506099731,-1.57344910848228
2.43678451914831,-3.44319348364133,-1.57344910848228
2.43677694613355,-3.44604822175654,-1.57344910848228
2.43676937311879,-3.44890295987176,-1.57344910848228
2.43676255740551,-3.45147222417546,-1.57344910848228
2.4367564989937,-3.45375601466763,-1.57344910848228
2.43675044058189,-3.4560398051598,-1.57344910848228
2.43674627542377,-3.45760991112317,-1.57344910848228
2.43674211026566,-3.45918001708654,-1.57344910848228
2.43673877813916,-3.46043610185724,-1.57344910848228
2.43673544601267,-3.46169218662793,-1.57344910848228
2.43673278031147,-3.46269705444449,-1.57344910848228
2.43673011461028,-3.46370192226105,-1.57344910848228
2.4367274618317,-3.46470191874242,-1.57344910848228
2.43672480905313,-3.4657019152238,-1.57344910848228
2.43672215627455,-3.46670191170518,-1.57344910848228
2.43671950349598,-3.46770190818655,-1.57344910848228
2.43658686456718,-3.51770173225539,-1.57344910848228
2.43645422563838,-3.56770155632422,-1.57344910848228
2.43634811449534,-3.60770141557929,-1.57344910848228
2.43624200335229,-3.64770127483436,-1.57344910848228
2.43615711443786,-3.67970116223842,-1.57344910848228
2.43607222552343,-3.71170104964247,-1.57344910848228
2.43600431439188,-3.73730095956572,-1.57344910848228
2.43593640326034,-3.76290086948896,-1.57344910848228
2.4358820743551,-3.78338079742755,-1.57344910848228
2.43583317834039,-3.80181273257229,-1.57344910848228
2.43578428232568,-3.82024466771703,-1.57344910848228
2.43574516551391,-3.83499021583282,-1.57344910848228
2.43570604870214,-3.8497357639486,-1.57344910848228
2.43567475525272,-3.86153220244124,-1.57344910848228
2.4356434618033,-3.87332864093387,-1.57344910848228
2.43561842704377,-3.88276579172797,-1.57344910848228
2.43559339228424,-3.89220294252208,-1.57344910848228
2.43557336447661,-3.89975266315736,-1.57344910848228
2.43555333666898,-3.90730238379264,-1.57344910848228
2.43553731442288,-3.91334216030087,-1.57344910848228
2.43552129217678,-3.9193819368091,-1.57344910848228
2.43550687215529,-3.9248177356665,-1.57344910848228
2.4354924521338,-3.93025353452391,-1.57344910848228
2.43548251834122,-3.93399819595901,-1.57344910848228
2.43547258454864,-3.93774285739411,-1.57344910848228
2.43546463751457,-3.94073858654219,-1.57344910848228
2.4354566904805,-3.94373431569027,-1.57344910848228
2.43544953814984,-3.94643047192354,-1.57344910848228
2.43544238581918,-3.94912662815681,-1.57344910848228
2.43543745865806,-3.95098398022862,-1.57344910848228
2.43543253149694,-3.95284133230043,-1.57344910848228
2.43542858976804,-3.95432721395788,-1.57344910848228
2.43542464803915,-3.95581309561533,-1.57344910848228
2.43542149465603,-3.95700180094129,-1.57344910848228
2.43541834127291,-3.95819050626725,-1.57344910848228
2.43541550322811,-3.95926034106061,-1.57344910848228
2.4354126651833,-3.96033017585397,-1.57344910848228
2.43541001240473,-3.96133017233535,-1.57344910848228
2.43540735962615,-3.96233016881673,-1.57344910848228
2.43540470684757,-3.9633301652981,-1.57344910848228
2.435402054069,-3.96433016177948,-1.57344910848228
2.4352694151402,-4.01432998584832,-1.57344910848228
2.4351367762114,-4.06432980991715,-1.57344910848228
2.43503066506836,-4.10432966917222,-1.57344910848228
2.43492455392532,-4.14432952842729,-1.57344910848228
2.43483966501088,-4.17632941583134,-1.57344910848228
2.43475477609645,-4.2083293032354,-1.57344910848228
2.43466988718202,-4.24032919063945,-1.57344910848228
2.43458499826759,-4.27232907804351,-1.57344910848228
2.43453406491893,-4.29152901048594,-1.57344910848228
2.43448313157027,-4.31072894292838,-1.57344910848228
2.43444238489134,-4.32608888888232,-1.57344910848228
2.43440163821242,-4.34144883483627,-1.57344910848228
2.43436904086927,-4.35373679159943,-1.57344910848228
2.43433644352613,-4.36602474836258,-1.57344910848228
2.4343071059173,-4.37708390944942,-1.57344910848228
2.43427776830848,-4.38814307053627,-1.57344910848228
2.43425755795573,-4.39576160372942,-1.57344910848228
2.43423734760298,-4.40338013692258,-1.57344910848228
2.43421915828551,-4.41023681679642,-1.57344910848228
2.43420299000331,-4.41633164335095,-1.57344910848228
2.43418682172111,-4.42242646990548,-1.57344910848228
2.43417408919888,-4.42722614581716,-1.57344910848228
2.43416135667665,-4.43202582172885,-1.57344910848228
2.43415278748708,-4.43525607980275,-1.57344910848228
2.43414421829752,-4.43848633787665,-1.57344910848228
2.43413736294587,-4.44107054433577,-1.57344910848228
2.43413050759421,-4.44365475079489,-1.57344910848228
2.43412502331289,-4.44572211596218,-1.57344910848228
2.43411953903157,-4.44778948112948,-1.57344910848228
2.43411515160651,-4.44944337326332,-1.57344910848228
2.43411076418146,-4.45109726539715,-1.57344910848228
2.43410725424141,-4.45242037910422,-1.57344910848228
2.43410374430136,-4.45374349281129,-1.57344910848228
2.43410093634933,-4.45480198377694,-1.57344910848228
2.43409828357075,-4.45580198025832,-1.57344910848228
2.43409563079218,-4.4568019767397,-1.57344910848228
2.4340929780136,-4.45780197322107,-1.57344910848228
2.43409032523502,-4.45880196970245,-1.57344910848228
2.43408767245645,-4.45980196618383,-1.57344910848228
2.43408501967787,-4.4608019626652,-1.57344910848228
2.43395238074907,-4.51080178673404,-1.57344910848228
2.43381974182027,-4.56080161080288,-1.57344910848228
2.43371363067723,-4.60080147005795,-1.57344910848228
2.43360751953419,-4.64080132931301,-1.57344910848228
2.43352263061976,-4.67280121671707,-1.57344910848228
2.43343774170533,-4.70480110412112,-1.57344910848228
2.43336983057378,-4.73040101404437,-1.57344910848228
2.43330191944224,-4.75600092396761,-1.57344910848228
2.433247590537,-4.77648085190621,-1.57344910848228
2.43319326163176,-4.7969607798448,-1.57344910848228
2.43314979850757,-4.81334472219568,-1.57344910848228
2.43310633538338,-4.82972866454656,-1.57344910848228
2.43307156488403,-4.84283581842726,-1.57344910848228
2.43303679438468,-4.85594297230796,-1.57344910848228
2.4330089779852,-4.86642869541252,-1.57344910848228
2.43298116158572,-4.87691441851708,-1.57344910848228
2.43295890846613,-4.88530299700073,-1.57344910848228
2.43293665534655,-4.89369157548438,-1.57344910848228
2.43291885285088,-4.9004024382713,-1.57344910848228
2.43290105035521,-4.90711330105822,-1.57344910848228
2.43288680835868,-4.91248199128775,-1.57344910848228
2.43287256636214,-4.91785068151729,-1.57344910848228
2.43286117276492,-4.92214563370091,-1.57344910848228
2.43285091852741,-4.92601109066618,-1.57344910848228
2.43284066428991,-4.92987654763144,-1.57344910848228
2.4328324608999,-4.93296891320366,-1.57344910848228
2.4328242575099,-4.93606127877587,-1.57344910848228
2.4328168744589,-4.93884440779086,-1.57344910848228
2.43280949140789,-4.94162753680585,-1.57344910848228
2.43280440530609,-4.94354480346062,-1.57344910848228
2.43279982781447,-4.94527034344992,-1.57344910848228
2.43279525032285,-4.94699588343921,-1.57344910848228
2.43279113058039,-4.94854886942958,-1.57344910848228
2.43278701083793,-4.95010185541994,-1.57344910848228
2.43278376081887,-4.95132698881234,-1.57344910848228
2.43278051079982,-4.95255212220474,-1.57344910848228
2.43277785802125,-4.95355211868612,-1.57344910848228
2.43277520524267,-4.95455211516749,-1.57344910848228
2.43277255246409,-4.95555211164887,-1.57344910848228
2.43276989968552,-4.95655210813025,-1.57344910848228
2.43276989968552,-4.95655210813025,-1.41636947580279
2.43276989968552,-4.95655210813025,-1.2592898431233
2.43276989968552,-4.95655210813025,-1.13362613697971
2.43276989968552,-4.95655210813025,-1.02052880145048
2.43276989968552,-4.95655210813025,-0.907431465921246
2.43276989968552,-4.95655210813025,-0.805643863944937
2.43276989968552,-4.95655210813025,-0.725344755719182
2.43276989968552,-4.95655210813025,-0.653075558316002
2.43276989968552,-4.95655210813025,-0.588033280653141
2.43276989968552,-4.95655210813025,-0.522991002990279
2.43276989968552,-4.95655210813025,-0.47095718085999
2.43276989968552,-4.95655210813025,-0.418923358729701
2.43276989968552,-4.95655210813025,-0.377296301025469
2.43276989968552,-4.95655210813025,-0.335669243321238
2.43276989968552,-4.95655210813025,-0.302367597157853
2.43276989968552,-4.95655210813025,-0.269065950994467
2.43276989968552,-4.95655210813025,-0.242424634063759
2.43276989968552,-4.95655210813025,-0.218447448826122
2.43276989968552,-4.95655210813025,-0.196867982112248
2.43276989968552,-4.95655210813025,-0.177446462069762
2.43276989968552,-4.95655210813025,-0.158024942027276
2.43276989968552,-4.95655210813025,-0.142487725993287
2.43276989968552,-4.95655210813025,-0.126950509959298
2.43276989968552,-4.95655210813025,-0.111413293925309
2.43276989968552,-4.95655210813025,-0.100537242701517
2.43276989968552,-4.95655210813025,-0.089661191477725
2.43276989968552,-4.95655210813025,-0.080960350498691
2.43276989968552,-4.95655210813025,-0.07312959361756
2.43276989968552,-4.95655210813025,-0.066081912424543
2.43276989968552,-4.95655210813025,-0.059034231231526
2.43276989968552,-4.95655210813025,-0.05269131815781
2.43276989968552,-4.95655210813025,-0.046348405084094
2.43276989968552,-4.95655210813025,-0.041978842744424
2.43276989968552,-4.95655210813025,-0.037609280404753
2.43276989968552,-4.95655210813025,-0.034113630533016
2.43276989968552,-4.95655210813025,-0.030617980661279
2.43276989968552,-4.95655210813025,-0.02782146076389
2.43276989968552,-4.95655210813025,-0.025024940866501
2.43276989968552,-4.95655210813025,-0.02250807295885
2.43276989968552,-4.95655210813025,-0.020522543831704
2.43276989968552,-4.95655210813025,-0.018537014704558
2.43276989968552,-4.95655210813025,-0.016948591402841
2.43276989968552,-4.95655210813025,-0.015360168101123
2.43276989968552,-4.95655210813025,-0.013930587129578
2.43276989968552,-4.95655210813025,-0.012501006158033
2.43276989968552,-4.95655210813025,-0.011230267516659
2.43276989968552,-4.95655210813025,-0.009959528875285
2.43276989968552,-4.95655210813025,-0.009228854156495
2.43276989968552,-4.95655210813025,-0.008571246909585
2.43276989968552,-4.95655210813025,-0.007979400387365
2.43276989968552,-4.95655210813025,-0.007387553865145
2.43276989968552,-4.95655210813025,-0.006854891995147
2.43276989968552,-4.95655210813025,-0.006322230125149
2.43276989968552,-4.95655210813025,-0.005789568255151
2.43276989968552,-4.95655210813025,-0.005422623411375
2.43276989968552,-4.95655210813025,-0.005145639238976
2.43276989968552,-4.95655210813025,-0.004896353483817
2.43276989968552,-4.95655210813025,-0.004671996304174
2.43276989968552,-4.95655210813025,-0.004470074842495
2.43276989968552,-4.95655210813025,-0.004288345526985
2.43276989968552,-4.95655210813025,-0.004124789143025
2.43276989968552,-4.95655210813025,-0.003977588397461
2.43276989968552,-4.95655210813025,-0.003845107726453
2.43276989968552,-4.95655210813025,-0.003725875122547
2.43276989968552,-4.95655210813025,-0.00360664251864
2.48276957448912,-4.95673243986522,-0.00360664251864
2.53276924929271,-4.9569127716002,-0.00360664251864
2.58276892409631,-4.95709310333517,-0.00360664251864
2.6327685988999,-4.95727343507015,-0.00360664251864
2.66276840378206,-4.95738163411114,-0.00360664251864
2.69276820866422,-4.95748983315212,-0.00360664251864
2.71676805256994,-4.95757639238491,-0.00360664251864
2.74076789647567,-4.9576629516177,-0.00360664251864
2.7647677403814,-4.95774951085049,-0.00360664251864
2.78156763111541,-4.95781010231344,-0.00360664251864
2.79836752184941,-4.95787069377639,-0.00360664251864
2.81348742351002,-4.95792522609305,-0.00360664251864
2.82541534593117,-4.95796824603174,-0.00360664251864
2.8361504761102,-4.95800696397657,-0.00360664251864
2.84688560628923,-4.9580456819214,-0.00360664251864
2.85547371043245,-4.95807665627726,-0.00360664251864
2.86320300416136,-4.95810453319753,-0.00360664251864
2.87093229789026,-4.95813241011781,-0.00360664251864
2.87788866224627,-4.95815749934605,-0.00360664251864
2.88484502660228,-4.9581825885743,-0.00360664251864
2.8896371887142,-4.95819987226487,-0.00360664251864
2.89442935082612,-4.95821715595544,-0.00360664251864
2.89826308051566,-4.9582309829079,-0.00360664251864
2.90209681020519,-4.95824480986036,-0.00360664251864
2.90516379395682,-4.95825587142232,-0.00360664251864
2.90823077770845,-4.95826693298429,-0.00360664251864
2.91068436470975,-4.95827578223386,-0.00360664251864
2.91313795171106,-4.95828463148343,-0.00360664251864
2.9151008213121,-4.95829171088309,-0.00360664251864
2.91706369091314,-4.95829879028275,-0.00360664251864
2.91883027355408,-4.95830516174244,-0.00360664251864
2.92059685619502,-4.95831153320213,-0.00360664251864
2.92181383534766,-4.95831592242992,-0.00360664251864
2.92303081450031,-4.95832031165771,-0.00360664251864
2.92403080799638,-4.95832391829241,-0.00360664251864
2.92503080149245,-4.9583275249271,-0.00360664251864
2.92603079498853,-4.9583311315618,-0.00360664251864
2.9270307884846,-4.9583347381965,-0.00360664251864
2.92803078198067,-4.9583383448312,-0.00360664251864
2.92903077547674,-4.9583419514659,-0.00360664251864
2.97903045028034,-4.95852228320088,-0.00360664251864
3.02903012508393,-4.95870261493585,-0.00360664251864
3.07402983240717,-4.95886491349733,-0.00360664251864
3.11902953973041,-4.95902721205881,-0.00360664251864
3.15002933810864,-4.95913901773449,-0.00360664251864
3.18102913648687,-4.95925082341018,-0.00360664251864
3.20582897518945,-4.95934026795073,-0.00360664251864
3.23062881389203,-4.95942971249128,-0.00360664251864
3.25294866872436,-4.95951021257777,-0.00360664251864
3.27526852355668,-4.95959071266426,-0.00360664251864
3.29287640903552,-4.95965421828805,-0.00360664251864
3.31048429451435,-4.95971772391184,-0.00360664251864
3.32409940596207,-4.9597668289646,-0.00360664251864
3.33771451740979,-4.95981593401736,-0.00360664251864
3.34820732916485,-4.95985377800247,-0.00360664251864
3.35870014091991,-4.95989162198757,-0.00360664251864
3.36573287917919,-4.95991698667038,-0.00360664251864
3.37276561743847,-4.95994235135319,-0.00360664251864
3.3783918080459,-4.95996264309944,-0.00360664251864
3.38401799865332,-4.95998293484568,-0.00360664251864
3.38851895113926,-4.95999916824268,-0.00360664251864
3.3930199036252,-4.96001540163968,-0.00360664251864
3.39662066561395,-4.96002838835728,-0.00360664251864
3.4002214276027,-4.96004137507488,-0.00360664251864
3.4031020371937,-4.96005176444895,-0.00360664251864
3.4059826467847,-4.96006215382303,-0.00360664251864
3.4085751954166,-4.9600715042597,-0.00360664251864
3.4111677440485,-4.96008085469637,-0.00360664251864
3.41295372199492,-4.9600872961083,-0.00360664251864
3.41473969994134,-4.96009373752023,-0.00360664251864
3.41634708009312,-4.96009953479097,-0.00360664251864
3.4179544602449,-4.9601053320617,-0.00360664251864
3.41922250458685,-4.96010990546417,-0.00360664251864
3.42049054892881,-4.96011447886664,-0.00360664251864
3.42149054242488,-4.96011808550134,-0.00360664251864
3.42249053592096,-4.96012169213604,-0.00360664251864
3.42349052941703,-4.96012529877074,-0.00360664251864
3.4244905229131,-4.96012890540544,-0.00360664251864
3.42549051640917,-4.96013251204014,-0.00360664251864
3.42649050990524,-4.96013611867484,-0.00360664251864
3.47649018470884,-4.96031645040981,-0.00360664251864
3.52648985951244,-4.96049678214479,-0.00360664251864
3.56648959935531,-4.96064104753277,-0.00360664251864
3.60648933919819,-4.96078531292075,-0.00360664251864
3.63848913107249,-4.96090072523113,-0.00360664251864
3.67048892294679,-4.96101613754152,-0.00360664251864
3.69608875644623,-4.96110846738983,-0.00360664251864
3.72168858994568,-4.96120079723813,-0.00360664251864
3.74216845674523,-4.96127466111678,-0.00360664251864
3.76264832354478,-4.96134852499543,-0.00360664251864
3.77903221698442,-4.96140761609834,-0.00360664251864
3.79541611042407,-4.96146670720126,-0.00360664251864
3.80852322517578,-4.96151398008359,-0.00360664251864
3.82163033992749,-4.96156125296593,-0.00360664251864
3.83342674320404,-4.96160379856003,-0.00360664251864
3.84273279467775,-4.96163736230649,-0.00360664251864
3.85203884615147,-4.96167092605294,-0.00360664251864
3.85948368733044,-4.96169777705011,-0.00360664251864
3.86692852850942,-4.96172462804727,-0.00360664251864
3.8728844014526,-4.96174610884501,-0.00360664251864
3.87884027439577,-4.96176758964274,-0.00360664251864
3.88360497275032,-4.96178477428092,-0.00360664251864
3.88836967110486,-4.96180195891911,-0.00360664251864
3.89218142978849,-4.96181570662966,-0.00360664251864
3.89599318847213,-4.96182945434021,-0.00360664251864
3.89904259541904,-4.96184045250865,-0.00360664251864
3.90209200236594,-4.96185145067709,-0.00360664251864
3.90483646861816,-4.96186134902868,-0.00360664251864
3.90758093487038,-4.96187124738028,-0.00360664251864
3.90974601380268,-4.96187905607987,-0.00360664251864
3.91191109273499,-4.96188686477946,-0.00360664251864
3.91358521714884,-4.96189290277393,-0.00360664251864
3.91525934156269,-4.96189894076841,-0.00360664251864
3.91638213320054,-4.96190299029403,-0.00360664251864
3.91750492483839,-4.96190703981964,-0.00360664251864
3.91851543731246,-4.9619106843927,-0.00360664251864
3.91952594978653,-4.96191432896576,-0.00360664251864
3.9205259432826,-4.96191793560046,-0.00360664251864
3.92152593677867,-4.96192154223516,-0.00360664251864
3.97152561158227,-4.96210187397013,-0.00360664251864
4.02152528638586,-4.96228220570511,-0.00360664251864
4.06152502622874,-4.96242647109309,-0.00360664251864
4.10152476607162,-4.96257073648107,-0.00360664251864
4.13352455794592,-4.96268614879146,-0.00360664251864
4.16552434982022,-4.96280156110184,-0.00360664251864
4.19432416250709,-4.96290543218119,-0.00360664251864
4.22312397519396,-4.96300930326053,-0.00360664251864
4.24584382742472,-4.96309124600091,-0.00360664251864
4.26856367965547,-4.96317318874128,-0.00360664251864
4.28385958017139,-4.96322835582564,-0.00360664251864
4.2991554806873,-4.96328352291001,-0.00360664251864
4.31139220110003,-4.9633276565775,-0.00360664251864
4.32362892151277,-4.96337179024499,-0.00360664251864
4.33464196988423,-4.96341151054573,-0.00360664251864
4.34565501825569,-4.96345123084647,-0.00360664251864
4.35544439458587,-4.96348653778047,-0.00360664251864
4.36205222360875,-4.96351036996091,-0.00360664251864
4.36866005263162,-4.96353420214136,-0.00360664251864
4.37460709875221,-4.96355565110376,-0.00360664251864
4.3805541448728,-4.96357710006616,-0.00360664251864
4.38465099886698,-4.96359187601804,-0.00360664251864
4.38874785286117,-4.96360665196991,-0.00360664251864
4.39202533605651,-4.96361847273141,-0.00360664251864
4.39530281925186,-4.96363029349291,-0.00360664251864
4.39792480580814,-4.96363975010211,-0.00360664251864
4.40054679236441,-4.96364920671132,-0.00360664251864
4.40264438160944,-4.96365677199868,-0.00360664251864
4.40453221192996,-4.9636635807573,-0.00360664251864
4.40642004225048,-4.96367038951592,-0.00360664251864
4.40793030650689,-4.96367583652282,-0.00360664251864
4.40944057076331,-4.96368128352972,-0.00360664251864
4.41064878216844,-4.96368564113524,-0.00360664251864
4.41185699357357,-4.96368999874076,-0.00360664251864
4.41285698706964,-4.96369360537546,-0.00360664251864
4.41385698056572,-4.96369721201016,-0.00360664251864
4.41485697406179,-4.96370081864486,-0.00360664251864
4.41585696755786,-4.96370442527956,-0.00360664251864
4.41685696105393,-4.96370803191426,-0.00360664251864
4.41785695455001,-4.96371163854896,-0.00360664251864
4.4678566293536,-4.96389197028394,-0.00360664251864
4.5178563041572,-4.96407230201891,-0.00360664251864
4.55785604400007,-4.96421656740689,-0.00360664251864
4.59785578384295,-4.96436083279487,-0.00360664251864
4.62985557571725,-4.96447624510526,-0.00360664251864
4.66185536759155,-4.96459165741564,-0.00360664251864
4.69065518027843,-4.96469552849499,-0.00360664251864
4.7194549929653,-4.96479939957434,-0.00360664251864
4.73929486392736,-4.96487095520677,-0.00360664251864
4.75913473488943,-4.96494251083921,-0.00360664251864
4.77500663165909,-4.96499975534516,-0.00360664251864
4.79087852842874,-4.96505699985111,-0.00360664251864
4.80357604584446,-4.96510279545588,-0.00360664251864
4.81500381151861,-4.96514401150016,-0.00360664251864
4.82643157719276,-4.96518522754444,-0.00360664251864
4.8367165662995,-4.9652223219843,-0.00360664251864
4.84700155540623,-4.96525941642416,-0.00360664251864
4.85408677012421,-4.96528497037161,-0.00360664251864
4.86117198484218,-4.96531052431907,-0.00360664251864
4.86684015661656,-4.96533096747703,-0.00360664251864
4.87250832839094,-4.965351410635,-0.00360664251864
4.87704286581044,-4.96536776516137,-0.00360664251864
4.88157740322994,-4.96538411968774,-0.00360664251864
4.88520503316555,-4.96539720330884,-0.00360664251864
4.88883266310115,-4.96541028692994,-0.00360664251864
4.89209753004319,-4.96542206218893,-0.00360664251864
4.89536239698523,-4.96543383744792,-0.00360664251864
4.89761152754531,-4.965441949293,-0.00360664251864
4.89986065810538,-4.96545006113808,-0.00360664251864
4.90165996255344,-4.96545655061414,-0.00360664251864
4.9034592670015,-4.96546304009021,-0.00360664251864
4.90507864100475,-4.96546888061866,-0.00360664251864
4.906698015008,-4.96547472114712,-0.00360664251864
4.90797552116612,-4.96547932867513,-0.00360664251864
4.9089755146622,-4.96548293530983,-0.00360664251864
4.90997550815827,-4.96548654194453,-0.00360664251864
4.91097550165434,-4.96549014857923,-0.00360664251864
4.91197549515041,-4.96549375521393,-0.00360664251864
4.91297548864649,-4.96549736184863,-0.00360664251864
4.91397548214256,-4.96550096848332,-0.00360664251864
4.91497547563863,-4.96550457511802,-0.00360664251864
4.96497515044223,-4.965684906853,-0.00360664251864
5.01497482524582,-4.96586523858798,-0.00360664251864
5.05997453256906,-4.96602753714945,-0.00360664251864
5.10497423989229,-4.96618983571093,-0.00360664251864
5.13597403827052,-4.96630164138662,-0.00360664251864
5.16387385681093,-4.96640226649473,-0.00360664251864
5.19177367535134,-4.96650289160285,-0.00360664251864
5.21409353018366,-4.96658339168934,-0.00360664251864
5.23641338501599,-4.96666389177584,-0.00360664251864
5.25426926888185,-4.96672829184503,-0.00360664251864
5.27212515274771,-4.96679269191423,-0.00360664251864
5.2864098598404,-4.96684421196958,-0.00360664251864
5.29926609622382,-4.9668905800194,-0.00360664251864
5.31212233260724,-4.96693694806922,-0.00360664251864
5.32240732171397,-4.96697404250908,-0.00360664251864
5.33269231082071,-4.96701113694894,-0.00360664251864
5.3409203021061,-4.96704081250082,-0.00360664251864
5.34914829339149,-4.96707048805271,-0.00360664251864
5.3557306864198,-4.96709422849421,-0.00360664251864
5.36231307944811,-4.96711796893572,-0.00360664251864
5.36757899387075,-4.96713696128893,-0.00360664251864
5.3728449082934,-4.96715595364213,-0.00360664251864
5.37705763983152,-4.9671711475247,-0.00360664251864
5.38084909821583,-4.96718482201901,-0.00360664251864
5.38464055660014,-4.96719849651332,-0.00360664251864
5.38805286914601,-4.96721080355819,-0.00360664251864
5.39146518169189,-4.96722311060307,-0.00360664251864
5.39381588589016,-4.96723158878954,-0.00360664251864
5.39616659008843,-4.96724006697601,-0.00360664251864
5.39804715344704,-4.96724684952519,-0.00360664251864
5.3997396604698,-4.96725295381945,-0.00360664251864
5.40143216749255,-4.96725905811371,-0.00360664251864
5.40295542381303,-4.96726455197854,-0.00360664251864
5.40447868013351,-4.96727004584338,-0.00360664251864
5.40568036011967,-4.9672743798923,-0.00360664251864
5.40688204010582,-4.96727871394122,-0.00360664251864
5.4078820336019,-4.96728232057592,-0.00360664251864
5.40888202709797,-4.96728592721062,-0.00360664251864
5.40988202059404,-4.96728953384532,-0.00360664251864
5.41088201409011,-4.96729314048002,-0.00360664251864
5.41188200758618,-4.96729674711472,-0.00360664251864
5.46188168238978,-4.9674770788497,-0.00360664251864
5.50688138971302,-4.96763937741118,-0.00360664251864
5.55188109703625,-4.96780167597265,-0.00360664251864
5.58788086289484,-4.96793151482184,-0.00360664251864
5.62388062875343,-4.96806135367102,-0.00360664251864
5.6526804414403,-4.96816522475037,-0.00360664251864
5.68148025412718,-4.96826909582971,-0.00360664251864
5.70452010427667,-4.96835219269319,-0.00360664251864
5.72525596941122,-4.96842697987032,-0.00360664251864
5.74599183454577,-4.96850176704745,-0.00360664251864
5.76465411316686,-4.96856907550686,-0.00360664251864
5.78331639178795,-4.96863638396628,-0.00360664251864
5.79617262817137,-4.9686827520161,-0.00360664251864
5.80902886455479,-4.96872912006592,-0.00360664251864
5.81931385366153,-4.96876621450578,-0.00360664251864
5.82959884276826,-4.96880330894563,-0.00360664251864
5.83782683405365,-4.96883298449752,-0.00360664251864
5.84605482533904,-4.9688626600494,-0.00360664251864
5.85263721836735,-4.96888640049091,-0.00360664251864
5.85921961139566,-4.96891014093242,-0.00360664251864
5.86448552581831,-4.96892913328563,-0.00360664251864
5.86975144024096,-4.96894812563883,-0.00360664251864
5.87501735466361,-4.96896711799204,-0.00360664251864
5.87923008620172,-4.9689823118746,-0.00360664251864
5.88344281773984,-4.96899750575717,-0.00360664251864
5.8871289578357,-4.96901080040441,-0.00360664251864
5.89081509793155,-4.96902409505166,-0.00360664251864
5.89450123802741,-4.9690373896989,-0.00360664251864
5.89818737812326,-4.96905068434615,-0.00360664251864
5.89955651587315,-4.96905562235798,-0.00360664251864
5.90092565362304,-4.96906056036981,-0.00360664251864
5.90202096382295,-4.96906451077928,-0.00360664251864
5.90311627402286,-4.96906846118875,-0.00360664251864
5.90411626751893,-4.96907206782345,-0.00360664251864
5.905116261015,-4.96907567445815,-0.00360664251864
5.90611625451108,-4.96907928109285,-0.00360664251864
5.90711624800715,-4.96908288772755,-0.00360664251864
5.90811624150322,-4.96908649436224,-0.00360664251864
5.95811591630682,-4.96926682609722,-0.00360664251864
6.00811559111041,-4.9694471578322,-0.00360664251864
6.04811533095329,-4.96959142322018,-0.00360664251864
6.08811507079616,-4.96973568860816,-0.00360664251864
6.12411483665475,-4.96986552745734,-0.00360664251864
6.16011460251334,-4.96999536630652,-0.00360664251864
6.18851441780179,-4.97009779473199,-0.00360664251864
6.21691423309023,-4.97020022315746,-0.00360664251864
6.23887409026397,-4.97027942485546,-0.00360664251864
6.26083394743771,-4.97035862655346,-0.00360664251864
6.27775783736523,-4.97041966523911,-0.00360664251864
6.29468172729275,-4.97048070392477,-0.00360664251864
6.30771724251015,-4.97052771857206,-0.00360664251864
6.32075275772754,-4.97057473321935,-0.00360664251864
6.33079233243045,-4.97061094253334,-0.00360664251864
6.34083190713335,-4.97064715184733,-0.00360664251864
6.34756001537393,-4.9706714178338,-0.00360664251864
6.35428812361452,-4.97069568382027,-0.00360664251864
6.35967061020698,-4.97071509660944,-0.00360664251864
6.36505309679945,-4.97073450939861,-0.00360664251864
6.36989733473267,-4.97075198090887,-0.00360664251864
6.37474157266589,-4.97076945241913,-0.00360664251864
6.37807871435322,-4.97078148834842,-0.00360664251864
6.38141585604055,-4.9707935242777,-0.00360664251864
6.38441928355914,-4.97080435661406,-0.00360664251864
6.38742271107774,-4.97081518895042,-0.00360664251864
6.38979208167574,-4.97082373446021,-0.00360664251864
6.39216145227375,-4.97083227997001,-0.00360664251864
6.39375660600029,-4.97083803314421,-0.00360664251864
6.39535175972684,-4.97084378631841,-0.00360664251864
6.39662788270807,-4.97084838885777,-0.00360664251864
6.3979040056893,-4.97085299139713,-0.00360664251864
6.39892490407429,-4.97085667342861,-0.00360664251864
6.39994580245928,-4.9708603554601,-0.00360664251864
6.40094579595535,-4.9708639620948,-0.00360664251864
6.40194578945142,-4.9708675687295,-0.00360664251864
6.4029457829475,-4.9708711753642,-0.00360664251864
6.40394577644357,-4.9708747819989,-0.00360664251864
6.45394545124716,-4.97105511373387,-0.00360664251864
6.50394512605076,-4.97123544546885,-0.00360664251864
6.548944833374,-4.97139774403033,-0.00360664251864
6.59394454069723,-4.97156004259181,-0.00360664251864
6.62944430980779,-4.97168807812364,-0.00360664251864
6.66494407891834,-4.97181611365547,-0.00360664251864
6.69239390038551,-4.97191511577797,-0.00360664251864
6.71984372185269,-4.97201411790048,-0.00360664251864
6.74099858426209,-4.97209041625754,-0.00360664251864
6.75729297828383,-4.97214918456666,-0.00360664251864
6.77358737230558,-4.97220795287577,-0.00360664251864
6.78825232692515,-4.97226084435397,-0.00360664251864
6.80291728154472,-4.97231373583217,-0.00360664251864
6.8130198058382,-4.97235017218382,-0.00360664251864
6.82312233013168,-4.97238660853546,-0.00360664251864
6.83221460199581,-4.97241940125195,-0.00360664251864
6.84130687385995,-4.97245219396843,-0.00360664251864
6.84757043892191,-4.97247478450646,-0.00360664251864
6.85383400398386,-4.97249737504448,-0.00360664251864
6.85884485603343,-4.9725154474749,-0.00360664251864
6.863855708083,-4.97253351990531,-0.00360664251864
6.86786438972265,-4.97254797784965,-0.00360664251864
6.8718730713623,-4.97256243579398,-0.00360664251864
6.87508001667403,-4.97257400214945,-0.00360664251864
6.87828696198575,-4.97258556850492,-0.00360664251864
6.88085251823513,-4.97259482158929,-0.00360664251864
6.8834180744845,-4.97260407467367,-0.00360664251864
6.88547051948401,-4.97261147714116,-0.00360664251864
6.88752296448351,-4.97261887960866,-0.00360664251864
6.88916492048311,-4.97262480158266,-0.00360664251864
6.89080687648271,-4.97263072355666,-0.00360664251864
6.8921204412824,-4.97263546113586,-0.00360664251864
6.89343400608208,-4.97264019871506,-0.00360664251864
6.89448485792182,-4.97264398877842,-0.00360664251864
6.89553570976157,-4.97264777884178,-0.00360664251864
6.89653570325764,-4.97265138547648,-0.00360664251864
6.89753569675371,-4.97265499211118,-0.00360664251864
6.89853569024979,-4.97265859874588,-0.00360664251864
6.89953568374586,-4.97266220538058,-0.00360664251864
6.90053567724193,-4.97266581201528,-0.00360664251864
6.95053535204553,-4.97284614375025,-0.00360664251864
7.00053502684912,-4.97302647548523,-0.00360664251864
7.040534766692,-4.97317074087321,-0.00360664251864
7.08053450653487,-4.97331500626119,-0.00360664251864
7.11253429840918,-4.97343041857157,-0.00360664251864
7.14453409028348,-4.97354583088196,-0.00360664251864
7.17013392378292,-4.97363816073027,-0.00360664251864
7.19573375728236,-4.97373049057858,-0.00360664251864
7.21621362408192,-4.97380435445722,-0.00360664251864
7.23669349088147,-4.97387821833587,-0.00360664251864
7.25307738432111,-4.97393730943878,-0.00360664251864
7.26946127776075,-4.9739964005417,-0.00360664251864
7.28256839251247,-4.97404367342404,-0.00360664251864
7.29567550726418,-4.97409094630637,-0.00360664251864
7.30616119906555,-4.97412876461224,-0.00360664251864
7.31664689086692,-4.9741665829181,-0.00360664251864
7.32503544430802,-4.9741968375628,-0.00360664251864
7.33342399774912,-4.97422709220749,-0.00360664251864
7.34013484050199,-4.97425129592324,-0.00360664251864
7.34684568325487,-4.974275499639,-0.00360664251864
7.35288544173246,-4.97429728298318,-0.00360664251864
7.35892520021005,-4.97431906632736,-0.00360664251864
7.36308592271683,-4.97433407263113,-0.00360664251864
7.36724664522362,-4.97434907893489,-0.00360664251864
7.37057522322904,-4.97436108397791,-0.00360664251864
7.37390380123447,-4.97437308902092,-0.00360664251864
7.37656666363881,-4.97438269305533,-0.00360664251864
7.37922952604315,-4.97439229708975,-0.00360664251864
7.38135981596663,-4.97439998031727,-0.00360664251864
7.3834901058901,-4.9744076635448,-0.00360664251864
7.38519433782888,-4.97441381012683,-0.00360664251864
7.38689856976766,-4.97441995670885,-0.00360664251864
7.38826195531868,-4.97442487397447,-0.00360664251864
7.38962534086971,-4.97442979124009,-0.00360664251864
7.39085238786563,-4.97443421677914,-0.00360664251864
7.39207943486155,-4.9744386423182,-0.00360664251864
7.39307942835762,-4.9744422489529,-0.00360664251864
7.39407942185369,-4.9744458555876,-0.00360664251864
7.39507941534977,-4.9744494622223,-0.00360664251864
7.39607940884584,-4.974453068857,-0.00360664251864
7.39707940234191,-4.9744566754917,-0.00360664251864
7.44707907714551,-4.97463700722667,-0.00360664251864
7.49207878446874,-4.97479930578815,-0.00360664251864
7.53707849179198,-4.97496160434963,-0.00360664251864
7.57307825765057,-4.97509144319881,-0.00360664251864
7.60907802350916,-4.975221282048,-0.00360664251864
7.64147781278189,-4.97533813701226,-0.00360664251864
7.67387760205462,-4.97545499197653,-0.00360664251864
7.69619745688694,-4.97553549206302,-0.00360664251864
7.71851731171927,-4.97561599214951,-0.00360664251864
7.73637319558513,-4.97568039221871,-0.00360664251864
7.7524434910644,-4.97573835228098,-0.00360664251864
7.76851378654368,-4.97579631234326,-0.00360664251864
7.78297705247502,-4.97584847639931,-0.00360664251864
7.79744031840637,-4.97590064045535,-0.00360664251864
7.80740390160352,-4.97593657569396,-0.00360664251864
7.81736748480067,-4.97597251093257,-0.00360664251864
7.82533835135839,-4.97600125912346,-0.00360664251864
7.83330921791611,-4.97603000731435,-0.00360664251864
7.83968591116229,-4.97605300586706,-0.00360664251864
7.84606260440846,-4.97607600441977,-0.00360664251864
7.85180162833002,-4.97609670311721,-0.00360664251864
7.85754065225158,-4.97611740181465,-0.00360664251864
7.86149420206421,-4.97613166091733,-0.00360664251864
7.86544775187684,-4.97614592002001,-0.00360664251864
7.86861059172694,-4.97615732730216,-0.00360664251864
7.87177343157704,-4.9761687345843,-0.00360664251864
7.87430370345713,-4.97617786041002,-0.00360664251864
7.87683397533721,-4.97618698623573,-0.00360664251864
7.87911122002928,-4.97619519947888,-0.00360664251864
7.88113543753335,-4.97620250013945,-0.00360664251864
7.88315965503742,-4.97620980080002,-0.00360664251864
7.88475372632187,-4.97621555007022,-0.00360664251864
7.88634779760632,-4.97622129934043,-0.00360664251864
7.88742063288347,-4.97622516869053,-0.00360664251864
7.88849346816063,-4.97622903804063,-0.00360664251864
7.8894934616567,-4.97623264467533,-0.00360664251864
7.89049345515277,-4.97623625131003,-0.00360664251864
7.89149344864885,-4.97623985794473,-0.00360664251864
7.89249344214492,-4.97624346457943,-0.00360664251864
7.89349343564099,-4.97624707121413,-0.00360664251864
7.89449342913706,-4.97625067784883,-0.00360664251864
7.94449310394066,-4.9764310095838,-0.00360664251864
7.99449277874425,-4.97661134131878,-0.00360664251864
8.03949248606749,-4.97677363988026,-0.00360664251864
8.08449219339073,-4.97693593844174,-0.00360664251864
8.11549199176896,-4.97704774411742,-0.00360664251864
8.14649179014719,-4.97715954979311,-0.00360664251864
8.17129162884977,-4.97724899433365,-0.00360664251864
8.19609146755236,-4.9773384388742,-0.00360664251864
8.22089130625494,-4.97742788341475,-0.00360664251864
8.24569114495752,-4.9775173279553,-0.00360664251864
8.26305103204933,-4.97757993913368,-0.00360664251864
8.28041091914114,-4.97764255031207,-0.00360664251864
8.29181884494433,-4.97768369480072,-0.00360664251864
8.30322677074752,-4.97772483928937,-0.00360664251864
8.31235311139007,-4.97775775488029,-0.00360664251864
8.32147945203262,-4.97779067047122,-0.00360664251864
8.33060579267517,-4.97782358606214,-0.00360664251864
8.33973213331772,-4.97785650165306,-0.00360664251864
8.34703320583176,-4.9778828341258,-0.00360664251864
8.35433427834581,-4.97790916659853,-0.00360664251864
8.35981008273133,-4.97792891595309,-0.00360664251864
8.36528588711686,-4.97794866530764,-0.00360664251864
8.36875389656103,-4.97796117323219,-0.00360664251864
8.3722219060052,-4.97797368115674,-0.00360664251864
8.3747955340664,-4.97798296335338,-0.00360664251864
8.3773691621276,-4.97799224555002,-0.00360664251864
8.37933862643826,-4.97799934873454,-0.00360664251864
8.38130809074893,-4.97800645191906,-0.00360664251864
8.38262629939134,-4.97801120624701,-0.00360664251864
8.38394450803374,-4.97801596057496,-0.00360664251864
8.38499907494767,-4.97801976403733,-0.00360664251864
8.3860536418616,-4.97802356749969,-0.00360664251864
8.38705363535767,-4.97802717413439,-0.00360664251864
8.38805362885374,-4.97803078076909,-0.00360664251864
8.38905362234981,-4.97803438740379,-0.00360664251864
8.39005361584588,-4.97803799403849,-0.00360664251864
8.39105360934196,-4.97804160067319,-0.00360664251864
8.44105328414555,-4.97822193240816,-0.00360664251864
8.49105295894915,-4.97840226414314,-0.00360664251864
8.53605266627238,-4.97856456270462,-0.00360664251864
8.58105237359562,-4.97872686126609,-0.00360664251864
8.61205217197385,-4.97883866694178,-0.00360664251864
8.64305197035208,-4.97895047261746,-0.00360664251864
8.66785180905466,-4.97903991715801,-0.00360664251864
8.69265164775725,-4.97912936169856,-0.00360664251864
8.71249151871931,-4.979200917331,-0.00360664251864
8.73233138968138,-4.97927247296344,-0.00360664251864
8.74820328645103,-4.97932971746939,-0.00360664251864
8.76407518322069,-4.97938696197534,-0.00360664251864
8.77677270063641,-4.9794327575801,-0.00360664251864
8.78820046631056,-4.97947397362438,-0.00360664251864
8.79962823198471,-4.97951518966867,-0.00360664251864
8.80877044452403,-4.9795481625041,-0.00360664251864
8.81791265706335,-4.97958113533952,-0.00360664251864
8.82522642709481,-4.97960751360786,-0.00360664251864
8.83254019712627,-4.97963389187621,-0.00360664251864
8.83839121315143,-4.97965499449088,-0.00360664251864
8.8442422291766,-4.97967609710555,-0.00360664251864
8.84950814359925,-4.97969508945876,-0.00360664251864
8.8547740580219,-4.97971408181197,-0.00360664251864
8.85892827939976,-4.97972906466839,-0.00360664251864
8.86308250077763,-4.9797440475248,-0.00360664251864
8.86587928643766,-4.97975413457462,-0.00360664251864
8.86867607209769,-4.97976422162443,-0.00360664251864
8.87091350062571,-4.97977229126428,-0.00360664251864
8.87315092915373,-4.97978036090414,-0.00360664251864
8.87494087197615,-4.97978681661602,-0.00360664251864
8.87673081479857,-4.9797932723279,-0.00360664251864
8.87816276905651,-4.9797984368974,-0.00360664251864
8.87959472331444,-4.97980360146691,-0.00360664251864
8.88074028672079,-4.97980773312251,-0.00360664251864
8.88188585012714,-4.97981186477811,-0.00360664251864
8.88288584362321,-4.97981547141281,-0.00360664251864
8.88388583711928,-4.97981907804751,-0.00360664251864
8.88488583061535,-4.97982268468221,-0.00360664251864
8.88588582411142,-4.97982629131691,-0.00360664251864
8.88688581760749,-4.97982989795161,-0.00360664251864
8.88788581110357,-4.97983350458631,-0.00360664251864
8.88888580459964,-4.97983711122101,-0.00360664251864
8.88988579809571,-4.97984071785571,-0.00360664251864
8.88988579809571,-4.97984071785571,-0.16068627519813
8.88988579809571,-4.97984071785571,-0.317765907877619
8.88988579809571,-4.97984071785571,-0.474845540557109
8.88988579809571,-4.97984071785571,-0.631925173236599
8.88988579809571,-4.97984071785571,-0.789004805916088
8.88988579809571,-4.97984071785571,-0.946084438595578
8.88988579809571,-4.97984071785571,-1.10316407127507
8.88988579809571,-4.97984071785571,-1.26024370395456
8.88988579809571,-4.97984071785571,-1.41732333663405
8.88988579809571,-4.97984071785571,-1.57440296931354
8.88988579809571,-4.97984071785571,-1.73148260199303
8.88988579809571,-4.97984071785571,-1.88856223467252
8.88988579809571,-4.97984071785571,-2.04564186735201
8.88988579809571,-4.97984071785571,-2.2027215000315
8.88988579809571,-4.97984071785571,-2.35980113271098
8.88988579809571,-4.97984071785571,-2.51688076539047
8.88988579809571,-4.97984071785571,-2.67396039806996
8.88988579809571,-4.97984071785571,-2.83104003074945
8.88988579809571,-4.97984071785571,-2.98811966342894
8.88988579809571,-4.97984071785571,3.13798601107115
8.88988579809571,-4.97984071785571,2.98090637839166
8.88988579809571,-4.97984071785571,2.82382674571217
8.88988579809571,-4.97984071785571,2.68245507630063
8.88988579809571,-4.97984071785571,2.5709285370982
8.88988579809571,-4.97984071785571,2.470554651816
8.88988579809571,-4.97984071785571,2.38021815506203
8.88988579809571,-4.97984071785571,2.28988165830805
8.88988579809571,-4.97984071785571,2.20857881122947
8.88988579809571,-4.97984071785571,2.14443989853415
8.88988579809571,-4.97984071785571,2.08671487710836
8.88988579809571,-4.97984071785571,2.03476235782515
8.88988579809571,-4.97984071785571,1.98800509047026
8.88988579809571,-4.97984071785571,1.94592354985086
8.88988579809571,-4.97984071785571,1.9080501632934
8.88988579809571,-4.97984071785571,1.87396411539169
8.88988579809571,-4.97984071785571,1.83987806748997
8.88988579809571,-4.97984071785571,1.8126092291686
8.88988579809571,-4.97984071785571,1.78806727467937
8.88988579809571,-4.97984071785571,1.76597951563906
8.88988579809571,-4.97984071785571,1.74610053250278
8.88988579809571,-4.97984071785571,1.7262215493665
8.88988579809571,-4.97984071785571,1.70634256623022
8.88988579809571,-4.97984071785571,1.68646358309394
8.88988579809571,-4.97984071785571,1.67453619321217
8.88988579809571,-4.97984071785571,1.66380154231858
8.88988579809571,-4.97984071785571,1.65414035651435
8.88988579809571,-4.97984071785571,1.64544528929054
8.88988579809571,-4.97984071785571,1.63761972878911
8.88988579809571,-4.97984071785571,1.63057672433782
8.88988579809571,-4.97984071785571,1.62353371988654
8.88988579809571,-4.97984071785571,1.61649071543525
8.88988579809571,-4.97984071785571,1.61085631187422
8.88988579809571,-4.97984071785571,1.60592620875832
8.88988579809571,-4.97984071785571,1.60205255631012
8.88988579809571,-4.97984071785571,1.59817890386191
8.88988579809571,-4.97984071785571,1.59507998190335
8.88988579809571,-4.97984071785571,1.59229095214064
8.88988579809571,-4.97984071785571,1.5897808253542
8.88988579809571,-4.97984071785571,1.5875217112464
8.88988579809571,-4.97984071785571,1.58548850854939
8.88988579809571,-4.97984071785571,1.58365862612208
8.88988579809571,-4.97984071785571,1.58201173193749
8.88988579809571,-4.97984071785571,1.58052952717137
8.88988579809571,-4.97984071785571,1.57919554288186
8.88988579809571,-4.97984071785571,1.5779949570213
8.88988579809571,-4.97984071785571,1.57691442974679
8.88988579809571,-4.97984071785571,1.57594195519974
8.88988579809571,-4.97984071785571,1.57506672810739
8.88988579809571,-4.97984071785571,1.57427902372428
8.88988579809571,-4.97984071785571,1.57357008977948
8.88988579809571,-4.97984071785571,1.57286115583467
8.88988579809571,-4.97984071785571,1.57222311528435
8.88988579809571,-4.97984071785571,1.57171977218354
8.88988579809571,-4.97984071785571,1.57126676339281
8.88988579809571,-4.97984071785571,1.57085905548116
8.88988579809571,-4.97984071785571,1.5704513475695
8.88988579809571,-4.97984071785571,1.57004363965785
8.88988579809571,-4.97984071785571,1.56963593174619
8.88988579809571,-4.97984071785571,1.5693913069992
8.88988579809571,-4.97984071785571,1.5691466822522
8.88988579809571,-4.97984071785571,1.56895098245461
8.88988579809571,-4.97984071785571,1.56875528265701
8.88988579809571,-4.97984071785571,1.56857915283918
8.88988579809571,-4.97984071785571,1.56840302302134
8.88988579809571,-4.97984071785571,1.56828168914684
8.88988579809571,-4.97984071785571,1.56816035527233
8.89001759651921,-4.92984089156425,1.56816035527233
8.8901493949427,-4.8798410652728,1.56816035527233
8.8902548336815,-4.83984120423964,1.56816035527233
8.8903602724203,-4.79984134320647,1.56816035527233
8.89044462341134,-4.76784145437994,1.56816035527233
8.89052897440238,-4.73584156555341,1.56816035527233
8.89059645519521,-4.71024165449219,1.56816035527233
8.89066393598804,-4.68464174343096,1.56816035527233
8.8907179206223,-4.66416181458198,1.56816035527233
8.89077190525657,-4.643681885733,1.56816035527233
8.89081509296398,-4.62729794265382,1.56816035527233
8.89085828067139,-4.61091399957464,1.56816035527233
8.89089283083732,-4.59780684511129,1.56816035527233
8.89092738100325,-4.58469969064794,1.56816035527233
8.890955021136,-4.57421396707727,1.56816035527233
8.89098266126874,-4.56372824350659,1.56816035527233
8.89100477337493,-4.55533966465005,1.56816035527233
8.89102688548113,-4.5469510857935,1.56816035527233
8.89104457516608,-4.54024022270827,1.56816035527233
8.89106226485104,-4.53352935962304,1.56816035527233
8.89107641659901,-4.52816066915485,1.56816035527233
8.89109056834697,-4.52279197868666,1.56816035527233
8.89110330492014,-4.51796015726529,1.56816035527233
8.89111604149331,-4.51312833584393,1.56816035527233
8.89112736289168,-4.50883338346938,1.56816035527233
8.89113613697542,-4.5055047953791,1.56816035527233
8.89114491105916,-4.50217620728882,1.56816035527233
8.89115079818631,-4.49994283205406,1.56816035527233
8.89115668531347,-4.49770945681929,1.56816035527233
8.89116139501519,-4.49592275663148,1.56816035527233
8.89116610471691,-4.49413605644367,1.56816035527233
8.89116987247829,-4.49270669629342,1.56816035527233
8.89117364023966,-4.49127733614317,1.56816035527233
8.89117665444877,-4.49013384802297,1.56816035527233
8.89117966865787,-4.48899035990277,1.56816035527233
8.89118230462634,-4.48799036337694,1.56816035527233
8.89118494059481,-4.48699036685111,1.56816035527233
8.89118757656328,-4.48599037032528,1.56816035527233
8.89119021253175,-4.48499037379945,1.56816035527233
8.89119284850022,-4.48399037727362,1.56816035527233
8.89132464692371,-4.43399055098217,1.56816035527233
8.89145644534721,-4.38399072469071,1.56816035527233
8.89156188408601,-4.34399086365755,1.56816035527233
8.89166732282481,-4.30399100262439,1.56816035527233
8.89175167381585,-4.27199111379786,1.56816035527233
8.89183602480688,-4.23999122497133,1.56816035527233
8.89192037579792,-4.2079913361448,1.56816035527233
8.89197942149165,-4.18559141396623,1.56816035527233
8.89203846718537,-4.16319149178765,1.56816035527233
8.89208570374036,-4.1452715540448,1.56816035527233
8.89213294029534,-4.12735161630194,1.56816035527233
8.89217545319482,-4.11122367233337,1.56816035527233
8.89221796609431,-4.0950957283648,1.56816035527233
8.89225150404834,-4.08237257256737,1.56816035527233
8.89228504200238,-4.06964941676994,1.56816035527233
8.89230762107566,-4.06108368652885,1.56816035527233
8.89233020014894,-4.05251795628777,1.56816035527233
8.89234826340757,-4.0456653720949,1.56816035527233
8.89236632666619,-4.03881278790203,1.56816035527233
8.89238077727309,-4.03333072054774,1.56816035527233
8.89239522787999,-4.02784865319344,1.56816035527233
8.89240678836551,-4.02346299931001,1.56816035527233
8.89241834885103,-4.01907734542657,1.56816035527233
8.89242759723945,-4.01556882231982,1.56816035527233
8.89243684562786,-4.01206029921307,1.56816035527233
8.8924442443386,-4.00925348072767,1.56816035527233
8.89245164304933,-4.00644666224227,1.56816035527233
8.89245756201792,-4.00420120745395,1.56816035527233
8.8924634809865,-4.00195575266564,1.56816035527233
8.89246821616137,-4.00015938883498,1.56816035527233
8.89247295133624,-3.99836302500433,1.56816035527233
8.89247673947614,-3.9969259339398,1.56816035527233
8.89248052761603,-3.99548884287528,1.56816035527233
8.89248393694194,-3.99419546091721,1.56816035527233
8.89248734626784,-3.99290207895913,1.56816035527233
8.89249003584717,-3.99188174430332,1.56816035527233
8.8924927254265,-3.99086140964751,1.56816035527233
8.89249536139496,-3.98986141312168,1.56816035527233
8.89249799736343,-3.98886141659585,1.56816035527233
8.89262979578693,-3.9388615903044,1.56816035527233
8.89274841436808,-3.89386174664209,1.56816035527233
8.89286703294923,-3.84886190297978,1.56816035527233
8.89296192781415,-3.81286202804993,1.56816035527233
8.89305682267906,-3.77686215312009,1.56816035527233
8.89314222805749,-3.74446226568322,1.56816035527233
8.89322763343592,-3.71206237824636,1.56816035527233
8.89329500879001,-3.68650246704617,1.56816035527233
8.89335384360626,-3.66418254458967,1.56816035527233
8.89341267842251,-3.64186262213316,1.56816035527233
8.8934530087401,-3.62656267528798,1.56816035527233
8.89349333905769,-3.61126272844279,1.56816035527233
8.89352963634352,-3.59749277628212,1.56816035527233
8.89356593362935,-3.58372282412146,1.56816035527233
8.89359093842626,-3.57423685707744,1.56816035527233
8.89361594322316,-3.56475089003343,1.56816035527233
8.89363594706069,-3.55716211639822,1.56816035527233
8.89365595089821,-3.549573342763,1.56816035527233
8.89367195396823,-3.54350232385484,1.56816035527233
8.89368795703825,-3.53743130494667,1.56816035527233
8.89370075949427,-3.53257448982013,1.56816035527233
8.89371356195029,-3.5277176746936,1.56816035527233
8.8937250841607,-3.52334654107971,1.56816035527233
8.89373660637111,-3.51897540746583,1.56816035527233
8.89374454389384,-3.51596418208738,1.56816035527233
8.89375248141657,-3.51295295670893,1.56816035527233
8.89375883143476,-3.51054397640617,1.56816035527233
8.89376518145294,-3.5081349961034,1.56816035527233
8.89377026146749,-3.50620781186119,1.56816035527233
8.89377534148204,-3.50428062761899,1.56816035527233
8.89377940549367,-3.50273888022522,1.56816035527233
8.89378346950531,-3.50119713283145,1.56816035527233
8.89378712711579,-3.49980956017706,1.56816035527233
8.89379078472626,-3.49842198752267,1.56816035527233
8.89379342069473,-3.49742199099684,1.56816035527233
8.8937960566632,-3.49642199447101,1.56816035527233
8.89379869263167,-3.49542199794518,1.56816035527233
8.89380132860014,-3.49442200141935,1.56816035527233
8.89380396456861,-3.49342200489352,1.56816035527233
8.89380660053708,-3.49242200836769,1.56816035527233
8.89393839896057,-3.44242218207624,1.56816035527233
8.89407019738407,-3.39242235578479,1.56816035527233
8.89417563612287,-3.35242249475162,1.56816035527233
8.89428107486167,-3.31242263371846,1.56816035527233
8.89437596972659,-3.27642275878861,1.56816035527233
8.8944708645915,-3.24042288385877,1.56816035527233
8.89453623660956,-3.21562297001821,1.56816035527233
8.89460160862761,-3.19082305617764,1.56816035527233
8.89466044344386,-3.16850313372114,1.56816035527233
8.89471927826011,-3.14618321126463,1.56816035527233
8.89475980891131,-3.13080726468349,1.56816035527233
8.8948003395625,-3.11543131810234,1.56816035527233
8.89483276408346,-3.10313056083742,1.56816035527233
8.89486518860441,-3.0908298035725,1.56816035527233
8.89489112822118,-3.08098919776057,1.56816035527233
8.89491706783794,-3.07114859194863,1.56816035527233
8.89493781953135,-3.06327610729908,1.56816035527233
8.89495857122476,-3.05540362264954,1.56816035527233
8.89497517257949,-3.0491056349299,1.56816035527233
8.89499177393422,-3.04280764721026,1.56816035527233
8.895005055018,-3.03776925703455,1.56816035527233
8.89501833610179,-3.03273086685884,1.56816035527233
8.89502896096881,-3.02870015471827,1.56816035527233
8.89503958583584,-3.0246694425777,1.56816035527233
8.89504808572946,-3.02144487286525,1.56816035527233
8.89505658562308,-3.01822030315279,1.56816035527233
8.89506338553798,-3.01564064738283,1.56816035527233
8.89507018545288,-3.01306099161287,1.56816035527233
8.89507630537628,-3.0107393014199,1.56816035527233
8.89508242529969,-3.00841761122693,1.56816035527233
8.89508725323927,-3.00658605563026,1.56816035527233
8.89509098639255,-3.00516982461255,1.56816035527233
8.89509471954582,-3.00375359359484,1.56816035527233
8.89509807938378,-3.0024789856789,1.56816035527233
8.89510143922173,-3.00120437776296,1.56816035527233
8.8951040751902,-3.00020438123713,1.56816035527233
8.89510671115866,-2.9992043847113,1.56816035527233
8.89510934712713,-2.99820438818547,1.56816035527233
8.8951119830956,-2.99720439165964,1.56816035527233
8.89511461906407,-2.99620439513381,1.56816035527233
8.89524641748757,-2.94620456884236,1.56816035527233
8.89537821591107,-2.8962047425509,1.56816035527233
8.89549683449222,-2.8512048988886,1.56816035527233
8.89561545307336,-2.80620505522629,1.56816035527233
8.89569716809593,-2.77520516292559,1.56816035527233
8.8957788831185,-2.74420527062488,1.56816035527233
8.89585242663881,-2.71630536755425,1.56816035527233
8.89592597015913,-2.68840546448362,1.56816035527233
8.89597663347312,-2.66918553125719,1.56816035527233
8.89602729678711,-2.64996559803075,1.56816035527233
8.8960678274383,-2.6345896514496,1.56816035527233
8.8961083580895,-2.61921370486846,1.56816035527233
8.89614483567557,-2.60537535294542,1.56816035527233
8.89618131326165,-2.59153700102239,1.56816035527233
8.89620644226539,-2.58200391414208,1.56816035527233
8.89623157126913,-2.57247082726177,1.56816035527233
8.89625167447212,-2.56484435775752,1.56816035527233
8.89627177767511,-2.55721788825327,1.56816035527233
8.89628786023751,-2.55111671264987,1.56816035527233
8.8963039427999,-2.54501553704647,1.56816035527233
8.89631680884982,-2.54013459656375,1.56816035527233
8.89632967489973,-2.53525365608103,1.56816035527233
8.89633996773966,-2.53134890369485,1.56816035527233
8.89635026057959,-2.52744415130868,1.56816035527233
8.89635952413553,-2.52392987416112,1.56816035527233
8.89636775840748,-2.52080607225218,1.56816035527233
8.89637599267942,-2.51768227034324,1.56816035527233
8.89638165374138,-2.51553465653084,1.56816035527233
8.89638731480335,-2.51338704271845,1.56816035527233
8.89639240975911,-2.51145419028729,1.56816035527233
8.89639750471488,-2.50952133785613,1.56816035527233
8.89640101457329,-2.50818981729245,1.56816035527233
8.89640452443171,-2.50685829672876,1.56816035527233
8.89640733231845,-2.50579308027781,1.56816035527233
8.89641014020518,-2.50472786382686,1.56816035527233
8.89641277617365,-2.50372786730103,1.56816035527233
8.89641541214212,-2.5027278707752,1.56816035527233
8.89641804811059,-2.50172787424938,1.56816035527233
8.89642068407906,-2.50072787772355,1.56816035527233
8.89655248250255,-2.45072805143209,1.56816035527233
8.89668428092605,-2.40072822514064,1.56816035527233
8.89678971966485,-2.36072836410748,1.56816035527233
8.89689515840365,-2.32072850307431,1.56816035527233
8.89697950939468,-2.28872861424778,1.56816035527233
8.89706386038572,-2.25672872542125,1.56816035527233
8.89713134117855,-2.23112881436003,1.56816035527233
8.89719882197139,-2.2055289032988,1.56816035527233
8.89725955468493,-2.1824889833437,1.56816035527233
8.89732028739848,-2.1594490633886,1.56816035527233
8.89736212549004,-2.14357711853064,1.56816035527233
8.89740396358159,-2.12770517367268,1.56816035527233
8.89743743405484,-2.11500761778631,1.56816035527233
8.89747090452808,-2.10231006189995,1.56816035527233
8.89750437500132,-2.08961250601358,1.56816035527233
8.89753784547457,-2.07691495012721,1.56816035527233
8.89757131594781,-2.06421739424084,1.56816035527233
8.89760478642106,-2.05151983835448,1.56816035527233
8.8976382568943,-2.03882228246811,1.56816035527233
8.89767172736755,-2.02612472658174,1.56816035527233
8.8976784214622,-2.02358521540447,1.56816035527233
8.89768511555685,-2.02104570422719,1.56816035527233
8.89769047083257,-2.01901409528538,1.56816035527233
8.89769582610828,-2.01698248634356,1.56816035527233
8.89770011032886,-2.0153571991901,1.56816035527233
8.89770439454943,-2.01373191203665,1.56816035527233
8.8977078219259,-2.01243168231388,1.56816035527233
8.89771124930236,-2.01113145259112,1.56816035527233
8.89771399120352,-2.01009126881291,1.56816035527233
8.89771673310469,-2.0090510850347,1.56816035527233
8.89771936907316,-2.00805108850887,1.56816035527233
8.89772200504163,-2.00705109198304,1.56816035527233
8.8977246410101,-2.00605109545721,1.56816035527233
8.89772727697857,-2.00505109893138,1.56816035527233
8.89772991294704,-2.00405110240555,1.56816035527233
8.89786171137054,-1.9540512761141,1.56816035527233
8.89799350979403,-1.90405144982264,1.56816035527233
8.89811212837518,-1.85905160616034,1.56816035527233
8.89823074695633,-1.81405176249803,1.56816035527233
8.8983124619789,-1.78305187019733,1.56816035527233
8.89839417700147,-1.75205197789662,1.56816035527233
8.89845954901952,-1.72725206405606,1.56816035527233
8.89852492103758,-1.7024521502155,1.56816035527233
8.89857721865202,-1.68261221914305,1.56816035527233
8.89862951626646,-1.6627722880706,1.56816035527233
8.89867135435802,-1.64690034321264,1.56816035527233
8.89871319244957,-1.63102839835469,1.56816035527233
8.89874666292282,-1.61833084246832,1.56816035527233
8.89878013339606,-1.60563328658195,1.56816035527233
8.89881025682198,-1.59420548628422,1.56816035527233
8.8988403802479,-1.58277768598649,1.56816035527233
8.89886113194131,-1.57490520133694,1.56816035527233
8.89888188363472,-1.56703271668739,1.56816035527233
8.89889848498945,-1.56073472896776,1.56816035527233
8.89891508634418,-1.55443674124812,1.56816035527233
8.89892836742796,-1.54939835107241,1.56816035527233
8.89894164851174,-1.5443599608967,1.56816035527233
8.89895227337877,-1.54032924875613,1.56816035527233
8.8989628982458,-1.53629853661556,1.56816035527233
8.89897352311283,-1.53226782447499,1.56816035527233
8.89898096051974,-1.52944632597659,1.56816035527233
8.89898839792666,-1.5266248274782,1.56816035527233
8.8989943478522,-1.52436762867948,1.56816035527233
8.89900029777773,-1.52211042988076,1.56816035527233
8.89900505771816,-1.52030467084178,1.56816035527233
8.89900981765859,-1.51849891180281,1.56816035527233
8.89901362561093,-1.51705430457163,1.56816035527233
8.89901743356327,-1.51560969734045,1.56816035527233
8.89902047992515,-1.51445401155551,1.56816035527233
8.89902352628702,-1.51329832577056,1.56816035527233
8.89902616225549,-1.51229832924473,1.56816035527233
8.89902879822396,-1.5112983327189,1.56816035527233
8.89903143419243,-1.51029833619308,1.56816035527233
8.8990340701609,-1.50929833966725,1.56816035527233
8.89903670612937,-1.50829834314142,1.56816035527233
8.89903934209784,-1.50729834661559,1.56816035527233
8.89904197806631,-1.50629835008976,1.56816035527233
8.8991737764898,-1.4562985237983,1.56816035527233
8.8993055749133,-1.40629869750685,1.56816035527233
8.89941075005525,-1.36639883612627,1.56816035527233
8.89951592519721,-1.32649897474569,1.56816035527233
8.89960006531077,-1.29457908564123,1.56816035527233
8.89968420542433,-1.26265919653676,1.56816035527233
8.89975993152653,-1.23393129634275,1.56816035527233
8.89983565762874,-1.20520339614873,1.56816035527233
8.89988782449914,-1.18541306490396,1.56816035527233
8.89993999136955,-1.16562273365919,1.56816035527233
8.89998694155292,-1.1478114355389,1.56816035527233
8.90003389173629,-1.13000013741861,1.56816035527233
8.90006623519594,-1.11773013204685,1.56816035527233
8.90009857865559,-1.1054601266751,1.56816035527233
8.90012768776928,-1.09441712184052,1.56816035527233
8.90015065162564,-1.08570541802657,1.56816035527233
8.90017361548199,-1.07699371421262,1.56816035527233
8.90019198656707,-1.07002435116147,1.56816035527233
8.90020852054365,-1.06375192441542,1.56816035527233
8.90022505452022,-1.05747949766938,1.56816035527233
8.90023828170148,-1.05246155627255,1.56816035527233
8.90025150888274,-1.04744361487572,1.56816035527233
8.90026209062775,-1.04342926175825,1.56816035527233
8.90027267237276,-1.03941490864078,1.56816035527233
8.90028219594326,-1.03580199083506,1.56816035527233
8.90029171951377,-1.03218907302934,1.56816035527233
8.90029828019568,-1.02970017409651,1.56816035527233
8.90030484087758,-1.02721127516368,1.56816035527233
8.9003100894231,-1.02522015601742,1.56816035527233
8.90031533796863,-1.02322903687116,1.56816035527233
8.90032058651415,-1.02123791772489,1.56816035527233
8.90032478535057,-1.01964502240788,1.56816035527233
8.90032898418699,-1.01805212709087,1.56816035527233
8.90033181840157,-1.01697692275189,1.56816035527233
8.90033445437004,-1.01597692622606,1.56816035527233
8.90033709033851,-1.01497692970023,1.56816035527233
8.90033972630698,-1.0139769331744,1.56816035527233
8.90034236227545,-1.01297693664857,1.56816035527233
8.90034499824392,-1.01197694012274,1.56816035527233
8.90034763421239,-1.01097694359691,1.56816035527233
8.90047943263589,-0.960977117305461,1.56816035527233
8.90061123105938,-0.910977291014007,1.56816035527233
8.90071666979818,-0.870977429980844,1.56816035527233
8.90082210853698,-0.830977568947681,1.56816035527233
8.90090645952802,-0.79897768012115,1.56816035527233
8.90098237541995,-0.770177780177273,1.56816035527233
8.90105829131189,-0.741377880233395,1.56816035527233
8.90111902402544,-0.718337960278293,1.56816035527233
8.90117975673899,-0.695298040323191,1.56816035527233
8.90122834290982,-0.67686610435911,1.56816035527233
8.90127692908066,-0.658434168395028,1.56816035527233
8.90131579801733,-0.643688619623763,1.56816035527233
8.901354666954,-0.628943070852498,1.56816035527233
8.90138576210334,-0.617146631835485,1.56816035527233
8.90141685725268,-0.605350192818473,1.56816035527233
8.90144484288708,-0.594733397703162,1.56816035527233
8.90147282852148,-0.584116602587851,1.56816035527233
8.90149210751407,-0.576802810397304,1.56816035527233
8.90151138650666,-0.569489018206756,1.56816035527233
8.90152680970073,-0.563637984454318,1.56816035527233
8.9015422328948,-0.55778695070188,1.56816035527233
8.90155457145006,-0.55310612369993,1.56816035527233
8.90156691000532,-0.548425296697979,1.56816035527233
8.90157678084952,-0.544680635096419,1.56816035527233
8.90158665169373,-0.540935973494858,1.56816035527233
8.90159454836909,-0.53794024421361,1.56816035527233
8.90160244504446,-0.534944514932362,1.56816035527233
8.90160876238475,-0.532547931507363,1.56816035527233
8.90161507972504,-0.530151348082365,1.56816035527233
8.90162013359728,-0.528234081342366,1.56816035527233
8.90162518746951,-0.526316814602367,1.56816035527233
8.9016292305673,-0.524783001210368,1.56816035527233
8.90163327366508,-0.523249187818368,1.56816035527233
8.90163650814331,-0.522022137104769,1.56816035527233
8.90163974262154,-0.52079508639117,1.56816035527233
8.90164237859001,-0.519795089865341,1.56816035527233
8.90164501455848,-0.518795093339512,1.56816035527233
8.90164765052695,-0.517795096813683,1.56816035527233
8.90165028649542,-0.516795100287854,1.56816035527233
8.90165292246389,-0.515795103762025,1.56816035527233
8.90178472088738,-0.465795277470571,1.56816035527233
8.90191651931088,-0.415795451179117,1.56816035527233
8.90203513789203,-0.370795607516808,1.56816035527233
8.90215375647318,-0.3257957638545,1.56816035527233
8.90223547149575,-0.294795871553798,1.56816035527233
8.90231718651831,-0.263795979253097,1.56816035527233
8.90238255853637,-0.238996065412536,1.56816035527233
8.90244793055442,-0.214196151571975,1.56816035527233
8.90250022816887,-0.194356220499526,1.56816035527233
8.90255252578331,-0.174516289427077,1.56816035527233
8.90259959363631,-0.156660351461873,1.56816035527233
8.90264666148931,-0.138804413496669,1.56816035527233
8.90267908601027,-0.126503656231751,1.56816035527233
8.90271151053122,-0.114202898966832,1.56816035527233
8.90273745014799,-0.104362293154898,1.56816035527233
8.90276338976475,-0.094521687342963,1.56816035527233
8.90278414145816,-0.086649202693415,1.56816035527233
8.90280489315157,-0.078776718043868,1.56816035527233
8.9028214945063,-0.072478730324229,1.56816035527233
8.90283809586103,-0.066180742604591,1.56816035527233
8.90285469721576,-0.059882754884953,1.56816035527233
8.90286631816407,-0.055474163481206,1.56816035527233
8.90287793911238,-0.05106557207746,1.56816035527233
8.90288839796586,-0.047097839814088,1.56816035527233
8.90289769472451,-0.04357096669109,1.56816035527233
8.90290501592194,-0.04079355410673,1.56816035527233
8.90291233711938,-0.038016141522369,1.56816035527233
8.90291819407732,-0.035794211454881,1.56816035527233
8.90292405103527,-0.033572281387393,1.56816035527233
8.90292932229742,-0.031572544326653,1.56816035527233
8.90293459355958,-0.029572807265914,1.56816035527233
8.90293875199972,-0.027995236917997,1.56816035527233
8.90294238331365,-0.026617640276154,1.56816035527233
8.90294601462758,-0.025240043634311,1.56816035527233
8.9029488669661,-0.024157963691444,1.56816035527233
8.90295171930462,-0.023075883748578,1.56816035527233
8.90295435527309,-0.022075887222749,1.56816035527233
8.90295699124156,-0.02107589069692,1.56816035527233
8.90295962721003,-0.02007589417109,1.56816035527233
8.9029622631785,-0.019075897645261,1.56816035527233
8.90309406160199,0.030923928646193,1.56816035527233
8.90322586002549,0.080923754937647,1.56816035527233
8.90333129876429,0.12092361597081,1.56816035527233
8.90343673750309,0.160923477003973,1.56816035527233
8.90352108849413,0.192923365830503,1.56816035527233
8.90360543948516,0.224923254657034,1.56816035527233
8.90367292027799,0.250523165718258,1.56816035527233
8.90374040107083,0.276123076779482,1.56816035527233
8.90380113378437,0.299162996734584,1.56816035527233
8.90386186649792,0.322202916689686,1.56816035527233
8.90390370458948,0.338074861547646,1.56816035527233
8.90394554268103,0.353946806405605,1.56816035527233
8.90397901315428,0.366644362291972,1.56816035527233
8.90401248362752,0.379341918178339,1.56816035527233
8.90403926000612,0.389499962887433,1.56816035527233
8.90406603638471,0.399658007596527,1.56816035527233
8.90409281276331,0.409816052305621,1.56816035527233
8.90411423386618,0.417942488072896,1.56816035527233
8.90413565496906,0.426068923840171,1.56816035527233
8.90415225632379,0.432366911559809,1.56816035527233
8.90416885767851,0.438664899279447,1.56816035527233
8.90417999665201,0.44289064587843,1.56816035527233
8.90419113562551,0.447116392477413,1.56816035527233
8.9042000468043,0.4504969897566,1.56816035527233
8.9042089579831,0.453877587035786,1.56816035527233
8.90421608692614,0.456582064859135,1.56816035527233
8.90422321586917,0.459286542682484,1.56816035527233
8.9042289190236,0.461450124941164,1.56816035527233
8.90423462217803,0.463613707199843,1.56816035527233
8.90423918470158,0.465344573006787,1.56816035527233
8.90424374722512,0.46707543881373,1.56816035527233
8.90424739724396,0.468460131459285,1.56816035527233
8.90425104726279,0.469844824104839,1.56816035527233
8.90425396727786,0.470952578221283,1.56816035527233
8.90425688729293,0.472060332337727,1.56816035527233
8.9042595232614,0.473060328863556,1.56816035527233
8.90426215922987,0.474060325389385,1.56816035527233
8.90426479519834,0.475060321915214,1.56816035527233
8.9042674311668,0.476060318441043,1.56816035527233
8.90427006713527,0.477060314966872,1.56816035527233
8.90440186555877,0.527060141258326,1.56816035527233
8.90453366398227,0.57705996754978,1.56816035527233
8.90463910272107,0.617059828582943,1.56816035527233
8.90474454145986,0.657059689616106,1.56816035527233
8.9048288924509,0.689059578442637,1.56816035527233
8.90491324344194,0.721059467269167,1.56816035527233
8.90498072423477,0.746659378330392,1.56816035527233
8.9050482050276,0.772259289391616,1.56816035527233
8.90510218966187,0.792739218240596,1.56816035527233
8.90515617429613,0.813219147089575,1.56816035527233
8.90519936200355,0.829603090168759,1.56816035527233
8.90524254971096,0.845987033247942,1.56816035527233
8.90527709987689,0.859094187711289,1.56816035527233
8.90530819502622,0.870890626728301,1.56816035527233
8.90533929017556,0.882687065745314,1.56816035527233
8.90536416629503,0.892124216958923,1.56816035527233
8.9053890424145,0.901561368172533,1.56816035527233
8.90540894331008,0.909111089143421,1.56816035527233
8.90542884420565,0.916660810114309,1.56816035527233
8.90544476492211,0.922700586891019,1.56816035527233
8.90546068563857,0.928740363667729,1.56816035527233
8.90547501428339,0.934176162766769,1.56816035527233
8.90548631799208,0.938464404278233,1.56816035527233
8.90549762170076,0.942752645789697,1.56816035527233
8.90550779503858,0.946612063150015,1.56816035527233
8.9055179683764,0.950471480510333,1.56816035527233
8.90552497667579,0.95313019024744,1.56816035527233
8.90553198497517,0.955788899984548,1.56816035527233
8.90553829244462,0.958181738747946,1.56816035527233
8.90554459991407,0.960574577511343,1.56816035527233
8.90554894505969,0.96222297754835,1.56816035527233
8.90555285569075,0.963706537581656,1.56816035527233
8.9055567663218,0.965190097614962,1.56816035527233
8.90555989482665,0.966376945641607,1.56816035527233
8.90556302333149,0.967563793668252,1.56816035527233
8.90556615183634,0.968750641694897,1.56816035527233
8.90556878780481,0.969750638220726,1.56816035527233
8.90557142377328,0.970750634746555,1.56816035527233
8.90557405974175,0.971750631272384,1.56816035527233
8.90557669571022,0.972750627798213,1.56816035527233
8.90570849413371,1.02275045408967,1.56816035527233
8.90584029255721,1.07275028038112,1.56816035527233
8.90595891113836,1.11775012404343,1.56816035527233
8.90607752971951,1.16274996770574,1.56816035527233
8.90615924474208,1.19374986000644,1.56816035527233
8.90624095976465,1.22474975230714,1.56816035527233
8.9063063317827,1.2495496661477,1.56816035527233
8.90637170380075,1.27434957998826,1.56816035527233
8.9064240014152,1.29418951106071,1.56816035527233
8.90647629902964,1.31402944213316,1.56816035527233
8.90652336688264,1.33188538009836,1.56816035527233
8.90657043473564,1.34974131806357,1.56816035527233
8.9066028592566,1.36204207532849,1.56816035527233
8.90663528377755,1.37434283259341,1.56816035527233
8.90666122339432,1.38418343840534,1.56816035527233
8.90668716301108,1.39402404421727,1.56816035527233
8.90670791470449,1.40189652886682,1.56816035527233
8.9067286663979,1.40976901351637,1.56816035527233
8.90674526775263,1.41606700123601,1.56816035527233
8.90676186910736,1.42236498895565,1.56816035527233
8.90677681032662,1.42803317790332,1.56816035527233
8.90679175154587,1.433701366851,1.56816035527233
8.9068020443858,1.43760611923717,1.56816035527233
8.90681233722573,1.44151087162335,1.56816035527233
8.90682057149768,1.44463467353229,1.56816035527233
8.90682880576962,1.44775847544123,1.56816035527233
8.90683539318718,1.45025751696838,1.56816035527233
8.90684198060474,1.45275655849553,1.56816035527233
8.90684725053878,1.45475579171725,1.56816035527233
8.90685252047283,1.45675502493898,1.56816035527233
8.90685673642006,1.45835441151635,1.56816035527233
8.9068609523673,1.45995379809373,1.56816035527233
8.90686516831454,1.46155318467111,1.56816035527233
8.90686854107232,1.46283269393301,1.56816035527233
8.90687191383011,1.46411220319491,1.56816035527233
8.90687454979858,1.46511219972074,1.56816035527233
8.90687718576705,1.46611219624657,1.56816035527233
8.90687982173552,1.4671121927724,1.56816035527233
8.90688245770399,1.46811218929823,1.56816035527233
8.90701425612749,1.51811201558968,1.56816035527233
8.90714605455099,1.56811184188114,1.56816035527233
8.90726467313213,1.61311168554345,1.56816035527233
8.90738329171328,1.65811152920575,1.56816035527233
8.90746500673585,1.68911142150646,1.56816035527233
8.90754672175842,1.72011131380716,1.56816035527233
8.90761209377647,1.74491122764772,1.56816035527233
8.90767092859272,1.76723115010422,1.56816035527233
8.90772976340897,1.78955107256073,1.56816035527233
8.90777683126197,1.80740701052593,1.56816035527233
8.90781919232967,1.82347735469462,1.56816035527233
8.90786155339737,1.8395476988633,1.56816035527233
8.90789544225153,1.85240397419825,1.56816035527233
8.90792933110569,1.86526024953319,1.56816035527233
8.90795644218902,1.87554526980115,1.56816035527233
8.90798355327235,1.88583029006911,1.56816035527233
8.90800524213901,1.89405830628347,1.56816035527233
8.90802693100567,1.90228632249784,1.56816035527233
8.908044282099,1.90886873546933,1.56816035527233
8.90806163319233,1.91545114844083,1.56816035527233
8.90807724917633,1.92137532011517,1.56816035527233
8.90809286516033,1.92729949178951,1.56816035527233
8.90810518443659,1.93197300499927,1.56816035527233
8.90811750371285,1.93664651820903,1.56816035527233
8.90812579753547,1.93979291160941,1.56816035527233
8.90813326197582,1.94262466566974,1.56816035527233
8.90814072641617,1.94545641973008,1.56816035527233
8.90814669796845,1.94772182297835,1.56816035527233
8.90815266952073,1.94998722622662,1.56816035527233
8.90815804391778,1.95202608915006,1.56816035527233
8.90816341831483,1.9540649520735,1.56816035527233
8.90816712067725,1.95546950208743,1.56816035527233
8.90817082303966,1.95687405210135,1.56816035527233
8.90817378492959,1.9579976921125,1.56816035527233
8.90817645063053,1.95900896812252,1.56816035527233
8.90817911633147,1.96002024413255,1.56816035527233
8.90818175229994,1.96102024065838,1.56816035527233
8.9081843882684,1.96202023718421,1.56816035527233
8.90818702423687,1.96302023371004,1.56816035527233
8.90818966020534,1.96402023023587,1.56816035527233
8.90832145862884,2.01402005652732,1.56816035527233
8.90845325705234,2.06401988281877,1.56816035527233
8.90855869579114,2.10401974385194,1.56816035527233
8.90866413452993,2.1440196048851,1.56816035527233
8.90874848552097,2.17601949371163,1.56816035527233
8.90883283651201,2.20801938253816,1.56816035527233
8.90890031730484,2.23361929359939,1.56816035527233
8.90896105001839,2.25665921355449,1.56816035527233
8.90902178273194,2.27969913350959,1.56816035527233
8.90907644217413,2.30043506146918,1.56816035527233
8.90913110161632,2.32117098942877,1.56816035527233
8.90916875589872,2.33545573980094,1.56816035527233
8.90920264475288,2.34831201513588,1.56816035527233
8.90923653360705,2.36116829047083,1.56816035527233
8.90927042246121,2.37402456580578,1.56816035527233
8.90930431131537,2.38688084114072,1.56816035527233
8.90932803351328,2.39588023387519,1.56816035527233
8.90935175571119,2.40487962660965,1.56816035527233
8.90936971680389,2.41169345253717,1.56816035527233
8.9093876778966,2.41850727846469,1.56816035527233
8.90940147066024,2.42373978252602,1.56816035527233
8.90941526342388,2.42897228658734,1.56816035527233
8.90942450152553,2.43247690724365,1.56816035527233
8.90943373962717,2.43598152789995,1.56816035527233
8.90944113010849,2.438785224425,1.56816035527233
8.9094485205898,2.44158892095004,1.56816035527233
8.90945443297485,2.44383187817008,1.56816035527233
8.90946034535991,2.44607483539012,1.56816035527233
8.90946566650645,2.44809349688815,1.56816035527233
8.909470987653,2.45011215838618,1.56816035527233
8.90947465333173,2.4515027918626,1.56816035527233
8.90947831901047,2.45289342533903,1.56816035527233
8.90948125155345,2.45400593212016,1.56816035527233
8.90948418409644,2.4551184389013,1.56816035527233
8.90948682006491,2.45611843542713,1.56816035527233
8.90948945603338,2.45711843195296,1.56816035527233
8.90949209200184,2.45811842847879,1.56816035527233
8.90949472797031,2.45911842500462,1.56816035527233
8.90962652639381,2.50911825129607,1.56816035527233
8.90974514497496,2.55411809495838,1.56816035527233
8.90986376355611,2.59911793862069,1.56816035527233
8.90995865842103,2.63511781355054,1.56816035527233
8.91005355328594,2.67111768848038,1.56816035527233
8.91014844815086,2.70711756341023,1.56816035527233
8.91023385352929,2.73951745084709,1.56816035527233
8.91031925890772,2.77191733828395,1.56816035527233
8.91040466428614,2.80431722572082,1.56816035527233
8.91049006966457,2.83671711315768,1.56816035527233
8.910575475043,2.86911700059454,1.56816035527233
8.91066088042142,2.9015168880314,1.56816035527233
8.91074628579985,2.93391677546827,1.56816035527233
8.91083169117827,2.96631666290513,1.56816035527233
8.9109170965567,2.99871655034199,1.56816035527233
8.91100250193513,3.03111643777885,1.56816035527233
8.91108790731355,3.06351632521571,1.56816035527233
8.91107746887841,3.05955633897343,1.56816035527233
8.91106703044327,3.05559635273115,1.56816035527233
8.91105659200813,3.05163636648886,1.56816035527233
8.91104615357299,3.04767638024658,1.56816035527233
8.91104878954146,3.04867637677241,1.56816035527233
8.91105142550993,3.04967637329824,1.56816035527233
8.9110540614784,3.05067636982407,1.56816035527233
8.91105669744687,3.0516763663499,1.56816035527233
8.91105933341534,3.05267636287573,1.56816035527233
8.91106196938381,3.05367635940156,1.56816035527233
8.91119376780731,3.10367618569301,1.56816035527233
8.91131238638845,3.14867602935532,1.56816035527233
8.9114310049696,3.19367587301763,1.56816035527233
8.91152589983452,3.22967574794747,1.56816035527233
8.91162079469944,3.26567562287732,1.56816035527233
8.91170620007786,3.29807551031418,1.56816035527233
8.91179160545629,3.33047539775105,1.56816035527233
8.91185898081038,3.35603530895124,1.56816035527233
8.91191107809122,3.37579924028772,1.56816035527233
8.91196317537206,3.39556317162421,1.56816035527233
8.91200485319673,3.4113743166934,1.56816035527233
8.91204653102141,3.42718546176259,1.56816035527233
8.91207987328114,3.43983437781794,1.56816035527233
8.91211321554088,3.45248329387329,1.56816035527233
8.91213988934867,3.46260242671757,1.56816035527233
8.91216656315646,3.47272155956185,1.56816035527233
8.91218790220269,3.48081686583727,1.56816035527233
8.9122071073443,3.48810264148516,1.56816035527233
8.91222631248591,3.49538841713304,1.56816035527233
8.9122416765992,3.50121703765134,1.56816035527233
8.91225704071248,3.50704565816965,1.56816035527233
8.91226933200311,3.51170855458429,1.56816035527233
8.91228162329374,3.51637145099894,1.56816035527233
8.91229145632625,3.52010176813065,1.56816035527233
8.91230128935875,3.52383208526237,1.56816035527233
8.91231013908801,3.52718937068091,1.56816035527233
8.91231898881726,3.53054665609946,1.56816035527233
8.91232508529741,3.53285945272112,1.56816035527233
8.91233118177756,3.53517224934279,1.56816035527233
8.91233605896169,3.53702248664012,1.56816035527233
8.91234093614581,3.53887272393745,1.56816035527233
8.9123448378931,3.54035291377531,1.56816035527233
8.91234834946567,3.54168508462939,1.56816035527233
8.91235186103824,3.54301725548347,1.56816035527233
8.9123553726108,3.54434942633755,1.56816035527233
8.91235888418337,3.54568159719162,1.56816035527233
8.91236152015184,3.54668159371745,1.56816035527233
8.91236415612031,3.54768159024328,1.56816035527233
8.91236679208878,3.54868158676911,1.56816035527233
8.91236942805725,3.54968158329494,1.56816035527233
8.91250122648075,3.5996814095864,1.56816035527233
8.91263302490424,3.64968123587785,1.56816035527233
8.91273846364304,3.68968109691101,1.56816035527233
8.91284390238184,3.72968095794418,1.56816035527233
8.91293879724676,3.76568083287402,1.56816035527233
8.91303369211168,3.80168070780387,1.56816035527233
8.91310855361622,3.83008060913741,1.56816035527233
8.91318341512077,3.85848051047096,1.56816035527233
8.91325827662532,3.88688041180451,1.56816035527233
8.91333313812987,3.91528031313805,1.56816035527233
8.91339102399747,3.93724023684526,1.56816035527233
8.91344890986507,3.95920016055247,1.56816035527233
8.91350679573267,3.98116008425967,1.56816035527233
8.91356468160027,4.00312000796688,1.56816035527233
8.91362256746787,4.02507993167409,1.56816035527233
8.9136290519503,4.02753992312763,1.56816035527233
8.91363553643274,4.02999991458117,1.56816035527233
8.91364072401868,4.031967907744,1.56816035527233
8.91364591160463,4.03393590090683,1.56816035527233
8.91365006167339,4.03551029543709,1.56816035527233
8.91365379673528,4.03692725051433,1.56816035527233
8.91365753179716,4.03834420559157,1.56816035527233
8.91366051984667,4.03947776965336,1.56816035527233
8.91366350789617,4.04061133371515,1.56816035527233
8.91366614386464,4.04161133024098,1.56816035527233
8.91366877983311,4.04261132676681,1.56816035527233
8.91367141580158,4.04361132329264,1.56816035527233
8.91367405177005,4.04461131981847,1.56816035527233
8.91367668773852,4.0456113163443,1.56816035527233
8.91367932370699,4.04661131287013,1.56816035527233
8.91381112213049,4.09661113916158,1.56816035527233
8.91394292055398,4.14661096545304,1.56816035527233
8.91404835929278,4.1866108264862,1.56816035527233
8.91415379803158,4.22661068751936,1.56816035527233
8.91423814902262,4.25861057634589,1.56816035527233
8.91432250001366,4.29061046517242,1.56816035527233
8.91438998080649,4.31621037623365,1.56816035527233
8.91445071352003,4.33925029618875,1.56816035527233
8.91451144623358,4.36229021614385,1.56816035527233
8.91456003240442,4.38072215210793,1.56816035527233
8.91460861857526,4.39915408807201,1.56816035527233
8.91465234612901,4.41574283043969,1.56816035527233
8.91469607368277,4.43233157280736,1.56816035527233
8.91473056986406,4.44541824734186,1.56816035527233
8.91476506604536,4.45850492187636,1.56816035527233
8.91478829023502,4.46731538726719,1.56816035527233
8.91481151442468,4.47612585265802,1.56816035527233
8.91483009377641,4.48317422497068,1.56816035527233
8.91484867312813,4.49022259728335,1.56816035527233
8.91486539454469,4.49656613236475,1.56816035527233
8.91487858588442,4.50157047670674,1.56816035527233
8.91489177722414,4.50657482104873,1.56816035527233
8.91490233029593,4.51057829652232,1.56816035527233
8.91491288336771,4.51458177199592,1.56816035527233
8.91492238113231,4.51818489992215,1.56816035527233
8.91493082358974,4.52138768030103,1.56816035527233
8.91493926604716,4.5245904606799,1.56816035527233
8.91494507023664,4.52679237219038,1.56816035527233
8.91495087442612,4.52899428370086,1.56816035527233
8.9149566786156,4.53119619521133,1.56816035527233
8.91496132196718,4.53295772441971,1.56816035527233
8.91496596531877,4.53471925362809,1.56816035527233
8.91496956391624,4.53608443876459,1.56816035527233
8.91497316251372,4.53744962390108,1.56816035527233
8.91497579848219,4.53844962042691,1.56816035527233
8.91497843445066,4.53944961695274,1.56816035527233
8.91498107041913,4.54044961347857,1.56816035527233
8.9149837063876,4.5414496100044,1.56816035527233
8.91498634235607,4.54244960653023,1.56816035527233
8.91498897832454,4.54344960305606,1.56816035527233
8.91498897832454,4.54344960305606,1.72523998795182
8.91498897832454,4.54344960305606,1.86661165736336
8.91498897832454,4.54344960305606,1.99384615983374
8.91498897832454,4.54344960305606,2.10835721205709
8.91498897832454,4.54344960305606,2.2114171590581
8.91498897832454,4.54344960305606,2.30417111135902
8.91498897832454,4.54344960305606,2.39692506365993
8.91498897832454,4.54344960305606,2.48040362073075
8.91498897832454,4.54344960305606,2.5462589268644
8.91498897832454,4.54344960305606,2.60552870238468
8.91498897832454,4.54344960305606,2.66479847790496
8.91498897832454,4.54344960305606,2.71221429832119
8.91498897832454,4.54344960305606,2.75963011873741
8.91498897832454,4.54344960305606,2.80230435711202
8.91498897832454,4.54344960305606,2.83596958960754
8.91498897832454,4.54344960305606,2.86963482210306
8.91498897832454,4.54344960305606,2.89993353134903
8.91498897832454,4.54344960305606,2.92383584642085
8.91498897832454,4.54344960305606,2.94534792998548
8.91498897832454,4.54344960305606,2.96686001355012
8.91498897832454,4.54344960305606,2.98406968040183
8.91498897832454,4.54344960305606,3.00127934725354
8.91498897832454,4.54344960305606,3.01676804742008
8.91498897832454,4.54344960305606,3.0289869108848
8.91498897832454,4.54344960305606,3.04120577434951
8.91498897832454,4.54344960305606,3.05220275146775
8.91498897832454,4.54344960305606,3.063199728586
8.91498897832454,4.54344960305606,3.07077542393412
8.91498897832454,4.54344960305606,3.07759354974743
8.91498897832454,4.54344960305606,3.08372986297941
8.91498897832454,4.54344960305606,3.08925254488819
8.91498897832454,4.54344960305606,3.09422295860609
8.91498897832454,4.54344960305606,3.09869633095221
8.91498897832454,4.54344960305606,3.10272236606371
8.91498897832454,4.54344960305606,3.10634579766406
8.91498897832454,4.54344960305606,3.10996922926441
8.91498897832454,4.54344960305606,3.11286797454469
8.91498897832454,4.54344960305606,3.11576671982497
8.91498897832454,4.54344960305606,3.1180857160492
8.91498897832454,4.54344960305606,3.120172812651
8.91498897832454,4.54344960305606,3.12205119959262
8.91498897832454,4.54344960305606,3.12392958653425
8.91498897832454,4.54344960305606,3.12543229608754
8.91498897832454,4.54344960305606,3.12693500564084
8.91498897832454,4.54344960305606,3.12813717328348
8.91498897832454,4.54344960305606,3.12921912416185
8.91498897832454,4.54344960305606,3.13019287995239
8.91498897832454,4.54344960305606,3.13106926016387
8.91498897832454,4.54344960305606,3.13194564037536
8.91498897832454,4.54344960305606,3.13264674454454
8.91498897832454,4.54344960305606,3.13327773829681
8.91498897832454,4.54344960305606,3.13384563267385
8.91498897832454,4.54344960305606,3.13435673761319
8.91498897832454,4.54344960305606,3.13481673205859
8.91498897832454,4.54344960305606,3.13523072705946
8.91498897832454,4.54344960305606,3.13560332256023
8.91498897832454,4.54344960305606,3.13593865851093
8.91498897832454,4.54344960305606,3.13624046086656
8.91498897832454,4.54344960305606,3.13651208298663
8.91498897832454,4.54344960305606,3.13678370510669
8.91498897832454,4.54344960305606,3.13705532722676
8.91498897832454,4.54344960305606,3.13724546271081
8.91498897832454,4.54344960305606,3.13741658464645
8.91498897832454,4.54344960305606,3.13757059438853
8.91498897832454,4.54344960305606,3.1377246041306
8.91498897832454,4.54344960305606,3.13786321289847
8.91498897832454,4.54344960305606,3.13797255981535
8.91498897832454,4.54344960305606,3.13808190673222
8.86498928645781,4.54362514003835,3.13808190673222
8.81498959459108,4.54380067702063,3.13808190673222
8.77498984109769,4.54394110660646,3.13808190673222
8.73499008760431,4.54408153619229,3.13808190673222
8.70299028480961,4.54419387986095,3.13808190673222
8.6709904820149,4.54430622352961,3.13808190673222
8.64219065949966,4.54440733283141,3.13808190673222
8.61339083698443,4.54450844213321,3.13808190673222
8.59067097700019,4.54458820613796,3.13808190673222
8.56795111701594,4.54466797014271,3.13808190673222
8.55265521128007,4.54472167041633,3.13808190673222
8.5373593055442,4.54477537068995,3.13808190673222
8.52359299038192,4.54482370093621,3.13808190673222
8.50982667521964,4.54487203118247,3.13808190673222
8.49896658214717,4.54491015837674,3.13808190673222
8.4881064890747,4.54494828557101,3.13808190673222
8.47970903682571,4.54497776702123,3.13808190673222
8.47131158457672,4.54500724847144,3.13808190673222
8.46483988685987,4.54502996905721,3.13808190673222
8.45836818914303,4.54505268964298,3.13808190673222
8.45338340642276,4.54507019002515,3.13808190673222
8.4483986237025,4.54508769040732,3.13808190673222
8.44505796729798,4.54509941865448,3.13808190673222
8.44171731089345,4.54511114690164,3.13808190673222
8.43871072012938,4.54512170232409,3.13808190673222
8.4357041293653,4.54513225774653,3.13808190673222
8.43333226331809,4.54514058480201,3.13808190673222
8.43096039727088,4.5451489118575,3.13808190673222
8.42912637690479,4.54515535066519,3.13808190673222
8.42729235653871,4.54516178947288,3.13808190673222
8.42587892481395,4.54516675169425,3.13808190673222
8.4244654930892,4.54517171391562,3.13808190673222
8.42337680657353,4.54517553603409,3.13808190673222
8.42228812005786,4.54517935815256,3.13808190673222
8.42128812622052,4.5451828688922,3.13808190673222
8.42028813238319,4.54518637963185,3.13808190673222
8.41928813854586,4.54518989037149,3.13808190673222
8.36928844667913,4.54536542735378,3.13808190673222
8.3192887548124,4.54554096433607,3.13808190673222
8.27928900131901,4.54568139392189,3.13808190673222
8.23928924782563,4.54582182350772,3.13808190673222
8.20328946968159,4.54594821013497,3.13808190673222
8.16728969153754,4.54607459676221,3.13808190673222
8.14248984437164,4.54616166310543,3.13808190673222
8.11768999720574,4.54624872944864,3.13808190673222
8.09537013475644,4.54632708915753,3.13808190673222
8.07305027230713,4.54640544886643,3.13808190673222
8.05544238081934,4.54646726597011,3.13808190673222
8.03783448933156,4.54652908307379,3.13808190673222
8.02421937323748,4.54657688249621,3.13808190673222
8.0106042571434,4.54662468191864,3.13808190673222
8.00147295341692,4.54665673974621,3.13808190673222
7.99234164969043,4.54668879757378,3.13808190673222
7.9841234763366,4.54671764961859,3.13808190673222
7.97590530298276,4.54674650166341,3.13808190673222
7.96942207733696,4.54676926272098,3.13808190673222
7.96293885169116,4.54679202377856,3.13808190673222
7.9585740885099,4.54680734742014,3.13808190673222
7.95420932532864,4.54682267106172,3.13808190673222
7.9502810384655,4.54683646233914,3.13808190673222
7.94635275160237,4.54685025361656,3.13808190673222
7.94325376974368,4.54686113340208,3.13808190673222
7.94015478788498,4.5468720131876,3.13808190673222
7.93775853289847,4.54688042586683,3.13808190673222
7.93536227791196,4.54688883854606,3.13808190673222
7.93351554660997,4.54689532197881,3.13808190673222
7.93166881530798,4.54690180541156,3.13808190673222
7.93024638263484,4.54690679923312,3.13808190673222
7.9288239499617,4.54691179305467,3.13808190673222
7.92782395612436,4.54691530379432,3.13808190673222
7.92682396228703,4.54691881453396,3.13808190673222
7.92582396844969,4.54692232527361,3.13808190673222
7.92482397461236,4.54692583601325,3.13808190673222
7.92382398077503,4.5469293467529,3.13808190673222
7.8738242889083,4.54710488373518,3.13808190673222
7.82382459704157,4.54728042071747,3.13808190673222
7.78382484354818,4.5474208503033,3.13808190673222
7.7438250900548,4.54756127988913,3.13808190673222
7.71182528726009,4.54767362355779,3.13808190673222
7.67982548446539,4.54778596722645,3.13808190673222
7.65422564222962,4.54787584216138,3.13808190673222
7.62862579999386,4.54796571709631,3.13808190673222
7.60558594198167,4.54804660453775,3.13808190673222
7.58254608396948,4.54812749197919,3.13808190673222
7.5666741817833,4.54818321443885,3.13808190673222
7.55080227959713,4.5482389368985,3.13808190673222
7.53651756762957,4.54828908711219,3.13808190673222
7.52223285566202,4.54833923732589,3.13808190673222
7.51096380510983,4.54837880027224,3.13808190673222
7.49969475455765,4.5484183632186,3.13808190673222
7.49098108025744,4.54844895484895,3.13808190673222
7.48226740595723,4.5484795464793,3.13808190673222
7.47555200414226,4.54850312265198,3.13808190673222
7.46883660232729,4.54852669882466,3.13808190673222
7.46433564830533,4.54854250059977,3.13808190673222
7.45983469428338,4.54855830237488,3.13808190673222
7.45623393106581,4.54857094379497,3.13808190673222
7.45263316784825,4.54858358521506,3.13808190673222
7.4497525572742,4.54859369835113,3.13808190673222
7.44687194670015,4.5486038114872,3.13808190673222
7.44456745824091,4.54861190199605,3.13808190673222
7.44226296978166,4.54861999250491,3.13808190673222
7.44018893016835,4.54862727396288,3.13808190673222
7.43811489055503,4.54863455542085,3.13808190673222
7.43647870374897,4.54864029968214,3.13808190673222
7.43484251694291,4.54864604394343,3.13808190673222
7.43357735277878,4.54865048563279,3.13808190673222
7.43231218861466,4.54865492732215,3.13808190673222
7.43131219477733,4.5486584380618,3.13808190673222
7.43031220093999,4.54866194880144,3.13808190673222
7.42931220710266,4.54866545954109,3.13808190673222
7.42831221326532,4.54866897028073,3.13808190673222
7.37831252139859,4.54884450726302,3.13808190673222
7.32831282953187,4.54902004424531,3.13808190673222
7.28331310685181,4.54917802752936,3.13808190673222
7.24781332562643,4.54930265878679,3.13808190673222
7.21231354440105,4.54942729004421,3.13808190673222
7.18036374129821,4.54953945817589,3.13808190673222
7.14841393819537,4.54965162630757,3.13808190673222
7.12320909352536,4.54974011450034,3.13808190673222
7.09800424885534,4.54982860269311,3.13808190673222
7.08103535342961,4.54988817643416,3.13808190673222
7.06406645800388,4.54994775017521,3.13808190673222
7.05049134166329,4.54999540916804,3.13808190673222
7.03691622532271,4.55004306816088,3.13808190673222
7.02605613225024,4.55008119535515,3.13808190673222
7.01519603917777,4.55011932254943,3.13808190673222
7.0065079647198,4.55014982430484,3.13808190673222
6.99781989026183,4.55018032606026,3.13808190673222
6.99000062324965,4.55020777764013,3.13808190673222
6.98218135623747,4.55023522922001,3.13808190673222
6.97679475007353,4.55025414030837,3.13808190673222
6.97140814390959,4.55027305139673,3.13808190673222
6.96709885897843,4.55028818026741,3.13808190673222
6.96278957404727,4.5503033091381,3.13808190673222
6.95934214610235,4.55031541223465,3.13808190673222
6.95589471815743,4.5503275153312,3.13808190673222
6.95313677580149,4.55033719780844,3.13808190673222
6.95037883344555,4.55034688028568,3.13808190673222
6.9478966853252,4.55035559451519,3.13808190673222
6.94541453720486,4.55036430874471,3.13808190673222
6.94345639813214,4.55037118330355,3.13808190673222
6.94149825905942,4.55037805786239,3.13808190673222
6.94017996261328,4.55038268608651,3.13808190673222
6.93886166616714,4.55038731431063,3.13808190673222
6.93767519936562,4.55039147971234,3.13808190673222
6.93648873256409,4.55039564511405,3.13808190673222
6.93548873872676,4.55039915585369,3.13808190673222
6.93448874488943,4.55040266659334,3.13808190673222
6.93348875105209,4.55040617733298,3.13808190673222
6.93248875721476,4.55040968807263,3.13808190673222
6.88248906534803,4.55058522505491,3.13808190673222
6.83748934266797,4.55074320833897,3.13808190673222
6.79248961998792,4.55090119162303,3.13808190673222
6.75648984184387,4.55102757825027,3.13808190673222
6.72049006369983,4.55115396487752,3.13808190673222
6.69169024118459,4.55125507417932,3.13808190673222
6.66289041866935,4.55135618348111,3.13808190673222
6.63697057840564,4.55144718185273,3.13808190673222
6.61105073814193,4.55153818022435,3.13808190673222
6.59319484818248,4.55160086799146,3.13808190673222
6.57533895822304,4.55166355575858,3.13808190673222
6.56105424625548,4.55171370597227,3.13808190673222
6.54676953428792,4.55176385618596,3.13808190673222
6.53534176471388,4.55180397635691,3.13808190673222
6.52391399513983,4.55184409652786,3.13808190673222
6.51477177948059,4.55187619266463,3.13808190673222
6.50562956382136,4.55190828880139,3.13808190673222
6.49740156972804,4.55193717532447,3.13808190673222
6.48917357563473,4.55196606184756,3.13808190673222
6.48268260251667,4.55198885010466,3.13808190673222
6.47701442880795,4.55200874970945,3.13808190673222
6.47134625509922,4.55202864931425,3.13808190673222
6.46567808139049,4.55204854891904,3.13808190673222
6.46000990768177,4.55206844852383,3.13808190673222
6.45669128339746,4.55208009942148,3.13808190673222
6.45337265911316,4.55209175031912,3.13808190673222
6.45128457705659,4.55209908107676,3.13808190673222
6.44919649500002,4.55210641183439,3.13808190673222
6.44752602935477,4.5521122764405,3.13808190673222
6.44585556370951,4.55211814104661,3.13808190673222
6.44451919119331,4.5521228327315,3.13808190673222
6.4431828186771,4.55212752441639,3.13808190673222
6.4418464461609,4.55213221610128,3.13808190673222
6.44051007364469,4.55213690778616,3.13808190673222
6.43930733838011,4.55214113030256,3.13808190673222
6.43810460311552,4.55214535281896,3.13808190673222
6.43690186785094,4.55214957533536,3.13808190673222
6.43569913258636,4.55215379785176,3.13808190673222
6.43449639732177,4.55215802036816,3.13808190673222
6.43329366205719,4.55216224288456,3.13808190673222
6.4320909267926,4.55216646540095,3.13808190673222
6.43088819152802,4.55217068791735,3.13808190673222
6.42968545626343,4.55217491043375,3.13808190673222
6.42848272099885,4.55217913295015,3.13808190673222
6.37848302913212,4.55235466993244,3.13808190673222
6.32848333726539,4.55253020691472,3.13808190673222
6.28848358377201,4.55267063650055,3.13808190673222
6.24848383027862,4.55281106608638,3.13808190673222
6.21648402748392,4.55292340975504,3.13808190673222
6.18448422468921,4.5530357534237,3.13808190673222
6.15568440217397,4.5531368627255,3.13808190673222
6.12688457965874,4.5532379720273,3.13808190673222
6.1041647196745,4.55331773603205,3.13808190673222
6.08144485969026,4.5533975000368,3.13808190673222
6.06387696795596,4.5534591767109,3.13808190673222
6.04630907622167,4.55352085338499,3.13808190673222
6.03276995965923,4.5535683859912,3.13808190673222
6.01923084309679,4.55361591859741,3.13808190673222
6.01015633902026,4.55364777701497,3.13808190673222
6.00108183494374,4.55367963543253,3.13808190673222
5.99291478127487,4.55370830800834,3.13808190673222
5.984747727606,4.55373698058414,3.13808190673222
5.97658067393713,4.55376565315994,3.13808190673222
5.97177118677657,4.55378253812125,3.13808190673222
5.96696169961602,4.55379942308255,3.13808190673222
5.96311410988757,4.5538129310516,3.13808190673222
5.95926652015912,4.55382643902065,3.13808190673222
5.95618844837637,4.55383724539588,3.13808190673222
5.95311037659361,4.55384805177112,3.13808190673222
5.9506479191674,4.55385669687131,3.13808190673222
5.9481854617412,4.5538653419715,3.13808190673222
5.94621549580024,4.55387225805165,3.13808190673222
5.94424552985927,4.5538791741318,3.13808190673222
5.9426695571065,4.55388470699592,3.13808190673222
5.94109358435373,4.55389023986004,3.13808190673222
5.93951761160096,4.55389577272416,3.13808190673222
5.93841443067402,4.55389964572905,3.13808190673222
5.93731124974708,4.55390351873393,3.13808190673222
5.93631125590974,4.55390702947358,3.13808190673222
5.93531126207241,4.55391054021322,3.13808190673222
5.93431126823507,4.55391405095287,3.13808190673222
5.93331127439774,4.55391756169251,3.13808190673222
5.88331158253101,4.5540930986748,3.13808190673222
5.83331189066428,4.55426863565708,3.13808190673222
5.78831216798423,4.55442661894114,3.13808190673222
5.74331244530417,4.5545846022252,3.13808190673222
5.70781266407879,4.55470923348262,3.13808190673222
5.67231288285341,4.55483386474004,3.13808190673222
5.64486305201858,4.55493023454332,3.13808190673222
5.61741322118375,4.5550266043466,3.13808190673222
5.59625835155493,4.5551008740438,3.13808190673222
5.57510348192612,4.555175143741,3.13808190673222
5.56092456930655,4.55522492251844,3.13808190673222
5.54674565668698,4.55527470129588,3.13808190673222
5.53540252659133,4.55531452431783,3.13808190673222
5.52405939649568,4.55535434733978,3.13808190673222
5.51498489241916,4.55538620575734,3.13808190673222
5.50591038834263,4.5554180641749,3.13808190673222
5.49865078508141,4.55544355090894,3.13808190673222
5.4913911818202,4.55546903764299,3.13808190673222
5.48558349921122,4.55548942703023,3.13808190673222
5.47977581660225,4.55550981641747,3.13808190673222
5.47512967051507,4.55552612792726,3.13808190673222
5.47048352442789,4.55554243943705,3.13808190673222
5.46676660755814,4.55555548864488,3.13808190673222
5.4630496906884,4.55556853785271,3.13808190673222
5.45970446550563,4.55558028213976,3.13808190673222
5.45635924032286,4.55559202642681,3.13808190673222
5.45405475186362,4.55560011693567,3.13808190673222
5.45175026340438,4.55560820744452,3.13808190673222
5.44990667263698,4.55561467985161,3.13808190673222
5.44806308186959,4.55562115225869,3.13808190673222
5.4462194911022,4.55562762466578,3.13808190673222
5.44492897756502,4.55563215535074,3.13808190673222
5.44363846402785,4.5556366860357,3.13808190673222
5.44260605319811,4.55564031058367,3.13808190673222
5.44157364236837,4.55564393513163,3.13808190673222
5.44057364853103,4.55564744587128,3.13808190673222
5.4395736546937,4.55565095661093,3.13808190673222
5.43857366085636,4.55565446735057,3.13808190673222
5.43757366701903,4.55565797809022,3.13808190673222
5.3875739751523,4.5558335150725,3.13808190673222
5.33757428328557,4.55600905205479,3.13808190673222
5.29757452979219,4.55614948164062,3.13808190673222
5.25757477629881,4.55628991122644,3.13808190673222
5.2255749735041,4.55640225489511,3.13808190673222
5.19357517070939,4.55651459856377,3.13808190673222
5.16797532847363,4.5566044734987,3.13808190673222
5.14237548623786,4.55669434843363,3.13808190673222
5.12189561244925,4.55676624838158,3.13808190673222
5.10141573866064,4.55683814832952,3.13808190673222
5.08298385225089,4.55690285828267,3.13808190673222
5.06455196584114,4.55696756823582,3.13808190673222
5.0518544440922,4.55701214620354,3.13808190673222
5.03915692234326,4.55705672417127,3.13808190673222
5.02772915276921,4.55709684434222,3.13808190673222
5.01630138319517,4.55713696451317,3.13808190673222
5.00842891971082,4.55716460285316,3.13808190673222
5.00055645622648,4.55719224119315,3.13808190673222
4.99425848543901,4.55721435186515,3.13808190673222
4.98796051465153,4.55723646253714,3.13808190673222
4.98292213802155,4.55725415107473,3.13808190673222
4.97788376139157,4.55727183961233,3.13808190673222
4.97385306008759,4.5572859904424,3.13808190673222
4.96982235878361,4.55730014127248,3.13808190673222
4.96619472761002,4.55731287701954,3.13808190673222
4.96256709643644,4.55732561276661,3.13808190673222
4.95970529851061,4.55733565985596,3.13808190673222
4.95684350058478,4.55734570694532,3.13808190673222
4.95491682536148,4.55735247104209,3.13808190673222
4.95299015013817,4.55735923513887,3.13808190673222
4.9512561424372,4.55736532282597,3.13808190673222
4.94952213473623,4.55737141051307,3.13808190673222
4.94832759609778,4.55737560425307,3.13808190673222
4.94713305745933,4.55737979799307,3.13808190673222
4.94605797268472,4.55738357235907,3.13808190673222
4.94498288791012,4.55738734672507,3.13808190673222
4.94398289407279,4.55739085746472,3.13808190673222
4.94298290023545,4.55739436820436,3.13808190673222
4.94198290639812,4.55739787894401,3.13808190673222
4.94098291256078,4.55740138968365,3.13808190673222
4.89098322069405,4.55757692666594,3.13808190673222
4.845983498014,4.55773490995,3.13808190673222
4.80098377533394,4.55789289323405,3.13808190673222
4.7649839971899,4.5580192798613,3.13808190673222
4.72898421904585,4.55814566648854,3.13808190673222
4.70018439653062,4.55824677579034,3.13808190673222
4.67138457401538,4.55834788509214,3.13808190673222
4.64834471600319,4.55842877253358,3.13808190673222
4.625304857991,4.55850965997501,3.13808190673222
4.60687297158125,4.55857436992816,3.13808190673222
4.5884410851715,4.55863907988131,3.13808190673222
4.5736955760437,4.55869084784383,3.13808190673222
4.5589500669159,4.55874261580635,3.13808190673222
4.54715365961366,4.55878403017637,3.13808190673222
4.53535725231142,4.55882544454638,3.13808190673222
4.52592012646963,4.5588585760424,3.13808190673222
4.51648300062783,4.55889170753841,3.13808190673222
4.5089332999544,4.55891821273522,3.13808190673222
4.50138359928097,4.55894471793203,3.13808190673222
4.49534383874222,4.55896592208948,3.13808190673222
4.48930407820347,4.55898712624693,3.13808190673222
4.48447226977247,4.55900408957288,3.13808190673222
4.47964046134148,4.55902105289884,3.13808190673222
4.47577501459668,4.55903462355961,3.13808190673222
4.47229611252636,4.5590468371543,3.13808190673222
4.46881721045604,4.55905905074899,3.13808190673222
4.46568619859275,4.55907004298421,3.13808190673222
4.46255518672947,4.55908103521943,3.13808190673222
4.46039826744587,4.55908860764814,3.13808190673222
4.45845704009063,4.55909542283398,3.13808190673222
4.4565158127354,4.55910223801981,3.13808190673222
4.45496283085121,4.55910769016848,3.13808190673222
4.45340984896701,4.55911314231715,3.13808190673222
4.45201216527124,4.55911804925095,3.13808190673222
4.45061448157547,4.55912295618476,3.13808190673222
4.4495118644377,4.55912682721031,3.13808190673222
4.44840924729992,4.55913069823587,3.13808190673222
4.44740925346259,4.55913420897551,3.13808190673222
4.44640925962525,4.55913771971516,3.13808190673222
4.44540926578792,4.5591412304548,3.13808190673222
4.44440927195059,4.55914474119445,3.13808190673222
4.44340927811325,4.5591482519341,3.13808190673222
4.39340958624652,4.55932378891638,3.13808190673222
4.34340989437979,4.55949932589867,3.13808190673222
4.30341014088641,4.5596397554845,3.13808190673222
4.26741036274237,4.55976614211174,3.13808190673222
4.23141058459832,4.55989252873899,3.13808190673222
4.19901078426868,4.56000627670351,3.13808190673222
4.16661098393904,4.56012002466803,3.13808190673222
4.14105114145677,4.56020975917337,3.13808190673222
4.1154912989745,4.56029949367872,3.13808190673222
4.09828340502164,4.56035990648654,3.13808190673222
4.08107551106879,4.56042031929437,3.13808190673222
4.06730919590651,4.56046864954062,3.13808190673222
4.05354288074422,4.56051697978688,3.13808190673222
4.0425298286144,4.56055564398389,3.13808190673222
4.03151677648457,4.5605943081809,3.13808190673222
4.02270633478071,4.5606252395385,3.13808190673222
4.01389589307685,4.56065617089611,3.13808190673222
4.00596649554337,4.56068400911795,3.13808190673222
3.9980370980099,4.5607118473398,3.13808190673222
3.99010770047642,4.56073968556164,3.13808190673222
3.98217830294295,4.56076752378349,3.13808190673222
3.97424890540947,4.56079536200533,3.13808190673222
3.966319507876,4.56082320022718,3.13808190673222
3.96402879303299,4.56083124238016,3.13808190673222
3.96196714967429,4.56083848031784,3.13808190673222
3.95990550631559,4.56084571825551,3.13808190673222
3.95825619162862,4.56085150860566,3.13808190673222
3.95660687694166,4.5608572989558,3.13808190673222
3.95528742519209,4.56086193123592,3.13808190673222
3.95396797344252,4.56086656351603,3.13808190673222
3.95291241204287,4.56087026934012,3.13808190673222
3.95185685064321,4.56087397516422,3.13808190673222
3.95085685680587,4.56087748590386,3.13808190673222
3.94985686296854,4.56088099664351,3.13808190673222
3.94885686913121,4.56088450738315,3.13808190673222
3.94785687529387,4.5608880181228,3.13808190673222
3.89785718342714,4.56106355510508,3.13808190673222
3.84785749156041,4.56123909208737,3.13808190673222
3.80785773806703,4.5613795216732,3.13808190673222
3.76785798457365,4.56151995125903,3.13808190673222
3.73585818177894,4.56163229492769,3.13808190673222
3.70385837898423,4.56174463859635,3.13808190673222
3.67825853674847,4.56183451353128,3.13808190673222
3.6526586945127,4.56192438846621,3.13808190673222
3.63217882072409,4.56199628841416,3.13808190673222
3.61169894693548,4.5620681883621,3.13808190673222
3.59531504790459,4.56212570832046,3.13808190673222
3.5789311488737,4.56218322827881,3.13808190673222
3.56582402964899,4.5622292442455,3.13808190673222
3.55271691042428,4.56227526021218,3.13808190673222
3.54092050312204,4.5623166745822,3.13808190673222
3.53161444847249,4.56234934591854,3.13808190673222
3.52230839382294,4.56238201725489,3.13808190673222
3.51393294463835,4.5624114214576,3.13808190673222
3.50555749545376,4.56244082566031,3.13808190673222
3.49811265173413,4.56246696272939,3.13808190673222
3.49308738222337,4.56248460525101,3.13808190673222
3.48806211271262,4.56250224777264,3.13808190673222
3.48404189710401,4.56251636178994,3.13808190673222
3.48002168149541,4.56253047580724,3.13808190673222
3.47680550900853,4.56254176702108,3.13808190673222
3.47358933652164,4.56255305823493,3.13808190673222
3.47101639853214,4.562562091206,3.13808190673222
3.46844346054263,4.56257112417707,3.13808190673222
3.46638511015103,4.56257835055393,3.13808190673222
3.46432675975942,4.56258557693079,3.13808190673222
3.46268007944614,4.56259135803227,3.13808190673222
3.46103339913285,4.56259713913376,3.13808190673222
3.45971605488223,4.56260176401495,3.13808190673222
3.4583987106316,4.56260638889614,3.13808190673222
3.4573448352311,4.56261008880109,3.13808190673222
3.4562909598306,4.56261378870604,3.13808190673222
3.45529096599326,4.56261729944569,3.13808190673222
3.45429097215593,4.56262081018533,3.13808190673222
3.45329097831859,4.56262432092498,3.13808190673222
3.45229098448126,4.56262783166462,3.13808190673222
3.40229129261453,4.56280336864691,3.13808190673222
3.3522916007478,4.5629789056292,3.13808190673222
3.31229184725442,4.56311933521502,3.13808190673222
3.27229209376103,4.56325976480085,3.13808190673222
3.24029229096633,4.56337210846952,3.13808190673222
3.20829248817162,4.56348445213818,3.13808190673222
3.18269264593586,4.56357432707311,3.13808190673222
3.15709280370009,4.56366420200804,3.13808190673222
3.13661292991148,4.56373610195598,3.13808190673222
3.11613305612287,4.56380800190393,3.13808190673222
3.09974915709198,4.56386552186228,3.13808190673222
3.08336525806109,4.56392304182064,3.13808190673222
3.07025813883637,4.56396905778732,3.13808190673222
3.05846173153413,4.56401047215734,3.13808190673222
3.04666532423189,4.56405188652736,3.13808190673222
3.0372281983901,4.56408501802337,3.13808190673222
3.02779107254831,4.56411814951938,3.13808190673222
3.02024137187487,4.56414465471619,3.13808190673222
3.01269167120144,4.564171159913,3.13808190673222
3.00665191066269,4.56419236407045,3.13808190673222
3.00061215012395,4.5642135682279,3.13808190673222
2.99578034169295,4.56423053155385,3.13808190673222
2.99094853326195,4.56424749487981,3.13808190673222
2.98659990567405,4.56426276187318,3.13808190673222
2.98225127808615,4.56427802886654,3.13808190673222
2.97925555685894,4.56428854612863,3.13808190673222
2.97625983563172,4.56429906339073,3.13808190673222
2.97386325864994,4.5643074772004,3.13808190673222
2.97146668166817,4.56431589101008,3.13808190673222
2.96907010468639,4.56432430481975,3.13808190673222
2.96739250079915,4.56433019448653,3.13808190673222
2.96571489691191,4.5643360841533,3.13808190673222
2.96437281380211,4.56434079588672,3.13808190673222
2.96303073069232,4.56434550762014,3.13808190673222
2.96182285589351,4.56434974818021,3.13808190673222
2.96061498109469,4.56435398874029,3.13808190673222
2.95961498725736,4.56435749947994,3.13808190673222
2.95861499342002,4.56436101021958,3.13808190673222
2.95761499958269,4.56436452095923,3.13808190673222
2.95661500574535,4.56436803169887,3.13808190673222
2.90661531387862,4.56454356868116,3.13808190673222
2.85661562201189,4.56471910566344,3.13808190673222
2.81661586851851,4.56485953524927,3.13808190673222
2.77661611502513,4.5649999648351,3.13808190673222
2.74461631223042,4.56511230850376,3.13808190673222
2.71581648971519,4.56521341780556,3.13808190673222
2.68701666719995,4.56531452710736,3.13808190673222
2.66397680918776,4.56539541454879,3.13808190673222
2.64093695117557,4.56547630199023,3.13808190673222
2.62250506476582,4.56554101194338,3.13808190673222
2.60407317835607,4.56560572189653,3.13808190673222
2.58932766922827,4.56565748985905,3.13808190673222
2.57458216010047,4.56570925782157,3.13808190673222
2.56278575279823,4.56575067219159,3.13808190673222
2.55098934549599,4.5657920865616,3.13808190673222
2.54155221965419,4.56582521805762,3.13808190673222
2.5321150938124,4.56585834955363,3.13808190673222
2.52456539313897,4.56588485475044,3.13808190673222
2.51701569246553,4.56591135994725,3.13808190673222
2.51097593192679,4.5659325641047,3.13808190673222
2.50493617138804,4.56595376826215,3.13808190673222
2.50010436295704,4.5659707315881,3.13808190673222
2.49527255452604,4.56598769491406,3.13808190673222
2.49140710778125,4.56600126557483,3.13808190673222
2.48754166103645,4.56601483623559,3.13808190673222
2.48444930364061,4.56602569276421,3.13808190673222
2.48135694624477,4.56603654929282,3.13808190673222
2.4788830603281,4.56604523451571,3.13808190673222
2.47640917441143,4.5660539197386,3.13808190673222
2.47443006567809,4.56606086791692,3.13808190673222
2.47245095694476,4.56606781609523,3.13808190673222
2.47086766995809,4.56607337463788,3.13808190673222
2.46928438297142,4.56607893318053,3.13808190673222
2.46801775338208,4.56608338001465,3.13808190673222
2.46675112379275,4.56608782684877,3.13808190673222
2.46573782012128,4.56609138431607,3.13808190673222
2.46472451644981,4.56609494178336,3.13808190673222
2.46372452261248,4.56609845252301,3.13808190673222
2.46272452877514,4.56610196326265,3.13808190673222
2.46172453493781,4.5661054740023,3.13808190673222
2.46072454110047,4.56610898474195,3.13808190673222
2.45972454726314,4.56611249548159,3.13808190673222
2.4587245534258,4.56611600622124,3.13808190673222
2.40872486155907,4.56629154320352,3.13808190673222
2.35872516969235,4.56646708018581,3.13808190673222
2.31372544701229,4.56662506346987,3.13808190673222
2.26872572433223,4.56678304675392,3.13808190673222
2.23772591537486,4.56689187968294,3.13808190673222
2.20672610641749,4.56700071261196,3.13808190673222
2.18192625925159,4.56708777895517,3.13808190673222
2.15712641208569,4.56717484529839,3.13808190673222
2.13728653435298,4.56724449837296,3.13808190673222
2.11744665662026,4.56731415144753,3.13808190673222
2.09959076666081,4.56737683921464,3.13808190673222
2.08173487670137,4.56743952698176,3.13808190673222
2.06943415250708,4.56748271188799,3.13808190673222
2.05713342831279,4.56752589679422,3.13808190673222
2.04729284895737,4.56756044471921,3.13808190673222
2.03745226960194,4.5675949926442,3.13808190673222
2.0295798061176,4.56762263098419,3.13808190673222
2.02170734263325,4.56765026932418,3.13808190673222
2.01383487914891,4.56767790766417,3.13808190673222
2.00596241566457,4.56770554600416,3.13808190673222
2.00045169122553,4.56772489284215,3.13808190673222
1.99494096678649,4.56774423968014,3.13808190673222
1.99131963358369,4.56775695331654,3.13808190673222
1.98769830038089,4.56776966695294,3.13808190673222
1.98443910049838,4.56778110922569,3.13808190673222
1.98154203393614,4.56779128013481,3.13808190673222
1.9786449673739,4.56780145104392,3.13808190673222
1.97636352745614,4.56780946063485,3.13808190673222
1.97408208753838,4.56781747022578,3.13808190673222
1.97254664226039,4.56782286080761,3.13808190673222
1.9710111969824,4.56782825138944,3.13808190673222
1.96962929623222,4.56783310291309,3.13808190673222
1.96824739548203,4.56783795443674,3.13808190673222
1.96724740164469,4.56784146517639,3.13808190673222
1.96624740780736,4.56784497591603,3.13808190673222
1.96524741397002,4.56784848665568,3.13808190673222
1.96424742013269,4.56785199739532,3.13808190673222
1.96324742629535,4.56785550813497,3.13808190673222
1.96224743245802,4.56785901887462,3.13808190673222
1.91224774059129,4.5680345558569,3.13808190673222
1.86224804872456,4.56821009283919,3.13808190673222
1.82224829523118,4.56835052242502,3.13808190673222
1.7822485417378,4.56849095201084,3.13808190673222
1.75024873894309,4.56860329567951,3.13808190673222
1.71824893614838,4.56871563934817,3.13808190673222
1.69264909391262,4.5688055142831,3.13808190673222
1.66704925167685,4.56889538921803,3.13808190673222
1.64656937788824,4.56896728916597,3.13808190673222
1.62608950409963,4.56903918911392,3.13808190673222
1.60970560506874,4.56909670907227,3.13808190673222
1.59332170603785,4.56915422903063,3.13808190673222
1.58021458681314,4.56920024499731,3.13808190673222
1.56710746758842,4.569246260964,3.13808190673222
1.55662177220865,4.56928307373735,3.13808190673222
1.54613607682888,4.56931988651069,3.13808190673222
1.53774752052507,4.56934933672937,3.13808190673222
1.52935896422125,4.56937878694805,3.13808190673222
1.5226481191782,4.56940234712299,3.13808190673222
1.51593727413515,4.56942590729793,3.13808190673222
1.51056859810071,4.56944475543789,3.13808190673222
1.50519992206626,4.56946360357784,3.13808190673222
1.50090498123871,4.56947868208981,3.13808190673222
1.49661004041116,4.56949376060177,3.13808190673222
1.49317408774911,4.56950582341134,3.13808190673222
1.48973813508707,4.56951788622091,3.13808190673222
1.48698937295744,4.56952753646857,3.13808190673222
1.48451548704077,4.56953622169146,3.13808190673222
1.4820416011241,4.56954490691435,3.13808190673222
1.48006249239076,4.56955185509266,3.13808190673222
1.47828129453076,4.56955810845314,3.13808190673222
1.47650009667075,4.56956436181362,3.13808190673222
1.47489701859675,4.56956998983806,3.13808190673222
1.47329394052275,4.56957561786249,3.13808190673222
1.47218959784955,4.56957949494599,3.13808190673222
1.47108525517634,4.56958337202949,3.13808190673222
1.47008526133901,4.56958688276913,3.13808190673222
1.46908526750167,4.56959039350878,3.13808190673222
1.46808527366434,4.56959390424842,3.13808190673222
1.46708527982701,4.56959741498807,3.13808190673222
1.46608528598967,4.56960092572772,3.13808190673222
1.46508529215234,4.56960443646736,3.13808190673222
1.41508560028561,4.56977997344965,3.13808190673222
1.36508590841888,4.56995551043193,3.13808190673222
1.32508615492549,4.57009594001776,3.13808190673222
1.28508640143211,4.57023636960359,3.13808190673222
1.25308659863741,4.57034871327225,3.13808190673222
1.2210867958427,4.57046105694092,3.13808190673222
1.19548695360693,4.57055093187585,3.13808190673222
1.16988711137117,4.57064080681078,3.13808190673222
1.14940723758256,4.57071270675872,3.13808190673222
1.12892736379394,4.57078460670666,3.13808190673222
1.11254346476305,4.57084212666502,3.13808190673222
1.09615956573216,4.57089964662338,3.13808190673222
1.08141405660436,4.5709514145859,3.13808190673222
1.06666854747656,4.57100318254842,3.13808190673222
1.05503597916463,4.57104402171885,3.13808190673222
1.0434034108527,4.57108486088928,3.13808190673222
1.03440865028474,4.57111643934642,3.13808190673222
1.02541388971678,4.57114801780355,3.13808190673222
1.01938133809361,4.57116919665222,3.13808190673222
1.01334878647043,4.57119037550089,3.13808190673222
1.0085227451719,4.57120731857982,3.13808190673222
1.00369670387336,4.57122426165875,3.13808190673222
0.999835870834525,4.5712378161219,3.13808190673222
0.995975037795694,4.57125137058505,3.13808190673222
0.992500288060746,4.57126356960188,3.13808190673222
0.989025538325798,4.57127576861871,3.13808190673222
0.986631821841723,4.57128417238586,3.13808190673222
0.984238105357648,4.57129257615301,3.13808190673222
0.982323132170388,4.57129929916673,3.13808190673222
0.980599656301854,4.57130534987908,3.13808190673222
0.978876180433319,4.57131140059143,3.13808190673222
0.977497399738492,4.57131624116131,3.13808190673222
0.976118619043665,4.57132108173119,3.13808190673222
0.975015594487803,4.57132495418709,3.13808190673222
0.973912569931941,4.571328826643,3.13808190673222
0.972912576094606,4.57133233738264,3.13808190673222
0.971912582257272,4.57133584812229,3.13808190673222
0.970912588419937,4.57133935886193,3.13808190673222
0.969912594582602,4.57134286960158,3.13808190673222
0.919912902715873,4.57151840658386,3.13808190673222
0.869913210849144,4.57169394356615,3.13808190673222
0.824913488169088,4.57185192685021,3.13808190673222
0.779913765489032,4.57200991013427,3.13808190673222
0.74891395653166,4.57211874306328,3.13808190673222
0.717914147574288,4.5722275759923,3.13808190673222
0.693114300408391,4.57231464233551,3.13808190673222
0.668314453242493,4.57240170867873,3.13808190673222
0.648474575509775,4.5724713617533,3.13808190673222
0.628634697777057,4.57254101482787,3.13808190673222
0.612762795590882,4.57259673728753,3.13808190673222
0.596890893404708,4.57265245974718,3.13808190673222
0.581018991218533,4.57270818220684,3.13808190673222
0.566734279250976,4.57275833242053,3.13808190673222
0.55705241891741,4.57279232312092,3.13808190673222
0.547370558583843,4.57282631382131,3.13808190673222
0.537688698250277,4.5728603045217,3.13808190673222
0.528006837916711,4.57289429522209,3.13808190673222
0.522197721716571,4.57291468964233,3.13808190673222
0.516388605516431,4.57293508406256,3.13808190673222
0.510579489316291,4.5729554784828,3.13808190673222
0.506513107976193,4.57296975457696,3.13808190673222
0.502446726636095,4.57298403067112,3.13808190673222
0.498380345295997,4.57299830676529,3.13808190673222
0.494313963955899,4.57301258285945,3.13808190673222
0.491874135151841,4.57302114851595,3.13808190673222
0.489678289228188,4.5730288576068,3.13808190673222
0.487482443304535,4.57303656669765,3.13808190673222
0.485506181973247,4.57304350487941,3.13808190673222
0.483947131367454,4.57304897833391,3.13808190673222
0.48238808076166,4.57305445178841,3.13808190673222
0.481140840277025,4.57305883055202,3.13808190673222
0.479893599792391,4.57306320931562,3.13808190673222
0.478893605955056,4.57306672005526,3.13808190673222
0.477893612117722,4.57307023079491,3.13808190673222
0.476893618280387,4.57307374153456,3.13808190673222
0.475893624443052,4.5730772522742,3.13808190673222
0.474893630605718,4.57308076301385,3.13808190673222
0.473893636768383,4.57308427375349,3.13808190673222
0.472893642931049,4.57308778449314,3.13808190673222
0.42289395106432,4.57326332147542,3.13808190673222
0.372894259197591,4.57343885845771,3.13808190673222
0.332894505704207,4.57357928804354,3.13808190673222
0.292894752210824,4.57371971762937,3.13808190673222
0.256894974066779,4.57384610425661,3.13808190673222
0.220895195922734,4.57397249088386,3.13808190673222
0.192495370942432,4.5740721958898,3.13808190673222
0.16409554596213,4.57417190089573,3.13808190673222
0.144975663792293,4.57423902623776,3.13808190673222
0.125855781622456,4.57430615157979,3.13808190673222
0.110559875886586,4.57435985185341,3.13808190673222
0.095263970150716,4.57441355212703,3.13808190673222
0.081497654988434,4.57446188237329,3.13808190673222
0.070637561915966,4.57450000956756,3.13808190673222
0.059777468843499,4.57453813676183,3.13808190673222
0.051089394385525,4.57456863851725,3.13808190673222
0.042401319927551,4.57459914027266,3.13808190673222
0.035450860361171,4.574623541677,3.13808190673222
0.028500400794792,4.57464794308133,3.13808190673222
0.022940033141689,4.5746674642048,3.13808190673222
0.017379665488585,4.57468698532826,3.13808190673222
0.012931371366103,4.57470260222704,3.13808190673222
0.00848307724362,4.57471821912581,3.13808190673222
0.004924441945634,4.57473071264483,3.13808190673222
0.001365806647648,4.57474320616385,3.13808190673222
-0.001481101590741,4.57475320097906,3.13808190673222
-0.00432800982913,4.57476319579428,3.13808190673222
-0.006605536419841,4.57477119164645,3.13808190673222
-0.008883063010553,4.57477918749862,3.13808190673222
-0.010932836942193,4.57478638376558,3.13808190673222
-0.012982610873833,4.57479358003253,3.13808190673222
-0.014599654753238,4.57479925708757,3.13808190673222
-0.016216698632642,4.57480493414261,3.13808190673222
-0.017467060730943,4.57480932386546,3.13808190673222
-0.018717422829243,4.5748137135883,3.13808190673222
-0.019717416666578,4.57481722432794,3.13808190673222
-0.020717410503912,4.57482073506759,3.13808190673222
-0.021717404341247,4.57482424580724,3.13808190673222
-0.022717398178582,4.57482775654688,3.13808190673222
-0.023717392015916,4.57483126728653,3.13808190673222
-0.073717083882645,4.57500680426881,3.13808190673222
-0.123716775749374,4.5751823412511,3.13808190673222
-0.163716529242757,4.57532277083693,3.13808190673222
-0.203716282736141,4.57546320042276,3.13808190673222
-0.235716085530847,4.57557554409142,3.13808190673222
-0.267715888325554,4.57568788776008,3.13808190673222
-0.29651571084079,4.57578899706188,3.13808190673222
-0.325315533356026,4.57589010636367,3.13808190673222
-0.348035393340267,4.57596987036843,3.13808190673222
-0.370755253324509,4.57604963437318,3.13808190673222
-0.388323145058803,4.57611131104727,3.13808190673222
-0.405891036793097,4.57617298772137,3.13808190673222
-0.417673364182108,4.57621435266017,3.13808190673222
-0.428277458832218,4.57625158110509,3.13808190673222
-0.438881553482328,4.57628880955001,3.13808190673222
-0.448425238667427,4.57632231515044,3.13808190673222
-0.457968923852525,4.57635582075087,3.13808190673222
-0.465497831054103,4.57638225294676,3.13808190673222
-0.471319479017014,4.57640269136303,3.13808190673222
-0.477141126979924,4.57642312977929,3.13808190673222
-0.482380610146543,4.57644152435392,3.13808190673222
-0.487620093313162,4.57645991892856,3.13808190673222
-0.491229515050167,4.57647259074664,3.13808190673222
-0.494838936787171,4.57648526256472,3.13808190673222
-0.498448358524176,4.57649793438281,3.13808190673222
-0.501335895913779,4.57650807183727,3.13808190673222
-0.504223433303383,4.57651820929174,3.13808190673222
-0.506461274780326,4.57652606581895,3.13808190673222
-0.508699116257268,4.57653392234616,3.13808190673222
-0.510424419847556,4.5765399794752,3.13808190673222
-0.512149723437844,4.57654603660425,3.13808190673222
-0.51347871252141,4.57655070236767,3.13808190673222
-0.514807701604975,4.57655536813108,3.13808190673222
-0.515807695442309,4.57655887887073,3.13808190673222
-0.516807689279644,4.57656238961038,3.13808190673222
-0.517807683116978,4.57656590035002,3.13808190673222
-0.518807676954313,4.57656941108967,3.13808190673222
-0.519807670791648,4.57657292182931,3.13808190673222
-0.520807664628982,4.57657643256896,3.13808190673222
-0.570807356495711,4.57675196955124,3.13808190673222
-0.62080704836244,4.57692750653353,3.13808190673222
-0.665806771042497,4.57708548981759,3.13808190673222
-0.710806493722553,4.57724347310164,3.13808190673222
-0.74630627494793,4.57736810435907,3.13808190673222
-0.781806056173308,4.57749273561649,3.13808190673222
-0.805705908885604,4.57757664229402,3.13808190673222
-0.829605761597901,4.57766054897155,3.13808190673222
-0.851115629038968,4.57773606498133,3.13808190673222
-0.868084524464698,4.57779563872238,3.13808190673222
-0.885053419890429,4.57785521246343,3.13808190673222
-0.898628536231013,4.57790287145627,3.13808190673222
-0.912203652571598,4.57795053044911,3.13808190673222
-0.923063745644065,4.57798865764338,3.13808190673222
-0.933923838716533,4.57802678483765,3.13808190673222
-0.942611913174507,4.57805728659307,3.13808190673222
-0.951299987632481,4.57808778834848,3.13808190673222
-0.95825044719886,4.57811218975282,3.13808190673222
-0.965200906765239,4.57813659115715,3.13808190673222
-0.970761274418342,4.57815611228062,3.13808190673222
-0.976321642071446,4.57817563340408,3.13808190673222
-0.980769936193929,4.57819125030286,3.13808190673222
-0.985218230316411,4.57820686720163,3.13808190673222
-0.988776865614397,4.57821936072065,3.13808190673222
-0.992335500912384,4.57823185423967,3.13808190673222
-0.995538272680571,4.57824309840678,3.13808190673222
-0.998741044448759,4.5782543425739,3.13808190673222
-1.00126767551033,4.5782632129724,3.13808190673222
-1.0037943065719,4.57827208337091,3.13808190673222
-1.00574799735049,4.57827894231285,3.13808190673222
-1.00770168812909,4.57828580125479,3.13808190673222
-1.00901197764581,4.57829040136849,3.13808190673222
-1.01032226716253,4.57829500148219,3.13808190673222
-1.0113704987759,4.57829868157315,3.13808190673222
-1.01241873038927,4.57830236166412,3.13808190673222
-1.01341872422661,4.57830587240376,3.13808190673222
-1.01441871806394,4.57830938314341,3.13808190673222
-1.01541871190128,4.57831289388305,3.13808190673222
-1.01641870573861,4.5783164046227,3.13808190673222
-1.06641839760534,4.57849194160499,3.13808190673222
-1.11641808947207,4.57866747858727,3.13808190673222
-1.1664177813388,4.57884301556956,3.13808190673222
-1.21641747320553,4.57901855255184,3.13808190673222
-1.24641728832557,4.57912387474121,3.13808190673222
-1.2764171034456,4.57922919693059,3.13808190673222
-1.30641691856564,4.57933451911996,3.13808190673222
-1.32741678914967,4.57940824465252,3.13808190673222
-1.34841665973369,4.57948197018508,3.13808190673222
-1.36521655620092,4.57954095061112,3.13808190673222
-1.38033646302141,4.57959403299457,3.13808190673222
-1.39545636984191,4.57964711537801,3.13808190673222
-1.40755229529831,4.57968958128477,3.13808190673222
-1.41964822075471,4.57973204719152,3.13808190673222
-1.43053455366547,4.5797702665076,3.13808190673222
-1.44142088657623,4.57980848582368,3.13808190673222
-1.45000899365027,4.57983863661748,3.13808190673222
-1.45859710072432,4.57986878741127,3.13808190673222
-1.46437895309247,4.5798890861147,3.13808190673222
-1.46958262022382,4.57990735494778,3.13808190673222
-1.47478628735516,4.57992562378087,3.13808190673222
-1.47894922106023,4.57994023884734,3.13808190673222
-1.48311215476531,4.57995485391381,3.13808190673222
-1.48644250172937,4.57996654596698,3.13808190673222
-1.48977284869343,4.57997823802016,3.13808190673222
-1.49243712626468,4.5799875916627,3.13808190673222
-1.49510140383592,4.57999694530524,3.13808190673222
-1.49749925365005,4.58000536358352,3.13808190673222
-1.49989710346417,4.58001378186181,3.13808190673222
-1.50178874053975,4.58002042294801,3.13808190673222
-1.50368037761534,4.58002706403422,3.13808190673222
-1.5049539022944,4.58003153507535,3.13808190673222
-1.50622742697345,4.58003600611648,3.13808190673222
-1.5073735991846,4.5800400300535,3.13808190673222
-1.50851977139575,4.58004405399053,3.13808190673222
-1.50951976523309,4.58004756473017,3.13808190673222
-1.51051975907042,4.58005107546982,3.13808190673222
-1.51151975290776,4.58005458620946,3.13808190673222
-1.51251974674509,4.58005809694911,3.13808190673222
-1.56251943861182,4.58023363393139,3.13808190673222
-1.61251913047855,4.58040917091368,3.13808190673222
-1.65251888397193,4.58054960049951,3.13808190673222
-1.69251863746532,4.58069003008534,3.13808190673222
-1.72451844026002,4.580802373754,3.13808190673222
-1.75651824305473,4.58091471742266,3.13808190673222
-1.78531806556997,4.58101582672446,3.13808190673222
-1.8141178880852,4.58111693602626,3.13808190673222
-1.83395776581792,4.58118658910083,3.13808190673222
-1.85379764355064,4.5812562421754,3.13808190673222
-1.86966954573681,4.58131196463506,3.13808190673222
-1.88554144792299,4.58136768709471,3.13808190673222
-1.89823896967193,4.58141226506244,3.13808190673222
-1.91093649142087,4.58145684303016,3.13808190673222
-1.92236426099491,4.58149696320112,3.13808190673222
-1.93379203056896,4.58153708337207,3.13808190673222
-1.9416644940533,4.58156472171206,3.13808190673222
-1.94953695753764,4.58159236005205,3.13808190673222
-1.95583492832512,4.58161447072404,3.13808190673222
-1.96213289911259,4.58163658139603,3.13808190673222
-1.96780107282132,4.58165648100082,3.13808190673222
-1.97346924653004,4.58167638060562,3.13808190673222
-1.97794080578915,4.58169207918273,3.13808190673222
-1.98241236504826,4.58170777775984,3.13808190673222
-1.98542279508467,4.58171834666106,3.13808190673222
-1.98843322512108,4.58172891556227,3.13808190673222
-1.9914436551575,4.58173948446348,3.13808190673222
-1.99355095618298,4.58174688269433,3.13808190673222
-1.99565825720847,4.58175428092518,3.13808190673222
-1.99734409802886,4.58176019950986,3.13808190673222
-1.99902993884926,4.58176611809453,3.13808190673222
-2.00037861150557,4.58177085296228,3.13808190673222
-2.00172728416188,4.58177558783002,3.13808190673222
-2.00280622228693,4.58177937572421,3.13808190673222
-2.00388516041198,4.58178316361841,3.13808190673222
-2.00488515424932,4.58178667435806,3.13808190673222
-2.00588514808665,4.5817901850977,3.13808190673222
-2.00688514192398,4.58179369583735,3.13808190673222
-2.00788513576132,4.58179720657699,3.13808190673222
-2.00888512959865,4.58180071731664,3.13808190673222
-2.00988512343599,4.58180422805628,3.13808190673222
-2.05988481530272,4.58197976503857,3.13808190673222
-2.10988450716945,4.58215530202086,3.13808190673222
-2.1548842298495,4.58231328530491,3.13808190673222
-2.19988395252956,4.58247126858897,3.13808190673222
-2.23088376148693,4.58258010151799,3.13808190673222
-2.2618835704443,4.582688934447,3.13808190673222
-2.2866834176102,4.58277600079022,3.13808190673222
-2.3114832647761,4.58286306713343,3.13808190673222
-2.33132314250882,4.582932720208,3.13808190673222
-2.35116302024153,4.58300237328257,3.13808190673222
-2.37100289797425,4.58307202635714,3.13808190673222
-2.38687480016043,4.5831277488168,3.13808190673222
-2.4027467023466,4.58318347127646,3.13808190673222
-2.41346023632227,4.58322108393673,3.13808190673222
-2.42417377029794,4.583258696597,3.13808190673222
-2.43274459747847,4.58328878672521,3.13808190673222
-2.441315424659,4.58331887685343,3.13808190673222
-2.44817208640343,4.583342948956,3.13808190673222
-2.45502874814786,4.58336702105857,3.13808190673222
-2.46119974371784,4.58338868595088,3.13808190673222
-2.46668507311339,4.58340794363294,3.13808190673222
-2.47217040250893,4.583427201315,3.13808190673222
-2.47594156646836,4.58344044097141,3.13808190673222
-2.4797127304278,4.58345368062783,3.13808190673222
-2.48272966159535,4.58346427235296,3.13808190673222
-2.48574659276289,4.58347486407809,3.13808190673222
-2.48846183081369,4.58348439663071,3.13808190673222
-2.49087537574773,4.58349287001081,3.13808190673222
-2.49328892068176,4.58350134339092,3.13808190673222
-2.49494823282392,4.58350716883974,3.13808190673222
-2.49660754496607,4.58351299428856,3.13808190673222
-2.49793499467979,4.58351765464762,3.13808190673222
-2.49926244439351,4.58352231500668,3.13808190673222
-2.50032440416449,4.58352604329392,3.13808190673222
-2.50138636393546,4.58352977158117,3.13808190673222
-2.5023863577728,4.58353328232082,3.13808190673222
-2.50338635161013,4.58353679306046,3.13808190673222
-2.50438634544747,4.58354030380011,3.13808190673222
-2.5053863392848,4.58354381453975,3.13808190673222
-2.55538603115153,4.58371935152204,3.13808190673222
-2.60538572301826,4.58389488850432,3.13808190673222
-2.64538547651164,4.58403531809015,3.13808190673222
-2.68538523000502,4.58417574767598,3.13808190673222
-2.71738503279973,4.58428809134464,3.13808190673222
-2.74938483559444,4.58440043501331,3.13808190673222
-2.77818465810967,4.5845015443151,3.13808190673222
-2.80698448062491,4.5846026536169,3.13808190673222
-2.82682435835763,4.58467230669147,3.13808190673222
-2.84666423609035,4.58474195976604,3.13808190673222
-2.86452012604979,4.58480464753316,3.13808190673222
-2.88237601600924,4.58486733530027,3.13808190673222
-2.89467674020352,4.58491052020651,3.13808190673222
-2.90697746439781,4.58495370511274,3.13808190673222
-2.91681804375324,4.58498825303773,3.13808190673222
-2.92665862310867,4.58502280096271,3.13808190673222
-2.93453108659301,4.5850504393027,3.13808190673222
-2.94240355007735,4.58507807764269,3.13808190673222
-2.94948876721326,4.58510295214869,3.13808190673222
-2.95657398434917,4.58512782665468,3.13808190673222
-2.96145491170946,4.58514496242547,3.13808190673222
-2.96633583906975,4.58516209819626,3.13808190673222
-2.97024058095799,4.5851758068129,3.13808190673222
-2.97414532284622,4.58518951542953,3.13808190673222
-2.97726911635681,4.58520048232284,3.13808190673222
-2.98039290986739,4.58521144921615,3.13808190673222
-2.98289194467586,4.5852202227308,3.13808190673222
-2.98539097948433,4.58522899624544,3.13808190673222
-2.98764011081196,4.58523689240862,3.13808190673222
-2.98988924213958,4.58524478857181,3.13808190673222
-2.99143864372083,4.58525022815089,3.13808190673222
-2.99298804530208,4.58525566772997,3.13808190673222
-2.99422756656708,4.58526001939323,3.13808190673222
-2.99546708783208,4.5852643710565,3.13808190673222
-2.99646708166942,4.58526788179614,3.13808190673222
-2.99746707550675,4.58527139253579,3.13808190673222
-2.99846706934409,4.58527490327543,3.13808190673222
-2.99946706318142,4.58527841401508,3.13808190673222
-3.00046705701875,4.58528192475472,3.13808190673222
-3.00146705085609,4.58528543549437,3.13808190673222
-3.05146674272282,4.58546097247666,3.13808190673222
-3.10146643458955,4.58563650945894,3.13808190673222
-3.14146618808293,4.58577693904477,3.13808190673222
-3.18146594157631,4.5859173686306,3.13808190673222
-3.21346574437102,4.58602971229926,3.13808190673222
-3.24546554716573,4.58614205596792,3.13808190673222
-3.27106538940149,4.58623193090285,3.13808190673222
-3.29666523163726,4.58632180583779,3.13808190673222
-3.31714510542587,4.58639370578573,3.13808190673222
-3.33557699183562,4.58645841573888,3.13808190673222
-3.35400887824537,4.58652312569203,3.13808190673222
-3.36875438737317,4.58657489365455,3.13808190673222
-3.38349989650097,4.58662666161707,3.13808190673222
-3.39677085471599,4.58667325278334,3.13808190673222
-3.41004181293101,4.58671984394961,3.13808190673222
-3.42051112441175,4.58675659920299,3.13808190673222
-3.43098043589249,4.58679335445638,3.13808190673222
-3.43907572040365,4.58682177506781,3.13808190673222
-3.44717100491482,4.58685019567923,3.13808190673222
-3.45260030137567,4.58686925664303,3.13808190673222
-3.45802959783653,4.58688831760683,3.13808190673222
-3.46237303500521,4.58690356637787,3.13808190673222
-3.4667164721739,4.58691881514891,3.13808190673222
-3.47019122190885,4.58693101416574,3.13808190673222
-3.4736659716438,4.58694321318257,3.13808190673222
-3.47679324640525,4.58695419229772,3.13808190673222
-3.4799205211667,4.58696517141287,3.13808190673222
-3.48238759347852,4.58697383271482,3.13808190673222
-3.48485466579033,4.58698249401677,3.13808190673222
-3.48651559616363,4.58698832514682,3.13808190673222
-3.48817652653694,4.58699415627686,3.13808190673222
-3.48967136387291,4.5869994042939,3.13808190673222
-3.49116620120889,4.58700465231095,3.13808190673222
-3.49219597804034,4.58700826761157,3.13808190673222
-3.49322575487179,4.5870118829122,3.13808190673222
-3.49425553170324,4.58701549821283,3.13808190673222
-3.49525552554057,4.58701900895248,3.13808190673222
-3.4962555193779,4.58702251969212,3.13808190673222
-3.49725551321524,4.58702603043177,3.13808190673222
-3.49825550705257,4.58702954117141,3.13808190673222
-3.5482551989193,4.5872050781537,3.13808190673222
-3.59825489078603,4.58738061513599,3.13808190673222
-3.63825464427941,4.58752104472181,3.13808190673222
-3.6782543977728,4.58766147430764,3.13808190673222
-3.7102542005675,4.58777381797631,3.13808190673222
-3.74225400336221,4.58788616164497,3.13808190673222
-3.76785384559798,4.5879760365799,3.13808190673222
-3.79345368783374,4.58806591151483,3.13808190673222
-3.81393356162235,4.58813781146277,3.13808190673222
-3.83441343541097,4.58820971141072,3.13808190673222
-3.85079733444186,4.58826723136907,3.13808190673222
-3.86718123347275,4.58832475132743,3.13808190673222
-3.88028835269746,4.58837076729411,3.13808190673222
-3.89339547192217,4.5884167832608,3.13808190673222
-3.90388116730194,4.58845359603415,3.13808190673222
-3.91331829314373,4.58848672753016,3.13808190673222
-3.92275541898552,4.58851985902617,3.13808190673222
-3.93219254482732,4.58855299052218,3.13808190673222
-3.94162967066911,4.5885861220182,3.13808190673222
-3.94729194617418,4.5886060009158,3.13808190673222
-3.95238799412875,4.58862389192365,3.13808190673222
-3.95748404208332,4.5886417829315,3.13808190673222
-3.96156088044697,4.58865609573777,3.13808190673222
-3.96563771881063,4.58867040854405,3.13808190673222
-3.96930687333792,4.5886832900697,3.13808190673222
-3.97297602786521,4.58869617159535,3.13808190673222
-3.97550366765067,4.58870504553524,3.13808190673222
-3.97803130743614,4.58871391947513,3.13808190673222
-3.98005341926451,4.58872101862705,3.13808190673222
-3.98207553109288,4.58872811777896,3.13808190673222
-3.98369322055558,4.58873379710049,3.13808190673222
-3.98531091001828,4.58873947642202,3.13808190673222
-3.98660506158844,4.58874401987925,3.13808190673222
-3.9878992131586,4.58874856333647,3.13808190673222
-3.98893453441472,4.58875219810225,3.13808190673222
-3.98996985567085,4.58875583286803,3.13808190673222
-3.99096984950818,4.58875934360768,3.13808190673222
-3.99196984334552,4.58876285434732,3.13808190673222
-3.99296983718285,4.58876636508697,3.13808190673222
-3.99396983102019,4.58876987582662,3.13808190673222
-4.04396952288692,4.5889454128089,3.13808190673222
-4.09396921475365,4.58912094979119,3.13808190673222
-4.13396896824703,4.58926137937702,3.13808190673222
-4.17396872174041,4.58940180896284,3.13808190673222
-4.20996849988446,4.58952819559009,3.13808190673222
-4.2459682780285,4.58965458221734,3.13808190673222
-4.2707681251944,4.58974164856055,3.13808190673222
-4.2955679723603,4.58982871490376,3.13808190673222
-4.3178878348096,4.58990707461265,3.13808190673222
-4.34020769725891,4.58998543432155,3.13808190673222
-4.35558360250177,4.59003941545434,3.13808190673222
-4.37095950774463,4.59009339658713,3.13808190673222
-4.38326023193891,4.59013658149337,3.13808190673222
-4.3955609561332,4.5901797663996,3.13808190673222
-4.40540153548862,4.59021431432459,3.13808190673222
-4.41524211484405,4.59024886224957,3.13808190673222
-4.4231145783284,4.59027650058956,3.13808190673222
-4.43098704181274,4.59030413892955,3.13808190673222
-4.43728501260021,4.59032624960155,3.13808190673222
-4.44358298338769,4.59034836027354,3.13808190673222
-4.44862136001767,4.59036604881113,3.13808190673222
-4.45365973664765,4.59038373734873,3.13808190673222
-4.45769043795163,4.5903978881788,3.13808190673222
-4.46172113925561,4.59041203900888,3.13808190673222
-4.4649457002988,4.59042335967293,3.13808190673222
-4.46817026134198,4.59043468033699,3.13808190673222
-4.47074991017653,4.59044373686824,3.13808190673222
-4.47332955901108,4.59045279339949,3.13808190673222
-4.47539327807872,4.59046003862449,3.13808190673222
-4.47745699714636,4.59046728384949,3.13808190673222
-4.47910797240048,4.59047308002948,3.13808190673222
-4.48075894765459,4.59047887620948,3.13808190673222
-4.48224482538329,4.59048409277148,3.13808190673222
-4.48373070311199,4.59048930933348,3.13808190673222
-4.48475430776954,4.59049290296508,3.13808190673222
-4.48577791242709,4.59049649659668,3.13808190673222
-4.48677790626442,4.59050000733632,3.13808190673222
-4.48777790010175,4.59050351807597,3.13808190673222
-4.48877789393909,4.59050702881562,3.13808190673222
-4.48977788777642,4.59051053955526,3.13808190673222
-4.49077788161376,4.59051405029491,3.13808190673222
-4.49177787545109,4.59051756103455,3.13808190673222
-4.54177756731782,4.59069309801684,3.13808190673222
-4.59177725918455,4.59086863499912,3.13808190673222
-4.63677698186461,4.59102661828318,3.13808190673222
-4.68177670454466,4.59118460156724,3.13808190673222
-4.71277651350203,4.59129343449626,3.13808190673222
-4.7437763224594,4.59140226742527,3.13808190673222
-4.7685761696253,4.59148933376849,3.13808190673222
-4.7933760167912,4.5915764001117,3.13808190673222
-4.81321589452392,4.59164605318627,3.13808190673222
-4.83305577225664,4.59171570626084,3.13808190673222
-4.84892767444281,4.5917714287205,3.13808190673222
-4.86479957662899,4.59182715118016,3.13808190673222
-4.87749709837792,4.59187172914788,3.13808190673222
-4.88892486795197,4.59191184931883,3.13808190673222
-4.90035263752602,4.59195196948979,3.13808190673222
-4.91063763014266,4.59198807764365,3.13808190673222
-4.91977984580189,4.59202017378041,3.13808190673222
-4.92892206146113,4.59205226991717,3.13808190673222
-4.93612155629278,4.59207754562487,3.13808190673222
-4.94332105112443,4.59210282133257,3.13808190673222
-4.94816642542382,4.59211983228505,3.13808190673222
-4.95252726229328,4.59213514214229,3.13808190673222
-4.95688809916273,4.59215045199953,3.13808190673222
-4.96081285234525,4.59216423087104,3.13808190673222
-4.96473760552776,4.59217800974255,3.13808190673222
-4.96783379970507,4.59218887974119,3.13808190673222
-4.97092999388238,4.59219974973982,3.13808190673222
-4.97363371274145,4.59220924185131,3.13808190673222
-4.97633743160051,4.5922187339628,3.13808190673222
-4.9781515397382,4.59222510286341,3.13808190673222
-4.9799656478759,4.59223147176402,3.13808190673222
-4.98132797331391,4.59223625456342,3.13808190673222
-4.98269029875193,4.59224103736282,3.13808190673222
-4.98369029258927,4.59224454810246,3.13808190673222
-4.9846902864266,4.59224805884211,3.13808190673222
-4.98569028026394,4.59225156958175,3.13808190673222
-4.98669027410127,4.5922550803214,3.13808190673222
-4.9876902679386,4.59225859106105,3.13808190673222
-5.03768995980533,4.59243412804333,3.13808190673222
-5.08768965167206,4.59260966502562,3.13808190673222
-5.12768940516544,4.59275009461145,3.13808190673222
-5.16768915865883,4.59289052419727,3.13808190673222
-5.19968896145353,4.59300286786594,3.13808190673222
-5.22848878396877,4.59310397716773,3.13808190673222
-5.25728860648401,4.59320508646953,3.13808190673222
-5.2803284644962,4.59328597391097,3.13808190673222
-5.30336832250838,4.59336686135241,3.13808190673222
-5.32640818052057,4.59344774879384,3.13808190673222
-5.34253608112911,4.59350437000285,3.13808190673222
-5.35866398173764,4.59356099121185,3.13808190673222
-5.37156630222446,4.59360628817906,3.13808190673222
-5.38446862271129,4.59365158514626,3.13808190673222
-5.39479047910075,4.59368782272003,3.13808190673222
-5.40511233549021,4.59372406029379,3.13808190673222
-5.41336982060178,4.5937530503528,3.13808190673222
-5.42162730571335,4.59378204041181,3.13808190673222
-5.42905904231376,4.59380813146492,3.13808190673222
-5.43649077891417,4.59383422251803,3.13808190673222
-5.44235359334338,4.59385480545993,3.13808190673222
-5.4482164077726,4.59387538840183,3.13808190673222
-5.45216348565593,4.59388924565004,3.13808190673222
-5.45611056353926,4.59390310289824,3.13808190673222
-5.45926822584592,4.59391418869681,3.13808190673222
-5.46242588815258,4.59392527449538,3.13808190673222
-5.46495201799792,4.59393414313423,3.13808190673222
-5.46722553485871,4.5939421249092,3.13808190673222
-5.46949905171951,4.59395010668416,3.13808190673222
-5.47131786520815,4.59395649210414,3.13808190673222
-5.47295479734792,4.59396223898211,3.13808190673222
-5.4745917294877,4.59396798586009,3.13808190673222
-5.47590127519952,4.59397258336247,3.13808190673222
-5.47721082091134,4.59397718086485,3.13808190673222
-5.47852036662316,4.59398177836723,3.13808190673222
-5.47952036046049,4.59398528910688,3.13808190673222
-5.48052035429783,4.59398879984653,3.13808190673222
-5.48152034813516,4.59399231058617,3.13808190673222
-5.4825203419725,4.59399582132582,3.13808190673222
-5.48352033580983,4.59399933206546,3.13808190673222
-5.48452032964716,4.59400284280511,3.13808190673222
-5.53452002151389,4.59417837978739,3.13808190673222
-5.58451971338062,4.59435391676968,3.13808190673222
-5.63451940524735,4.59452945375197,3.13808190673222
-5.66951918955406,4.59465232963957,3.13808190673222
-5.70451897386077,4.59477520552717,3.13808190673222
-5.73251880130614,4.59487350623725,3.13808190673222
-5.76051862875151,4.59497180694733,3.13808190673222
-5.7829184907078,4.59505044751539,3.13808190673222
-5.8053183526641,4.59512908808345,3.13808190673222
-5.82323824222913,4.59519200053791,3.13808190673222
-5.84115813179417,4.59525491299236,3.13808190673222
-5.85907802135921,4.59531782544681,3.13808190673222
-5.87162194405473,4.59536186416492,3.13808190673222
-5.88416586675026,4.59540590288304,3.13808190673222
-5.89545539717623,4.59544553772934,3.13808190673222
-5.9067449276022,4.59548517257565,3.13808190673222
-5.91452215967343,4.59551247658088,3.13808190673222
-5.92229939174465,4.59553978058611,3.13808190673222
-5.93007662381588,4.59556708459134,3.13808190673222
-5.9378538558871,4.59559438859658,3.13808190673222
-5.94252019512984,4.59561077099971,3.13808190673222
-5.9467199004483,4.59562551516254,3.13808190673222
-5.95091960576676,4.59564025932536,3.13808190673222
-5.95427937002153,4.59565205465562,3.13808190673222
-5.9576391342763,4.59566384998588,3.13808190673222
-5.96066292210559,4.59567446578312,3.13808190673222
-5.96368670993488,4.59568508158035,3.13808190673222
-5.96576976377284,4.59569239468511,3.13808190673222
-5.9678528176108,4.59569970778987,3.13808190673222
-5.96972756606496,4.59570628958416,3.13808190673222
-5.97120653428991,4.59571148188854,3.13808190673222
-5.97253760569236,4.59571615496248,3.13808190673222
-5.97386867709482,4.59572082803642,3.13808190673222
-5.97493353421678,4.59572456649558,3.13808190673222
-5.97599839133875,4.59572830495473,3.13808190673222
-5.97706324846071,4.59573204341389,3.13808190673222
-5.97806324229804,4.59573555415353,3.13808190673222
-5.97906323613538,4.59573906489318,3.13808190673222
-5.98006322997271,4.59574257563282,3.13808190673222
-5.98106322381005,4.59574608637247,3.13808190673222
-6.03106291567678,4.59592162335475,3.13808190673222
-6.08106260754351,4.59609716033704,3.13808190673222
-6.12106236103689,4.59623758992287,3.13808190673222
-6.16106211453027,4.5963780195087,3.13808190673222
-6.19306191732498,4.59649036317736,3.13808190673222
-6.22506172011969,4.59660270684602,3.13808190673222
-6.25066156235545,4.59669258178095,3.13808190673222
-6.27626140459122,4.59678245671588,3.13808190673222
-6.29674127837983,4.59685435666383,3.13808190673222
-6.31722115216844,4.59692625661177,3.13808190673222
-6.33360505119933,4.59698377657013,3.13808190673222
-6.34998895023022,4.59704129652848,3.13808190673222
-6.36309606945493,4.59708731249517,3.13808190673222
-6.37620318867964,4.59713332846185,3.13808190673222
-6.38931030790436,4.59717934442854,3.13808190673222
-6.39848529136165,4.59721155560521,3.13808190673222
-6.40766027481895,4.59724376678189,3.13808190673222
-6.41500026158479,4.59726953572324,3.13808190673222
-6.42160624967405,4.59729272777045,3.13808190673222
-6.4282122377633,4.59731591981765,3.13808190673222
-6.4334970282347,4.59733447345542,3.13808190673222
-6.43878181870611,4.59735302709319,3.13808190673222
-6.44300965108323,4.5973678700034,3.13808190673222
-6.44723748346035,4.59738271291362,3.13808190673222
-6.45061974936205,4.59739458724179,3.13808190673222
-6.45366378867358,4.59740527413714,3.13808190673222
-6.45670782798511,4.59741596103249,3.13808190673222
-6.45914305943433,4.59742451054878,3.13808190673222
-6.46157829088355,4.59743306006506,3.13808190673222
-6.46352647604293,4.59743989967809,3.13808190673222
-6.46547466120231,4.59744673929111,3.13808190673222
-6.46703320932981,4.59745221098153,3.13808190673222
-6.46859175745731,4.59745768267196,3.13808190673222
-6.46983859595932,4.59746206002429,3.13808190673222
-6.47108543446132,4.59746643737663,3.13808190673222
-6.47208542829865,4.59746994811627,3.13808190673222
-6.47308542213599,4.59747345885592,3.13808190673222
-6.47408541597332,4.59747696959557,3.13808190673222
-6.47508540981066,4.59748048033521,3.13808190673222
-6.47608540364799,4.59748399107486,3.13808190673222
-6.47708539748533,4.5974875018145,3.13808190673222
-6.52708508935205,4.59766303879679,3.13808190673222
-6.57708478121878,4.59783857577907,3.13808190673222
-6.62208450389884,4.59799655906313,3.13808190673222
-6.6670842265789,4.59815454234719,3.13808190673222
-6.69808403553627,4.59826337527621,3.13808190673222
-6.72908384449364,4.59837220820522,3.13808190673222
-6.75388369165954,4.59845927454844,3.13808190673222
-6.77868353882544,4.59854634089165,3.13808190673222
-6.79852341655815,4.59861599396622,3.13808190673222
-6.81836329429087,4.59868564704079,3.13808190673222
-6.83423519647705,4.59874136950045,3.13808190673222
-6.85010709866322,4.59879709196011,3.13808190673222
-6.86280462041216,4.59884166992783,3.13808190673222
-6.8755021421611,4.59888624789556,3.13808190673222
-6.88566015956025,4.59892191026974,3.13808190673222
-6.8958181769594,4.59895757264392,3.13808190673222
-6.90496039261864,4.59898966878068,3.13808190673222
-6.91217258497204,4.59901498906635,3.13808190673222
-6.91938477732544,4.59904030935202,3.13808190673222
-6.92587575044349,4.59906309760912,3.13808190673222
-6.93236672356155,4.59908588586622,3.13808190673222
-6.93683828282066,4.59910158444333,3.13808190673222
-6.94130984207976,4.59911728302045,3.13808190673222
-6.94488708948705,4.59912984188214,3.13808190673222
-6.94846433689433,4.59914240074383,3.13808190673222
-6.95132613482016,4.59915244783318,3.13808190673222
-6.95418793274599,4.59916249492253,3.13808190673222
-6.95647737108665,4.59917053259402,3.13808190673222
-6.95876680942732,4.5991785702655,3.13808190673222
-6.96059836009985,4.59918500040268,3.13808190673222
-6.96242991077238,4.59919143053987,3.13808190673222
-6.9638951513104,4.59919657464962,3.13808190673222
-6.96536039184842,4.59920171875937,3.13808190673222
-6.96653258427884,4.59920583404717,3.13808190673222
-6.96770477670926,4.59920994933497,3.13808190673222
-6.9687047705466,4.59921346007461,3.13808190673222
-6.96970476438393,4.59921697081426,3.13808190673222
-6.97070475822127,4.5992204815539,3.13808190673222
-6.9717047520586,4.59922399229355,3.13808190673222
-6.97270474589593,4.5992275030332,3.13808190673222
-7.02270443776266,4.59940304001548,3.13808190673222
-7.07270412962939,4.59957857699777,3.13808190673222
-7.11270388312278,4.5997190065836,3.13808190673222
-7.15270363661616,4.59985943616942,3.13808190673222
-7.18470343941087,4.59997177983809,3.13808190673222
-7.21670324220557,4.60008412350675,3.13808190673222
-7.24230308444134,4.60017399844168,3.13808190673222
-7.2679029266771,4.60026387337661,3.13808190673222
-7.28838280046571,4.60033577332456,3.13808190673222
-7.30886267425433,4.6004076732725,3.13808190673222
-7.32524657328522,4.60046519323085,3.13808190673222
-7.34163047231611,4.60052271318921,3.13808190673222
-7.358014371347,4.60058023314757,3.13808190673222
-7.37112149057171,4.60062624911425,3.13808190673222
-7.38422860979642,4.60067226508093,3.13808190673222
-7.3930759152731,4.60070332585845,3.13808190673222
-7.40103849020211,4.60073128055821,3.13808190673222
-7.40900106513112,4.60075923525797,3.13808190673222
-7.41537112507433,4.60078159901777,3.13808190673222
-7.42174118501754,4.60080396277758,3.13808190673222
-7.42683723297211,4.60082185378543,3.13808190673222
-7.43193328092668,4.60083974479328,3.13808190673222
-7.43651972408579,4.60085584670034,3.13808190673222
-7.4411061672449,4.6008719486074,3.13808190673222
-7.44472436129265,4.60088465122297,3.13808190673222
-7.44834255534039,4.60089735383854,3.13808190673222
-7.45077846626267,4.60090590574029,3.13808190673222
-7.45321437718496,4.60091445764204,3.13808190673222
-7.45540669701501,4.60092215435362,3.13808190673222
-7.45759901684507,4.6009298510652,3.13808190673222
-7.45910928161688,4.60093515324428,3.13808190673222
-7.4606195463887,4.60094045542337,3.13808190673222
-7.46182775820615,4.60094469716664,3.13808190673222
-7.4630359700236,4.6009489389099,3.13808190673222
-7.46403596386094,4.60095244964955,3.13808190673222
-7.46503595769827,4.6009559603892,3.13808190673222
-7.46603595153561,4.60095947112884,3.13808190673222
-7.46703594537294,4.60096298186849,3.13808190673222
-7.46803593921028,4.60096649260813,3.13808190673222
-7.46903593304761,4.60097000334778,3.13808190673222
-7.51903562491434,4.60114554033006,3.13808190673222
-7.56903531678107,4.60132107731235,3.13808190673222
-7.60903507027445,4.60146150689818,3.13808190673222
-7.64903482376783,4.60160193648401,3.13808190673222
-7.68903457726122,4.60174236606983,3.13808190673222
-7.72103438005592,4.6018547097385,3.13808190673222
-7.75303418285063,4.60196705340716,3.13808190673222
-7.77463404973706,4.60204288538351,3.13808190673222
-7.79407392993484,4.60211113416222,3.13808190673222
-7.81351381013263,4.60217938294093,3.13808190673222
-7.82906571429085,4.6022339819639,3.13808190673222
-7.84461761844908,4.60228858098687,3.13808190673222
-7.85861433219149,4.60233772010755,3.13808190673222
-7.87261104593389,4.60238685922822,3.13808190673222
-7.88365289788623,4.60242562453453,3.13808190673222
-7.89469474983857,4.60246438984084,3.13808190673222
-7.90323274522144,4.60249436470445,3.13808190673222
-7.91177074060431,4.60252433956806,3.13808190673222
-7.91835075125365,4.60254744041468,3.13808190673222
-7.92341896129978,4.60256523369027,3.13808190673222
-7.9284871713459,4.60258302696587,3.13808190673222
-7.9325417393828,4.60259726158635,3.13808190673222
-7.9365963074197,4.60261149620682,3.13808190673222
-7.93983996184922,4.60262288390321,3.13808190673222
-7.94308361627874,4.60263427159959,3.13808190673222
-7.94600290526531,4.60264452052633,3.13808190673222
-7.94892219425188,4.60265476945307,3.13808190673222
-7.95093325999818,4.60266182982483,3.13808190673222
-7.95294432574448,4.60266889019659,3.13808190673222
-7.95455317834152,4.60267453849399,3.13808190673222
-7.95616203093856,4.6026801867914,3.13808190673222
-7.9574491130162,4.60268470542932,3.13808190673222
-7.95860748688607,4.60268877220345,3.13808190673222
-7.95976586075594,4.60269283897758,3.13808190673222
-7.96076585459327,4.60269634971723,3.13808190673222
-7.96176584843061,4.60269986045687,3.13808190673222
-7.96276584226794,4.60270337119652,3.13808190673222
-7.96376583610528,4.60270688193617,3.13808190673222
-7.96476582994261,4.60271039267581,3.13808190673222
-7.96576582377995,4.60271390341546,3.13808190673222
-8.01576551564667,4.60288944039774,3.13808190673222
-8.0657652075134,4.60306497738003,3.13808190673222
-8.10576496100679,4.60320540696586,3.13808190673222
-8.14576471450017,4.60334583655169,3.13808190673222
-8.17776451729488,4.60345818022035,3.13808190673222
-8.20976432008958,4.60357052388901,3.13808190673222
-8.23856414260482,4.60367163319081,3.13808190673222
-8.26128400258906,4.60375139719556,3.13808190673222
-8.28173187657488,4.60382318479983,3.13808190673222
-8.3021797505607,4.60389497240411,3.13808190673222
-8.31853804974935,4.60395240248753,3.13808190673222
-8.334896348938,4.60400983257095,3.13808190673222
-8.34961881820779,4.60406151964603,3.13808190673222
-8.36434128747758,4.60411320672111,3.13808190673222
-8.37448343297455,4.60414881337283,3.13808190673222
-8.38462557847151,4.60418442002455,3.13808190673222
-8.39476772396848,4.60422002667627,3.13808190673222
-8.40186722581635,4.60424495133247,3.13808190673222
-8.40896672766423,4.60426987598868,3.13808190673222
-8.41464632914253,4.60428981571364,3.13808190673222
-8.42032593062083,4.60430975543861,3.13808190673222
-8.42486961180347,4.60432570721858,3.13808190673222
-8.42941329298611,4.60434165899855,3.13808190673222
-8.43304823793222,4.60435442042252,3.13808190673222
-8.43668318287834,4.6043671818465,3.13808190673222
-8.43959113883523,4.60437739098568,3.13808190673222
-8.44249909479212,4.60438760012486,3.13808190673222
-8.44482545955763,4.60439576743621,3.13808190673222
-8.44715182432314,4.60440393474755,3.13808190673222
-8.44901291613555,4.60441046859663,3.13808190673222
-8.45087400794796,4.60441700244571,3.13808190673222
-8.45236288139789,4.60442222952497,3.13808190673222
-8.45385175484782,4.60442745660423,3.13808190673222
-8.45504285360776,4.60443163826764,3.13808190673222
-8.4562339523677,4.60443581993104,3.13808190673222
-8.45730594125165,4.60443958342811,3.13808190673222
-8.4583779301356,4.60444334692518,3.13808190673222
-8.45937792397293,4.60444685766483,3.13808190673222
-8.46037791781027,4.60445036840447,3.13808190673222
-8.4613779116476,4.60445387914412,3.13808190673222
-8.46237790548494,4.60445738988376,3.13808190673222
-8.51237759735166,4.60463292686605,3.13808190673222
-8.56237728921839,4.60480846384833,3.13808190673222
-8.60237704271178,4.60494889343416,3.13808190673222
-8.64237679620516,4.60508932301999,3.13808190673222
-8.67437659899987,4.60520166668865,3.13808190673222
-8.70637640179457,4.60531401035732,3.13808190673222
-8.73517622430981,4.60541511965911,3.13808190673222
-8.76077606654557,4.60550499459404,3.13808190673222
-8.78637590878134,4.60559486952898,3.13808190673222
-8.806535784542,4.60566564604023,3.13808190673222
-8.82669566030267,4.60573642255149,3.13808190673222
-8.84026357668762,4.605784056267,3.13808190673222
-8.85383149307258,4.60583168998252,3.13808190673222
-8.86468582618054,4.60586979695493,3.13808190673222
-8.87554015928851,4.60590790392734,3.13808190673222
-8.88422362577488,4.60593838950527,3.13808190673222
-8.89290709226125,4.6059688750832,3.13808190673222
-8.90072221209899,4.60599631210333,3.13808190673222
-8.90853733193672,4.60602374912347,3.13808190673222
-8.91470259314204,4.6060453938838,3.13808190673222
-8.92086785434737,4.60606703864413,3.13808190673222
-8.92501855132785,4.60608161075038,3.13808190673222
-8.92916924830834,4.60609618285663,3.13808190673222
-8.93331994528882,4.60611075496287,3.13808190673222
-8.93622543317516,4.60612095543725,3.13808190673222
-8.9391309210615,4.60613115591162,3.13808190673222
-8.94145531137057,4.60613931629112,3.13808190673222
-8.94377970167965,4.60614747667062,3.13808190673222
-8.9456392139269,4.60615400497422,3.13808190673222
-8.94749872617416,4.60616053327782,3.13808190673222
-8.94898633597197,4.6061657559207,3.13808190673222
-8.95047394576977,4.60617097856358,3.13808190673222
-8.9518127945878,4.60617567894218,3.13808190673222
-8.95286899754424,4.60617938701862,3.13808190673222
-8.95392520050068,4.60618309509507,3.13808190673222
-8.95492519433802,4.60618660583471,3.13808190673222
-8.95592518817535,4.60619011657436,3.13808190673222
-8.95692518201269,4.606193627314,3.13808190673222
-8.95792517585002,4.60619713805365,3.13808190673222
-8.95792517585002,4.60619713805365,-2.98802376776787
-8.95792517585002,4.60619713805365,-2.84665209835633
-8.95792517585002,4.60619713805365,-2.70528042894479
-8.95792517585002,4.60619713805365,-2.57804592647441
-8.95792517585002,4.60619713805365,-2.47767204119221
-8.95792517585002,4.60619713805365,-2.38733554443824
-8.95792517585002,4.60619713805365,-2.30603269735966
-8.95792517585002,4.60619713805365,-2.23286013498894
-8.95792517585002,4.60619713805365,-2.16700482885529
-8.95792517585002,4.60619713805365,-2.10773505333501
-8.95792517585002,4.60619713805365,-2.04846527781473
-8.95792517585002,4.60619713805365,-2.0010494573985
-8.95792517585002,4.60619713805365,-1.9583752190239
-8.95792517585002,4.60619713805365,-1.91996840448676
-8.95792517585002,4.60619713805365,-1.88540227140333
-8.95792517585002,4.60619713805365,-1.85429275162824
-8.95792517585002,4.60619713805365,-1.82629418383066
-8.95792517585002,4.60619713805365,-1.80109547281284
-8.95792517585002,4.60619713805365,-1.77589676179503
-8.95792517585002,4.60619713805365,-1.75321792187899
-8.95792517585002,4.60619713805365,-1.73053908196295
-8.95792517585002,4.60619713805365,-1.7149158811319
-8.95792517585002,4.60619713805365,-1.69929268030085
-8.95792517585002,4.60619713805365,-1.6836694794698
-8.95792517585002,4.60619713805365,-1.66804627863876
-8.95792517585002,4.60619713805365,-1.65867235814013
-8.95792517585002,4.60619713805365,-1.65023582969136
-8.95792517585002,4.60619713805365,-1.6417993012426
-8.95792517585002,4.60619713805365,-1.63505007848358
-8.95792517585002,4.60619713805365,-1.62897577800047
-8.95792517585002,4.60619713805365,-1.62350890756567
-8.95792517585002,4.60619713805365,-1.61858872417435
-8.95792517585002,4.60619713805365,-1.61416055912216
-8.95792517585002,4.60619713805365,-1.61017521057519
-8.95792517585002,4.60619713805365,-1.60658839688292
-8.95792517585002,4.60619713805365,-1.60300158319065
-8.95792517585002,4.60619713805365,-1.60013213223683
-8.95792517585002,4.60619713805365,-1.59754962637839
-8.95792517585002,4.60619713805365,-1.5952253711058
-8.95792517585002,4.60619713805365,-1.59290111583321
-8.95792517585002,4.60619713805365,-1.59104171161513
-8.95792517585002,4.60619713805365,-1.58936824781887
-8.95792517585002,4.60619713805365,-1.5876947840226
-8.95792517585002,4.60619713805365,-1.58618866660596
-8.95792517585002,4.60619713805365,-1.58468254918932
-8.95792517585002,4.60619713805365,-1.58364500163564
-8.95792517585002,4.60619713805365,-1.58271120883732
-8.95792517585002,4.60619713805365,-1.581777416039
-8.95792517585002,4.60619713805365,-1.58103038180035
-8.95792517585002,4.60619713805365,-1.58035805098556
-8.95792517585002,4.60619713805365,-1.57968572017077
-8.95792517585002,4.60619713805365,-1.57914785551894
-8.95792517585002,4.60619713805365,-1.57866377733229
-8.95792517585002,4.60619713805365,-1.57817969914565
-8.95792517585002,4.60619713805365,-1.57779243659633
-8.95792517585002,4.60619713805365,-1.57744390030194
-8.95792517585002,4.60619713805365,-1.577130217637
-8.95792517585002,4.60619713805365,-1.57681653497205
-8.95792517585002,4.60619713805365,-1.57656558884009
-8.95792517585002,4.60619713805365,-1.57631464270813
-8.95792517585002,4.60619713805365,-1.57611388580257
-8.95792517585002,4.60619713805365,-1.57593320458756
-8.95792517585002,4.60619713805365,-1.57575252337255
-8.95792517585002,4.60619713805365,-1.57560797840054
-8.95792517585002,4.60619713805365,-1.57546343342853
-8.95792517585002,4.60619713805365,-1.57531888845652
-8.95792517585002,4.60619713805365,-1.57521770697612
-8.95792517585002,4.60619713805365,-1.57511652549571
-8.95814118511312,4.55619760465584,-1.57511652549571
-8.95835719437623,4.50619807125804,-1.57511652549571
-8.95855160271302,4.46119849120001,-1.57511652549571
-8.95874601104981,4.41619891114199,-1.57511652549571
-8.95887993679293,4.38519920043535,-1.57511652549571
-8.95901386253606,4.35419948972871,-1.57511652549571
-8.95913439570487,4.32629975009273,-1.57511652549571
-8.95925492887368,4.29840001045676,-1.57511652549571
-8.95933796283442,4.27918018981864,-1.57511652549571
-8.95942099679515,4.25996036918053,-1.57511652549571
-8.95948742396374,4.24458451267003,-1.57511652549571
-8.95955385113233,4.22920865615954,-1.57511652549571
-8.95961363558406,4.2153703853001,-1.57511652549571
-8.95966079887376,4.20445352717764,-1.57511652549571
-8.95970324583449,4.19462835486744,-1.57511652549571
-8.95974569279522,4.18480318255723,-1.57511652549571
-8.9597796503638,4.17694304470907,-1.57511652549571
-8.95981360793238,4.16908290686091,-1.57511652549571
-8.95984416974411,4.16200878279756,-1.57511652549571
-8.95987473155583,4.15493465873421,-1.57511652549571
-8.95989578524835,4.15006137326835,-1.57511652549571
-8.95991683894087,4.14518808780249,-1.57511652549571
-8.95993368189489,4.1412894594298,-1.57511652549571
-8.95995052484891,4.13739083105711,-1.57511652549571
-8.95996399921212,4.13427192835896,-1.57511652549571
-8.95997747357534,4.13115302566081,-1.57511652549571
-8.95998825306591,4.12865790350229,-1.57511652549571
-8.95999903255648,4.12616278134376,-1.57511652549571
-8.96000873409799,4.1239171714011,-1.57511652549571
-8.9600163875363,4.12214563466855,-1.57511652549571
-8.9600240409746,4.120374097936,-1.57511652549571
-8.96003016372525,4.11895686854996,-1.57511652549571
-8.96003628647589,4.11753963916392,-1.57511652549571
-8.96004179695147,4.11626413271648,-1.57511652549571
-8.96004730742705,4.11498862626904,-1.57511652549571
-8.96005165458001,4.11398239340496,-1.57511652549571
-8.96005600173297,4.11297616054087,-1.57511652549571
-8.96006032191823,4.11197616987291,-1.57511652549571
-8.96006464210349,4.11097617920496,-1.57511652549571
-8.96028065136659,4.06097664580715,-1.57511652549571
-8.9604966606297,4.01097711240934,-1.57511652549571
-8.9607126698928,3.96097757901154,-1.57511652549571
-8.9609286791559,3.91097804561373,-1.57511652549571
-8.96105828471376,3.88097832557505,-1.57511652549571
-8.96118789027162,3.85097860553637,-1.57511652549571
-8.96129157471791,3.82697882950542,-1.57511652549571
-8.9613952591642,3.80297905347448,-1.57511652549571
-8.96147820672123,3.78377923264972,-1.57511652549571
-8.96156115427826,3.76457941182496,-1.57511652549571
-8.96162751232389,3.74921955516515,-1.57511652549571
-8.96169387036951,3.73385969850535,-1.57511652549571
-8.96174695680601,3.7215718131775,-1.57511652549571
-8.96180004324251,3.70928392784966,-1.57511652549571
-8.96184251239171,3.69945361958738,-1.57511652549571
-8.96188498154091,3.68962331132511,-1.57511652549571
-8.96192745069011,3.67979300306283,-1.57511652549571
-8.96196142600947,3.67192875645301,-1.57511652549571
-8.96199115441391,3.66504754066942,-1.57511652549571
-8.96202088281835,3.65816632488583,-1.57511652549571
-8.96204424085041,3.65275965534157,-1.57511652549571
-8.96206759888247,3.64735298579732,-1.57511652549571
-8.96208331246768,3.64371577174028,-1.57511652549571
-8.96209902605288,3.64007855768324,-1.57511652549571
-8.96211159692105,3.6371687864376,-1.57511652549571
-8.96212416778921,3.63425901519197,-1.57511652549571
-8.96213548157056,3.6316402210709,-1.57511652549571
-8.9621467953519,3.62902142694983,-1.57511652549571
-8.96215458929016,3.62721736877754,-1.57511652549571
-8.9621616038346,3.62559371642247,-1.57511652549571
-8.96216861837903,3.62397006406741,-1.57511652549571
-8.96217423001458,3.62267114218336,-1.57511652549571
-8.96217984165013,3.62137222029931,-1.57511652549571
-8.96218433095857,3.62033308279207,-1.57511652549571
-8.962188820267,3.61929394528483,-1.57511652549571
-8.96219314045227,3.61829395461687,-1.57511652549571
-8.96219746063753,3.61729396394892,-1.57511652549571
-8.96220178082279,3.61629397328096,-1.57511652549571
-8.96220610100805,3.615293982613,-1.57511652549571
-8.96221042119331,3.61429399194505,-1.57511652549571
-8.96242643045642,3.56429445854724,-1.57511652549571
-8.96264243971952,3.51429492514944,-1.57511652549571
-8.96283684805631,3.46929534509141,-1.57511652549571
-8.9630312563931,3.42429576503339,-1.57511652549571
-8.96316518213623,3.39329605432675,-1.57511652549571
-8.96329910787935,3.36229634362011,-1.57511652549571
-8.96340624847385,3.3374965750548,-1.57511652549571
-8.96351338906835,3.31269680648948,-1.57511652549571
-8.96359910154395,3.29285699163724,-1.57511652549571
-8.96368481401955,3.27301717678499,-1.57511652549571
-8.96375338400003,3.25714532490319,-1.57511652549571
-8.96381509698246,3.24286065820957,-1.57511652549571
-8.96387680996489,3.22857599151595,-1.57511652549571
-8.96392618035083,3.21714825816105,-1.57511652549571
-8.96397555073678,3.20572052480616,-1.57511652549571
-8.96401504704553,3.19657833812224,-1.57511652549571
-8.96405454335429,3.18743615143832,-1.57511652549571
-8.9640861404013,3.18012240209119,-1.57511652549571
-8.9641177374483,3.17280865274406,-1.57511652549571
-8.96414301508591,3.16695765326635,-1.57511652549571
-8.96416829272351,3.16110665378865,-1.57511652549571
-8.96418851483359,3.15642585420648,-1.57511652549571
-8.96420873694368,3.15174505462431,-1.57511652549571
-8.96422491463174,3.14800041495858,-1.57511652549571
-8.96424109231981,3.14425577529285,-1.57511652549571
-8.96425403447026,3.14126006356026,-1.57511652549571
-8.96426697662071,3.13826435182768,-1.57511652549571
-8.96427733034108,3.13586778244161,-1.57511652549571
-8.96428768406144,3.13347121305554,-1.57511652549571
-8.9642980377818,3.13107464366947,-1.57511652549571
-8.96430528538606,3.12939704509923,-1.57511652549571
-8.96431253299031,3.12771944652898,-1.57511652549571
-8.96431905583414,3.12620960781575,-1.57511652549571
-8.96432557867797,3.12469976910253,-1.57511652549571
-8.9643300721926,3.12365965798898,-1.57511652549571
-8.96433456570724,3.12261954687542,-1.57511652549571
-8.9643388858925,3.12161955620747,-1.57511652549571
-8.96434320607776,3.12061956553951,-1.57511652549571
-8.96434752626303,3.11961957487155,-1.57511652549571
-8.96435184644829,3.1186195842036,-1.57511652549571
-8.96435616663355,3.11761959353564,-1.57511652549571
-8.96436048681881,3.11661960286769,-1.57511652549571
-8.96457649608191,3.06662006946988,-1.57511652549571
-8.96479250534502,3.01662053607208,-1.57511652549571
-8.9649653127555,2.97662090935383,-1.57511652549571
-8.96513812016598,2.93662128263559,-1.57511652549571
-8.96527636609437,2.90462158126099,-1.57511652549571
-8.96541461202275,2.8726218798864,-1.57511652549571
-8.9655390333583,2.84382214864926,-1.57511652549571
-8.96566345469385,2.81502241741212,-1.57511652549571
-8.965761609303,2.79230262943616,-1.57511652549571
-8.96585976391215,2.7695828414602,-1.57511652549571
-8.96592584546592,2.75428698420314,-1.57511652549571
-8.96599192701969,2.73899112694609,-1.57511652549571
-8.96604479226271,2.72675444114044,-1.57511652549571
-8.96609765750572,2.71451775533479,-1.57511652549571
-8.96613994970013,2.70472840669028,-1.57511652549571
-8.9661780126751,2.69591799291021,-1.57511652549571
-8.96621607565007,2.68710757913015,-1.57511652549571
-8.96624652603005,2.6800592481061,-1.57511652549571
-8.96627697641003,2.67301091708205,-1.57511652549571
-8.96630742679,2.66596258605799,-1.57511652549571
-8.96632874205599,2.66102875434116,-1.57511652549571
-8.96634792579537,2.65658830579601,-1.57511652549571
-8.96636710953475,2.65214785725085,-1.57511652549571
-8.96638245652626,2.64859549841473,-1.57511652549571
-8.96639780351777,2.64504313957861,-1.57511652549571
-8.96641008111098,2.64220125250971,-1.57511652549571
-8.96642235870419,2.63935936544081,-1.57511652549571
-8.96643218077875,2.63708585578569,-1.57511652549571
-8.96644200285332,2.63481234613058,-1.57511652549571
-8.96644986051297,2.63299353840648,-1.57511652549571
-8.96645771817262,2.63117473068239,-1.57511652549571
-8.96646400430034,2.62971968450311,-1.57511652549571
-8.96647029042806,2.62826463832384,-1.57511652549571
-8.96647531933024,2.62710060138042,-1.57511652549571
-8.96648034823242,2.625936564437,-1.57511652549571
-8.96648466841768,2.62493657376904,-1.57511652549571
-8.96648898860294,2.62393658310108,-1.57511652549571
-8.96649330878821,2.62293659243313,-1.57511652549571
-8.96649762897347,2.62193660176517,-1.57511652549571
-8.96650194915873,2.62093661109721,-1.57511652549571
-8.96650626934399,2.61993662042926,-1.57511652549571
-8.96672227860709,2.56993708703145,-1.57511652549571
-8.9669382878702,2.51993755363365,-1.57511652549571
-8.96711109528068,2.4799379269154,-1.57511652549571
-8.96728390269116,2.43993830019716,-1.57511652549571
-8.96743942936059,2.40393863615074,-1.57511652549571
-8.96759495603003,2.36793897210432,-1.57511652549571
-8.96771937736557,2.33913924086718,-1.57511652549571
-8.96784379870112,2.31033950963005,-1.57511652549571
-8.96794333576956,2.28729972464034,-1.57511652549571
-8.968042872838,2.26425993965063,-1.57511652549571
-8.96812250249275,2.24582811165886,-1.57511652549571
-8.9682021321475,2.2273962836671,-1.57511652549571
-8.9682658358713,2.21265082127368,-1.57511652549571
-8.9683295395951,2.19790535888027,-1.57511652549571
-8.96838050257414,2.18610898896554,-1.57511652549571
-8.96843146555318,2.17431261905081,-1.57511652549571
-8.96847223593641,2.16487552311902,-1.57511652549571
-8.96851300631964,2.15543842718724,-1.57511652549571
-8.96854562262623,2.14788875044181,-1.57511652549571
-8.96857823893281,2.14033907369638,-1.57511652549571
-8.96860433197808,2.13429933230004,-1.57511652549571
-8.96863042502335,2.1282595909037,-1.57511652549571
-8.96865129945956,2.12342779778662,-1.57511652549571
-8.96867217389578,2.11859600466955,-1.57511652549571
-8.96868887344475,2.11473057017589,-1.57511652549571
-8.96870557299372,2.11086513568223,-1.57511652549571
-8.9687189326329,2.10777278808731,-1.57511652549571
-8.96873229227208,2.10468044049238,-1.57511652549571
-8.96874297998342,2.10220656241644,-1.57511652549571
-8.96875366769476,2.09973268434049,-1.57511652549571
-8.96876221786384,2.09775358187974,-1.57511652549571
-8.96877076803291,2.09577447941899,-1.57511652549571
-8.96877760816817,2.09419119745038,-1.57511652549571
-8.96878444830343,2.09260791548178,-1.57511652549571
-8.96879060442516,2.09118296171004,-1.57511652549571
-8.96879676054689,2.0897580079383,-1.57511652549571
-8.96880108073216,2.08875801727034,-1.57511652549571
-8.96880540091742,2.08775802660238,-1.57511652549571
-8.96880972110268,2.08675803593443,-1.57511652549571
-8.96881404128794,2.08575804526647,-1.57511652549571
-8.9688183614732,2.08475805459852,-1.57511652549571
-8.96882268165847,2.08375806393056,-1.57511652549571
-8.96903869092157,2.03375853053275,-1.57511652549571
-8.96925470018467,1.98375899713495,-1.57511652549571
-8.96944910852146,1.93875941707692,-1.57511652549571
-8.96964351685826,1.8937598370189,-1.57511652549571
-8.96979688343506,1.85826016830646,-1.57511652549571
-8.96995025001186,1.82276049959402,-1.57511652549571
-8.9700688390973,1.79531075575862,-1.57511652549571
-8.97018742818274,1.76786101192323,-1.57511652549571
-8.97026696279342,1.74945118372615,-1.57511652549571
-8.97034649740409,1.73104135552908,-1.57511652549571
-8.97041012509263,1.71631349297142,-1.57511652549571
-8.97047375278117,1.70158563041377,-1.57511652549571
-8.970524654932,1.68980334036764,-1.57511652549571
-8.97057046686775,1.67919927932613,-1.57511652549571
-8.9706162788035,1.66859521828461,-1.57511652549571
-8.97065750954567,1.65905156334725,-1.57511652549571
-8.97069874028785,1.64950790840989,-1.57511652549571
-8.97072714368801,1.64293339056415,-1.57511652549571
-8.97075554708817,1.63635887271841,-1.57511652549571
-8.97077826980831,1.63109925844182,-1.57511652549571
-8.97080099252844,1.62583964416523,-1.57511652549571
-8.97081917070454,1.62163195274396,-1.57511652549571
-8.97083734888065,1.61742426132269,-1.57511652549571
-8.97085189142153,1.61405810818567,-1.57511652549571
-8.97086643396241,1.61069195504865,-1.57511652549571
-8.97087952224921,1.60766241722533,-1.57511652549571
-8.97089261053601,1.60463287940202,-1.57511652549571
-8.97090293574003,1.60224291067473,-1.57511652549571
-8.97091326094406,1.59985294194745,-1.57511652549571
-8.9709202122786,1.59824392074796,-1.57511652549571
-8.97092716361314,1.59663489954846,-1.57511652549571
-8.97093341981423,1.59518678046892,-1.57511652549571
-8.97093967601532,1.59373866138937,-1.57511652549571
-8.97094461146284,1.59259625633773,-1.57511652549571
-8.97094954691037,1.59145385128609,-1.57511652549571
-8.97095386709563,1.59045386061813,-1.57511652549571
-8.97095818728089,1.58945386995018,-1.57511652549571
-8.97096250746615,1.58845387928222,-1.57511652549571
-8.97096682765142,1.58745388861427,-1.57511652549571
-8.97118283691452,1.53745435521646,-1.57511652549571
-8.97139884617762,1.48745482181865,-1.57511652549571
-8.9715716535881,1.44745519510041,-1.57511652549571
-8.97174446099859,1.40745556838217,-1.57511652549571
-8.97189998766802,1.37145590433575,-1.57511652549571
-8.97205551433745,1.33545624028933,-1.57511652549571
-8.97216265493195,1.31065647172401,-1.57511652549571
-8.97226979552645,1.2858567031587,-1.57511652549571
-8.9723662220615,1.26353691144992,-1.57511652549571
-8.97246264859655,1.24121711974114,-1.57511652549571
-8.97252907576514,1.22584126323065,-1.57511652549571
-8.97259550293373,1.21046540672016,-1.57511652549571
-8.9726486446686,1.19816472151176,-1.57511652549571
-8.97269647222998,1.18709410482421,-1.57511652549571
-8.97274429979137,1.17602348813665,-1.57511652549571
-8.97278256184048,1.16716699478661,-1.57511652549571
-8.97282082388958,1.15831050143656,-1.57511652549571
-8.97285143352887,1.15122530675653,-1.57511652549571
-8.97288204316815,1.14414011207649,-1.57511652549571
-8.97290959184351,1.13776343686446,-1.57511652549571
-8.97293714051887,1.13138676165243,-1.57511652549571
-8.97295611849522,1.12699394095081,-1.57511652549571
-8.97297319867395,1.12304040231935,-1.57511652549571
-8.97299027885267,1.11908686368789,-1.57511652549571
-8.97300394299565,1.11592403278272,-1.57511652549571
-8.97301624072433,1.11307748496807,-1.57511652549571
-8.973028538453,1.11023093715342,-1.57511652549571
-8.97303837663595,1.1079536989017,-1.57511652549571
-8.97304821481889,1.10567646064998,-1.57511652549571
-8.97305608536525,1.1038546700486,-1.57511652549571
-8.9730639559116,1.10203287944722,-1.57511652549571
-8.97307025234869,1.10057544696612,-1.57511652549571
-8.97307654878577,1.09911801448502,-1.57511652549571
-8.97308158593544,1.09795206850014,-1.57511652549571
-8.9730866230851,1.09678612251526,-1.57511652549571
-8.97309094327036,1.0957861318473,-1.57511652549571
-8.97309526345563,1.09478614117935,-1.57511652549571
-8.97309958364089,1.09378615051139,-1.57511652549571
-8.97310390382615,1.09278615984344,-1.57511652549571
-8.97310822401141,1.09178616917548,-1.57511652549571
-8.97332423327451,1.04178663577767,-1.57511652549571
-8.97354024253762,0.991787102379869,-1.57511652549571
-8.97373465087441,0.946787522321844,-1.57511652549571
-8.9739290592112,0.901787942263819,-1.57511652549571
-8.97406298495432,0.87078823155718,-1.57511652549571
-8.97419691069745,0.839788520850541,-1.57511652549571
-8.97430405129195,0.814988752285229,-1.57511652549571
-8.97441119188645,0.790188983719918,-1.57511652549571
-8.97449690436205,0.770349168867669,-1.57511652549571
-8.97458261683764,0.75050935401542,-1.57511652549571
-8.97465118681812,0.73463750213362,-1.57511652549571
-8.9747197567986,0.718765650251821,-1.57511652549571
-8.97478832677908,0.702893798370022,-1.57511652549571
-8.97485689675956,0.687021946488222,-1.57511652549571
-8.97489803874785,0.677498835359143,-1.57511652549571
-8.97493918073614,0.667975724230063,-1.57511652549571
-8.97497209432677,0.660357235326799,-1.57511652549571
-8.9750050079174,0.652738746423536,-1.57511652549571
-8.9750313387899,0.646643955300925,-1.57511652549571
-8.97505766966241,0.640549164178314,-1.57511652549571
-8.97507873436041,0.635673331280225,-1.57511652549571
-8.97509769258861,0.631285081671945,-1.57511652549571
-8.97511665081682,0.626896832063665,-1.57511652549571
-8.97513181739938,0.623386232377041,-1.57511652549571
-8.97514698398194,0.619875632690417,-1.57511652549571
-8.9751621505645,0.616365033003794,-1.57511652549571
-8.9751727671723,0.613907613223157,-1.57511652549571
-8.97518338378009,0.61145019344252,-1.57511652549571
-8.97519187706632,0.609484257618011,-1.57511652549571
-8.97520037035256,0.607518321793501,-1.57511652549571
-8.97520716498155,0.605945573133894,-1.57511652549571
-8.97521395961053,0.604372824474286,-1.57511652549571
-8.97522007477662,0.602957350680639,-1.57511652549571
-8.97522618994271,0.601541876886993,-1.57511652549571
-8.97523051012797,0.600541886219037,-1.57511652549571
-8.97523483031324,0.59954189555108,-1.57511652549571
-8.9752391504985,0.598541904883124,-1.57511652549571
-8.97524347068376,0.597541914215168,-1.57511652549571
-8.97524779086902,0.596541923547212,-1.57511652549571
-8.97546380013212,0.546542390149407,-1.57511652549571
-8.97567980939523,0.496542856751602,-1.57511652549571
-8.97585261680571,0.456543230033357,-1.57511652549571
-8.97602542421619,0.416543603315113,-1.57511652549571
-8.97616367014458,0.384543901940517,-1.57511652549571
-8.97630191607296,0.352544200565922,-1.57511652549571
-8.97642633740851,0.323744469328786,-1.57511652549571
-8.97653693415122,0.29814470822911,-1.57511652549571
-8.97664753089392,0.272544947129434,-1.57511652549571
-8.97672356615454,0.254945111373406,-1.57511652549571
-8.97679960141515,0.237345275617379,-1.57511652549571
-8.97686042962364,0.223265407012556,-1.57511652549571
-8.97692125783213,0.209185538407735,-1.57511652549571
-8.97696992039892,0.197921643523877,-1.57511652549571
-8.97701371670903,0.187784138128405,-1.57511652549571
-8.97705751301915,0.177646632732933,-1.57511652549571
-8.97710130932926,0.167509127337461,-1.57511652549571
-8.97714510563937,0.15737162194199,-1.57511652549571
-8.97717138342544,0.151289118704706,-1.57511652549571
-8.97719766121151,0.145206615467423,-1.57511652549571
-8.97721868344036,0.140340612877597,-1.57511652549571
-8.97723970566921,0.13547461028777,-1.57511652549571
-8.9772565234523,0.131581808215909,-1.57511652549571
-8.97727334123538,0.127689006144048,-1.57511652549571
-8.97728679546185,0.124574764486559,-1.57511652549571
-8.97730024968831,0.12146052282907,-1.57511652549571
-8.97731101306949,0.118969129503079,-1.57511652549571
-8.97732177645066,0.116477736177088,-1.57511652549571
-8.9773303871556,0.114484621516295,-1.57511652549571
-8.97733899786054,0.112491506855502,-1.57511652549571
-8.97734588642449,0.110897015126868,-1.57511652549571
-8.97735277498844,0.109302523398233,-1.57511652549571
-8.97735966355239,0.107708031669599,-1.57511652549571
-8.97736448554715,0.106591887459555,-1.57511652549571
-8.97736930754192,0.105475743249511,-1.57511652549571
-8.97737362772718,0.104475752581555,-1.57511652549571
-8.97737794791244,0.103475761913599,-1.57511652549571
-8.97738226809771,0.102475771245643,-1.57511652549571
-8.97738658828297,0.101475780577686,-1.57511652549571
-8.97739090846823,0.10047578990973,-1.57511652549571
-8.97760691773133,0.050476256511925,-1.57511652549571
-8.97782292699444,0.00047672311412,-1.57511652549571
-8.97803893625754,-0.049522810283686,-1.57511652549571
-8.97819014274171,-0.08452248366215,-1.57511652549571
-8.97834134922588,-0.119522157040613,-1.57511652549571
-8.97847743506163,-0.151021863081231,-1.57511652549571
-8.97861352089739,-0.182521569121848,-1.57511652549571
-8.97870726891757,-0.204221366616495,-1.57511652549571
-8.97880101693776,-0.225921164111143,-1.57511652549571
-8.97887601535391,-0.243281002106861,-1.57511652549571
-8.97895101377006,-0.260640840102579,-1.57511652549571
-8.97901101250298,-0.274528710499153,-1.57511652549571
-8.9790650113626,-0.28702779385607,-1.57511652549571
-8.97911901022223,-0.299526877212987,-1.57511652549571
-8.97916220930993,-0.309526143898521,-1.57511652549571
-8.97920108848887,-0.318525483915501,-1.57511652549571
-8.9792399676678,-0.327524823932481,-1.57511652549571
-8.97927107101094,-0.334724295946066,-1.57511652549571
-8.97929906401977,-0.341203820758291,-1.57511652549571
-8.9793270570286,-0.347683345570517,-1.57511652549571
-8.97934945143567,-0.352866965420298,-1.57511652549571
-8.97936960640203,-0.3575322232851,-1.57511652549571
-8.97938976136839,-0.362197481149903,-1.57511652549571
-8.97940991633475,-0.366862739014705,-1.57511652549571
-8.9794240248112,-0.370128419520067,-1.57511652549571
-8.97943672244,-0.373067531974893,-1.57511652549571
-8.97944942006881,-0.376006644429718,-1.57511652549571
-8.97945957817185,-0.378357934393579,-1.57511652549571
-8.9794697362749,-0.380709224357439,-1.57511652549571
-8.97947887856764,-0.382825385324914,-1.57511652549571
-8.97948802086038,-0.384941546292388,-1.57511652549571
-8.97949716315312,-0.387057707259863,-1.57511652549571
-8.97950630544586,-0.389173868227337,-1.57511652549571
-8.9795107750112,-0.390208435811436,-1.57511652549571
-8.97951524457654,-0.391243003395534,-1.57511652549571
-8.9795195647618,-0.39224299406349,-1.57511652549571
-8.97952388494706,-0.393242984731446,-1.57511652549571
-8.97952820513232,-0.394242975399403,-1.57511652549571
-8.97953252531759,-0.395242966067359,-1.57511652549571
-8.97974853458069,-0.445242499465164,-1.57511652549571
-8.97996454384379,-0.495242032862969,-1.57511652549571
-8.98013735125427,-0.535241659581214,-1.57511652549571
-8.98031015866476,-0.575241286299458,-1.57511652549571
-8.98046568533419,-0.611240950345878,-1.57511652549571
-8.98062121200362,-0.647240614392298,-1.57511652549571
-8.98072835259812,-0.672040382957609,-1.57511652549571
-8.98083549319262,-0.696840151522921,-1.57511652549571
-8.98092120566822,-0.71667996637517,-1.57511652549571
-8.98100691814382,-0.736519781227419,-1.57511652549571
-8.9810754881243,-0.752391633109218,-1.57511652549571
-8.98114405810478,-0.768263484991017,-1.57511652549571
-8.98119891408916,-0.780960966496457,-1.57511652549571
-8.98125377007354,-0.793658448001896,-1.57511652549571
-8.98130314045949,-0.805086181356792,-1.57511652549571
-8.98135251084543,-0.816513914711688,-1.57511652549571
-8.98139145859434,-0.825529126580549,-1.57511652549571
-8.98143040634326,-0.834544338449411,-1.57511652549571
-8.98145662750379,-0.840613734609012,-1.57511652549571
-8.98148284866433,-0.846683130768612,-1.57511652549571
-8.98150382559276,-0.851538647696292,-1.57511652549571
-8.98152480252118,-0.856394164623972,-1.57511652549571
-8.98154368175677,-0.860764129858884,-1.57511652549571
-8.98155857537595,-0.864211546877537,-1.57511652549571
-8.98157346899514,-0.86765896389619,-1.57511652549571
-8.9815868732524,-0.870761639212977,-1.57511652549571
-8.98160027750967,-0.873864314529765,-1.57511652549571
-8.98160951155356,-0.876001713081329,-1.57511652549571
-8.98161874559746,-0.878139111632894,-1.57511652549571
-8.98162613283257,-0.879849030474146,-1.57511652549571
-8.98163352006769,-0.881558949315398,-1.57511652549571
-8.98163942985578,-0.882926884388399,-1.57511652549571
-8.98164474866506,-0.884158025954101,-1.57511652549571
-8.98165006747434,-0.885389167519802,-1.57511652549571
-8.98165538628363,-0.886620309085503,-1.57511652549571
-8.98165970646889,-0.887620299753459,-1.57511652549571
-8.98166402665415,-0.888620290421415,-1.57511652549571
-8.98166834683941,-0.889620281089371,-1.57511652549571
-8.98167266702467,-0.890620271757327,-1.57511652549571
-8.98167698720994,-0.891620262425283,-1.57511652549571
-8.9816813073952,-0.89262025309324,-1.57511652549571
-8.9818973166583,-0.942619786491045,-1.57511652549571
-8.9821133259214,-0.99261931988885,-1.57511652549571
-8.98228613333188,-1.03261894660709,-1.57511652549571
-8.98245894074237,-1.07261857332534,-1.57511652549571
-8.98259718667075,-1.10461827469993,-1.57511652549571
-8.98273543259914,-1.13661797607453,-1.57511652549571
-8.98284602934185,-1.16221773717421,-1.57511652549571
-8.98295662608455,-1.18781749827388,-1.57511652549571
-8.98304510347872,-1.20829730715362,-1.57511652549571
-8.98313358087289,-1.22877711603336,-1.57511652549571
-8.98320436278822,-1.24516096313716,-1.57511652549571
-8.98327514470355,-1.26154481024095,-1.57511652549571
-8.98333177023582,-1.27465188792398,-1.57511652549571
-8.98338839576809,-1.28775896560702,-1.57511652549571
-8.98343935874713,-1.29955533552175,-1.57511652549571
-8.98349032172617,-1.31135170543648,-1.57511652549571
-8.98352542955617,-1.31947809359996,-1.57511652549571
-8.98356053738618,-1.32760448176344,-1.57511652549571
-8.98358862365018,-1.33410559229423,-1.57511652549571
-8.98361670991419,-1.34060670282501,-1.57511652549571
-8.98363917892539,-1.34580759124964,-1.57511652549571
-8.98366164793659,-1.35100847967427,-1.57511652549571
-8.98368187004667,-1.35568927925643,-1.57511652549571
-8.98370209215676,-1.3603700788386,-1.57511652549571
-8.9837160229437,-1.36359462966187,-1.57511652549571
-8.98372856065195,-1.36649672540281,-1.57511652549571
-8.9837410983602,-1.36939882114375,-1.57511652549571
-8.98375112852681,-1.37172049773651,-1.57511652549571
-8.98376115869341,-1.37404217432926,-1.57511652549571
-8.98376918282669,-1.37589951560346,-1.57511652549571
-8.98377720695997,-1.37775685687767,-1.57511652549571
-8.98378362626659,-1.37924272989703,-1.57511652549571
-8.98379004557322,-1.38072860291639,-1.57511652549571
-8.98379518101852,-1.38191730133188,-1.57511652549571
-8.98380031646382,-1.38310599974737,-1.57511652549571
-8.98380493836459,-1.38417582832131,-1.57511652549571
-8.98380956026536,-1.38524565689526,-1.57511652549571
-8.98381388045062,-1.38624564756321,-1.57511652549571
-8.98381820063588,-1.38724563823117,-1.57511652549571
-8.98382252082114,-1.38824562889912,-1.57511652549571
-8.98403853008424,-1.43824516229693,-1.57511652549571
-8.98425453934735,-1.48824469569473,-1.57511652549571
-8.98442734675783,-1.52824432241298,-1.57511652549571
-8.98460015416831,-1.56824394913122,-1.57511652549571
-8.98475568083774,-1.60424361317764,-1.57511652549571
-8.98491120750718,-1.64024327722406,-1.57511652549571
-8.98501834810168,-1.66504304578937,-1.57511652549571
-8.98512548869618,-1.68984281435469,-1.57511652549571
-8.98522191523122,-1.71216260606347,-1.57511652549571
-8.98531834176627,-1.73448239777225,-1.57511652549571
-8.98539441158837,-1.75209023345362,-1.57511652549571
-8.98547048141046,-1.76969806913499,-1.57511652549571
-8.98552169461463,-1.78155235850921,-1.57511652549571
-8.9855729078188,-1.79340664788343,-1.57511652549571
-8.98561387838214,-1.8028900793828,-1.57511652549571
-8.98565484894547,-1.81237351088218,-1.57511652549571
-8.98568762539614,-1.81996025608168,-1.57511652549571
-8.98572040184681,-1.82754700128118,-1.57511652549571
-8.98574662300735,-1.83361639744078,-1.57511652549571
-8.98577284416788,-1.83968579360038,-1.57511652549571
-8.98579382109631,-1.84454131052806,-1.57511652549571
-8.98581479802474,-1.84939682745574,-1.57511652549571
-8.98583157956748,-1.85328124099788,-1.57511652549571
-8.98584836111022,-1.85716565454003,-1.57511652549571
-8.98586514265297,-1.86105006808217,-1.57511652549571
-8.98588192419571,-1.86493448162431,-1.57511652549571
-8.98589367127563,-1.86765357110381,-1.57511652549571
-8.98590541835555,-1.87037266058332,-1.57511652549571
-8.9859143125732,-1.87243139976065,-1.57511652549571
-8.98592320679086,-1.87449013893799,-1.57511652549571
-8.98593003687875,-1.87607109524964,-1.57511652549571
-8.98593686696665,-1.87765205156129,-1.57511652549571
-8.9859414416152,-1.87871094269288,-1.57511652549571
-8.98594601626375,-1.87976983382447,-1.57511652549571
-8.98595033644901,-1.88076982449243,-1.57511652549571
-8.98595465663428,-1.88176981516038,-1.57511652549571
-8.98595897681954,-1.88276980582834,-1.57511652549571
-8.9859632970048,-1.88376979649629,-1.57511652549571
-8.98596761719006,-1.88476978716425,-1.57511652549571
-8.98597193737532,-1.88576977783221,-1.57511652549571
-8.98618794663843,-1.93576931123001,-1.57511652549571
-8.98640395590153,-1.98576884462782,-1.57511652549571
-8.98657676331201,-2.02576847134606,-1.57511652549571
-8.98674957072249,-2.06576809806431,-1.57511652549571
-8.98690509739193,-2.10176776211073,-1.57511652549571
-8.98706062406136,-2.13776742615715,-1.57511652549571
-8.98716776465586,-2.16256719472246,-1.57511652549571
-8.98727490525036,-2.18736696328777,-1.57511652549571
-8.98736061772596,-2.20720677814002,-1.57511652549571
-8.98744633020156,-2.22704659299227,-1.57511652549571
-8.98752347142959,-2.24490242635929,-1.57511652549571
-8.98760061265763,-2.26275825972632,-1.57511652549571
-8.9876537543925,-2.27505894493471,-1.57511652549571
-8.98770689612738,-2.2873596301431,-1.57511652549571
-8.98774940951527,-2.29720017830982,-1.57511652549571
-8.98779192290317,-2.30704072647654,-1.57511652549571
-8.98783018495228,-2.31589721982658,-1.57511652549571
-8.98786844700138,-2.32475371317662,-1.57511652549571
-8.98789480530188,-2.33085485303999,-1.57511652549571
-8.98792116360238,-2.33695599290335,-1.57511652549571
-8.98794225024277,-2.34183690479404,-1.57511652549571
-8.98796333688317,-2.34671781668473,-1.57511652549571
-8.98798442352357,-2.35159872857542,-1.57511652549571
-8.98799918417184,-2.35501536689891,-1.57511652549571
-8.98801394482012,-2.35843200522239,-1.57511652549571
-8.98802722940357,-2.36150697971353,-1.57511652549571
-8.98804051398702,-2.36458195420466,-1.57511652549571
-8.98804966558895,-2.36670026996522,-1.57511652549571
-8.98805881719089,-2.36881858572578,-1.57511652549571
-8.98806613847243,-2.37051323833423,-1.57511652549571
-8.98807345975398,-2.37220789094268,-1.57511652549571
-8.98808004890737,-2.37373307829028,-1.57511652549571
-8.98808663806076,-2.37525826563788,-1.57511652549571
-8.988092495086,-2.37661398772464,-1.57511652549571
-8.98809835211123,-2.3779697098114,-1.57511652549571
-8.9881026722965,-2.37896970047936,-1.57511652549571
-8.98810699248176,-2.37996969114731,-1.57511652549571
-8.98811131266702,-2.38096968181527,-1.57511652549571
-8.98811563285228,-2.38196967248322,-1.57511652549571
-8.98833164211538,-2.43196920588103,-1.57511652549571
-8.98854765137849,-2.48196873927884,-1.57511652549571
-8.98872045878897,-2.52196836599708,-1.57511652549571
-8.98889326619945,-2.56196799271532,-1.57511652549571
-8.98903151212784,-2.59396769408992,-1.57511652549571
-8.98916975805622,-2.62596739546451,-1.57511652549571
-8.98928035479893,-2.65156715656419,-1.57511652549571
-8.98937989186737,-2.6746069415539,-1.57511652549571
-8.98947942893581,-2.69764672654361,-1.57511652549571
-8.98955905859055,-2.71607855453538,-1.57511652549571
-8.9896386882453,-2.73451038252714,-1.57511652549571
-8.9897023919691,-2.74925584492056,-1.57511652549571
-8.9897660956929,-2.76400130731397,-1.57511652549571
-8.98981705867194,-2.7757976772287,-1.57511652549571
-8.98986802165098,-2.78759404714343,-1.57511652549571
-8.98990879203422,-2.79703114307522,-1.57511652549571
-8.98994956241745,-2.806468239007,-1.57511652549571
-8.98998217872403,-2.81401791575243,-1.57511652549571
-8.99001479503062,-2.82156759249786,-1.57511652549571
-8.99004088807589,-2.8276073338942,-1.57511652549571
-8.99006698112116,-2.83364707529054,-1.57511652549571
-8.99008785555737,-2.83847886840761,-1.57511652549571
-8.99010872999359,-2.84331066152469,-1.57511652549571
-8.99012542954256,-2.84717609601835,-1.57511652549571
-8.99014212909153,-2.85104153051201,-1.57511652549571
-8.99015548873071,-2.85413387810693,-1.57511652549571
-8.99016884836989,-2.85722622570186,-1.57511652549571
-8.99017953608123,-2.8597001037778,-1.57511652549571
-8.99019022379257,-2.86217398185374,-1.57511652549571
-8.99019877396164,-2.8641530843145,-1.57511652549571
-8.99020732413072,-2.86613218677525,-1.57511652549571
-8.99021416426598,-2.86771546874385,-1.57511652549571
-8.99022100440124,-2.86929875071246,-1.57511652549571
-8.99022647650944,-2.87056537628734,-1.57511652549571
-8.99023194861765,-2.87183200186222,-1.57511652549571
-8.99023687351503,-2.87297196487962,-1.57511652549571
-8.99024179841242,-2.87411192789701,-1.57511652549571
-8.99024611859768,-2.87511191856497,-1.57511652549571
-8.99025043878294,-2.87611190923292,-1.57511652549571
-8.99025475896821,-2.87711189990088,-1.57511652549571
-8.99025907915347,-2.87811189056883,-1.57511652549571
-8.99047508841657,-2.92811142396664,-1.57511652549571
-8.99069109767967,-2.97811095736444,-1.57511652549571
-8.99086390509016,-3.01811058408269,-1.57511652549571
-8.99103671250064,-3.05811021080093,-1.57511652549571
-8.99119223917007,-3.09410987484735,-1.57511652549571
-8.9913477658395,-3.13010953889377,-1.57511652549571
-8.99147045910095,-3.15850927386373,-1.57511652549571
-8.99159315236239,-3.18690900883368,-1.57511652549571
-8.9916757543046,-3.206028830405,-1.57511652549571
-8.99175835624681,-3.22514865197632,-1.57511652549571
-8.9918326979948,-3.24235649139051,-1.57511652549571
-8.99190703974279,-3.2595643308047,-1.57511652549571
-8.99196568712176,-3.27313940412034,-1.57511652549571
-8.99202433450073,-3.28671447743598,-1.57511652549571
-8.9920638182291,-3.29585375214707,-1.57511652549571
-8.99210330195748,-3.30499302685816,-1.57511652549571
-8.99213883731302,-3.31321837409814,-1.57511652549571
-8.99217437266855,-3.32144372133812,-1.57511652549571
-8.99220595965126,-3.328755141107,-1.57511652549571
-8.99223754663396,-3.33606656087587,-1.57511652549571
-8.99225570914901,-3.34027062724297,-1.57511652549571
-8.99227387166406,-3.34447469361007,-1.57511652549571
-8.99229203417911,-3.34867875997717,-1.57511652549571
-8.99230656419116,-3.35204201307086,-1.57511652549571
-8.9923210942032,-3.35540526616454,-1.57511652549571
-8.99233235496253,-3.35801178731214,-1.57511652549571
-8.99234361572187,-3.36061830845974,-1.57511652549571
-8.99235229740406,-3.36262785218322,-1.57511652549571
-8.99235898484211,-3.36417578941959,-1.57511652549571
-8.99236567228015,-3.36572372665595,-1.57511652549571
-8.99237102223058,-3.36696207644505,-1.57511652549571
-8.99237637218102,-3.36820042623414,-1.57511652549571
-8.99238118713641,-3.36931494104432,-1.57511652549571
-8.9923860020918,-3.37042945585451,-1.57511652549571
-8.99239032227706,-3.37142944652246,-1.57511652549571
-8.99239464246232,-3.37242943719042,-1.57511652549571
-8.99239896264759,-3.37342942785838,-1.57511652549571
-8.99240328283285,-3.37442941852633,-1.57511652549571
-8.99240760301811,-3.37542940919429,-1.57511652549571
-8.99262361228121,-3.42542894259209,-1.57511652549571
-8.99283962154432,-3.4754284759899,-1.57511652549571
-8.99305563080742,-3.5254280093877,-1.57511652549571
-8.99320683729159,-3.56042768276617,-1.57511652549571
-8.99335804377576,-3.59542735614463,-1.57511652549571
-8.9934790089631,-3.6234270948474,-1.57511652549571
-8.99359997415043,-3.65142683355017,-1.57511652549571
-8.9936967463003,-3.67382662451239,-1.57511652549571
-8.99379351845017,-3.69622641547461,-1.57511652549571
-8.99387093617007,-3.71414624824438,-1.57511652549571
-8.99394835388996,-3.73206608101416,-1.57511652549571
-8.99401028806588,-3.74640194722997,-1.57511652549571
-8.9940722222418,-3.76073781344579,-1.57511652549571
-8.99412176958253,-3.77220650641845,-1.57511652549571
-8.99417131692326,-3.7836751993911,-1.57511652549571
-8.99421590952992,-3.79399702306649,-1.57511652549571
-8.99426050213658,-3.80431884674188,-1.57511652549571
-8.99429122148784,-3.81142943638493,-1.57511652549571
-8.99432194083909,-3.81854002602797,-1.57511652549571
-8.99434651632009,-3.82422849774241,-1.57511652549571
-8.9943710918011,-3.82991696945685,-1.57511652549571
-8.994393209734,-3.83503659399984,-1.57511652549571
-8.99441532766691,-3.84015621854283,-1.57511652549571
-8.99443277625842,-3.84419503346008,-1.57511652549571
-8.99445022484993,-3.84823384837733,-1.57511652549571
-8.994463716789,-3.85135681934856,-1.57511652549571
-8.99447720872807,-3.85447979031979,-1.57511652549571
-8.99448625742018,-3.85657428560504,-1.57511652549571
-8.99449530611228,-3.8586687808903,-1.57511652549571
-8.99450344993518,-3.86055382664703,-1.57511652549571
-8.99451159375807,-3.86243887240376,-1.57511652549571
-8.99451720394718,-3.86373745948062,-1.57511652549571
-8.99452281413628,-3.86503604655747,-1.57511652549571
-8.99452730228757,-3.86607491621896,-1.57511652549571
-8.99453179043885,-3.86711378588045,-1.57511652549571
-8.99453611062411,-3.8681137765484,-1.57511652549571
-8.99454043080937,-3.86911376721636,-1.57511652549571
-8.99454475099464,-3.87011375788432,-1.57511652549571
-8.9945490711799,-3.87111374855227,-1.57511652549571
-8.99455339136516,-3.87211373922023,-1.57511652549571
-8.99455771155042,-3.87311372988819,-1.57511652549571
-8.99477372081353,-3.92311326328599,-1.57511652549571
-8.99498973007663,-3.9731127966838,-1.57511652549571
-8.99516253748711,-4.01311242340204,-1.57511652549571
-8.99533534489759,-4.05311205012029,-1.57511652549571
-8.99549087156703,-4.08911171416671,-1.57511652549571
-8.99564639823646,-4.12511137821313,-1.57511652549571
-8.99575353883096,-4.14991114677844,-1.57511652549571
-8.99586067942546,-4.17471091534375,-1.57511652549571
-8.99594639190106,-4.194550730196,-1.57511652549571
-8.99603210437665,-4.21439054504825,-1.57511652549571
-8.99610067435713,-4.23026239693005,-1.57511652549571
-8.99616924433761,-4.24613424881185,-1.57511652549571
-8.996224100322,-4.25883173031729,-1.57511652549571
-8.99627895630638,-4.27152921182272,-1.57511652549571
-8.99632284109389,-4.28168719702708,-1.57511652549571
-8.99636672588139,-4.29184518223143,-1.57511652549571
-8.9964018337114,-4.29997157039491,-1.57511652549571
-8.9964369415414,-4.30809795855839,-1.57511652549571
-8.99646502780541,-4.31459906908918,-1.57511652549571
-8.99649311406941,-4.32110017961996,-1.57511652549571
-8.99651558308061,-4.32630106804459,-1.57511652549571
-8.99653805209182,-4.33150195646922,-1.57511652549571
-8.99656052110302,-4.33670284489384,-1.57511652549571
-8.99657624941086,-4.34034346679108,-1.57511652549571
-8.9965919777187,-4.34398408868832,-1.57511652549571
-8.99660456036498,-4.34689658620612,-1.57511652549571
-8.99661714301125,-4.34980908372391,-1.57511652549571
-8.9966284673929,-4.35243033148992,-1.57511652549571
-8.99663979177454,-4.35505157925593,-1.57511652549571
-8.9966487254534,-4.35711945249356,-1.57511652549571
-8.99665765913225,-4.3591873257312,-1.57511652549571
-8.99666367363717,-4.3605794995447,-1.57511652549571
-8.99666968814209,-4.3619716733582,-1.57511652549571
-8.99667570264701,-4.36336384717171,-1.57511652549571
-8.99668002283227,-4.36436383783966,-1.57511652549571
-8.99668434301753,-4.36536382850762,-1.57511652549571
-8.9966886632028,-4.36636381917558,-1.57511652549571
-8.99669298338806,-4.36736380984353,-1.57511652549571
-8.99669730357332,-4.36836380051149,-1.57511652549571
-8.99670162375858,-4.36936379117944,-1.57511652549571
-8.99670162375858,-4.36936379117944,-1.41803689281622
-8.99670162375858,-4.36936379117944,-1.27666522340468
-8.99670162375858,-4.36936379117944,-1.13529355399314
-8.99670162375858,-4.36936379117944,-1.02219621846391
-8.99670162375858,-4.36936379117944,-0.909098882934675
-8.99670162375858,-4.36936379117944,-0.807311280958366
-8.99670162375858,-4.36936379117944,-0.727012172732611
-8.99670162375858,-4.36936379117944,-0.654742975329431
-8.99670162375858,-4.36936379117944,-0.58970069766657
-8.99670162375858,-4.36936379117944,-0.531162647769994
-8.99670162375858,-4.36936379117944,-0.478478402863076
-8.99670162375858,-4.36936379117944,-0.425794157956159
-8.99670162375858,-4.36936379117944,-0.378378337539932
-8.99670162375858,-4.36936379117944,-0.336230941614398
-8.99670162375858,-4.36936379117944,-0.298825127730486
-8.99670162375858,-4.36936379117944,-0.269374634827519
-8.99670162375858,-4.36936379117944,-0.239924141924552
-8.99670162375858,-4.36936379117944,-0.216363747602178
-8.99670162375858,-4.36936379117944,-0.195159392712042
-8.99670162375858,-4.36936379117944,-0.176075473310919
-8.99670162375858,-4.36936379117944,-0.158899945849909
-8.99670162375858,-4.36936379117944,-0.143441971135
-8.99670162375858,-4.36936379117944,-0.129529793891581
-8.99670162375858,-4.36936379117944,-0.117008834372505
-8.99670162375858,-4.36936379117944,-0.105739970805336
-8.99670162375858,-4.36936379117944,-0.095597993594884
-8.99670162375858,-4.36936379117944,-0.085456016384432
-8.99670162375858,-4.36936379117944,-0.07734243461607
-8.99670162375858,-4.36936379117944,-0.069228852847708
-8.99670162375858,-4.36936379117944,-0.062737987433019
-8.99670162375858,-4.36936379117944,-0.05624712201833
-8.99670162375858,-4.36936379117944,-0.051054429686578
-8.99670162375858,-4.36936379117944,-0.045861737354827
-8.99670162375858,-4.36936379117944,-0.041707583489426
-8.99670162375858,-4.36936379117944,-0.037553429624025
-8.99670162375858,-4.36936379117944,-0.033399275758624
-8.99670162375858,-4.36936379117944,-0.030491368052843
-8.99670162375858,-4.36936379117944,-0.027583460347062
-8.99670162375858,-4.36936379117944,-0.024966343411859
-8.99670162375858,-4.36936379117944,-0.022349226476656
-8.99670162375858,-4.36936379117944,-0.020546323699072
-8.99670162375858,-4.36936379117944,-0.018923711199247
-8.99670162375858,-4.36936379117944,-0.017463359949403
-8.99670162375858,-4.36936379117944,-0.016149043824545
-8.99670162375858,-4.36936379117944,-0.014966159312172
-8.99670162375858,-4.36936379117944,-0.013901563251036
-8.99670162375858,-4.36936379117944,-0.012943426796014
-8.99670162375858,-4.36936379117944,-0.012081103986494
-8.99670162375858,-4.36936379117944,-0.011305013457926
-8.99670162375858,-4.36936379117944,-0.010606531982215
-8.99670162375858,-4.36936379117944,-0.009977898654075
-8.99670162375858,-4.36936379117944,-0.009349265325935
-8.99670162375858,-4.36936379117944,-0.008846358663423
-8.99670162375858,-4.36936379117944,-0.008393742667162
-8.99670162375858,-4.36936379117944,-0.007986388270528
-8.99670162375858,-4.36936379117944,-0.007619769313556
-8.99670162375858,-4.36936379117944,-0.007253150356585
-8.99670162375858,-4.36936379117944,-0.006959855191008
-8.99670162375858,-4.36936379117944,-0.006695889541989
-8.99670162375858,-4.36936379117944,-0.00643192389297
-8.99670162375858,-4.36936379117944,-0.006220751373754
-8.99670162375858,-4.36936379117944,-0.006009578854539
-8.99670162375858,-4.36936379117944,-0.005840640839166
-8.99670162375858,-4.36936379117944,-0.005671702823794
-8.99670162375858,-4.36936379117944,-0.005519658609959
-8.99670162375858,-4.36936379117944,-0.005399712619045
-8.99670162375858,-4.36936379117944,-0.00527976662813
-8.99670162375858,-4.36936379117944,-0.005171815236307
-8.94670229244891,-4.36962238078848,-0.005171815236307
-8.89670296113924,-4.36988097039751,-0.005171815236307
-8.85670349609151,-4.37008784208474,-0.005171815236307
-8.81670403104377,-4.37029471377196,-0.005171815236307
-8.78070451250081,-4.37048089829047,-0.005171815236307
-8.74470499395785,-4.37066708280897,-0.005171815236307
-8.71630537377396,-4.3708139617069,-0.005171815236307
-8.68790575359006,-4.37096084060483,-0.005171815236307
-8.66878600929725,-4.37105972527133,-0.005171815236307
-8.64966626500443,-4.37115860993782,-0.005171815236307
-8.63245849514089,-4.37124760613767,-0.005171815236307
-8.61525072527736,-4.37133660233751,-0.005171815236307
-8.60339648381581,-4.37139791083074,-0.005171815236307
-8.59272766650042,-4.37145308847464,-0.005171815236307
-8.58205884918502,-4.37150826611855,-0.005171815236307
-8.57352379533271,-4.37155240823367,-0.005171815236307
-8.5649887414804,-4.37159655034879,-0.005171815236307
-8.55816069839854,-4.37163186404089,-0.005171815236307
-8.55133265531669,-4.37166717773299,-0.005171815236307
-8.54587022085121,-4.37169542868667,-0.005171815236307
-8.54040778638573,-4.37172367964035,-0.005171815236307
-8.5354915953668,-4.37174910549866,-0.005171815236307
-8.53057540434787,-4.37177453135697,-0.005171815236307
-8.52718869497927,-4.37179204694825,-0.005171815236307
-8.52380198561067,-4.37180956253953,-0.005171815236307
-8.52075394717893,-4.37182532657168,-0.005171815236307
-8.51770590874719,-4.37184109060383,-0.005171815236307
-8.51530134509549,-4.37185352667364,-0.005171815236307
-8.51289678144378,-4.37186596274345,-0.005171815236307
-8.51103747800042,-4.37187557880307,-0.005171815236307
-8.50917817455706,-4.37188519486268,-0.005171815236307
-8.50793118816754,-4.37189164410339,-0.005171815236307
-8.50668420177803,-4.3718980933441,-0.005171815236307
-8.50568421515183,-4.37190326513628,-0.005171815236307
-8.50468422852564,-4.37190843692846,-0.005171815236307
-8.50368424189944,-4.37191360872064,-0.005171815236307
-8.50268425527325,-4.37191878051282,-0.005171815236307
-8.50168426864705,-4.371923952305,-0.005171815236307
-8.45168493733739,-4.37218254191403,-0.005171815236307
-8.40168560602772,-4.37244113152307,-0.005171815236307
-8.35668620784901,-4.3726738621712,-0.005171815236307
-8.31168680967031,-4.37290659281933,-0.005171815236307
-8.28068722425831,-4.37306691837693,-0.005171815236307
-8.24968763884632,-4.37322724393453,-0.005171815236307
-8.22178801197552,-4.37337153693637,-0.005171815236307
-8.19388838510473,-4.37351582993821,-0.005171815236307
-8.17466864214929,-4.37361523178392,-0.005171815236307
-8.15544889919385,-4.37371463362963,-0.005171815236307
-8.1400731048295,-4.3737941551062,-0.005171815236307
-8.12469731046516,-4.37387367658277,-0.005171815236307
-8.11239667497368,-4.37393729376403,-0.005171815236307
-8.10132610303134,-4.37399454922716,-0.005171815236307
-8.09025553108901,-4.37405180469029,-0.005171815236307
-8.08029201634091,-4.37410333460711,-0.005171815236307
-8.07032850159281,-4.37415486452393,-0.005171815236307
-8.06346474698857,-4.37419036291107,-0.005171815236307
-8.05660099238432,-4.37422586129821,-0.005171815236307
-8.05110998870093,-4.37425426000792,-0.005171815236307
-8.04561898501753,-4.37428265871763,-0.005171815236307
-8.04122618207081,-4.3743053776854,-0.005171815236307
-8.0368333791241,-4.37432809665317,-0.005171815236307
-8.03244057617738,-4.37435081562094,-0.005171815236307
-8.02804777323066,-4.37437353458871,-0.005171815236307
-8.02541209146263,-4.37438716596938,-0.005171815236307
-8.0227764096946,-4.37440079735004,-0.005171815236307
-8.02066786428017,-4.37441170245457,-0.005171815236307
-8.01855931886575,-4.3744226075591,-0.005171815236307
-8.01666162799277,-4.37443242215318,-0.005171815236307
-8.01476393711979,-4.37444223674725,-0.005171815236307
-8.01345663896284,-4.37444899791206,-0.005171815236307
-8.0121493408059,-4.37445575907687,-0.005171815236307
-8.01110350228035,-4.37446116800872,-0.005171815236307
-8.01010351565415,-4.3744663398009,-0.005171815236307
-8.00910352902796,-4.37447151159308,-0.005171815236307
-8.00810354240176,-4.37447668338526,-0.005171815236307
-8.00710355577557,-4.37448185517744,-0.005171815236307
-8.00610356914937,-4.37448702696962,-0.005171815236307
-8.00510358252318,-4.3744921987618,-0.005171815236307
-7.95510425121351,-4.37475078837083,-0.005171815236307
-7.90510491990384,-4.37500937797986,-0.005171815236307
-7.86510545485611,-4.37521624966709,-0.005171815236307
-7.82910593631314,-4.37540243418559,-0.005171815236307
-7.79310641777018,-4.3755886187041,-0.005171815236307
-7.76430680293581,-4.3757375663189,-0.005171815236307
-7.73550718810144,-4.3758865139337,-0.005171815236307
-7.71246749623395,-4.37600567202555,-0.005171815236307
-7.68942780436645,-4.37612483011739,-0.005171815236307
-7.67099605087246,-4.37622015659086,-0.005171815236307
-7.65256429737846,-4.37631548306434,-0.005171815236307
-7.63781889458326,-4.37639174424312,-0.005171815236307
-7.62307349178806,-4.3764680054219,-0.005171815236307
-7.61127716955191,-4.37652901436492,-0.005171815236307
-7.59948084731575,-4.37659002330794,-0.005171815236307
-7.58886415730321,-4.37664493135666,-0.005171815236307
-7.57824746729066,-4.37669983940538,-0.005171815236307
-7.57093374750425,-4.37673766495006,-0.005171815236307
-7.56362002771783,-4.37677549049473,-0.005171815236307
-7.55630630793141,-4.37681331603941,-0.005171815236307
-7.54899258814499,-4.37685114158408,-0.005171815236307
-7.54460435627314,-4.37687383691089,-0.005171815236307
-7.54021612440129,-4.37689653223769,-0.005171815236307
-7.53670553890381,-4.37691468849913,-0.005171815236307
-7.53319495340633,-4.37693284476058,-0.005171815236307
-7.53038648500835,-4.37694736976973,-0.005171815236307
-7.52757801661036,-4.37696189477889,-0.005171815236307
-7.52533124189197,-4.37697351478621,-0.005171815236307
-7.52308446717359,-4.37698513479354,-0.005171815236307
-7.52128704739888,-4.3769944307994,-0.005171815236307
-7.51948962762417,-4.37700372680526,-0.005171815236307
-7.51787194982693,-4.37701209321053,-0.005171815236307
-7.51625427202969,-4.3770204596158,-0.005171815236307
-7.51463659423245,-4.37702882602108,-0.005171815236307
-7.51363660760626,-4.37703399781326,-0.005171815236307
-7.51263662098006,-4.37703916960544,-0.005171815236307
-7.51163663435387,-4.37704434139762,-0.005171815236307
-7.51063664772768,-4.3770495131898,-0.005171815236307
-7.50963666110148,-4.37705468498198,-0.005171815236307
-7.50863667447529,-4.37705985677416,-0.005171815236307
-7.45863734316562,-4.37731844638319,-0.005171815236307
-7.41363794498692,-4.37755117703132,-0.005171815236307
-7.36863854680821,-4.37778390767945,-0.005171815236307
-7.33263902826525,-4.37797009219796,-0.005171815236307
-7.29663950972229,-4.37815627671646,-0.005171815236307
-7.26783989488792,-4.37830522433126,-0.005171815236307
-7.23904028005355,-4.37845417194607,-0.005171815236307
-7.21600058818606,-4.37857333003791,-0.005171815236307
-7.19296089631856,-4.37869248812975,-0.005171815236307
-7.17452914282456,-4.37878781460322,-0.005171815236307
-7.15609738933057,-4.3788831410767,-0.005171815236307
-7.13766563583657,-4.37897846755017,-0.005171815236307
-7.12292023304137,-4.37905472872895,-0.005171815236307
-7.10817483024618,-4.37913098990773,-0.005171815236307
-7.09822168335942,-4.37918246620341,-0.005171815236307
-7.08826853647266,-4.37923394249908,-0.005171815236307
-7.08030601896325,-4.37927512353562,-0.005171815236307
-7.07234350145385,-4.37931630457216,-0.005171815236307
-7.06597348744632,-4.3793492494014,-0.005171815236307
-7.0596034734388,-4.37938219423063,-0.005171815236307
-7.05450746223278,-4.37940855009401,-0.005171815236307
-7.04941145102676,-4.3794349059574,-0.005171815236307
-7.04482504094134,-4.37945862623445,-0.005171815236307
-7.04023863085592,-4.3794823465115,-0.005171815236307
-7.03707910390819,-4.37949868714679,-0.005171815236307
-7.03391957696045,-4.37951502778209,-0.005171815236307
-7.03139195540227,-4.37952810029033,-0.005171815236307
-7.02886433384408,-4.37954117279857,-0.005171815236307
-7.02684223659753,-4.37955163080516,-0.005171815236307
-7.02502234907564,-4.3795610430111,-0.005171815236307
-7.02320246155374,-4.37957045521703,-0.005171815236307
-7.02174655153623,-4.37957798498178,-0.005171815236307
-7.02029064151871,-4.37958551474652,-0.005171815236307
-7.0191259135047,-4.37959153855832,-0.005171815236307
-7.01796118549069,-4.37959756237012,-0.005171815236307
-7.0169611988645,-4.3796027341623,-0.005171815236307
-7.0159612122383,-4.37960790595448,-0.005171815236307
-7.01496122561211,-4.37961307774666,-0.005171815236307
-7.01396123898592,-4.37961824953884,-0.005171815236307
-7.01296125235972,-4.37962342133102,-0.005171815236307
-6.96296192105005,-4.37988201094005,-0.005171815236307
-6.91296258974038,-4.38014060054908,-0.005171815236307
-6.87296312469265,-4.38034747223631,-0.005171815236307
-6.83296365964491,-4.38055434392354,-0.005171815236307
-6.80096408760673,-4.38071984127332,-0.005171815236307
-6.76896451556854,-4.3808853386231,-0.005171815236307
-6.74336485793799,-4.38101773650293,-0.005171815236307
-6.71776520030744,-4.38115013438275,-0.005171815236307
-6.697285474203,-4.38125605268661,-0.005171815236307
-6.67680574809855,-4.38136197099047,-0.005171815236307
-6.660421967215,-4.38144670563356,-0.005171815236307
-6.64403818633145,-4.38153144027665,-0.005171815236307
-6.63093116162461,-4.38159922799112,-0.005171815236307
-6.61913483938845,-4.38166023693414,-0.005171815236307
-6.60733851715229,-4.38172124587716,-0.005171815236307
-6.59672182713975,-4.38177615392589,-0.005171815236307
-6.58728476935082,-4.3818249610803,-0.005171815236307
-6.5778477115619,-4.38187376823472,-0.005171815236307
-6.57041602855312,-4.38191220386883,-0.005171815236307
-6.56298434554434,-4.38195063950293,-0.005171815236307
-6.5579827049162,-4.38197650729477,-0.005171815236307
-6.55298106428807,-4.38200237508662,-0.005171815236307
-6.54897975178557,-4.38202306932009,-0.005171815236307
-6.54497843928306,-4.38204376355356,-0.005171815236307
-6.54137725803081,-4.38206238836369,-0.005171815236307
-6.53777607677856,-4.38208101317381,-0.005171815236307
-6.5341748955263,-4.38209963798394,-0.005171815236307
-6.53057371427405,-4.38211826279407,-0.005171815236307
-6.52845301864772,-4.38212923073781,-0.005171815236307
-6.52633232302139,-4.38214019868155,-0.005171815236307
-6.52499588464556,-4.38214711055553,-0.005171815236307
-6.52365944626972,-4.38215402242951,-0.005171815236307
-6.52259029556905,-4.38215955192869,-0.005171815236307
-6.52152114486838,-4.38216508142788,-0.005171815236307
-6.52052115824219,-4.38217025322006,-0.005171815236307
-6.519521171616,-4.38217542501224,-0.005171815236307
-6.5185211849898,-4.38218059680442,-0.005171815236307
-6.51752119836361,-4.3821857685966,-0.005171815236307
-6.46752186705394,-4.38244435820563,-0.005171815236307
-6.41752253574427,-4.38270294781466,-0.005171815236307
-6.37752307069654,-4.38290981950189,-0.005171815236307
-6.3375236056488,-4.38311669118912,-0.005171815236307
-6.30152408710584,-4.38330287570762,-0.005171815236307
-6.26552456856288,-4.38348906022612,-0.005171815236307
-6.23712494837899,-4.38363593912406,-0.005171815236307
-6.20872532819509,-4.38378281802199,-0.005171815236307
-6.1839256598655,-4.38391107846807,-0.005171815236307
-6.1591259915359,-4.38403933891415,-0.005171815236307
-6.144966180909,-4.38411257149143,-0.005171815236307
-6.1308063702821,-4.3841858040687,-0.005171815236307
-6.11947852178059,-4.38424439013053,-0.005171815236307
-6.10815067327907,-4.38430297619235,-0.005171815236307
-6.09908839447785,-4.38434984504181,-0.005171815236307
-6.09002611567664,-4.38439671389127,-0.005171815236307
-6.08187006475554,-4.38443889585578,-0.005171815236307
-6.07371401383445,-4.38448107782029,-0.005171815236307
-6.06555796291335,-4.3845232597848,-0.005171815236307
-6.06075495514871,-4.38454810027502,-0.005171815236307
-6.05595194738407,-4.38457294076523,-0.005171815236307
-6.05210954117235,-4.3845928131574,-0.005171815236307
-6.04826713496064,-4.38461268554957,-0.005171815236307
-6.04519320999126,-4.3846285834633,-0.005171815236307
-6.04211928502189,-4.38464448137704,-0.005171815236307
-6.03966014504639,-4.38465719970803,-0.005171815236307
-6.0372010050709,-4.38466991803902,-0.005171815236307
-6.0352336930905,-4.38468009270381,-0.005171815236307
-6.0332663811101,-4.3846902673686,-0.005171815236307
-6.03169253152578,-4.38469840710044,-0.005171815236307
-6.03011868194146,-4.38470654683227,-0.005171815236307
-6.02885960227401,-4.38471305861773,-0.005171815236307
-6.02760052260655,-4.3847195704032,-0.005171815236307
-6.02659325887259,-4.38472477983157,-0.005171815236307
-6.02558599513862,-4.38472998925995,-0.005171815236307
-6.02458600851243,-4.38473516105213,-0.005171815236307
-6.02358602188624,-4.38474033284431,-0.005171815236307
-6.02258603526004,-4.38474550463649,-0.005171815236307
-6.02158604863385,-4.38475067642867,-0.005171815236307
-5.97158671732418,-4.3850092660377,-0.005171815236307
-5.92158738601451,-4.38526785564673,-0.005171815236307
-5.88158792096678,-4.38547472733396,-0.005171815236307
-5.84158845591904,-4.38568159902119,-0.005171815236307
-5.80558893737608,-4.38586778353969,-0.005171815236307
-5.76958941883312,-4.3860539680582,-0.005171815236307
-5.73758984679493,-4.38621946540798,-0.005171815236307
-5.70559027475674,-4.38638496275776,-0.005171815236307
-5.68719052083478,-4.38648012373388,-0.005171815236307
-5.66879076691282,-4.38657528471001,-0.005171815236307
-5.65407096377526,-4.38665141349091,-0.005171815236307
-5.63935116063769,-4.38672754227181,-0.005171815236307
-5.62757531812764,-4.38678844529653,-0.005171815236307
-5.61579947561758,-4.38684934832125,-0.005171815236307
-5.60637880160954,-4.38689807074102,-0.005171815236307
-5.5969581276015,-4.3869467931608,-0.005171815236307
-5.58942158839506,-4.38698577109662,-0.005171815236307
-5.58188504918863,-4.38702474903244,-0.005171815236307
-5.57510216390284,-4.38705982917468,-0.005171815236307
-5.56907293253769,-4.38709101152333,-0.005171815236307
-5.56304370117254,-4.38712219387199,-0.005171815236307
-5.55889860460901,-4.38714363173669,-0.005171815236307
-5.55516801770182,-4.38716292581492,-0.005171815236307
-5.55143743079464,-4.38718221989315,-0.005171815236307
-5.54845296126889,-4.38719765515574,-0.005171815236307
-5.54546849174314,-4.38721309041832,-0.005171815236307
-5.54248402221739,-4.38722852568091,-0.005171815236307
-5.54039489354937,-4.38723933036472,-0.005171815236307
-5.53830576488135,-4.38725013504853,-0.005171815236307
-5.53663446194693,-4.38725877879557,-0.005171815236307
-5.53496315901251,-4.38726742254262,-0.005171815236307
-5.53345898637153,-4.38727520191496,-0.005171815236307
-5.53195481373055,-4.38728298128731,-0.005171815236307
-5.53091860591121,-4.38728834041048,-0.005171815236307
-5.52988239809188,-4.38729369953365,-0.005171815236307
-5.52888241146568,-4.38729887132583,-0.005171815236307
-5.52788242483949,-4.38730404311801,-0.005171815236307
-5.52688243821329,-4.38730921491019,-0.005171815236307
-5.5258824515871,-4.38731438670237,-0.005171815236307
-5.52488246496091,-4.38731955849455,-0.005171815236307
-5.47488313365124,-4.38757814810358,-0.005171815236307
-5.42488380234157,-4.38783673771261,-0.005171815236307
-5.38488433729383,-4.38804360939984,-0.005171815236307
-5.3448848722461,-4.38825048108707,-0.005171815236307
-5.31288530020791,-4.38841597843685,-0.005171815236307
-5.28088572816972,-4.38858147578663,-0.005171815236307
-5.25208611333535,-4.38873042340143,-0.005171815236307
-5.22328649850098,-4.38887937101624,-0.005171815236307
-5.20344676383731,-4.3889819793731,-0.005171815236307
-5.18360702917363,-4.38908458772997,-0.005171815236307
-5.16773524144269,-4.38916667441546,-0.005171815236307
-5.15186345371175,-4.38924876110095,-0.005171815236307
-5.1375788447539,-4.38932263911789,-0.005171815236307
-5.12329423579605,-4.38939651713483,-0.005171815236307
-5.11345372740287,-4.38944741087984,-0.005171815236307
-5.10361321900968,-4.38949830462484,-0.005171815236307
-5.09475676145582,-4.38954410899535,-0.005171815236307
-5.08590030390195,-4.38958991336585,-0.005171815236307
-5.07979918869818,-4.38962146748775,-0.005171815236307
-5.0736980734944,-4.38965302160966,-0.005171815236307
-5.06881718133139,-4.38967826490718,-0.005171815236307
-5.06393628916837,-4.3897035082047,-0.005171815236307
-5.05954348622165,-4.38972622717247,-0.005171815236307
-5.05515068327493,-4.38974894614024,-0.005171815236307
-5.05212453013386,-4.38976459698471,-0.005171815236307
-5.04909837699279,-4.38978024782917,-0.005171815236307
-5.04667745447993,-4.38979276850474,-0.005171815236307
-5.04449862421836,-4.38980403711276,-0.005171815236307
-5.04253767698294,-4.38981417885997,-0.005171815236307
-5.04057672974753,-4.38982432060718,-0.005171815236307
-5.0390079719592,-4.38983243400495,-0.005171815236307
-5.03743921417087,-4.38984054740272,-0.005171815236307
-5.0361842079402,-4.38984703812094,-0.005171815236307
-5.03492920170954,-4.38985352883915,-0.005171815236307
-5.033925196725,-4.38985872141373,-0.005171815236307
-5.03292119174047,-4.3898639139883,-0.005171815236307
-5.03192120511428,-4.38986908578048,-0.005171815236307
-5.03092121848809,-4.38987425757266,-0.005171815236307
-5.02992123186189,-4.38987942936484,-0.005171815236307
-5.0289212452357,-4.38988460115702,-0.005171815236307
-4.97892191392603,-4.39014319076605,-0.005171815236307
-4.92892258261636,-4.39040178037509,-0.005171815236307
-4.88892311756862,-4.39060865206231,-0.005171815236307
-4.84892365252089,-4.39081552374954,-0.005171815236307
-4.81292413397793,-4.39100170826804,-0.005171815236307
-4.77692461543497,-4.39118789278655,-0.005171815236307
-4.75212494710537,-4.39131615323263,-0.005171815236307
-4.72732527877577,-4.39144441367871,-0.005171815236307
-4.7074855441121,-4.39154702203557,-0.005171815236307
-4.68764580944842,-4.39164963039244,-0.005171815236307
-4.67177402171748,-4.39173171707793,-0.005171815236307
-4.65590223398654,-4.39181380376342,-0.005171815236307
-4.64320480380178,-4.39187947311181,-0.005171815236307
-4.63050737361703,-4.39194514246021,-0.005171815236307
-4.62034942946923,-4.39199767793892,-0.005171815236307
-4.61019148532142,-4.39205021341764,-0.005171815236307
-4.60206513000318,-4.39209224180061,-0.005171815236307
-4.59393877468494,-4.39213427018358,-0.005171815236307
-4.58743769043035,-4.39216789288996,-0.005171815236307
-4.58093660617575,-4.39220151559634,-0.005171815236307
-4.57573573877208,-4.39222841376144,-0.005171815236307
-4.5705348713684,-4.39225531192654,-0.005171815236307
-4.56637417744546,-4.39227683045862,-0.005171815236307
-4.56221348352252,-4.3922983489907,-0.005171815236307
-4.55888492838417,-4.39231556381637,-0.005171815236307
-4.55555637324582,-4.39233277864203,-0.005171815236307
-4.55289352913514,-4.39234655050256,-0.005171815236307
-4.55023068502446,-4.3923603223631,-0.005171815236307
-4.54810040973591,-4.39237133985152,-0.005171815236307
-4.54597013444737,-4.39238235733995,-0.005171815236307
-4.54426591421653,-4.39239117133069,-0.005171815236307
-4.54256169398569,-4.39239998532143,-0.005171815236307
-4.54085747375486,-4.39240879931217,-0.005171815236307
-4.53966451959327,-4.39241496910569,-0.005171815236307
-4.53847156543169,-4.39242113889921,-0.005171815236307
-4.53747157880549,-4.39242631069139,-0.005171815236307
-4.5364715921793,-4.39243148248357,-0.005171815236307
-4.53547160555311,-4.39243665427575,-0.005171815236307
-4.53447161892691,-4.39244182606793,-0.005171815236307
-4.53347163230072,-4.39244699786011,-0.005171815236307
-4.53247164567453,-4.39245216965229,-0.005171815236307
-4.48247231436486,-4.39271075926132,-0.005171815236307
-4.43247298305519,-4.39296934887036,-0.005171815236307
-4.39247351800745,-4.39317622055758,-0.005171815236307
-4.35647399946449,-4.39336240507609,-0.005171815236307
-4.32047448092153,-4.39354858959459,-0.005171815236307
-4.29167486608716,-4.39369753720939,-0.005171815236307
-4.26287525125279,-4.3938464848242,-0.005171815236307
-4.23695559790186,-4.39398053767752,-0.005171815236307
-4.21103594455092,-4.39411459053084,-0.005171815236307
-4.19318018335362,-4.39420693805202,-0.005171815236307
-4.17532442215631,-4.3942992855732,-0.005171815236307
-4.15925423707873,-4.39438239834226,-0.005171815236307
-4.14318405200115,-4.39446551111132,-0.005171815236307
-4.13211348005882,-4.39452276657445,-0.005171815236307
-4.12104290811649,-4.39458002203758,-0.005171815236307
-4.10997233617415,-4.39463727750071,-0.005171815236307
-4.09890176423182,-4.39469453296384,-0.005171815236307
-4.09225942106642,-4.39472888624172,-0.005171815236307
-4.08561707790102,-4.3947632395196,-0.005171815236307
-4.07963896905216,-4.39479415746969,-0.005171815236307
-4.0736608602033,-4.39482507541978,-0.005171815236307
-4.06954260744076,-4.39484637445206,-0.005171815236307
-4.06542435467821,-4.39486767348435,-0.005171815236307
-4.06171792719192,-4.3948868426134,-0.005171815236307
-4.05801149970562,-4.39490601174246,-0.005171815236307
-4.05545818299284,-4.39491921714247,-0.005171815236307
-4.05290486628007,-4.39493242254249,-0.005171815236307
-4.05086221290984,-4.3949429868625,-0.005171815236307
-4.04881955953962,-4.39495355118252,-0.005171815236307
-4.04718543684344,-4.39496200263853,-0.005171815236307
-4.04555131414726,-4.39497045409454,-0.005171815236307
-4.0440806037207,-4.39497806040495,-0.005171815236307
-4.04260989329414,-4.39498566671536,-0.005171815236307
-4.04159673722251,-4.39499090661808,-0.005171815236307
-4.04058358115088,-4.39499614652081,-0.005171815236307
-4.03958359452468,-4.39500131831299,-0.005171815236307
-4.03858360789849,-4.39500649010517,-0.005171815236307
-4.0375836212723,-4.39501166189735,-0.005171815236307
-4.0365836346461,-4.39501683368953,-0.005171815236307
-3.98658430333643,-4.39527542329856,-0.005171815236307
-3.93658497202676,-4.3955340129076,-0.005171815236307
-3.89158557384806,-4.39576674355573,-0.005171815236307
-3.84658617566936,-4.39599947420386,-0.005171815236307
-3.81108665043949,-4.39618307282627,-0.005171815236307
-3.77558712520963,-4.39636667144868,-0.005171815236307
-3.75168744484361,-4.3964902772818,-0.005171815236307
-3.72778776447758,-4.39661388311492,-0.005171815236307
-3.70627805214816,-4.39672512836473,-0.005171815236307
-3.68476833981874,-4.39683637361453,-0.005171815236307
-3.66995053799181,-4.39691300923107,-0.005171815236307
-3.65513273616488,-4.3969896448476,-0.005171815236307
-3.64179671452064,-4.39705861690248,-0.005171815236307
-3.6284606928764,-4.39712758895736,-0.005171815236307
-3.6192736557437,-4.39717510303961,-0.005171815236307
-3.610086618611,-4.39722261712186,-0.005171815236307
-3.60273698890484,-4.39726062838766,-0.005171815236307
-3.59538735919868,-4.39729863965346,-0.005171815236307
-3.58950765543375,-4.3973290486661,-0.005171815236307
-3.58362795166883,-4.39735945767874,-0.005171815236307
-3.5777482479039,-4.39738986669138,-0.005171815236307
-3.57363245526845,-4.39741115300023,-0.005171815236307
-3.569516662633,-4.39743243930908,-0.005171815236307
-3.5658124492611,-4.39745159698704,-0.005171815236307
-3.56210823588919,-4.397470754665,-0.005171815236307
-3.55918602311802,-4.39748586794429,-0.005171815236307
-3.55626381034685,-4.39750098122357,-0.005171815236307
-3.55400424018999,-4.39751266740713,-0.005171815236307
-3.55174467003313,-4.39752435359068,-0.005171815236307
-3.55000327816907,-4.39753335982796,-0.005171815236307
-3.54826188630501,-4.39754236606523,-0.005171815236307
-3.54709472982945,-4.39754840243669,-0.005171815236307
-3.54592757335389,-4.39755443880816,-0.005171815236307
-3.5449275867277,-4.39755961060034,-0.005171815236307
-3.54392760010151,-4.39756478239252,-0.005171815236307
-3.54292761347531,-4.3975699541847,-0.005171815236307
-3.54192762684912,-4.39757512597688,-0.005171815236307
-3.54092764022293,-4.39758029776906,-0.005171815236307
-3.53992765359673,-4.39758546956124,-0.005171815236307
-3.48992832228706,-4.39784405917027,-0.005171815236307
-3.43992899097739,-4.39810264877931,-0.005171815236307
-3.39992952592966,-4.39830952046653,-0.005171815236307
-3.3639300073867,-4.39849570498504,-0.005171815236307
-3.32793048884373,-4.39868188950354,-0.005171815236307
-3.29913087400936,-4.39883083711834,-0.005171815236307
-3.27033125917499,-4.39897978473315,-0.005171815236307
-3.24153164434062,-4.39912873234795,-0.005171815236307
-3.21849195247313,-4.39924789043979,-0.005171815236307
-3.19545226060563,-4.39936704853163,-0.005171815236307
-3.17759649940832,-4.39945939605281,-0.005171815236307
-3.1638302835175,-4.39953059301269,-0.005171815236307
-3.15006406762667,-4.39960178997256,-0.005171815236307
-3.139051094914,-4.39965874754046,-0.005171815236307
-3.12803812220134,-4.39971570510836,-0.005171815236307
-3.11922774403121,-4.39976127116269,-0.005171815236307
-3.11041736586108,-4.39980683721701,-0.005171815236307
-3.10336906332498,-4.39984329006046,-0.005171815236307
-3.09702559104248,-4.39987609761957,-0.005171815236307
-3.09068211875999,-4.39990890517869,-0.005171815236307
-3.08560734093399,-4.39993515122597,-0.005171815236307
-3.080532563108,-4.39996139727326,-0.005171815236307
-3.075457785282,-4.39998764332055,-0.005171815236307
-3.07190544080381,-4.40000601555365,-0.005171815236307
-3.06835309632561,-4.40002438778675,-0.005171815236307
-3.06551122074305,-4.40003908557324,-0.005171815236307
-3.0626693451605,-4.40005378335972,-0.005171815236307
-3.06011165713619,-4.40006701136755,-0.005171815236307
-3.05783815667015,-4.40007876959673,-0.005171815236307
-3.0555646562041,-4.40009052782592,-0.005171815236307
-3.0540016246337,-4.40009861160848,-0.005171815236307
-3.05243859306329,-4.40010669539105,-0.005171815236307
-3.05118816780696,-4.4001131624171,-0.005171815236307
-3.04993774255064,-4.40011962944315,-0.005171815236307
-3.04893740234558,-4.400124803064,-0.005171815236307
-3.04793706214052,-4.40012997668484,-0.005171815236307
-3.04693707551433,-4.40013514847702,-0.005171815236307
-3.04593708888813,-4.4001403202692,-0.005171815236307
-3.04493710226194,-4.40014549206138,-0.005171815236307
-3.04393711563575,-4.40015066385356,-0.005171815236307
-3.04293712900955,-4.40015583564574,-0.005171815236307
-3.04193714238336,-4.40016100743792,-0.005171815236307
-2.99193781107369,-4.40041959704695,-0.005171815236307
-2.94193847976402,-4.40067818665599,-0.005171815236307
-2.90193901471628,-4.40088505834321,-0.005171815236307
-2.86193954966855,-4.40109193003044,-0.005171815236307
-2.82993997763036,-4.40125742738022,-0.005171815236307
-2.79794040559217,-4.40142292473,-0.005171815236307
-2.77234074796162,-4.40155532260983,-0.005171815236307
-2.74674109033107,-4.40168772048965,-0.005171815236307
-2.72370139846358,-4.40180687858149,-0.005171815236307
-2.70066170659608,-4.40192603667334,-0.005171815236307
-2.68018198049164,-4.4020319549772,-0.005171815236307
-2.66635816537114,-4.4021034498323,-0.005171815236307
-2.65253435025064,-4.40217494468741,-0.005171815236307
-2.6400929166422,-4.402239290057,-0.005171815236307
-2.62765148303375,-4.4023036354266,-0.005171815236307
-2.61908071765904,-4.40234796223676,-0.005171815236307
-2.61050995228433,-4.40239228904693,-0.005171815236307
-2.60365333998456,-4.40242775049506,-0.005171815236307
-2.5967967276848,-4.40246321194319,-0.005171815236307
-2.59062577661501,-4.40249512724651,-0.005171815236307
-2.58575758188217,-4.40252030487469,-0.005171815236307
-2.58088938714934,-4.40254548250286,-0.005171815236307
-2.57650801188979,-4.40256814236822,-0.005171815236307
-2.57212663663024,-4.40259080223358,-0.005171815236307
-2.56910835589588,-4.40260641236304,-0.005171815236307
-2.56609007516152,-4.40262202249251,-0.005171815236307
-2.5633736225006,-4.40263607160903,-0.005171815236307
-2.56065716983968,-4.40265012072555,-0.005171815236307
-2.55878583578438,-4.40265979900582,-0.005171815236307
-2.55691450172908,-4.40266947728609,-0.005171815236307
-2.55541743448483,-4.40267721991031,-0.005171815236307
-2.55392036724059,-4.40268496253453,-0.005171815236307
-2.55242329999635,-4.40269270515874,-0.005171815236307
-2.55137535292538,-4.40269812499569,-0.005171815236307
-2.55037536629919,-4.40270329678787,-0.005171815236307
-2.549375379673,-4.40270846858005,-0.005171815236307
-2.5483753930468,-4.40271364037224,-0.005171815236307
-2.54737540642061,-4.40271881216442,-0.005171815236307
-2.54637541979442,-4.4027239839566,-0.005171815236307
-2.54537543316822,-4.40272915574878,-0.005171815236307
-2.49537610185855,-4.40298774535781,-0.005171815236307
-2.44537677054888,-4.40324633496684,-0.005171815236307
-2.40037737237018,-4.40347906561497,-0.005171815236307
-2.35537797419148,-4.4037117962631,-0.005171815236307
-2.32437838877948,-4.4038721218207,-0.005171815236307
-2.29337880336749,-4.4040324473783,-0.005171815236307
-2.26547917649669,-4.40417674038014,-0.005171815236307
-2.2375795496259,-4.40432103338198,-0.005171815236307
-2.21835980667046,-4.4044204352277,-0.005171815236307
-2.19914006371502,-4.40451983707341,-0.005171815236307
-2.18376426935067,-4.40459935854998,-0.005171815236307
-2.16838847498632,-4.40467888002655,-0.005171815236307
-2.15608783949484,-4.40474249720781,-0.005171815236307
-2.14378720400337,-4.40480611438906,-0.005171815236307
-2.13394669561018,-4.40485700813407,-0.005171815236307
-2.124106187217,-4.40490790187907,-0.005171815236307
-2.11623378050245,-4.40494861687508,-0.005171815236307
-2.1083613737879,-4.40498933187108,-0.005171815236307
-2.10127620774481,-4.40502597536748,-0.005171815236307
-2.09419104170172,-4.40506261886389,-0.005171815236307
-2.0893101495387,-4.40508786216141,-0.005171815236307
-2.08442925737568,-4.40511310545893,-0.005171815236307
-2.08052454364527,-4.40513330009695,-0.005171815236307
-2.07661982991485,-4.40515349473497,-0.005171815236307
-2.07310558755748,-4.40517166990918,-0.005171815236307
-2.0695913452001,-4.4051898450834,-0.005171815236307
-2.06717042268725,-4.40520236575897,-0.005171815236307
-2.06474950017439,-4.40521488643454,-0.005171815236307
-2.06257066991282,-4.40522615504256,-0.005171815236307
-2.06039183965124,-4.40523742365057,-0.005171815236307
-2.05867298466712,-4.40524631333023,-0.005171815236307
-2.05695412968299,-4.40525520300988,-0.005171815236307
-2.05579692872184,-4.4052611878928,-0.005171815236307
-2.05463972776069,-4.40526717277573,-0.005171815236307
-2.0536397411345,-4.40527234456791,-0.005171815236307
-2.05263975450831,-4.40527751636009,-0.005171815236307
-2.05163976788211,-4.40528268815227,-0.005171815236307
-2.05063978125592,-4.40528785994445,-0.005171815236307
-2.04963979462973,-4.40529303173663,-0.005171815236307
-2.04863980800353,-4.40529820352881,-0.005171815236307
-1.99864047669386,-4.40555679313784,-0.005171815236307
-1.9486411453842,-4.40581538274687,-0.005171815236307
-1.90864168033646,-4.4060222544341,-0.005171815236307
-1.86864221528872,-4.40622912612133,-0.005171815236307
-1.83664264325054,-4.40639462347111,-0.005171815236307
-1.80464307121235,-4.40656012082089,-0.005171815236307
-1.7790434135818,-4.40669251870072,-0.005171815236307
-1.75344375595125,-4.40682491658054,-0.005171815236307
-1.73040406408375,-4.40694407467238,-0.005171815236307
-1.71222830716606,-4.40703807716706,-0.005171815236307
-1.69405255024837,-4.40713207966173,-0.005171815236307
-1.67769436902245,-4.40721668190694,-0.005171815236307
-1.66133618779652,-4.40730128415215,-0.005171815236307
-1.65006721850756,-4.40735956569885,-0.005171815236307
-1.63879824921859,-4.40741784724555,-0.005171815236307
-1.62978307378741,-4.40746447248291,-0.005171815236307
-1.62076789835624,-4.40751109772027,-0.005171815236307
-1.6135557580113,-4.40754839791015,-0.005171815236307
-1.60634361766636,-4.40758569810004,-0.005171815236307
-1.60057390539041,-4.40761553825195,-0.005171815236307
-1.59480419311445,-4.40764537840386,-0.005171815236307
-1.5896114520661,-4.40767223454058,-0.005171815236307
-1.58441871101774,-4.4076990906773,-0.005171815236307
-1.58084148940665,-4.40771759157148,-0.005171815236307
-1.57726426779556,-4.40773609246567,-0.005171815236307
-1.57440249050669,-4.40775089318101,-0.005171815236307
-1.57154071321782,-4.40776569389636,-0.005171815236307
-1.56867893592894,-4.40778049461171,-0.005171815236307
-1.56667569182673,-4.40779085511245,-0.005171815236307
-1.56467244772452,-4.4078012156132,-0.005171815236307
-1.56306985244275,-4.40780950401379,-0.005171815236307
-1.56146725716099,-4.40781779241439,-0.005171815236307
-1.56002492140739,-4.40782525197492,-0.005171815236307
-1.5585825856538,-4.40783271153545,-0.005171815236307
-1.55758259902761,-4.40783788332764,-0.005171815236307
-1.55658261240142,-4.40784305511982,-0.005171815236307
-1.55558262577522,-4.407848226912,-0.005171815236307
-1.55458263914903,-4.40785339870418,-0.005171815236307
-1.55358265252284,-4.40785857049636,-0.005171815236307
-1.55258266589664,-4.40786374228854,-0.005171815236307
-1.50258333458697,-4.40812233189757,-0.005171815236307
-1.4525840032773,-4.4083809215066,-0.005171815236307
-1.41258453822957,-4.40858779319383,-0.005171815236307
-1.37258507318183,-4.40879466488106,-0.005171815236307
-1.33658555463887,-4.40898084939956,-0.005171815236307
-1.30058603609591,-4.40916703391806,-0.005171815236307
-1.27578636776631,-4.40929529436415,-0.005171815236307
-1.25098669943672,-4.40942355481023,-0.005171815236307
-1.23114696477304,-4.40952616316709,-0.005171815236307
-1.21329120357573,-4.40961851068827,-0.005171815236307
-1.19543544237842,-4.40971085820945,-0.005171815236307
-1.18115083342057,-4.40978473622639,-0.005171815236307
-1.16686622446273,-4.40985861424333,-0.005171815236307
-1.15543853729645,-4.40991771665688,-0.005171815236307
-1.14401085013017,-4.40997681907044,-0.005171815236307
-1.13372593168052,-4.41003001124264,-0.005171815236307
-1.12344101323087,-4.41008320341484,-0.005171815236307
-1.11635584718778,-4.41011984691124,-0.005171815236307
-1.10927068114469,-4.41015649040764,-0.005171815236307
-1.10360254831021,-4.41018580520477,-0.005171815236307
-1.09850122875919,-4.41021218852218,-0.005171815236307
-1.09339990920816,-4.41023857183959,-0.005171815236307
-1.08931885356734,-4.41025967849352,-0.005171815236307
-1.08523779792652,-4.41028078514744,-0.005171815236307
-1.08197295341386,-4.41029767047059,-0.005171815236307
-1.0787081089012,-4.41031455579373,-0.005171815236307
-1.07576974883981,-4.41032975258456,-0.005171815236307
-1.07283138877842,-4.41034494937539,-0.005171815236307
-1.07051334917443,-4.41035693795482,-0.005171815236307
-1.06819530957045,-4.41036892653425,-0.005171815236307
-1.0666347138934,-4.41037699771871,-0.005171815236307
-1.06507411821635,-4.41038506890317,-0.005171815236307
-1.06382564167471,-4.41039152585074,-0.005171815236307
-1.06257716513307,-4.41039798279831,-0.005171815236307
-1.06157717850687,-4.41040315459049,-0.005171815236307
-1.06057719188068,-4.41040832638267,-0.005171815236307
-1.05957720525449,-4.41041349817485,-0.005171815236307
-1.05857721862829,-4.41041866996703,-0.005171815236307
-1.0575772320021,-4.41042384175921,-0.005171815236307
-1.00757790069243,-4.41068243136825,-0.005171815236307
-0.957578569382762,-4.41094102097728,-0.005171815236307
-0.917579104335026,-4.41114789266451,-0.005171815236307
-0.87757963928729,-4.41135476435173,-0.005171815236307
-0.841580120744328,-4.41154094887024,-0.005171815236307
-0.813180500560436,-4.41168782776817,-0.005171815236307
-0.784780880376544,-4.4118347066661,-0.005171815236307
-0.76206118422943,-4.41195220978444,-0.005171815236307
-0.739341488082316,-4.41206971290279,-0.005171815236307
-0.721165731164625,-4.41216371539746,-0.005171815236307
-0.702989974246934,-4.41225771789214,-0.005171815236307
-0.688449368712781,-4.41233291988788,-0.005171815236307
-0.673908763178628,-4.41240812188362,-0.005171815236307
-0.662276278751306,-4.41246828348021,-0.005171815236307
-0.650643794323984,-4.41252844507681,-0.005171815236307
-0.641337806782126,-4.41257657435408,-0.005171815236307
-0.632031819240268,-4.41262470363135,-0.005171815236307
-0.624587029206782,-4.41266320705317,-0.005171815236307
-0.617142239173295,-4.41270171047499,-0.005171815236307
-0.611186407146506,-4.41273251321245,-0.005171815236307
-0.605230575119717,-4.4127633159499,-0.005171815236307
-0.600465909498286,-4.41278795813987,-0.005171815236307
-0.595701243876855,-4.41281260032983,-0.005171815236307
-0.59188951137971,-4.4128323140818,-0.005171815236307
-0.588077778882565,-4.41285202783377,-0.005171815236307
-0.585028392884849,-4.41286779883535,-0.005171815236307
-0.582283945486905,-4.41288199273677,-0.005171815236307
-0.57953949808896,-4.41289618663819,-0.005171815236307
-0.577343940170605,-4.41290754175933,-0.005171815236307
-0.575148382252249,-4.41291889688046,-0.005171815236307
-0.572952824333894,-4.4129302520016,-0.005171815236307
-0.571415933791045,-4.41293820058639,-0.005171815236307
-0.569879043248196,-4.41294614917119,-0.005171815236307
-0.568649530813917,-4.41295250803902,-0.005171815236307
-0.567420018379638,-4.41295886690686,-0.005171815236307
-0.566420031753445,-4.41296403869904,-0.005171815236307
-0.565420045127251,-4.41296921049122,-0.005171815236307
-0.564420058501058,-4.4129743822834,-0.005171815236307
-0.563420071874865,-4.41297955407558,-0.005171815236307
-0.562420085248671,-4.41298472586776,-0.005171815236307
-0.561420098622478,-4.41298989765994,-0.005171815236307
-0.511420767312808,-4.41324848726898,-0.005171815236307
-0.466421369134106,-4.41348121791711,-0.005171815236307
-0.421421970955403,-4.41371394856524,-0.005171815236307
-0.380922512594571,-4.41392340614855,-0.005171815236307
-0.340423054233738,-4.41413286373187,-0.005171815236307
-0.312523427362943,-4.41427715673371,-0.005171815236307
-0.284623800492147,-4.41442144973555,-0.005171815236307
-0.259514136308431,-4.41455131343721,-0.005171815236307
-0.234404472124715,-4.41468117713886,-0.005171815236307
-0.217106703464822,-4.4147706388,-0.005171815236307
-0.199808934804929,-4.41486010046114,-0.005171815236307
-0.184240943011025,-4.41494061595617,-0.005171815236307
-0.168672951217121,-4.4150211314512,-0.005171815236307
-0.157948334647987,-4.41507659768111,-0.005171815236307
-0.148296179735766,-4.41512651728802,-0.005171815236307
-0.138644024823546,-4.41517643689494,-0.005171815236307
-0.13092230089377,-4.41521637258047,-0.005171815236307
-0.123200576963993,-4.41525630826601,-0.005171815236307
-0.117023197820172,-4.41528825681443,-0.005171815236307
-0.110845818676351,-4.41532020536286,-0.005171815236307
-0.105903915361294,-4.4153457642016,-0.005171815236307
-0.100962012046237,-4.41537132304034,-0.005171815236307
-0.097008489394192,-4.41539177011133,-0.005171815236307
-0.093054966742146,-4.41541221718233,-0.005171815236307
-0.08989214862051,-4.41542857483912,-0.005171815236307
-0.086729330498874,-4.41544493249592,-0.005171815236307
-0.083882794189401,-4.41545965438703,-0.005171815236307
-0.081036257879928,-4.41547437627815,-0.005171815236307
-0.078189721570455,-4.41548909816926,-0.005171815236307
-0.075343185260983,-4.41550382006038,-0.005171815236307
-0.073951545287463,-4.41551101742937,-0.005171815236307
-0.072559905313943,-4.41551821479836,-0.005171815236307
-0.071446593335127,-4.41552397269355,-0.005171815236307
-0.070333281356311,-4.41552973058874,-0.005171815236307
-0.069333294730117,-4.41553490238092,-0.005171815236307
-0.068333308103924,-4.4155400741731,-0.005171815236307
-0.06733332147773,-4.41554524596528,-0.005171815236307
-0.066333334851537,-4.41555041775746,-0.005171815236307
-0.065333348225344,-4.41555558954964,-0.005171815236307
-0.06433336159915,-4.41556076134182,-0.005171815236307
-0.06433336159915,-4.41556076134182,-0.162251447915797
-0.06433336159915,-4.41556076134182,-0.319331080595287
-0.06433336159915,-4.41556076134182,-0.476410713274776
-0.06433336159915,-4.41556076134182,-0.633490345954266
-0.06433336159915,-4.41556076134182,-0.790569978633756
-0.06433336159915,-4.41556076134182,-0.947649611313245
-0.06433336159915,-4.41556076134182,-1.10472924399273
-0.06433336159915,-4.41556076134182,-1.26180887667222
-0.06433336159915,-4.41556076134182,-1.41888850935171
-0.06433336159915,-4.41556076134182,-1.5759681420312
-0.06433336159915,-4.41556076134182,-1.73304777471069
-0.06433336159915,-4.41556076134182,-1.89012740739018
-0.06433336159915,-4.41556076134182,-2.04720704006967
-0.06433336159915,-4.41556076134182,-2.20428667274916
-0.06433336159915,-4.41556076134182,-2.36136630542865
-0.06433336159915,-4.41556076134182,-2.51844593810814
-0.06433336159915,-4.41556076134182,-2.67552557078763
-0.06433336159915,-4.41556076134182,-2.83260520346712
-0.06433336159915,-4.41556076134182,-2.98968483614661
-0.06433336159915,-4.41556076134182,3.13642083835349
-0.06433336159915,-4.41556076134182,2.979341205674
-0.06433336159915,-4.41556076134182,2.83796953626246
-0.06433336159915,-4.41556076134182,2.69659786685091
-0.06433336159915,-4.41556076134182,2.58350053132168
-0.06433336159915,-4.41556076134182,2.47040319579245
-0.06433336159915,-4.41556076134182,2.36861559381614
-0.06433336159915,-4.41556076134182,2.27813772539275
-0.06433336159915,-4.41556076134182,2.20688640400934
-0.06433336159915,-4.41556076134182,2.14276021476426
-0.06433336159915,-4.41556076134182,2.0850466444437
-0.06433336159915,-4.41556076134182,2.03310443115519
-0.06433336159915,-4.41556076134182,1.98635643919553
-0.06433336159915,-4.41556076134182,1.93960844723587
-0.06433336159915,-4.41556076134182,1.90221005366814
-0.06433336159915,-4.41556076134182,1.86481166010041
-0.06433336159915,-4.41556076134182,1.83489294524623
-0.06433336159915,-4.41556076134182,1.80796610187746
-0.06433336159915,-4.41556076134182,1.78373194284558
-0.06433336159915,-4.41556076134182,1.76192119971688
-0.06433336159915,-4.41556076134182,1.74229153090105
-0.06433336159915,-4.41556076134182,1.7246248289668
-0.06433336159915,-4.41556076134182,1.70695812703256
-0.06433336159915,-4.41556076134182,1.69105809529174
-0.06433336159915,-4.41556076134182,1.67851473691842
-0.06433336159915,-4.41556076134182,1.66722571438244
-0.06433336159915,-4.41556076134182,1.65706559410005
-0.06433336159915,-4.41556076134182,1.64792148584591
-0.06433336159915,-4.41556076134182,1.63969178841718
-0.06433336159915,-4.41556076134182,1.63228506073132
-0.06433336159915,-4.41556076134182,1.62561900581404
-0.06433336159915,-4.41556076134182,1.6196195563885
-0.06433336159915,-4.41556076134182,1.61422005190551
-0.06433336159915,-4.41556076134182,1.60936049787082
-0.06433336159915,-4.41556076134182,1.60498689923959
-0.06433336159915,-4.41556076134182,1.60105066047149
-0.06433336159915,-4.41556076134182,1.59711442170339
-0.06433336159915,-4.41556076134182,1.5935718068121
-0.06433336159915,-4.41556076134182,1.59042281579762
-0.06433336159915,-4.41556076134182,1.58762808627227
-0.06433336159915,-4.41556076134182,1.58483335674692
-0.06433336159915,-4.41556076134182,1.58291247222809
-0.06433336159915,-4.41556076134182,1.58118367616114
-0.06433336159915,-4.41556076134182,1.57962775970088
-0.06433336159915,-4.41556076134182,1.57822743488665
-0.06433336159915,-4.41556076134182,1.57682711007242
-0.06433336159915,-4.41556076134182,1.57570685022104
-0.06433336159915,-4.41556076134182,1.5746986163548
-0.06433336159915,-4.41556076134182,1.57369038248855
-0.06433336159915,-4.41556076134182,1.57288379539555
-0.06433336159915,-4.41556076134182,1.57207720830256
-0.06433336159915,-4.41556076134182,1.57127062120956
-0.06433336159915,-4.41556076134182,1.57062535153517
-0.06433336159915,-4.41556076134182,1.57012526753751
-0.06433336159915,-4.41556076134182,1.56967519193962
-0.06433336159915,-4.41556076134182,1.56927012390151
-0.06433336159915,-4.41556076134182,1.56886505586341
-0.06433336159915,-4.41556076134182,1.56850049462912
-0.06433336159915,-4.41556076134182,1.56821289632207
-0.06433336159915,-4.41556076134182,1.56792529801501
-0.06433336159915,-4.41556076134182,1.56769521936937
-0.06433336159915,-4.41556076134182,1.56746514072373
-0.06433336159915,-4.41556076134182,1.56725806994265
-0.06433336159915,-4.41556076134182,1.56709471410424
-0.06433336159915,-4.41556076134182,1.56694769384968
-0.06433336159915,-4.41556076134182,1.56680067359511
-0.06433336159915,-4.41556076134182,1.56668305739146
-0.06433336159915,-4.41556076134182,1.56656544118781
-0.06433336159915,-4.41556076134182,1.56644782498416
-0.064115937193845,-4.36556123407778,1.56644782498416
-0.063898512788539,-4.31556170681373,1.56644782498416
-0.063724573264295,-4.2755620850025,1.56644782498416
-0.06355063374005,-4.23556246319126,1.56644782498416
-0.06339408816823,-4.19956280356115,1.56644782498416
-0.06323754259641,-4.16356314393103,1.56644782498416
-0.063129700091379,-4.13876337840807,1.56644782498416
-0.063021857586347,-4.1139636128851,1.56644782498416
-0.062935583582322,-4.09412380046673,1.56644782498416
-0.062849309578297,-4.07428398804836,1.56644782498416
-0.062780290375076,-4.05841213811366,1.56644782498416
-0.062711271171856,-4.04254028817896,1.56644782498416
-0.06265605580928,-4.0298428082312,1.56644782498416
-0.062600840446704,-4.01714532828344,1.56644782498416
-0.062551146620385,-4.00571759633046,1.56644782498416
-0.062501452794067,-3.99428986437747,1.56644782498416
-0.062467219269269,-3.98641742680986,1.56644782498416
-0.062432985744472,-3.97854498924225,1.56644782498416
-0.062405598924634,-3.97224703918817,1.56644782498416
-0.062378212104797,-3.96594908913408,1.56644782498416
-0.062353563966943,-3.9602809340854,1.56644782498416
-0.062328915829089,-3.95461277903672,1.56644782498416
-0.062311936000789,-3.95070805000318,1.56644782498416
-0.06229495617249,-3.94680332096965,1.56644782498416
-0.06228137230985,-3.94367953774282,1.56644782498416
-0.062267788447211,-3.94055575451599,1.56644782498416
-0.062256921357099,-3.93805672793453,1.56644782498416
-0.062246054266988,-3.93555770135307,1.56644782498416
-0.062237360594898,-3.9335584800879,1.56644782498416
-0.062228666922809,-3.93155925882273,1.56644782498416
-0.062221711985138,-3.92995988181059,1.56644782498416
-0.062214757047466,-3.92836050479846,1.56644782498416
-0.062209193097329,-3.92708100318875,1.56644782498416
-0.062203629147192,-3.92580150157904,1.56644782498416
-0.062199177987082,-3.92477790029127,1.56644782498416
-0.062194726826972,-3.92375429900351,1.56644782498416
-0.062190378338866,-3.92275430845822,1.56644782498416
-0.06218602985076,-3.92175431791294,1.56644782498416
-0.062181681362654,-3.92075432736766,1.56644782498416
-0.062177332874548,-3.91975433682238,1.56644782498416
-0.062172984386442,-3.9187543462771,1.56644782498416
-0.062168635898336,-3.91775435573182,1.56644782498416
-0.06216428741023,-3.91675436518654,1.56644782498416
-0.062159938922123,-3.91575437464126,1.56644782498416
-0.061942514516818,-3.86575484737721,1.56644782498416
-0.061725090111512,-3.81575532011317,1.56644782498416
-0.061551150587268,-3.77575569830193,1.56644782498416
-0.061377211063023,-3.73575607649069,1.56644782498416
-0.061238059443628,-3.70375637904171,1.56644782498416
-0.061098907824232,-3.67175668159272,1.56644782498416
-0.060973671366776,-3.64295695388863,1.56644782498416
-0.06084843490932,-3.61415722618454,1.56644782498416
-0.060749637259549,-3.59143744099576,1.56644782498416
-0.060673243020501,-3.57386960709626,1.56644782498416
-0.060596848781453,-3.55630177319677,1.56644782498416
-0.060535733390214,-3.54224750607717,1.56644782498416
-0.060474617998976,-3.52819323895757,1.56644782498416
-0.060413502607737,-3.51413897183798,1.56644782498416
-0.060352387216499,-3.50008470471838,1.56644782498416
-0.06029127182526,-3.48603043759879,1.56644782498416
-0.060260714129641,-3.47900330403899,1.56644782498416
-0.060230156434022,-3.47197617047919,1.56644782498416
-0.060205710277526,-3.46635446363135,1.56644782498416
-0.060181264121031,-3.46073275678351,1.56644782498416
-0.060161707195835,-3.45623539130524,1.56644782498416
-0.060142150270638,-3.45173802582697,1.56644782498416
-0.060126504730481,-3.44814013344436,1.56644782498416
-0.060110859190324,-3.44454224106174,1.56644782498416
-0.060098342758199,-3.44166392715565,1.56644782498416
-0.060085826326073,-3.43878561324955,1.56644782498416
-0.060075813180372,-3.43648296212468,1.56644782498416
-0.060065800034672,-3.4341803109998,1.56644782498416
-0.060057789518111,-3.4323381900999,1.56644782498416
-0.060049779001551,-3.4304960692,1.56644782498416
-0.060043370588303,-3.42902237248009,1.56644782498416
-0.060036962175054,-3.42754867576017,1.56644782498416
-0.060031835444456,-3.42636971838423,1.56644782498416
-0.060027221386917,-3.42530865674589,1.56644782498416
-0.060022607329378,-3.42424759510754,1.56644782498416
-0.060018258841272,-3.42324760456226,1.56644782498416
-0.060013910353166,-3.42224761401698,1.56644782498416
-0.06000956186506,-3.4212476234717,1.56644782498416
-0.060005213376954,-3.42024763292642,1.56644782498416
-0.059787788971648,-3.37024810566238,1.56644782498416
-0.059570364566343,-3.32024857839833,1.56644782498416
-0.059374682601568,-3.27524900386069,1.56644782498416
-0.059179000636792,-3.23024942932305,1.56644782498416
-0.059024629309026,-3.19474976496558,1.56644782498416
-0.058870257981259,-3.15925010060811,1.56644782498416
-0.058750891982746,-3.13180036014015,1.56644782498416
-0.058631525984233,-3.10435061967218,1.56644782498416
-0.0585514703182,-3.08594079373356,1.56644782498416
-0.058471414652166,-3.06753096779494,1.56644782498416
-0.058407370119339,-3.05280310704404,1.56644782498416
-0.058343325586512,-3.03807524629315,1.56644782498416
-0.058285685506968,-3.02482017161734,1.56644782498416
-0.058228045427424,-3.01156509694153,1.56644782498416
-0.058188337817072,-3.00243382327598,1.56644782498416
-0.058148630206719,-2.99330254961042,1.56644782498416
-0.058116864118437,-2.98599753067798,1.56644782498416
-0.058085098030155,-2.97869251174553,1.56644782498416
-0.058053331941873,-2.97138749281308,1.56644782498416
-0.058031095680075,-2.96627397956037,1.56644782498416
-0.058008859418278,-2.96116046630766,1.56644782498416
-0.05798884678266,-2.95655830438022,1.56644782498416
-0.057971057773222,-2.95246749377805,1.56644782498416
-0.057953268763784,-2.94837668317588,1.56644782498416
-0.057939259918852,-2.94515516982668,1.56644782498416
-0.057925251073919,-2.94193365647747,1.56644782498416
-0.057915822898917,-2.93976552685832,1.56644782498416
-0.057906394723915,-2.93759739723917,1.56644782498416
-0.057898852183913,-2.93586289354385,1.56644782498416
-0.057891309643912,-2.93412838984853,1.56644782498416
-0.05788527561191,-2.93274078689227,1.56644782498416
-0.057879241579909,-2.93135318393602,1.56644782498416
-0.057874414354308,-2.93024310157101,1.56644782498416
-0.057869587128707,-2.92913301920601,1.56644782498416
-0.057865238640601,-2.92813302866073,1.56644782498416
-0.057860890152494,-2.92713303811544,1.56644782498416
-0.057856541664388,-2.92613304757016,1.56644782498416
-0.057852193176282,-2.92513305702488,1.56644782498416
-0.057634768770977,-2.87513352976084,1.56644782498416
-0.057417344365671,-2.82513400249679,1.56644782498416
-0.057243404841427,-2.78513438068556,1.56644782498416
-0.057069465317182,-2.74513475887432,1.56644782498416
-0.056912919745362,-2.70913509924421,1.56644782498416
-0.056756374173542,-2.6731354396141,1.56644782498416
-0.056632877111329,-2.64473570812812,1.56644782498416
-0.056509380049115,-2.61633597664214,1.56644782498416
-0.056426236956526,-2.59721615741637,1.56644782498416
-0.056343093863937,-2.5780963381906,1.56644782498416
-0.056276579389866,-2.56280048280998,1.56644782498416
-0.056210064915795,-2.54750462742937,1.56644782498416
-0.056156853336538,-2.53526794312487,1.56644782498416
-0.056108962915207,-2.52425492725083,1.56644782498416
-0.056061072493876,-2.51324191137678,1.56644782498416
-0.056022760156811,-2.50443149867755,1.56644782498416
-0.055984447819746,-2.49562108597831,1.56644782498416
-0.055953797950094,-2.48857275581893,1.56644782498416
-0.055923148080442,-2.48152442565954,1.56644782498416
-0.055898628184721,-2.47588576153203,1.56644782498416
-0.055874108288999,-2.47024709740452,1.56644782498416
-0.055854492372422,-2.46573616610251,1.56644782498416
-0.055834876455845,-2.4612252348005,1.56644782498416
-0.055819183722583,-2.45761648975889,1.56644782498416
-0.055803490989321,-2.45400774471729,1.56644782498416
-0.055790936802712,-2.451120748684,1.56644782498416
-0.055778382616102,-2.44823375265072,1.56644782498416
-0.055768339266815,-2.44592415582409,1.56644782498416
-0.055758295917527,-2.44361455899746,1.56644782498416
-0.055748252568239,-2.44130496217083,1.56644782498416
-0.055740217888809,-2.43945728470953,1.56644782498416
-0.055732183209379,-2.43760960724822,1.56644782498416
-0.055725956332821,-2.43617765721572,1.56644782498416
-0.055719729456263,-2.43474570718321,1.56644782498416
-0.055715380968157,-2.43374571663792,1.56644782498416
-0.055711032480051,-2.43274572609264,1.56644782498416
-0.055706683991944,-2.43174573554736,1.56644782498416
-0.055702335503838,-2.43074574500208,1.56644782498416
-0.055697987015732,-2.4297457544568,1.56644782498416
-0.055693638527626,-2.42874576391152,1.56644782498416
-0.055476214122321,-2.37874623664747,1.56644782498416
-0.055258789717015,-2.32874670938343,1.56644782498416
-0.055084850192771,-2.28874708757219,1.56644782498416
-0.054910910668526,-2.24874746576096,1.56644782498416
-0.054754365096706,-2.21274780613084,1.56644782498416
-0.054630868034492,-2.18434807464487,1.56644782498416
-0.054507370972279,-2.15594834315889,1.56644782498416
-0.054396223616287,-2.13038858482151,1.56644782498416
-0.054308540702115,-2.11022477546647,1.56644782498416
-0.054229626079361,-2.09207734704693,1.56644782498416
-0.054150711456606,-2.07392991862739,1.56644782498416
-0.054087579758403,-2.05941197589175,1.56644782498416
-0.054024448060199,-2.04489403315612,1.56644782498416
-0.053973942701636,-2.03327967896762,1.56644782498416
-0.053923437343073,-2.02166532477911,1.56644782498416
-0.053877982520367,-2.01121240600946,1.56644782498416
-0.05383252769766,-2.0007594872398,1.56644782498416
-0.053801214375351,-1.99355858764293,1.56644782498416
-0.053769901053042,-1.98635768804606,1.56644782498416
-0.053744850395195,-1.98059696836856,1.56644782498416
-0.053719799737348,-1.97483624869106,1.56644782498416
-0.05369975921107,-1.97022767294906,1.56644782498416
-0.053679718684792,-1.96561909720706,1.56644782498416
-0.05366368626377,-1.96193223661346,1.56644782498416
-0.053647653842748,-1.95824537601986,1.56644782498416
-0.053633224663828,-1.95492720148562,1.56644782498416
-0.053618795484908,-1.95160902695138,1.56644782498416
-0.053608855383874,-1.94932317338335,1.56644782498416
-0.053598915282841,-1.94703731981532,1.56644782498416
-0.053590963202014,-1.9452086369609,1.56644782498416
-0.053583011121186,-1.94337995410647,1.56644782498416
-0.053576649456525,-1.94191700782293,1.56644782498416
-0.053570287791863,-1.94045406153939,1.56644782498416
-0.053564562293668,-1.9391374098842,1.56644782498416
-0.053558836795472,-1.93782075822902,1.56644782498416
-0.053554320013563,-1.9367820663677,1.56644782498416
-0.053549971525457,-1.93578207582242,1.56644782498416
-0.05354562303735,-1.93478208527714,1.56644782498416
-0.053541274549244,-1.93378209473186,1.56644782498416
-0.053536926061138,-1.93278210418658,1.56644782498416
-0.053532577573032,-1.9317821136413,1.56644782498416
-0.053528229084926,-1.93078212309602,1.56644782498416
-0.05331080467962,-1.88078259583197,1.56644782498416
-0.053093380274315,-1.83078306856793,1.56644782498416
-0.05291944075007,-1.79078344675669,1.56644782498416
-0.052745501225826,-1.75078382494546,1.56644782498416
-0.052571561701581,-1.71078420313422,1.56644782498416
-0.052432410082186,-1.67878450568523,1.56644782498416
-0.05229325846279,-1.64678480823624,1.56644782498416
-0.052199331119698,-1.62518501245818,1.56644782498416
-0.052105403776606,-1.60358521668011,1.56644782498416
-0.052030261902133,-1.58630538005766,1.56644782498416
-0.051955120027659,-1.5690255434352,1.56644782498416
-0.051887492340633,-1.55347369047499,1.56644782498416
-0.051819864653607,-1.53792183751478,1.56644782498416
-0.05176651392273,-1.52565315351284,1.56644782498416
-0.051713163191854,-1.5133844695109,1.56644782498416
-0.051677245375856,-1.50512470760537,1.56644782498416
-0.051641327559857,-1.49686494569983,1.56644782498416
-0.051609001525459,-1.48943115998485,1.56644782498416
-0.05157667549106,-1.48199737426987,1.56644782498416
-0.051554406445141,-1.47687632188844,1.56644782498416
-0.051534364303814,-1.47226737474516,1.56644782498416
-0.051514322162487,-1.46765842760187,1.56644782498416
-0.051498288449425,-1.46397126988724,1.56644782498416
-0.051482254736364,-1.46028411217261,1.56644782498416
-0.051467824394608,-1.45696567022944,1.56644782498416
-0.051453394052853,-1.45364722828627,1.56644782498416
-0.051443453150754,-1.4513611905032,1.56644782498416
-0.051433512248656,-1.44907515272013,1.56644782498416
-0.051425559526978,-1.44724632249368,1.56644782498416
-0.051417606805299,-1.44541749226722,1.56644782498416
-0.051411244627956,-1.44395442808606,1.56644782498416
-0.051404882450613,-1.44249136390489,1.56644782498416
-0.051399792708739,-1.44132091255996,1.56644782498416
-0.051395211941052,-1.44026750634952,1.56644782498416
-0.051390631173365,-1.43921410013908,1.56644782498416
-0.051386282685259,-1.4382141095938,1.56644782498416
-0.051381934197153,-1.43721411904852,1.56644782498416
-0.051377585709047,-1.43621412850324,1.56644782498416
-0.051373237220941,-1.43521413795796,1.56644782498416
-0.051155812815635,-1.38521461069391,1.56644782498416
-0.05093838841033,-1.33521508342987,1.56644782498416
-0.050742706445555,-1.29021550889223,1.56644782498416
-0.050588335117788,-1.25471584453475,1.56644782498416
-0.050433963790021,-1.21921618017728,1.56644782498416
-0.050310466727807,-1.19081644869131,1.56644782498416
-0.050186969665594,-1.16241671720533,1.56644782498416
-0.050088172015823,-1.13969693201655,1.56644782498416
-0.049989374366052,-1.11697714682776,1.56644782498416
-0.049910336246235,-1.09880131867674,1.56644782498416
-0.0498392019384,-1.08244307334082,1.56644782498416
-0.049768067630565,-1.06608482800489,1.56644782498416
-0.049711160184297,-1.05299823173615,1.56644782498416
-0.049654252738029,-1.03991163546742,1.56644782498416
-0.049608726781015,-1.02944235845242,1.56644782498416
-0.049563200824,-1.01897308143743,1.56644782498416
-0.049526780058389,-1.01059765982544,1.56644782498416
-0.049490359292777,-1.00222223821345,1.56644782498416
-0.049461222680288,-0.995521900923854,1.56644782498416
-0.049432086067799,-0.98882156363426,1.56644782498416
-0.049408776777808,-0.983461293802585,1.56644782498416
-0.049385467487816,-0.97810102397091,1.56644782498416
-0.049366820055823,-0.973812808105569,1.56644782498416
-0.04934817262383,-0.969524592240229,1.56644782498416
-0.049333254678235,-0.966094019547957,1.56644782498416
-0.049318336732641,-0.962663446855685,1.56644782498416
-0.049306402376165,-0.959918988701867,1.56644782498416
-0.04929446801969,-0.957174530548049,1.56644782498416
-0.049284920534509,-0.954978964024995,1.56644782498416
-0.049275373049329,-0.952783397501941,1.56644782498416
-0.049267735061184,-0.951026944283498,1.56644782498416
-0.049260860871855,-0.949446136386899,1.56644782498416
-0.049253986682525,-0.9478653284903,1.56644782498416
-0.049248487331061,-0.94660068217302,1.56644782498416
-0.049242987979597,-0.945336035855741,1.56644782498416
-0.049238588498426,-0.944324318801918,1.56644782498416
-0.049234189017254,-0.943312601748094,1.56644782498416
-0.049229840529148,-0.942312611202813,1.56644782498416
-0.049225492041042,-0.941312620657533,1.56644782498416
-0.049221143552936,-0.940312630112252,1.56644782498416
-0.04921679506483,-0.939312639566971,1.56644782498416
-0.049212446576724,-0.93831264902169,1.56644782498416
-0.049208098088618,-0.937312658476409,1.56644782498416
-0.048990673683312,-0.887313131212364,1.56644782498416
-0.048773249278007,-0.837313603948319,1.56644782498416
-0.048577567313232,-0.792314029410679,1.56644782498416
-0.048381885348457,-0.747314454873038,1.56644782498416
-0.048207945824212,-0.707314833061802,1.56644782498416
-0.048090536645347,-0.680315088339218,1.56644782498416
-0.047973127466482,-0.653315343616634,1.56644782498416
-0.04787920012339,-0.631715547838566,1.56644782498416
-0.047785272780298,-0.610115752060499,1.56644782498416
-0.047710130905824,-0.592835915438045,1.56644782498416
-0.047634989031351,-0.575556078815591,1.56644782498416
-0.047567361344325,-0.560004225855382,1.56644782498416
-0.047507247844746,-0.546180356557419,1.56644782498416
-0.047447134345167,-0.532356487259456,1.56644782498416
-0.047399794964248,-0.52147019018731,1.56644782498416
-0.04735245558333,-0.510583893115164,1.56644782498416
-0.047315861490461,-0.502168612680029,1.56644782498416
-0.047279267397593,-0.493753332244894,1.56644782498416
-0.04725472606139,-0.488109737604,1.56644782498416
-0.047230184725187,-0.482466142963107,1.56644782498416
-0.047208097522604,-0.477386907786303,1.56644782498416
-0.047186010320021,-0.472307672609499,1.56644782498416
-0.047170794691575,-0.468808643932145,1.56644782498416
-0.047155579063129,-0.465309615254791,1.56644782498416
-0.047143406560373,-0.462510392312908,1.56644782498416
-0.047131234057616,-0.459711169371024,1.56644782498416
-0.047120278805135,-0.45719186872333,1.56644782498416
-0.047111636328177,-0.455204420434592,1.56644782498416
-0.04710299385122,-0.453216972145856,1.56644782498416
-0.047096079869654,-0.451627013514866,1.56644782498416
-0.047089165888089,-0.450037054883876,1.56644782498416
-0.047083634702836,-0.448765087979085,1.56644782498416
-0.047078103517583,-0.447493121074293,1.56644782498416
-0.047073678569381,-0.44647554755046,1.56644782498416
-0.047069253621179,-0.445457974026626,1.56644782498416
-0.047064905133073,-0.444457983481345,1.56644782498416
-0.047060556644967,-0.443457992936064,1.56644782498416
-0.047056208156861,-0.442458002390784,1.56644782498416
-0.047051859668755,-0.441458011845503,1.56644782498416
-0.046834435263449,-0.391458484581458,1.56644782498416
-0.046617010858143,-0.341458957317413,1.56644782498416
-0.046421328893368,-0.296459382779772,1.56644782498416
-0.046266957565601,-0.2609597184223,1.56644782498416
-0.046112586237834,-0.225460054064828,1.56644782498416
-0.045989089175621,-0.197060322578851,1.56644782498416
-0.045865592113407,-0.168660591092873,1.56644782498416
-0.045754444757415,-0.143100832755493,1.56644782498416
-0.045643297401423,-0.117541074418114,1.56644782498416
-0.045566729222851,-0.099933240896808,1.56644782498416
-0.045490161044278,-0.082325407375502,1.56644782498416
-0.04542890650142,-0.068239140558457,1.56644782498416
-0.045367651958562,-0.054152873741412,1.56644782498416
-0.045318648324276,-0.042883860287776,1.56644782498416
-0.04526964468999,-0.03161484683414,1.56644782498416
-0.045230441782561,-0.022599636071231,1.56644782498416
-0.045191238875131,-0.013584425308323,1.56644782498416
-0.045155956258445,-0.005470735621705,1.56644782498416
-0.045120673641759,0.002642954064913,1.56644782498416
-0.045096367839153,0.008232384737917,1.56644782498416
-0.045072062036547,0.01382181541092,1.56644782498416
-0.045052617394462,0.018293359949323,1.56644782498416
-0.045033172752377,0.022764904487726,1.56644782498416
-0.04501761703871,0.026342140118448,1.56644782498416
-0.045002061325042,0.02991937574917,1.56644782498416
-0.044988061182741,0.03313888781682,1.56644782498416
-0.044977016626036,0.035678725114633,1.56644782498416
-0.044967076525003,0.037964578682664,1.56644782498416
-0.044957136423969,0.040250432250696,1.56644782498416
-0.044949184343142,0.042079115105121,1.56644782498416
-0.044941232262315,0.043907797959546,1.56644782498416
-0.044934870597653,0.045370744243086,1.56644782498416
-0.044928508932992,0.046833690526626,1.56644782498416
-0.044922783434796,0.048150342181812,1.56644782498416
-0.044917057936601,0.049466993836998,1.56644782498416
-0.044912709448495,0.050466984382279,1.56644782498416
-0.044908360960389,0.05146697492756,1.56644782498416
-0.044904012472282,0.052466965472841,1.56644782498416
-0.044899663984176,0.053466956018122,1.56644782498416
-0.04489531549607,0.054466946563403,1.56644782498416
-0.044890967007964,0.055466937108684,1.56644782498416
-0.044890967007964,0.055466937108684,1.72352745766365
-0.044890967007964,0.055466937108684,1.88060709034313
-0.044890967007964,0.055466937108684,2.03768672302263
-0.044890967007964,0.055466937108684,2.19476635570211
-0.044890967007964,0.055466937108684,2.3518459883816
-0.044890967007964,0.055466937108684,2.50892562106109
-0.044890967007964,0.055466937108684,2.66600525374058
-0.044890967007964,0.055466937108684,2.82308488642007
-0.044890967007964,0.055466937108684,2.98016451909956
-0.044890967007964,0.055466937108684,3.13724415177905
-0.044890967007964,0.055466937108684,-2.98886152272104
-0.044890967007964,0.055466937108684,-2.83178189004155
-0.044890967007964,0.055466937108684,-2.67470225736206
-0.044890967007964,0.055466937108684,-2.51762262468258
-0.044890967007964,0.055466937108684,-2.36054299200309
-0.044890967007964,0.055466937108684,-2.2034633593236
-0.044890967007964,0.055466937108684,-2.04638372664411
-0.044890967007964,0.055466937108684,-1.88930409396462
-0.044890967007964,0.055466937108684,-1.73222446128513
-0.044890967007964,0.055466937108684,-1.57514482860564
-0.044890967007964,0.055466937108684,-1.41806519592615
-0.044890967007964,0.055466937108684,-1.27669352651461
-0.044890967007964,0.055466937108684,-1.14945902404422
-0.044890967007964,0.055466937108684,-1.03494797182087
-0.044890967007964,0.055466937108684,-0.931888024819859
-0.044890967007964,0.055466937108684,-0.839134072518947
-0.044890967007964,0.055466937108684,-0.746380120218035
-0.044890967007964,0.055466937108684,-0.662901563147214
-0.044890967007964,0.055466937108684,-0.579423006076393
-0.044890967007964,0.055466937108684,-0.505219844235664
-0.044890967007964,0.055466937108684,-0.431016682394935
-0.044890967007964,0.055466937108684,-0.356813520554205
-0.044890967007964,0.055466937108684,-0.314146702495786
-0.044890967007964,0.055466937108684,-0.283166882427281
-0.044890967007964,0.055466937108684,-0.252187062358777
-0.044890967007964,0.055466937108684,-0.227403206303973
-0.044890967007964,0.055466937108684,-0.202619350249169
-0.044890967007964,0.055466937108684,-0.180313879799846
-0.044890967007964,0.055466937108684,-0.160486794956003
-0.044890967007964,0.055466937108684,-0.144872965641477
-0.044890967007964,0.055466937108684,-0.129259136326951
-0.044890967007964,0.055466937108684,-0.115206689943877
-0.044890967007964,0.055466937108684,-0.104120871130563
-0.044890967007964,0.055466937108684,-0.094143634198581
-0.044890967007964,0.055466937108684,-0.085164120959797
-0.044890967007964,0.055466937108684,-0.077082559044891
-0.044890967007964,0.055466937108684,-0.069000997129986
-0.044890967007964,0.055466937108684,-0.062535747598061
-0.044890967007964,0.055466937108684,-0.056070498066137
-0.044890967007964,0.055466937108684,-0.050251773487405
-0.044890967007964,0.055466937108684,-0.044433048908672
-0.044890967007964,0.055466937108684,-0.040424594198879
-0.044890967007964,0.055466937108684,-0.036416139489086
-0.044890967007964,0.055466937108684,-0.032407684779293
-0.044890967007964,0.055466937108684,-0.0283992300695
-0.044890967007964,0.055466937108684,-0.024390775359706
-0.044890967007964,0.055466937108684,-0.020382320649913
-0.044890967007964,0.055466937108684,-0.018778938765996
-0.044890967007964,0.055466937108684,-0.01733589507047
-0.044890967007964,0.055466937108684,-0.016037155744497
-0.044890967007964,0.055466937108684,-0.014738416418524
-0.044890967007964,0.055466937108684,-0.013699424957746
-0.044890967007964,0.055466937108684,-0.012660433496968
-0.044890967007964,0.055466937108684,-0.011725341182267
-0.044890967007964,0.055466937108684,-0.010790248867567
-0.044890967007964,0.055466937108684,-0.009959055698944
-0.044890967007964,0.055466937108684,-0.009127862530321
-0.044890967007964,0.055466937108684,-0.008296669361698
-0.044890967007964,0.055466937108684,-0.007901852606603
-0.044890967007964,0.055466937108684,-0.007507035851507
-0.044890967007964,0.055466937108684,-0.00719118244743
-0.044890967007964,0.055466937108684,-0.006906914383761
-0.044890967007964,0.055466937108684,-0.006622646320092
-0.044890967007964,0.055466937108684,-0.006395231869157
-0.044890967007964,0.055466937108684,-0.006167817418222
-0.044890967007964,0.055466937108684,-0.005985885857474
-0.044890967007964,0.055466937108684,-0.0058221474528
-0.044890967007964,0.055466937108684,-0.005658409048127
-0.044890967007964,0.055466937108684,-0.005511044483921
-0.044890967007964,0.055466937108684,-0.005394790216603
-0.044890967007964,0.055466937108684,-0.005278535949285
0.005108336420109,0.055203011536847,-0.005278535949285
0.055107639848182,0.054939085965011,-0.005278535949285
0.095107082590641,0.054727945507542,-0.005278535949285
0.135106525333099,0.054516805050073,-0.005278535949285
0.167106079527066,0.054347892684097,-0.005278535949285
0.199105633721033,0.054178980318122,-0.005278535949285
0.224705277076207,0.054043850425342,-0.005278535949285
0.25030492043138,0.053908720532561,-0.005278535949285
0.273344599451036,0.053787103629059,-0.005278535949285
0.296384278470692,0.053665486725557,-0.005278535949285
0.314560025252865,0.053569544501683,-0.005278535949285
0.332735772035039,0.053473602277809,-0.005278535949285
0.344972401558811,0.05340901018906,-0.005278535949285
0.357209031082584,0.053344418100311,-0.005278535949285
0.36822199765398,0.053286285220437,-0.005278535949285
0.379234964225376,0.053228152340563,-0.005278535949285
0.386821674530115,0.053188105245538,-0.005278535949285
0.394408384834854,0.053148058150514,-0.005278535949285
0.400477753078645,0.053116020474495,-0.005278535949285
0.406547121322437,0.053083982798475,-0.005278535949285
0.412009552741849,0.053055148890058,-0.005278535949285
0.417471984161261,0.05302631498164,-0.005278535949285
0.421781235614353,0.053003568231666,-0.005278535949285
0.426090487067445,0.052980821481692,-0.005278535949285
0.429422570233286,0.052963232797558,-0.005278535949285
0.431990519937235,0.052949677656834,-0.005278535949285
0.434558469641183,0.05293612251611,-0.005278535949285
0.436612829404341,0.052925278403531,-0.005278535949285
0.438461753191184,0.05291551870221,-0.005278535949285
0.440310676978026,0.052905759000889,-0.005278535949285
0.441789816007501,0.052897951239832,-0.005278535949285
0.443268955036975,0.052890143478775,-0.005278535949285
0.444452266260554,0.052883897269929,-0.005278535949285
0.445635577484133,0.052877651061084,-0.005278535949285
0.446635563552695,0.052872372549647,-0.005278535949285
0.447635549621256,0.05286709403821,-0.005278535949285
0.448635535689818,0.052861815526773,-0.005278535949285
0.449635521758379,0.052856537015337,-0.005278535949285
0.45063550782694,0.0528512585039,-0.005278535949285
0.451635493895502,0.052845979992463,-0.005278535949285
0.501634797323575,0.052582054420627,-0.005278535949285
0.546634170408841,0.052344521405974,-0.005278535949285
0.591633543494107,0.052106988391321,-0.005278535949285
0.632132979270846,0.051893208678134,-0.005278535949285
0.672632415047586,0.051679428964946,-0.005278535949285
0.704581969938124,0.051510780524543,-0.005278535949285
0.729286625761935,0.051380374899498,-0.005278535949285
0.753991281585746,0.051249969274454,-0.005278535949285
0.773755006244795,0.051145644774418,-0.005278535949285
0.793518730903844,0.051041320274383,-0.005278535949285
0.809329710631083,0.050957860674354,-0.005278535949285
0.825140690358322,0.050874401074326,-0.005278535949285
0.837789474140113,0.050807633394303,-0.005278535949285
0.850438257921904,0.05074086571428,-0.005278535949285
0.860557284947337,0.050687451570262,-0.005278535949285
0.87067631197277,0.050634037426244,-0.005278535949285
0.878771533593116,0.05059130611103,-0.005278535949285
0.886866755213463,0.050548574795815,-0.005278535949285
0.894152454671775,0.050510116612122,-0.005278535949285
0.901438154130086,0.050471658428429,-0.005278535949285
0.906457191534701,0.050445165012996,-0.005278535949285
0.911476228939316,0.050418671597563,-0.005278535949285
0.915491458863008,0.050397476865216,-0.005278535949285
0.9195066887867,0.05037628213287,-0.005278535949285
0.922718872725653,0.050359326346993,-0.005278535949285
0.925931056664606,0.050342370561116,-0.005278535949285
0.928500803815769,0.050328805932414,-0.005278535949285
0.931070550966932,0.050315241303712,-0.005278535949285
0.933126348687862,0.050304389600751,-0.005278535949285
0.935182146408792,0.05029353789779,-0.005278535949285
0.937032364357629,0.050283771365124,-0.005278535949285
0.93849198073949,0.050276066656022,-0.005278535949285
0.93995159712135,0.050268361946919,-0.005278535949285
0.941119290226839,0.050262198179637,-0.005278535949285
0.942286983332327,0.050256034412355,-0.005278535949285
0.943337907127267,0.050250487021801,-0.005278535949285
0.944388830922206,0.050244939631247,-0.005278535949285
0.945388816990767,0.050239661119811,-0.005278535949285
0.946388803059329,0.050234382608374,-0.005278535949285
0.94738878912789,0.050229104096937,-0.005278535949285
0.948388775196452,0.0502238255855,-0.005278535949285
0.998388078624525,0.049959900013664,-0.005278535949285
1.0483873820526,0.049695974441827,-0.005278535949285
1.09338675513786,0.049458441427175,-0.005278535949285
1.1288862605718,0.049271054271171,-0.005278535949285
1.16438576600573,0.049083667115167,-0.005278535949285
1.19278537035287,0.048933757390364,-0.005278535949285
1.2183450142653,0.048798838638041,-0.005278535949285
1.24134869378649,0.04867741176095,-0.005278535949285
1.26435237330768,0.04855598488386,-0.005278535949285
1.28275531692463,0.048458843382188,-0.005278535949285
1.30115826054158,0.048361701880515,-0.005278535949285
1.31588061543514,0.048283988679177,-0.005278535949285
1.3306029703287,0.048206275477839,-0.005278535949285
1.34385308973291,0.048136333596635,-0.005278535949285
1.35710320913711,0.048066391715431,-0.005278535949285
1.36623106917112,0.048018209530601,-0.005278535949285
1.37535892920513,0.047970027345772,-0.005278535949285
1.38266121723233,0.047931481597908,-0.005278535949285
1.38996350525954,0.047892935850045,-0.005278535949285
1.3958053356813,0.047862099251754,-0.005278535949285
1.40164716610307,0.047831262653463,-0.005278535949285
1.40632063044048,0.04780659337483,-0.005278535949285
1.41099409477789,0.047781924096198,-0.005278535949285
1.41473286624782,0.047762188673291,-0.005278535949285
1.41847163771775,0.047742453250385,-0.005278535949285
1.42146265489369,0.04772666491206,-0.005278535949285
1.42445367206964,0.047710876573735,-0.005278535949285
1.42684648581039,0.047698245903075,-0.005278535949285
1.42923929955115,0.047685615232415,-0.005278535949285
1.43115355054375,0.047675510695887,-0.005278535949285
1.43306780153635,0.047665406159359,-0.005278535949285
1.43459920233044,0.047657322530137,-0.005278535949285
1.43613060312452,0.047649238900915,-0.005278535949285
1.43735572375979,0.047642771997537,-0.005278535949285
1.43858084439505,0.047636305094159,-0.005278535949285
1.43958083046361,0.047631026582722,-0.005278535949285
1.44058081653218,0.047625748071285,-0.005278535949285
1.44158080260074,0.047620469559849,-0.005278535949285
1.4425807886693,0.047615191048412,-0.005278535949285
1.44358077473786,0.047609912536975,-0.005278535949285
1.44458076080642,0.047604634025539,-0.005278535949285
1.49458006423449,0.047340708453702,-0.005278535949285
1.53957943731976,0.047103175439049,-0.005278535949285
1.58457881040503,0.046865642424396,-0.005278535949285
1.62057830887324,0.046675616012674,-0.005278535949285
1.65657780734145,0.046485589600952,-0.005278535949285
1.68537740611602,0.046333568471574,-0.005278535949285
1.71417700489059,0.046181547342196,-0.005278535949285
1.73721668391025,0.046059930438694,-0.005278535949285
1.7602563629299,0.045938313535192,-0.005278535949285
1.77868810614563,0.04584102001239,-0.005278535949285
1.79711984936135,0.045743726489588,-0.005278535949285
1.81370841825551,0.045656162319067,-0.005278535949285
1.83029698714966,0.045568598148545,-0.005278535949285
1.84338352483282,0.045499519747356,-0.005278535949285
1.85647006251599,0.045430441346167,-0.005278535949285
1.86658908954142,0.045377027202148,-0.005278535949285
1.87670811656685,0.04532361305813,-0.005278535949285
1.88349468441888,0.045287789583035,-0.005278535949285
1.89028125227091,0.045251966107939,-0.005278535949285
1.89638916333774,0.045219724980353,-0.005278535949285
1.90249707440457,0.045187483852767,-0.005278535949285
1.90670474647283,0.045165273298207,-0.005278535949285
1.91091241854108,0.045143062743648,-0.005278535949285
1.91427855619569,0.045125294300001,-0.005278535949285
1.9176446938503,0.045107525856353,-0.005278535949285
1.92033760397398,0.045093311101435,-0.005278535949285
1.92303051409767,0.045079096346517,-0.005278535949285
1.92518484219662,0.045067724542583,-0.005278535949285
1.92733917029557,0.045056352738649,-0.005278535949285
1.92906263277472,0.045047255295501,-0.005278535949285
1.93078609525388,0.045038157852354,-0.005278535949285
1.93216486523721,0.045030879897836,-0.005278535949285
1.93354363522054,0.045023601943318,-0.005278535949285
1.93478452820553,0.045017051784252,-0.005278535949285
1.93578451427409,0.045011773272815,-0.005278535949285
1.93678450034265,0.045006494761378,-0.005278535949285
1.93778448641122,0.045001216249941,-0.005278535949285
1.93878447247978,0.044995937738505,-0.005278535949285
1.93978445854834,0.044990659227068,-0.005278535949285
1.9407844446169,0.044985380715631,-0.005278535949285
1.99078374804497,0.044721455143795,-0.005278535949285
2.04078305147305,0.044457529571958,-0.005278535949285
2.0807824942155,0.044246389114489,-0.005278535949285
2.12078193695796,0.04403524865702,-0.005278535949285
2.15678143542618,0.043845222245298,-0.005278535949285
2.19278093389439,0.043655195833575,-0.005278535949285
2.21758058839471,0.043524288749945,-0.005278535949285
2.24238024289504,0.043393381666314,-0.005278535949285
2.2622199664953,0.043288655999409,-0.005278535949285
2.28007571773553,0.043194402899195,-0.005278535949285
2.29793146897576,0.043100149798981,-0.005278535949285
2.31221606996795,0.043024747318809,-0.005278535949285
2.32507221086092,0.042956885086655,-0.005278535949285
2.33792835175389,0.042889022854501,-0.005278535949285
2.34821326446826,0.042834733068777,-0.005278535949285
2.35849817718264,0.042780443283054,-0.005278535949285
2.36672610735414,0.042737011454475,-0.005278535949285
2.37495403752563,0.042693579625896,-0.005278535949285
2.38153638166283,0.042658834163033,-0.005278535949285
2.38811872580003,0.04262408870017,-0.005278535949285
2.39338460110979,0.04259629232988,-0.005278535949285
2.39865047641955,0.04256849595959,-0.005278535949285
2.40338976419834,0.042543479226328,-0.005278535949285
2.40812905197712,0.042518462493067,-0.005278535949285
2.41139389466917,0.042501228743487,-0.005278535949285
2.41465873736122,0.042483994993907,-0.005278535949285
2.41759709578407,0.042468484619285,-0.005278535949285
2.42053545420691,0.042452974244663,-0.005278535949285
2.42255965667599,0.042442289319923,-0.005278535949285
2.42438143889815,0.042432672887658,-0.005278535949285
2.4260210428981,0.042424018098618,-0.005278535949285
2.42766064689805,0.042415363309579,-0.005278535949285
2.42897233009801,0.042408439478348,-0.005278535949285
2.43028401329796,0.042401515647117,-0.005278535949285
2.43146452817793,0.042395284199009,-0.005278535949285
2.43264504305789,0.042389052750901,-0.005278535949285
2.43364502912645,0.042383774239464,-0.005278535949285
2.43464501519501,0.042378495728027,-0.005278535949285
2.43564500126357,0.04237321721659,-0.005278535949285
2.43664498733214,0.042367938705154,-0.005278535949285
2.4376449734007,0.042362660193717,-0.005278535949285
2.43864495946926,0.04235738168228,-0.005278535949285
2.48864426289733,0.042093456110444,-0.005278535949285
2.5336436359826,0.041855923095791,-0.005278535949285
2.57414307175934,0.041642143382603,-0.005278535949285
2.61464250753608,0.041428363669416,-0.005278535949285
2.64704205615747,0.041257339898866,-0.005278535949285
2.67944160477886,0.041086316128316,-0.005278535949285
2.70860119853811,0.040932394734821,-0.005278535949285
2.73776079229736,0.040778473341326,-0.005278535949285
2.76076447181855,0.040657046464235,-0.005278535949285
2.78376815133974,0.040535619587145,-0.005278535949285
2.80155550353288,0.040441727537113,-0.005278535949285
2.81934285572603,0.040347835487081,-0.005278535949285
2.83127236952842,0.040284864534764,-0.005278535949285
2.84320188333082,0.040221893582448,-0.005278535949285
2.85393844575298,0.040165219725363,-0.005278535949285
2.86467500817513,0.040108545868278,-0.005278535949285
2.87421861921705,0.040058169106425,-0.005278535949285
2.88376223025897,0.040007792344572,-0.005278535949285
2.89330584130088,0.039957415582718,-0.005278535949285
2.9028494523428,0.039907038820865,-0.005278535949285
2.91239306338472,0.039856662059012,-0.005278535949285
2.92193667442663,0.039806285297159,-0.005278535949285
2.93148028546855,0.039755908535305,-0.005278535949285
2.93248027153711,0.039750630023869,-0.005278535949285
2.93348025760568,0.039745351512432,-0.005278535949285
2.93448024367424,0.039740073000995,-0.005278535949285
2.9354802297428,0.039734794489559,-0.005278535949285
2.93648021581136,0.039729515978122,-0.005278535949285
2.93748020187992,0.039724237466685,-0.005278535949285
2.93748020187992,0.039724237466685,-0.162358168628775
2.93748020187992,0.039724237466685,-0.303729838040315
2.93748020187992,0.039724237466685,-0.445101507451856
2.93748020187992,0.039724237466685,-0.558198842981089
2.93748020187992,0.039724237466685,-0.671296178510322
2.93748020187992,0.039724237466685,-0.761774046933707
2.93748020187992,0.039724237466685,-0.843204128514755
2.93748020187992,0.039724237466685,-0.924634210095802
2.93748020187992,0.039724237466685,-1.00606429167685
2.93748020187992,0.039724237466685,-1.0874943732579
2.93748020187992,0.039724237466685,-1.14449543036463
2.93748020187992,0.039724237466685,-1.18765337360259
2.93748020187992,0.039724237466685,-1.22649552251675
2.93748020187992,0.039724237466685,-1.2653376714309
2.93748020187992,0.039724237466685,-1.30417982034507
2.93748020187992,0.039724237466685,-1.33136932458498
2.93748020187992,0.039724237466685,-1.3558398784009
2.93748020187992,0.039724237466685,-1.37786337683523
2.93748020187992,0.039724237466685,-1.39768452542612
2.93748020187992,0.039724237466685,-1.41552355915793
2.93748020187992,0.039724237466685,-1.43157868951655
2.93748020187992,0.039724237466685,-1.44763381987518
2.93748020187992,0.039724237466685,-1.4636889502338
2.93748020187992,0.039724237466685,-1.47974408059243
2.93748020187992,0.039724237466685,-1.49579921095106
2.93748020187992,0.039724237466685,-1.50382677613037
2.93748020187992,0.039724237466685,-1.51105158479175
2.93748020187992,0.039724237466685,-1.51755391258699
2.93748020187992,0.039724237466685,-1.52405624038224
2.93748020187992,0.039724237466685,-1.53055856817748
2.93748020187992,0.039724237466685,-1.53576043041367
2.93748020187992,0.039724237466685,-1.54031205987034
2.93748020187992,0.039724237466685,-1.54434350310339
2.93748020187992,0.039724237466685,-1.54791978339078
2.93748020187992,0.039724237466685,-1.55149606367816
2.93748020187992,0.039724237466685,-1.55466919964224
2.93748020187992,0.039724237466685,-1.55680976595244
2.93748020187992,0.039724237466685,-1.55895033226263
2.93748020187992,0.039724237466685,-1.56066278531078
2.93748020187992,0.039724237466685,-1.56220399305412
2.93748020187992,0.039724237466685,-1.56359108002313
2.93748020187992,0.039724237466685,-1.56497816699214
2.93748020187992,0.039724237466685,-1.56622654526424
2.93748020187992,0.039724237466685,-1.56721137701224
2.93748020187992,0.039724237466685,-1.56819620876023
2.93748020187992,0.039724237466685,-1.56908255733342
2.93748020187992,0.039724237466685,-1.5697817878745
2.93748020187992,0.039724237466685,-1.57041109536147
2.93748020187992,0.039724237466685,-1.57097747209974
2.93748020187992,0.039724237466685,-1.57154384883801
2.93748020187992,0.039724237466685,-1.57199695022863
2.93748020187992,0.039724237466685,-1.57245005161925
2.93748020187992,0.039724237466685,-1.57281253273174
2.93748020187992,0.039724237466685,-1.57317501384423
2.93748020187992,0.039724237466685,-1.57346499873423
2.93748020187992,0.039724237466685,-1.57375498362422
2.93748020187992,0.039724237466685,-1.57401597002522
2.93748020187992,0.039724237466685,-1.57422185929711
2.93748020187992,0.039724237466685,-1.57440715964182
2.93748020187992,0.039724237466685,-1.57459245998653
2.93748020187992,0.039724237466685,-1.57475923029676
2.93748020187992,0.039724237466685,-1.57490747057253
2.93748020187992,0.039724237466685,-1.57503903381727
2.93748020187992,0.039724237466685,-1.57514261670996
2.93748020187992,0.039724237466685,-1.57524619960265
2.93725770897381,-0.010275267499932,-1.57524619960265
2.9370352160677,-0.060274772466549,-1.57524619960265
2.93683497245221,-0.105274326936504,-1.57524619960265
2.93663472883671,-0.150273881406459,-1.57524619960265
2.93647675887337,-0.185773529932756,-1.57524619960265
2.93635461026792,-0.213223258159429,-1.57524619960265
2.93623246166246,-0.240672986386102,-1.57524619960265
2.93612252791755,-0.265377741790107,-1.57524619960265
2.93601259417265,-0.290082497194112,-1.57524619960265
2.93591487528828,-0.31204227977545,-1.57524619960265
2.93581715640392,-0.334002062356788,-1.57524619960265
2.93575119615698,-0.348824915599192,-1.57524619960265
2.93568523591003,-0.363647768841595,-1.57524619960265
2.93564223960091,-0.373310073177384,-1.57524619960265
2.9356035429227,-0.382006147079593,-1.57524619960265
2.9355648462445,-0.390702220981803,-1.57524619960265
2.93553001923411,-0.398528687493792,-1.57524619960265
2.93549519222372,-0.406355154005781,-1.57524619960265
2.93546423488116,-0.413312013127549,-1.57524619960265
2.93543327753859,-0.420268872249317,-1.57524619960265
2.93541547706661,-0.424269066244333,-1.57524619960265
2.93539767659464,-0.42826926023935,-1.57524619960265
2.93538343621706,-0.431469415435363,-1.57524619960265
2.93536919583948,-0.434669570631376,-1.57524619960265
2.93535780353741,-0.437229694788187,-1.57524619960265
2.93534755046556,-0.439533806529317,-1.57524619960265
2.9353372973937,-0.441837918270446,-1.57524619960265
2.93532909493621,-0.44368120766335,-1.57524619960265
2.93532089247873,-0.445524497056253,-1.57524619960265
2.93531433051274,-0.446999128570576,-1.57524619960265
2.93530776854675,-0.448473760084899,-1.57524619960265
2.93530251897396,-0.449653465296358,-1.57524619960265
2.93529726940117,-0.450833170507816,-1.57524619960265
2.93529281954304,-0.451833160607148,-1.57524619960265
2.93528836968492,-0.452833150706481,-1.57524619960265
2.9352839198268,-0.453833140805813,-1.57524619960265
2.93527946996868,-0.454833130905145,-1.57524619960265
2.93527502011056,-0.455833121004477,-1.57524619960265
2.93527057025243,-0.45683311110381,-1.57524619960265
2.93504807734632,-0.506832616070427,-1.57524619960265
2.93482558444022,-0.556832121037043,-1.57524619960265
2.93464759011533,-0.596831725010337,-1.57524619960265
2.93446959579044,-0.63683132898363,-1.57524619960265
2.93432720033053,-0.668831012162265,-1.57524619960265
2.93418480487062,-0.700830695340899,-1.57524619960265
2.93407088850269,-0.726430441883807,-1.57524619960265
2.93395697213477,-0.752030188426715,-1.57524619960265
2.93386583904042,-0.772509985661041,-1.57524619960265
2.93377470594608,-0.792989782895367,-1.57524619960265
2.93370179947061,-0.809373620682828,-1.57524619960265
2.93362889299514,-0.825757458470289,-1.57524619960265
2.93357056781476,-0.838864528700258,-1.57524619960265
2.93351224263438,-0.851971598930227,-1.57524619960265
2.93346558249007,-0.862457255114202,-1.57524619960265
2.93341892234577,-0.872942911298177,-1.57524619960265
2.93338159423033,-0.881331436245357,-1.57524619960265
2.93334426611489,-0.889719961192537,-1.57524619960265
2.93331440362253,-0.896430781150281,-1.57524619960265
2.93328752737941,-0.902470519112251,-1.57524619960265
2.93326065113629,-0.90851025707422,-1.57524619960265
2.9332391501418,-0.913342047443796,-1.57524619960265
2.9332176491473,-0.918173837813372,-1.57524619960265
2.93319829825226,-0.92252244914599,-1.57524619960265
2.93317894735721,-0.926871060478608,-1.57524619960265
2.93315959646217,-0.931219671811226,-1.57524619960265
2.93314024556712,-0.935568283143844,-1.57524619960265
2.93313078512955,-0.937694270906457,-1.57524619960265
2.93312132469197,-0.939820258669071,-1.57524619960265
2.93311186425439,-0.941946246431684,-1.57524619960265
2.93310429590433,-0.943647036641775,-1.57524619960265
2.93309672755427,-0.945347826851865,-1.57524619960265
2.93309086208297,-0.946665939264686,-1.57524619960265
2.93308499661167,-0.947984051677506,-1.57524619960265
2.93308047452251,-0.949000273828035,-1.57524619960265
2.93307595243334,-0.950016495978564,-1.57524619960265
2.93307150257522,-0.951016486077897,-1.57524619960265
2.9330670527171,-0.952016476177229,-1.57524619960265
2.93284455981099,-1.00201598114385,-1.57524619960265
2.93262206690488,-1.05201548611046,-1.57524619960265
2.93244407258,-1.09201509008376,-1.57524619960265
2.93226607825511,-1.13201469405705,-1.57524619960265
2.9321236827952,-1.16401437723568,-1.57524619960265
2.93198128733529,-1.19601406041432,-1.57524619960265
2.93186737096736,-1.22161380695723,-1.57524619960265
2.93175345459943,-1.24721355350013,-1.57524619960265
2.93166232150509,-1.26769335073446,-1.57524619960265
2.93157118841075,-1.28817314796879,-1.57524619960265
2.93149828193528,-1.30455698575625,-1.57524619960265
2.9314253754598,-1.32094082354371,-1.57524619960265
2.93136705027942,-1.33404789377368,-1.57524619960265
2.93130872509904,-1.34715496400365,-1.57524619960265
2.93125039991867,-1.36026203423362,-1.57524619960265
2.93120373977436,-1.37074769041759,-1.57524619960265
2.93115707963006,-1.38123334660157,-1.57524619960265
2.93112091801822,-1.38935973014415,-1.57524619960265
2.93108475640639,-1.39748611368673,-1.57524619960265
2.93106049313135,-1.40293865490239,-1.57524619960265
2.93103865618382,-1.40784594199649,-1.57524619960265
2.93101681923628,-1.41275322909059,-1.57524619960265
2.93099498228875,-1.41766051618469,-1.57524619960265
2.93097314534122,-1.42256780327879,-1.57524619960265
2.9309600431727,-1.42551217553525,-1.57524619960265
2.93094694100418,-1.42845654779171,-1.57524619960265
2.93093645926936,-1.43081204559688,-1.57524619960265
2.93092597753454,-1.43316754340205,-1.57524619960265
2.93091759214669,-1.43505194164619,-1.57524619960265
2.93090920675884,-1.43693633989032,-1.57524619960265
2.93090249844856,-1.43844385848563,-1.57524619960265
2.93089579013827,-1.43995137708094,-1.57524619960265
2.93089042349005,-1.44115739195718,-1.57524619960265
2.93088559350664,-1.4422428053458,-1.57524619960265
2.93088076352324,-1.44332821873442,-1.57524619960265
2.93087631366512,-1.44432820883376,-1.57524619960265
2.930871863807,-1.44532819893309,-1.57524619960265
2.93086741394887,-1.44632818903242,-1.57524619960265
2.93086296409075,-1.44732817913175,-1.57524619960265
2.93085851423263,-1.44832816923109,-1.57524619960265
2.93063602132652,-1.4983276741977,-1.57524619960265
2.93041352842041,-1.54832717916432,-1.57524619960265
2.93023553409553,-1.58832678313761,-1.57524619960265
2.93005753977064,-1.62832638711091,-1.57524619960265
2.92991514431073,-1.66032607028954,-1.57524619960265
2.92977274885082,-1.69232575346818,-1.57524619960265
2.92965883248289,-1.71792550001108,-1.57524619960265
2.92954491611496,-1.74352524655399,-1.57524619960265
2.92944239138383,-1.76656501844261,-1.57524619960265
2.92933986665269,-1.78960479033123,-1.57524619960265
2.92925898603147,-1.80778061037669,-1.57524619960265
2.92917810541024,-1.82595643042215,-1.57524619960265
2.92911556532424,-1.84001069127421,-1.57524619960265
2.92905302523825,-1.85406495212627,-1.57524619960265
2.92901108123158,-1.86349077880337,-1.57524619960265
2.92896913722491,-1.87291660548046,-1.57524619960265
2.92893558201957,-1.88045726682214,-1.57524619960265
2.92890202681424,-1.88799792816382,-1.57524619960265
2.92887518264997,-1.89403045723717,-1.57524619960265
2.9288483384857,-1.90006298631051,-1.57524619960265
2.92882686315428,-1.90488900956918,-1.57524619960265
2.92880538782287,-1.90971503282786,-1.57524619960265
2.92878606002459,-1.91405845376066,-1.57524619960265
2.92876673222632,-1.91840187469347,-1.57524619960265
2.92875148474101,-1.92182835120713,-1.57524619960265
2.92873623725571,-1.92525482772079,-1.57524619960265
2.92872444729876,-1.9279043144898,-1.57524619960265
2.92871265734182,-1.93055380125881,-1.57524619960265
2.92870475012479,-1.93233074302266,-1.57524619960265
2.92869684290776,-1.9341076847865,-1.57524619960265
2.92869051713414,-1.93552923819758,-1.57524619960265
2.92868419136052,-1.93695079160865,-1.57524619960265
2.92867913074162,-1.93808803433751,-1.57524619960265
2.92867407012272,-1.93922527706637,-1.57524619960265
2.9286696202646,-1.9402252671657,-1.57524619960265
2.92866517040648,-1.94122525726504,-1.57524619960265
2.92866072054836,-1.94222524736437,-1.57524619960265
2.92865627069023,-1.9432252374637,-1.57524619960265
2.92865182083211,-1.94422522756303,-1.57524619960265
2.92864737097399,-1.94522521766237,-1.57524619960265
2.92842487806788,-1.99522472262898,-1.57524619960265
2.92820238516177,-2.0452242275956,-1.57524619960265
2.92802439083689,-2.08522383156889,-1.57524619960265
2.927846396512,-2.12522343554219,-1.57524619960265
2.92770400105209,-2.15722311872082,-1.57524619960265
2.92756160559218,-2.18922280189946,-1.57524619960265
2.92744768922425,-2.21482254844236,-1.57524619960265
2.92733377285632,-2.24042229498527,-1.57524619960265
2.92724263976198,-2.2609020922196,-1.57524619960265
2.92715150666764,-2.28138188945392,-1.57524619960265
2.92706948688273,-2.29981370696482,-1.57524619960265
2.92698746709782,-2.31824552447571,-1.57524619960265
2.92693096457933,-2.33094299876099,-1.57524619960265
2.92687446206084,-2.34364047304628,-1.57524619960265
2.92682926004605,-2.3537984524745,-1.57524619960265
2.92678405803125,-2.36395643190273,-1.57524619960265
2.92674337621794,-2.37309861338813,-1.57524619960265
2.92670269440462,-2.38224079487353,-1.57524619960265
2.92667466915545,-2.38853874211903,-1.57524619960265
2.92664664390628,-2.39483668936453,-1.57524619960265
2.92662422370694,-2.39987504716093,-1.57524619960265
2.92660180350761,-2.40491340495733,-1.57524619960265
2.9265816253282,-2.40944792697409,-1.57524619960265
2.9265614471488,-2.41398244899085,-1.57524619960265
2.92654552880727,-2.4175596830263,-1.57524619960265
2.92652961046574,-2.42113691706174,-1.57524619960265
2.92651889361045,-2.42354525208842,-1.57524619960265
2.92650817675517,-2.4259535871151,-1.57524619960265
2.92649960327094,-2.42788025513644,-1.57524619960265
2.92649102978672,-2.42980692315779,-1.57524619960265
2.92648417099934,-2.43134825757486,-1.57524619960265
2.92647731221195,-2.43288959199194,-1.57524619960265
2.92647182518205,-2.4341226595256,-1.57524619960265
2.92646633815214,-2.43535572705925,-1.57524619960265
2.92646139982523,-2.43646548783955,-1.57524619960265
2.92645646149832,-2.43757524861984,-1.57524619960265
2.92645201164019,-2.43857523871918,-1.57524619960265
2.92644756178207,-2.43957522881851,-1.57524619960265
2.92644311192395,-2.44057521891784,-1.57524619960265
2.92643866206583,-2.44157520901717,-1.57524619960265
2.92621616915972,-2.49157471398379,-1.57524619960265
2.92599367625361,-2.54157421895041,-1.57524619960265
2.92581568192872,-2.5815738229237,-1.57524619960265
2.92563768760384,-2.62157342689699,-1.57524619960265
2.92547749271144,-2.65757307047296,-1.57524619960265
2.92531729781904,-2.69357271404892,-1.57524619960265
2.92520694133761,-2.71837246851236,-1.57524619960265
2.92509658485618,-2.7431722229758,-1.57524619960265
2.92500829967104,-2.76301202654656,-1.57524619960265
2.92492001448589,-2.78285183011731,-1.57524619960265
2.92484938633778,-2.79872367297391,-1.57524619960265
2.92477875818966,-2.81459551583052,-1.57524619960265
2.92472225567117,-2.8272929901158,-1.57524619960265
2.92466575315268,-2.83999046440108,-1.57524619960265
2.92461490088603,-2.85141819125784,-1.57524619960265
2.92456404861939,-2.86284591811459,-1.57524619960265
2.92452901705793,-2.87071835217147,-1.57524619960265
2.92449398549646,-2.87859078622834,-1.57524619960265
2.92446596024729,-2.88488873347384,-1.57524619960265
2.92443793499812,-2.89118668071934,-1.57524619960265
2.92441551479878,-2.89622503851574,-1.57524619960265
2.92439309459944,-2.90126339631214,-1.57524619960265
2.92437291642004,-2.9057979183289,-1.57524619960265
2.92435699807851,-2.90937515236434,-1.57524619960265
2.92434107973698,-2.91295238639979,-1.57524619960265
2.92432834506375,-2.91581417362814,-1.57524619960265
2.92431561039053,-2.9186759608565,-1.57524619960265
2.92430542265195,-2.92096539063918,-1.57524619960265
2.92429625368723,-2.9230258774436,-1.57524619960265
2.92428708472251,-2.92508636424801,-1.57524619960265
2.92427974955073,-2.92673475369155,-1.57524619960265
2.92427241437896,-2.92838314313508,-1.57524619960265
2.92426654624153,-2.9297018546899,-1.57524619960265
2.92426067810411,-2.93102056624473,-1.57524619960265
2.92425539678043,-2.93220740664407,-1.57524619960265
2.92425011545675,-2.93339424704342,-1.57524619960265
2.92424566559863,-2.93439423714275,-1.57524619960265
2.92424121574051,-2.93539422724208,-1.57524619960265
2.92423676588239,-2.93639421734142,-1.57524619960265
2.92423231602427,-2.93739420744075,-1.57524619960265
2.92400982311816,-2.98739371240736,-1.57524619960265
2.92378733021205,-3.03739321737398,-1.57524619960265
2.92358708659655,-3.08239277184394,-1.57524619960265
2.92338684298105,-3.12739232631389,-1.57524619960265
2.92322887301772,-3.16289197484019,-1.57524619960265
2.92307090305438,-3.19839162336649,-1.57524619960265
2.92296455144526,-3.22229138674053,-1.57524619960265
2.92285819983614,-3.24619115011457,-1.57524619960265
2.92277311854884,-3.26531096081381,-1.57524619960265
2.92268803726155,-3.28443077151304,-1.57524619960265
2.92261997223171,-3.29972662007243,-1.57524619960265
2.92255190720187,-3.31502246863182,-1.57524619960265
2.92248384217204,-3.3303183171912,-1.57524619960265
2.92243619665115,-3.34102541118277,-1.57524619960265
2.92238855113026,-3.35173250517435,-1.57524619960265
2.92234567016147,-3.36136888976676,-1.57524619960265
2.92231184184164,-3.36897092650078,-1.57524619960265
2.92227801352181,-3.37657296323479,-1.57524619960265
2.92225095086595,-3.382654592622,-1.57524619960265
2.92222659447567,-3.3881280590705,-1.57524619960265
2.92220223808539,-3.39360152551899,-1.57524619960265
2.92218275297317,-3.39798029867778,-1.57524619960265
2.92216326786095,-3.40235907183657,-1.57524619960265
2.92214573125995,-3.40629996767949,-1.57524619960265
2.92212819465895,-3.4102408635224,-1.57524619960265
2.92211611388937,-3.41295570288085,-1.57524619960265
2.9221040331198,-3.4156705422393,-1.57524619960265
2.92209316042718,-3.41811389766191,-1.57524619960265
2.92208349581152,-3.42028576914867,-1.57524619960265
2.92207383119585,-3.42245764063543,-1.57524619960265
2.92206718677259,-3.42395080228258,-1.57524619960265
2.92206054234932,-3.42544396392973,-1.57524619960265
2.9220552268107,-3.42663849324745,-1.57524619960265
2.92204991127209,-3.42783302256517,-1.57524619960265
2.92204512728734,-3.42890809895111,-1.57524619960265
2.92204034330258,-3.42998317533706,-1.57524619960265
2.92203589344446,-3.43098316543639,-1.57524619960265
2.92203144358634,-3.43198315553572,-1.57524619960265
2.92202699372822,-3.43298314563506,-1.57524619960265
2.9220225438701,-3.43398313573439,-1.57524619960265
2.92180005096399,-3.48398264070101,-1.57524619960265
2.92157755805788,-3.53398214566762,-1.57524619960265
2.92139956373299,-3.57398174964092,-1.57524619960265
2.9212215694081,-3.61398135361421,-1.57524619960265
2.92106137451571,-3.64998099719017,-1.57524619960265
2.92090117962331,-3.68598064076614,-1.57524619960265
2.92079082314188,-3.71078039522958,-1.57524619960265
2.92068046666045,-3.73558014969302,-1.57524619960265
2.9205921814753,-3.75541995326377,-1.57524619960265
2.92050389629016,-3.77525975683453,-1.57524619960265
2.92043326814204,-3.79113159969113,-1.57524619960265
2.92036263999393,-3.80700344254773,-1.57524619960265
2.92030613747544,-3.81970091683302,-1.57524619960265
2.92024963495695,-3.8323983911183,-1.57524619960265
2.92020443294215,-3.84255637054652,-1.57524619960265
2.92015923092736,-3.85271434997475,-1.57524619960265
2.92012306931552,-3.86084073351733,-1.57524619960265
2.92008690770369,-3.86896711705991,-1.57524619960265
2.92005797841422,-3.87546822389398,-1.57524619960265
2.92002904912475,-3.88196933072804,-1.57524619960265
2.92000590569318,-3.88717021619529,-1.57524619960265
2.9199827622616,-3.89237110166254,-1.57524619960265
2.91996424751634,-3.89653181003634,-1.57524619960265
2.91994573277108,-3.90069251841015,-1.57524619960265
2.91993092097488,-3.90402108510919,-1.57524619960265
2.91991610917867,-3.90734965180823,-1.57524619960265
2.9199042597417,-3.91001250516746,-1.57524619960265
2.91989241030474,-3.91267535852669,-1.57524619960265
2.91988293075516,-3.91480564121408,-1.57524619960265
2.91987345120559,-3.91693592390147,-1.57524619960265
2.91986586756593,-3.91864015005138,-1.57524619960265
2.91985828392627,-3.92034437620128,-1.57524619960265
2.91985221701455,-3.92170775712121,-1.57524619960265
2.91984615010282,-3.92307113804114,-1.57524619960265
2.91984129657344,-3.92416184277708,-1.57524619960265
2.91983644304406,-3.92525254751302,-1.57524619960265
2.91983199318593,-3.92625253761235,-1.57524619960265
2.91982754332781,-3.92725252771169,-1.57524619960265
2.91982309346969,-3.92825251781102,-1.57524619960265
2.91981864361157,-3.92925250791035,-1.57524619960265
2.91981419375345,-3.93025249800968,-1.57524619960265
2.91980974389532,-3.93125248810902,-1.57524619960265
2.91958725098922,-3.98125199307563,-1.57524619960265
2.91936475808311,-4.03125149804225,-1.57524619960265
2.91918676375822,-4.07125110201554,-1.57524619960265
2.91900876943333,-4.11125070598884,-1.57524619960265
2.91886637397342,-4.14325038916747,-1.57524619960265
2.91872397851351,-4.17525007234611,-1.57524619960265
2.91861006214559,-4.20084981888902,-1.57524619960265
2.91849614577766,-4.22644956543192,-1.57524619960265
2.91840501268332,-4.24692936266625,-1.57524619960265
2.91831387958897,-4.26740915990058,-1.57524619960265
2.9182409731135,-4.28379299768804,-1.57524619960265
2.91816806663803,-4.3001768354755,-1.57524619960265
2.91810974145765,-4.31328390570547,-1.57524619960265
2.91805141627727,-4.32639097593543,-1.57524619960265
2.91799892361493,-4.33818733914241,-1.57524619960265
2.91794643095259,-4.34998370234938,-1.57524619960265
2.91791026934075,-4.35811008589196,-1.57524619960265
2.91787410772892,-4.36623646943454,-1.57524619960265
2.91784517843945,-4.3727375762686,-1.57524619960265
2.91781914207893,-4.37858857241926,-1.57524619960265
2.91779310571841,-4.38443956856992,-1.57524619960265
2.91777227662999,-4.38912036549045,-1.57524619960265
2.91775144754157,-4.39380116241097,-1.57524619960265
2.91773478427084,-4.39754579994739,-1.57524619960265
2.9177181210001,-4.40129043748382,-1.57524619960265
2.91770479038352,-4.40428614751295,-1.57524619960265
2.91769145976693,-4.40728185754209,-1.57524619960265
2.91768079527366,-4.4096784255654,-1.57524619960265
2.91767013078039,-4.41207499358871,-1.57524619960265
2.91766053273645,-4.41423190480969,-1.57524619960265
2.91765093469251,-4.41638881603067,-1.57524619960265
2.91764336290228,-4.41809037932722,-1.57524619960265
2.91763579111206,-4.41979194262377,-1.57524619960265
2.91763069348428,-4.42093750213891,-1.57524619960265
2.9176255958565,-4.42208306165405,-1.57524619960265
2.91762114599838,-4.42308305175338,-1.57524619960265
2.91761669614025,-4.42408304185271,-1.57524619960265
2.91761224628213,-4.42508303195205,-1.57524619960265
2.91760779642401,-4.42608302205138,-1.57524619960265
2.91760334656589,-4.42708301215071,-1.57524619960265
2.91759889670777,-4.42808300225004,-1.57524619960265
2.91759889670777,-4.42808300225004,-1.41816656692316
2.91759889670777,-4.42808300225004,-1.26108693424367
2.91759889670777,-4.42808300225004,-1.13542322810008
2.91759889670777,-4.42808300225004,-1.02232589257085
2.91759889670777,-4.42808300225004,-0.909228557041617
2.91759889670777,-4.42808300225004,-0.818750688618231
2.91759889670777,-4.42808300225004,-0.737320607037183
2.91759889670777,-4.42808300225004,-0.655890525456136
2.91759889670777,-4.42808300225004,-0.582603452033193
2.91759889670777,-4.42808300225004,-0.50931637861025
2.91759889670777,-4.42808300225004,-0.451501020687707
2.91759889670777,-4.42808300225004,-0.406795905899711
2.91759889670777,-4.42808300225004,-0.366561302590516
2.91759889670777,-4.42808300225004,-0.33035015961224
2.91759889670777,-4.42808300225004,-0.297760130931792
2.91759889670777,-4.42808300225004,-0.268429105119388
2.91759889670777,-4.42808300225004,-0.242031181888225
2.91759889670777,-4.42808300225004,-0.218273050980178
2.91759889670777,-4.42808300225004,-0.196890733162936
2.91759889670777,-4.42808300225004,-0.177646647127418
2.91759889670777,-4.42808300225004,-0.1584025610919
2.91759889670777,-4.42808300225004,-0.143007292263486
2.91759889670777,-4.42808300225004,-0.129151550317913
2.91759889670777,-4.42808300225004,-0.116681382566897
2.91759889670777,-4.42808300225004,-0.104211214815881
2.91759889670777,-4.42808300225004,-0.094235080615069
2.91759889670777,-4.42808300225004,-0.084258946414256
2.91759889670777,-4.42808300225004,-0.074282812213444
2.91759889670777,-4.42808300225004,-0.067299518272875
2.91759889670777,-4.42808300225004,-0.060316224332307
2.91759889670777,-4.42808300225004,-0.054729589179851
2.91759889670777,-4.42808300225004,-0.049701617542642
2.91759889670777,-4.42808300225004,-0.044673645905432
2.91759889670777,-4.42808300225004,-0.040148471431944
2.91759889670777,-4.42808300225004,-0.035623296958455
2.91759889670777,-4.42808300225004,-0.032053437096037
2.91759889670777,-4.42808300225004,-0.028936094680967
2.91759889670777,-4.42808300225004,-0.026487472493646
2.91759889670777,-4.42808300225004,-0.024283712525057
2.91759889670777,-4.42808300225004,-0.022300328553327
2.91759889670777,-4.42808300225004,-0.02051528297877
2.91759889670777,-4.42808300225004,-0.018908741961668
2.91759889670777,-4.42808300225004,-0.017462855046277
2.91759889670777,-4.42808300225004,-0.016016968130886
2.91759889670777,-4.42808300225004,-0.014715669907034
2.91759889670777,-4.42808300225004,-0.013689090197106
2.91759889670777,-4.42808300225004,-0.012662510487178
2.91759889670777,-4.42808300225004,-0.011738588748243
2.91759889670777,-4.42808300225004,-0.010917324980301
2.91759889670777,-4.42808300225004,-0.010188453386252
2.91759889670777,-4.42808300225004,-0.009541708168998
2.91759889670777,-4.42808300225004,-0.009032524632874
2.91759889670777,-4.42808300225004,-0.008574259450362
2.91759889670777,-4.42808300225004,-0.00811599426785
2.91759889670777,-4.42808300225004,-0.007657729085338
2.91759889670777,-4.42808300225004,-0.00733694345758
2.91759889670777,-4.42808300225004,-0.007016157829822
2.91759889670777,-4.42808300225004,-0.006759529327615
2.91759889670777,-4.42808300225004,-0.006502900825409
2.91759889670777,-4.42808300225004,-0.006297598023644
2.91759889670777,-4.42808300225004,-0.006112825502055
2.91759889670777,-4.42808300225004,-0.005946530232625
2.91759889670777,-4.42808300225004,-0.005780234963195
2.91759889670777,-4.42808300225004,-0.005647198747651
2.91759889670777,-4.42808300225004,-0.005527466153662
2.91759889670777,-4.42808300225004,-0.005419706819071
2.96759816237901,-4.42835398626438,-0.005419706819071
3.01759742805026,-4.42862497027872,-0.005419706819071
3.06759669372151,-4.42889595429306,-0.005419706819071
3.11759595939276,-4.42916693830739,-0.005419706819071
3.1475955187955,-4.429329528716,-0.005419706819071
3.17759507819825,-4.4294921191246,-0.005419706819071
3.20159472572045,-4.42962219145148,-0.005419706819071
3.22559437324265,-4.42975226377836,-0.005419706819071
3.24479409126041,-4.42985632163987,-0.005419706819071
3.26399380927817,-4.42996037950137,-0.005419706819071
3.28127355549415,-4.43005403157673,-0.005419706819071
3.29855330171013,-4.43014768365208,-0.005419706819071
3.31045712688114,-4.43021219952622,-0.005419706819071
3.32236095205215,-4.43027671540035,-0.005419706819071
3.33307439470606,-4.43033477968707,-0.005419706819071
3.34378783735997,-4.43039284397379,-0.005419706819071
3.351168208966,-4.43043284381575,-0.005419706819071
3.35854858057203,-4.43047284365771,-0.005419706819071
3.36445287785685,-4.43050484353129,-0.005419706819071
3.37035717514167,-4.43053684340486,-0.005419706819071
3.37508061296953,-4.43056244330371,-0.005419706819071
3.37980405079738,-4.43058804320257,-0.005419706819071
3.38358280105967,-4.43060852312165,-0.005419706819071
3.38736155132195,-4.43062900304074,-0.005419706819071
3.39038455153178,-4.43064538697601,-0.005419706819071
3.39340755174161,-4.43066177091127,-0.005419706819071
3.39612825193046,-4.43067651645301,-0.005419706819071
3.3988489521193,-4.43069126199476,-0.005419706819071
3.40099528226828,-4.4307028945888,-0.005419706819071
3.40314161241726,-4.43071452718284,-0.005419706819071
3.40458660651756,-4.43072235870389,-0.005419706819071
3.40603160061785,-4.43073019022495,-0.005419706819071
3.40733209530812,-4.43073723859391,-0.005419706819071
3.40863258999839,-4.43074428696286,-0.005419706819071
3.4096585358096,-4.43074984734281,-0.005419706819071
3.41065852112303,-4.4307552670231,-0.005419706819071
3.41165850643645,-4.43076068670338,-0.005419706819071
3.41265849174988,-4.43076610638367,-0.005419706819071
3.4136584770633,-4.43077152606396,-0.005419706819071
3.46365774273455,-4.43104251007829,-0.005419706819071
3.5136570084058,-4.43131349409263,-0.005419706819071
3.55365642094279,-4.4315302813041,-0.005419706819071
3.59365583347979,-4.43174706851557,-0.005419706819071
3.62965530476309,-4.43194217700589,-0.005419706819071
3.66565477604639,-4.43213728549621,-0.005419706819071
3.69765430607599,-4.43231071526539,-0.005419706819071
3.72965383610558,-4.43248414503456,-0.005419706819071
3.7480535658726,-4.43258386715184,-0.005419706819071
3.76645329563962,-4.43268358926912,-0.005419706819071
3.78117307945324,-4.43276336696294,-0.005419706819071
3.79589286326685,-4.43284314465676,-0.005419706819071
3.80914066869911,-4.4329149445812,-0.005419706819071
3.82238847413136,-4.43298674450563,-0.005419706819071
3.8315147400958,-4.4330362066758,-0.005419706819071
3.84064100606024,-4.43308566884597,-0.005419706819071
3.8479420188318,-4.43312523858211,-0.005419706819071
3.85524303160335,-4.43316480831824,-0.005419706819071
3.86181394309775,-4.43320042108076,-0.005419706819071
3.86838485459215,-4.43323603384328,-0.005419706819071
3.87291148251051,-4.43326056707969,-0.005419706819071
3.87743811042887,-4.43328510031609,-0.005419706819071
3.88105941276356,-4.43330472690522,-0.005419706819071
3.88468071509825,-4.43332435349434,-0.005419706819071
3.887577756966,-4.43334005476564,-0.005419706819071
3.89047479883376,-4.43335575603693,-0.005419706819071
3.89279243232796,-4.43336831705397,-0.005419706819071
3.89511006582216,-4.43338087807101,-0.005419706819071
3.89696417261752,-4.43339092688464,-0.005419706819071
3.89881827941288,-4.43340097569827,-0.005419706819071
3.90048697552871,-4.43341001963054,-0.005419706819071
3.90215567164453,-4.43341906356281,-0.005419706819071
3.90330521785766,-4.43342529382726,-0.005419706819071
3.90445476407078,-4.43343152409171,-0.005419706819071
3.90545474938421,-4.433436943772,-0.005419706819071
3.90645473469763,-4.43344236345229,-0.005419706819071
3.90745472001106,-4.43344778313257,-0.005419706819071
3.90845470532448,-4.43345320281286,-0.005419706819071
3.90945469063791,-4.43345862249315,-0.005419706819071
3.95945395630915,-4.43372960650748,-0.005419706819071
4.0094532219804,-4.43400059052182,-0.005419706819071
4.05445256108452,-4.43424447613472,-0.005419706819071
4.08995203971111,-4.4344368747849,-0.005419706819071
4.1254515183377,-4.43462927343508,-0.005419706819071
4.15385110123896,-4.43478319235522,-0.005419706819071
4.18225068414023,-4.43493711127537,-0.005419706819071
4.20497035046125,-4.43506024641148,-0.005419706819071
4.22769001678226,-4.4351833815476,-0.005419706819071
4.24586574983907,-4.43528188965649,-0.005419706819071
4.26404148289589,-4.43538039776538,-0.005419706819071
4.27858206934134,-4.4354592042525,-0.005419706819071
4.29166859714224,-4.4355301300909,-0.005419706819071
4.30475512494315,-4.4356010559293,-0.005419706819071
4.31653299996396,-4.43566488918386,-0.005419706819071
4.32831087498477,-4.43572872243842,-0.005419706819071
4.33642452222133,-4.43577269645823,-0.005419706819071
4.3445381694579,-4.43581667047804,-0.005419706819071
4.3518404519708,-4.43585624709587,-0.005419706819071
4.3591427344837,-4.4358958237137,-0.005419706819071
4.36490342402166,-4.43592704526776,-0.005419706819071
4.37066411355962,-4.43595826682183,-0.005419706819071
4.3745424369387,-4.4359792864033,-0.005419706819071
4.37842076031777,-4.43600030598477,-0.005419706819071
4.38152341902103,-4.43601712164994,-0.005419706819071
4.38462607772429,-4.43603393731512,-0.005419706819071
4.38741847055723,-4.43604907141378,-0.005419706819071
4.39021086339016,-4.43606420551243,-0.005419706819071
4.39241375106948,-4.43607614463471,-0.005419706819071
4.39461663874879,-4.43608808375698,-0.005419706819071
4.39631999837688,-4.43609731555716,-0.005419706819071
4.39802335800497,-4.43610654735734,-0.005419706819071
4.39933609290232,-4.43611366206528,-0.005419706819071
4.40064882779967,-4.43612077677321,-0.005419706819071
4.4016488131131,-4.4361261964535,-0.005419706819071
4.40264879842652,-4.43613161613379,-0.005419706819071
4.40364878373995,-4.43613703581408,-0.005419706819071
4.40464876905337,-4.43614245549436,-0.005419706819071
4.4056487543668,-4.43614787517465,-0.005419706819071
4.45564802003804,-4.43641885918899,-0.005419706819071
4.50564728570929,-4.43668984320332,-0.005419706819071
4.54564669824629,-4.43690663041479,-0.005419706819071
4.58564611078329,-4.43712341762626,-0.005419706819071
4.61764564081289,-4.43729684739544,-0.005419706819071
4.64964517084248,-4.43747027716461,-0.005419706819071
4.68164470087208,-4.43764370693379,-0.005419706819071
4.7040443718928,-4.43776510777221,-0.005419706819071
4.72644404291352,-4.43788650861063,-0.005419706819071
4.74436377973009,-4.43798362928137,-0.005419706819071
4.76228351654667,-4.43808074995211,-0.005419706819071
4.77661930599993,-4.4381584464887,-0.005419706819071
4.79095509545319,-4.43823614302529,-0.005419706819071
4.8024237270158,-4.43829830025456,-0.005419706819071
4.81274549542215,-4.43835424176091,-0.005419706819071
4.82306726382849,-4.43841018326725,-0.005419706819071
4.83132467855357,-4.43845493647233,-0.005419706819071
4.83958209327865,-4.43849968967741,-0.005419706819071
4.84618802505871,-4.43853549224147,-0.005419706819071
4.85213336366077,-4.43856771454912,-0.005419706819071
4.85807870226282,-4.43859993685678,-0.005419706819071
4.86283497314447,-4.4386257147029,-0.005419706819071
4.86759124402611,-4.43865149254902,-0.005419706819071
4.87139626073143,-4.43867211482592,-0.005419706819071
4.87520127743675,-4.43869273710282,-0.005419706819071
4.878245290801,-4.43870923492434,-0.005419706819071
4.88128930416525,-4.43872573274586,-0.005419706819071
4.88372451485665,-4.43873893100308,-0.005419706819071
4.88615972554806,-4.43875212926029,-0.005419706819071
4.88810789410118,-4.43876268786606,-0.005419706819071
4.8900560626543,-4.43877324647184,-0.005419706819071
4.89180941435211,-4.43878274921703,-0.005419706819071
4.89356276604992,-4.43879225196223,-0.005419706819071
4.89494596572263,-4.43879974857232,-0.005419706819071
4.8960155102583,-4.43880554524689,-0.005419706819071
4.89708505479396,-4.43881134192146,-0.005419706819071
4.89808504010739,-4.43881676160175,-0.005419706819071
4.89908502542081,-4.43882218128204,-0.005419706819071
4.90008501073424,-4.43882760096232,-0.005419706819071
4.90108499604766,-4.43883302064261,-0.005419706819071
4.95108426171891,-4.43910400465695,-0.005419706819071
5.00108352739016,-4.43937498867128,-0.005419706819071
5.04108293992715,-4.43959177588275,-0.005419706819071
5.08108235246415,-4.43980856309422,-0.005419706819071
5.11308188249375,-4.4399819928634,-0.005419706819071
5.14508141252335,-4.44015542263257,-0.005419706819071
5.17068103654703,-4.44029416644791,-0.005419706819071
5.1962806605707,-4.44043291026325,-0.005419706819071
5.21932032219202,-4.44055777969706,-0.005419706819071
5.24235998381333,-4.44068264913087,-0.005419706819071
5.25823175070801,-4.44076867029638,-0.005419706819071
5.27410351760269,-4.44085469146189,-0.005419706819071
5.28680093111843,-4.4409235083943,-0.005419706819071
5.29949834463418,-4.44099232532671,-0.005419706819071
5.30965627544677,-4.44104737887263,-0.005419706819071
5.31981420625937,-4.44110243241856,-0.005419706819071
5.32997213707196,-4.44115748596449,-0.005419706819071
5.33809848172204,-4.44120152880123,-0.005419706819071
5.34622482637212,-4.44124557163797,-0.005419706819071
5.35171010901092,-4.44127530055277,-0.005419706819071
5.35719539164972,-4.44130502946757,-0.005419706819071
5.36268067428852,-4.44133475838237,-0.005419706819071
5.36816595692732,-4.44136448729718,-0.005419706819071
5.37255418303836,-4.44138827042902,-0.005419706819071
5.3769424091494,-4.44141205356086,-0.005419706819071
5.37935593351048,-4.44142513428337,-0.005419706819071
5.38176945787155,-4.44143821500588,-0.005419706819071
5.38370027736041,-4.44144867958389,-0.005419706819071
5.38563109684927,-4.4414591441619,-0.005419706819071
5.38717575244035,-4.44146751582431,-0.005419706819071
5.38872040803144,-4.44147588748672,-0.005419706819071
5.39011059806342,-4.44148342198288,-0.005419706819071
5.39120730353309,-4.44148936586319,-0.005419706819071
5.39230400900276,-4.4414953097435,-0.005419706819071
5.39330399431619,-4.44150072942379,-0.005419706819071
5.39430397962961,-4.44150614910408,-0.005419706819071
5.39530396494304,-4.44151156878436,-0.005419706819071
5.39630395025646,-4.44151698846465,-0.005419706819071
5.44630321592771,-4.44178797247899,-0.005419706819071
5.49630248159895,-4.44205895649332,-0.005419706819071
5.53630189413595,-4.44227574370479,-0.005419706819071
5.57630130667295,-4.44249253091626,-0.005419706819071
5.60830083670255,-4.44266596068544,-0.005419706819071
5.64030036673215,-4.44283939045461,-0.005419706819071
5.66589999075583,-4.44297813426995,-0.005419706819071
5.6914996147795,-4.44311687808529,-0.005419706819071
5.71197931399845,-4.44322787313757,-0.005419706819071
5.7304110432955,-4.44332776868461,-0.005419706819071
5.74884277259254,-4.44342766423166,-0.005419706819071
5.76358815603018,-4.44350758066929,-0.005419706819071
5.77833353946782,-4.44358749710693,-0.005419706819071
5.79307892290546,-4.44366741354457,-0.005419706819071
5.80634976799933,-4.44373933833844,-0.005419706819071
5.81962061309321,-4.44381126313231,-0.005419706819071
5.82861529699017,-4.44386001215927,-0.005419706819071
5.83538342798805,-4.44389669380414,-0.005419706819071
5.84215155898592,-4.44393337544902,-0.005419706819071
5.8489196899838,-4.4439700570939,-0.005419706819071
5.85365738168231,-4.44399573424531,-0.005419706819071
5.85839507338083,-4.44402141139672,-0.005419706819071
5.86218522673964,-4.44404195311785,-0.005419706819071
5.86597538009845,-4.44406249483898,-0.005419706819071
5.86938651812138,-4.444080982388,-0.005419706819071
5.87241864080843,-4.4440974157649,-0.005419706819071
5.87545076349547,-4.4441138491418,-0.005419706819071
5.87814177238023,-4.44412843376381,-0.005419706819071
5.88083278126498,-4.44414301838581,-0.005419706819071
5.88352379014974,-4.44415760300781,-0.005419706819071
5.8862147990345,-4.44417218762982,-0.005419706819071
5.88890580791925,-4.44418677225182,-0.005419706819071
5.88990579323268,-4.4441921919321,-0.005419706819071
5.8909057785461,-4.44419761161239,-0.005419706819071
5.89190576385953,-4.44420303129268,-0.005419706819071
5.89290574917295,-4.44420845097296,-0.005419706819071
5.9429050148442,-4.4444794349873,-0.005419706819071
5.99290428051545,-4.44475041900164,-0.005419706819071
6.03290369305244,-4.44496720621311,-0.005419706819071
6.07290310558944,-4.44518399342458,-0.005419706819071
6.10490263561904,-4.44535742319375,-0.005419706819071
6.13370221264568,-4.44551350998601,-0.005419706819071
6.16250178967232,-4.44566959677827,-0.005419706819071
6.19130136669895,-4.44582568357053,-0.005419706819071
6.21434102832026,-4.44595055300433,-0.005419706819071
6.23738068994158,-4.44607542243814,-0.005419706819071
6.25293246153596,-4.44615970930596,-0.005419706819071
6.26692905597091,-4.446235567487,-0.005419706819071
6.28092565040585,-4.44631142566803,-0.005419706819071
6.29212292595381,-4.44637211221286,-0.005419706819071
6.30332020150177,-4.44643279875769,-0.005419706819071
6.31227802194013,-4.44648134799356,-0.005419706819071
6.32034006033466,-4.44652504230584,-0.005419706819071
6.32840209872919,-4.44656873661811,-0.005419706819071
6.33485172944481,-4.44660369206794,-0.005419706819071
6.34065639708888,-4.44663515197277,-0.005419706819071
6.34646106473294,-4.44666661187761,-0.005419706819071
6.35110479884819,-4.44669177980149,-0.005419706819071
6.35574853296343,-4.44671694772536,-0.005419706819071
6.35946352025563,-4.44673708206446,-0.005419706819071
6.36317850754783,-4.44675721640355,-0.005419706819071
6.36615049738159,-4.44677332387483,-0.005419706819071
6.36912248721535,-4.44678943134611,-0.005419706819071
6.37179727806573,-4.44680392807026,-0.005419706819071
6.37447206891612,-4.44681842479441,-0.005419706819071
6.37631470261305,-4.4468284114266,-0.005419706819071
6.37815733630998,-4.44683839805879,-0.005419706819071
6.37963144326752,-4.44684638736455,-0.005419706819071
6.38110555022507,-4.4468543766703,-0.005419706819071
6.3822848357911,-4.4468607681149,-0.005419706819071
6.38346412135714,-4.44686715955951,-0.005419706819071
6.38464340692317,-4.44687355100411,-0.005419706819071
6.3856433922366,-4.4468789706844,-0.005419706819071
6.38664337755002,-4.44688439036468,-0.005419706819071
6.38764336286345,-4.44688981004497,-0.005419706819071
6.38864334817687,-4.44689522972526,-0.005419706819071
6.43864261384812,-4.44716621373959,-0.005419706819071
6.48864187951937,-4.44743719775393,-0.005419706819071
6.53364121862349,-4.44768108336683,-0.005419706819071
6.57864055772761,-4.44792496897974,-0.005419706819071
6.6141400363542,-4.44811736762992,-0.005419706819071
6.64963951498078,-4.44830976628009,-0.005419706819071
6.68063905969696,-4.44847777636898,-0.005419706819071
6.7014387542162,-4.44859050571895,-0.005419706819071
6.72015847928351,-4.44869196213392,-0.005419706819071
6.73887820435083,-4.44879341854888,-0.005419706819071
6.75759792941814,-4.44889487496385,-0.005419706819071
6.77070173696526,-4.44896589445433,-0.005419706819071
6.78249516375767,-4.44902981199576,-0.005419706819071
6.79428859055008,-4.44909372953719,-0.005419706819071
6.80372333198401,-4.44914486357033,-0.005419706819071
6.81221459927454,-4.44919088420016,-0.005419706819071
6.82070586656507,-4.44923690482999,-0.005419706819071
6.8274988803975,-4.44927372133385,-0.005419706819071
6.83429189422993,-4.44931053783772,-0.005419706819071
6.83972630529587,-4.44933999104081,-0.005419706819071
6.84516071636181,-4.4493694442439,-0.005419706819071
6.85005168632116,-4.44939595212668,-0.005419706819071
6.85494265628051,-4.44942246000946,-0.005419706819071
6.85880108813733,-4.44944337178366,-0.005419706819071
6.86265951999414,-4.44946428355785,-0.005419706819071
6.86564301166935,-4.44948045336635,-0.005419706819071
6.86862650334455,-4.44949662317484,-0.005419706819071
6.87092580266655,-4.44950908482507,-0.005419706819071
6.87322510198855,-4.4495215464753,-0.005419706819071
6.87499612221083,-4.44953114497965,-0.005419706819071
6.87636011047868,-4.44953853746855,-0.005419706819071
6.87772409874653,-4.44954592995745,-0.005419706819071
6.87881528936081,-4.44955184394856,-0.005419706819071
6.87981527467424,-4.44955726362885,-0.005419706819071
6.88081525998766,-4.44956268330914,-0.005419706819071
6.88181524530109,-4.44956810298942,-0.005419706819071
6.88281523061451,-4.44957352266971,-0.005419706819071
6.88381521592794,-4.44957894235,-0.005419706819071
6.88481520124136,-4.44958436203028,-0.005419706819071
6.93481446691261,-4.44985534604462,-0.005419706819071
6.98481373258386,-4.45012633005896,-0.005419706819071
7.02481314512086,-4.45034311727043,-0.005419706819071
7.06481255765785,-4.4505599044819,-0.005419706819071
7.09681208768745,-4.45073333425107,-0.005419706819071
7.12881161771705,-4.45090676402025,-0.005419706819071
7.15441124174073,-4.45104550783559,-0.005419706819071
7.18001086576441,-4.45118425165093,-0.005419706819071
7.20049056498335,-4.4512952467032,-0.005419706819071
7.22097026420229,-4.45140624175547,-0.005419706819071
7.23735402357745,-4.45149503779729,-0.005419706819071
7.2537377829526,-4.45158383383911,-0.005419706819071
7.26684479045273,-4.45165487067256,-0.005419706819071
7.27995179795285,-4.45172590750602,-0.005419706819071
7.29043740395295,-4.45178273697278,-0.005419706819071
7.30092300995305,-4.45183956643955,-0.005419706819071
7.30931149475313,-4.45188503001296,-0.005419706819071
7.31769997955321,-4.45193049358637,-0.005419706819071
7.32441076739327,-4.4519668644451,-0.005419706819071
7.33112155523333,-4.45200323530382,-0.005419706819071
7.33649018550538,-4.45203233199081,-0.005419706819071
7.34185881577743,-4.45206142867779,-0.005419706819071
7.34615371999507,-4.45208470602738,-0.005419706819071
7.35001913379095,-4.452105655642,-0.005419706819071
7.35388454758683,-4.45212660525663,-0.005419706819071
7.35697687862353,-4.45214336494833,-0.005419706819071
7.36006920966023,-4.45216012464004,-0.005419706819071
7.36254307448959,-4.4521735323934,-0.005419706819071
7.36501693931895,-4.45218694014676,-0.005419706819071
7.36724341766537,-4.45219900712478,-0.005419706819071
7.36899986169422,-4.45220852662967,-0.005419706819071
7.37075630572307,-4.45221804613456,-0.005419706819071
7.37216146094614,-4.45222566173847,-0.005419706819071
7.37342610064691,-4.45223251578199,-0.005419706819071
7.37469074034768,-4.4522393698255,-0.005419706819071
7.3757024521083,-4.45224485306032,-0.005419706819071
7.37670243742172,-4.45225027274061,-0.005419706819071
7.37770242273515,-4.45225569242089,-0.005419706819071
7.37870240804857,-4.45226111210118,-0.005419706819071
7.379702393362,-4.45226653178147,-0.005419706819071
7.38070237867542,-4.45227195146175,-0.005419706819071
7.38170236398885,-4.45227737114204,-0.005419706819071
7.43170162966009,-4.45254835515638,-0.005419706819071
7.48170089533134,-4.45281933917071,-0.005419706819071
7.52670023443546,-4.45306322478362,-0.005419706819071
7.56219971306205,-4.4532556234338,-0.005419706819071
7.59414924382598,-4.45342878221896,-0.005419706819071
7.6260987745899,-4.45360194100412,-0.005419706819071
7.65165839920105,-4.45374046803225,-0.005419706819071
7.67721802381219,-4.45387899506038,-0.005419706819071
7.6976657235011,-4.45398981668288,-0.005419706819071
7.71811342319001,-4.45410063830538,-0.005419706819071
7.73447158294114,-4.45418929560339,-0.005419706819071
7.75082974269228,-4.45427795290139,-0.005419706819071
7.76391627049318,-4.45434887873979,-0.005419706819071
7.77700279829408,-4.45441980457819,-0.005419706819071
7.78747202053481,-4.45447654524891,-0.005419706819071
7.79794124277553,-4.45453328591964,-0.005419706819071
7.80631662056811,-4.45457867845621,-0.005419706819071
7.81469199836069,-4.45462407099279,-0.005419706819071
7.82222983837401,-4.45466492427571,-0.005419706819071
7.82817635660674,-4.45469715297668,-0.005419706819071
7.83412287483947,-4.45472938167765,-0.005419706819071
7.83947474124893,-4.45475838750852,-0.005419706819071
7.84482660765839,-4.4547873933394,-0.005419706819071
7.84904863560363,-4.45481027571709,-0.005419706819071
7.85327066354887,-4.45483315809477,-0.005419706819071
7.85611309926411,-4.45484856341384,-0.005419706819071
7.85895553497936,-4.4548639687329,-0.005419706819071
7.86151372712308,-4.45487783352006,-0.005419706819071
7.8640719192668,-4.45489169830722,-0.005419706819071
7.86609004862462,-4.45490263608375,-0.005419706819071
7.86810817798245,-4.45491357386029,-0.005419706819071
7.86946686225434,-4.4549209376028,-0.005419706819071
7.87082554652622,-4.45492830134531,-0.005419706819071
7.87191249394373,-4.45493419233932,-0.005419706819071
7.87299944136124,-4.45494008333333,-0.005419706819071
7.87399942667467,-4.45494550301362,-0.005419706819071
7.87499941198809,-4.45495092269391,-0.005419706819071
7.87599939730152,-4.45495634237419,-0.005419706819071
7.87699938261494,-4.45496176205448,-0.005419706819071
7.87799936792837,-4.45496718173477,-0.005419706819071
7.92799863359961,-4.4552381657491,-0.005419706819071
7.97799789927086,-4.45550914976344,-0.005419706819071
8.01799731180786,-4.45572593697491,-0.005419706819071
8.05799672434486,-4.45594272418638,-0.005419706819071
8.09799613688186,-4.45615951139785,-0.005419706819071
8.13799554941885,-4.45637629860932,-0.005419706819071
8.16599513819475,-4.45652804965735,-0.005419706819071
8.18999478571695,-4.45665812198423,-0.005419706819071
8.21399443323915,-4.45678819431111,-0.005419706819071
8.23279415713154,-4.4568900843005,-0.005419706819071
8.25159388102393,-4.45699197428989,-0.005419706819071
8.26423369538562,-4.45706047904872,-0.005419706819071
8.27687350974731,-4.45712898380754,-0.005419706819071
8.28698536123666,-4.4571837876146,-0.005419706819071
8.29709721272602,-4.45723859142166,-0.005419706819071
8.3051866939175,-4.45728243446731,-0.005419706819071
8.31327617510898,-4.45732627751296,-0.005419706819071
8.32136565630047,-4.4573701205586,-0.005419706819071
8.32783724125365,-4.45740519499512,-0.005419706819071
8.33430882620684,-4.45744026943164,-0.005419706819071
8.33932430454555,-4.45746745211994,-0.005419706819071
8.34433978288427,-4.45749463480824,-0.005419706819071
8.3482065548938,-4.45751559178406,-0.005419706819071
8.35207332690333,-4.45753654875988,-0.005419706819071
8.35505187387803,-4.45755269176929,-0.005419706819071
8.35803042085274,-4.45756883477869,-0.005419706819071
8.36032443592902,-4.45758126778958,-0.005419706819071
8.3626184510053,-4.45759370080046,-0.005419706819071
8.36438520987648,-4.45760327620932,-0.005419706819071
8.36592256724004,-4.45761160831709,-0.005419706819071
8.36745992460359,-4.45761994042485,-0.005419706819071
8.36866687034367,-4.45762648178096,-0.005419706819071
8.36987381608375,-4.45763302313706,-0.005419706819071
8.37087380139718,-4.45763844281735,-0.005419706819071
8.3718737867106,-4.45764386249764,-0.005419706819071
8.37287377202403,-4.45764928217792,-0.005419706819071
8.37387375733745,-4.45765470185821,-0.005419706819071
8.37487374265088,-4.4576601215385,-0.005419706819071
8.37487374265088,-4.4576601215385,-0.162499339498561
8.37487374265088,-4.4576601215385,-0.319578972178051
8.37487374265088,-4.4576601215385,-0.47665860485754
8.37487374265088,-4.4576601215385,-0.63373823753703
8.37487374265088,-4.4576601215385,-0.790817870216519
8.37487374265088,-4.4576601215385,-0.947897502896009
8.37487374265088,-4.4576601215385,-1.1049771355755
8.37487374265088,-4.4576601215385,-1.26205676825499
8.37487374265088,-4.4576601215385,-1.41913640093448
8.37487374265088,-4.4576601215385,-1.57621603361397
8.37487374265088,-4.4576601215385,-1.73329566629346
8.37487374265088,-4.4576601215385,-1.89037529897295
8.37487374265088,-4.4576601215385,-2.04745493165244
8.37487374265088,-4.4576601215385,-2.20453456433193
8.37487374265088,-4.4576601215385,-2.36161419701142
8.37487374265088,-4.4576601215385,-2.51869382969091
8.37487374265088,-4.4576601215385,-2.6757734623704
8.37487374265088,-4.4576601215385,-2.83285309504988
8.37487374265088,-4.4576601215385,-2.98993272772937
8.37487374265088,-4.4576601215385,3.13617294677072
8.37487374265088,-4.4576601215385,2.97909331409123
8.37487374265088,-4.4576601215385,2.83772164467969
8.37487374265088,-4.4576601215385,2.7104871422093
8.37487374265088,-4.4576601215385,2.58325263973892
8.37487374265088,-4.4576601215385,2.46874158751557
8.37487374265088,-4.4576601215385,2.3784050907616
8.37487374265088,-4.4576601215385,2.28806859400762
8.37487374265088,-4.4576601215385,2.19773209725365
8.37487374265088,-4.4576601215385,2.12546289985047
8.37487374265088,-4.4576601215385,2.069454271863
8.37487374265088,-4.4576601215385,2.01904650667428
8.37487374265088,-4.4576601215385,1.97367951800444
8.37487374265088,-4.4576601215385,1.93284922820158
8.37487374265088,-4.4576601215385,1.896101967379
8.37487374265088,-4.4576601215385,1.85935470655643
8.37487374265088,-4.4576601215385,1.82995689789837
8.37487374265088,-4.4576601215385,1.80055908924031
8.37487374265088,-4.4576601215385,1.77704084231386
8.37487374265088,-4.4576601215385,1.75587442008006
8.37487374265088,-4.4576601215385,1.73682464006963
8.37487374265088,-4.4576601215385,1.71967983806025
8.37487374265088,-4.4576601215385,1.70424951625181
8.37487374265088,-4.4576601215385,1.68881919444337
8.37487374265088,-4.4576601215385,1.67647493699661
8.37487374265088,-4.4576601215385,1.66413067954986
8.37487374265088,-4.4576601215385,1.65302084784778
8.37487374265088,-4.4576601215385,1.64425642506058
8.37487374265088,-4.4576601215385,1.63549200227339
8.37487374265088,-4.4576601215385,1.62848046404363
8.37487374265088,-4.4576601215385,1.62217007963685
8.37487374265088,-4.4576601215385,1.61649073367075
8.37487374265088,-4.4576601215385,1.61137932230126
8.37487374265088,-4.4576601215385,1.60677905206871
8.37487374265088,-4.4576601215385,1.60263880885942
8.37487374265088,-4.4576601215385,1.59891258997106
8.37487374265088,-4.4576601215385,1.59555899297154
8.37487374265088,-4.4576601215385,1.59254075567197
8.37487374265088,-4.4576601215385,1.58982434210235
8.37487374265088,-4.4576601215385,1.5873795698897
8.37487374265088,-4.4576601215385,1.58493479767705
8.37487374265088,-4.4576601215385,1.58297897990693
8.37487374265088,-4.4576601215385,1.5810231621368
8.37487374265088,-4.4576601215385,1.57945850792071
8.37487374265088,-4.4576601215385,1.57789385370461
8.37487374265088,-4.4576601215385,1.57632919948851
8.37487374265088,-4.4576601215385,1.57476454527241
8.37487374265088,-4.4576601215385,1.57366928732114
8.37487374265088,-4.4576601215385,1.57284002058661
8.37487374265088,-4.4576601215385,1.57209368052553
8.37487374265088,-4.4576601215385,1.57134734046446
8.37487374265088,-4.4576601215385,1.57075026841559
8.37487374265088,-4.4576601215385,1.57021290357162
8.37487374265088,-4.4576601215385,1.56972927521204
8.37487374265088,-4.4576601215385,1.56929400968842
8.37487374265088,-4.4576601215385,1.56890227071716
8.37487374265088,-4.4576601215385,1.5685105317459
8.37487374265088,-4.4576601215385,1.56811879277464
8.37487374265088,-4.4576601215385,1.56784457549476
8.37487374265088,-4.4576601215385,1.56757035821488
8.37487374265088,-4.4576601215385,1.56729614093499
8.37487374265088,-4.4576601215385,1.56710418883908
8.37487374265088,-4.4576601215385,1.56691223674316
8.37487374265088,-4.4576601215385,1.56672028464724
8.37487374265088,-4.4576601215385,1.56654752776092
8.37487374265088,-4.4576601215385,1.56641316129378
8.37487374265088,-4.4576601215385,1.56630950716198
8.37487374265088,-4.4576601215385,1.56620585303019
8.37510326553301,-4.40766064834881,1.56620585303019
8.37533278841514,-4.35766117515912,1.56620585303019
8.37551640672085,-4.31766159660736,1.56620585303019
8.37570002502655,-4.27766201805561,1.56620585303019
8.37584691967112,-4.24566235521421,1.56620585303019
8.37599381431568,-4.21366269237281,1.56620585303019
8.37612601949579,-4.18486299581555,1.56620585303019
8.3762582246759,-4.15606329925828,1.56620585303019
8.37634929935553,-4.13622350829662,1.56620585303019
8.37644037403516,-4.11638371733495,1.56620585303019
8.37651323377886,-4.10051188456561,1.56620585303019
8.37658609352257,-4.08464005179628,1.56620585303019
8.3766516672919,-4.07035540230387,1.56620585303019
8.37671724106123,-4.05607075281147,1.56620585303019
8.37676241410233,-4.04623021649448,1.56620585303019
8.37680758714343,-4.0363896801775,1.56620585303019
8.37684824288041,-4.02753319749221,1.56620585303019
8.3768888986174,-4.01867671480692,1.56620585303019
8.37692503705028,-4.01080428575333,1.56620585303019
8.37696117548315,-4.00293185669974,1.56620585303019
8.37699731391603,-3.99505942764615,1.56620585303019
8.37703345234891,-3.98718699859256,1.56620585303019
8.37704700426124,-3.98423483769746,1.56620585303019
8.37706055617356,-3.98128267680236,1.56620585303019
8.37707139770343,-3.97892094808629,1.56620585303019
8.37708223923329,-3.97655921937021,1.56620585303019
8.37709091245718,-3.97466983639735,1.56620585303019
8.37709958568107,-3.97278045342449,1.56620585303019
8.37710739158257,-3.97108000874891,1.56620585303019
8.37711519748407,-3.96937956407333,1.56620585303019
8.37712057488289,-3.96820814663016,1.56620585303019
8.3771259522817,-3.96703672918699,1.56620585303019
8.37713054273934,-3.96603673972319,1.56620585303019
8.37713513319698,-3.9650367502594,1.56620585303019
8.37713972365463,-3.96403676079561,1.56620585303019
8.37714431411227,-3.96303677133181,1.56620585303019
8.37714890456991,-3.96203678186802,1.56620585303019
8.37737842745204,-3.91203730867833,1.56620585303019
8.37760795033417,-3.86203783548864,1.56620585303019
8.37779156863988,-3.82203825693688,1.56620585303019
8.37797518694558,-3.78203867838513,1.56620585303019
8.37812208159015,-3.75003901554373,1.56620585303019
8.37826897623471,-3.71803935270233,1.56620585303019
8.37838649195036,-3.69243962242921,1.56620585303019
8.37849225609445,-3.6693998651834,1.56620585303019
8.37859802023853,-3.64636010793759,1.56620585303019
8.37870378438262,-3.62332035069178,1.56620585303019
8.37877781928348,-3.60719252061971,1.56620585303019
8.37884445069426,-3.59267747355485,1.56620585303019
8.37891108210503,-3.57816242648999,1.56620585303019
8.37897105037473,-3.56509888413162,1.56620585303019
8.37903101864443,-3.55203534177324,1.56620585303019
8.37907233011911,-3.54303601259303,1.56620585303019
8.37911364159379,-3.53403668341282,1.56620585303019
8.37914669077353,-3.52683722006865,1.56620585303019
8.3791764350353,-3.52035770305889,1.56620585303019
8.37920617929707,-3.51387818604914,1.56620585303019
8.37922997470649,-3.50869457244134,1.56620585303019
8.3792537701159,-3.50351095883354,1.56620585303019
8.37927518598438,-3.49884570658651,1.56620585303019
8.37929660185285,-3.49418045433949,1.56620585303019
8.37931349659354,-3.49050008867795,1.56620585303019
8.37932824974737,-3.48728624824111,1.56620585303019
8.37934300290121,-3.48407240780427,1.56620585303019
8.3793545912656,-3.48154798797727,1.56620585303019
8.37936617962998,-3.47902356815027,1.56620585303019
8.37937397500611,-3.47732541633236,1.56620585303019
8.37938177038223,-3.47562726451444,1.56620585303019
8.37938800668313,-3.47426874306011,1.56620585303019
8.37939424298403,-3.47291022160578,1.56620585303019
8.37939923202475,-3.47182340444231,1.56620585303019
8.37940422106547,-3.47073658727884,1.56620585303019
8.37940881152311,-3.46973659781505,1.56620585303019
8.37941340198076,-3.46873660835126,1.56620585303019
8.3794179924384,-3.46773661888746,1.56620585303019
8.37942258289604,-3.46673662942367,1.56620585303019
8.37965210577817,-3.41673715623398,1.56620585303019
8.3798816286603,-3.36673768304429,1.56620585303019
8.38006524696601,-3.32673810449254,1.56620585303019
8.38024886527171,-3.28673852594078,1.56620585303019
8.38039575991628,-3.25473886309938,1.56620585303019
8.38054265456084,-3.22273920025798,1.56620585303019
8.38066017027649,-3.19713946998486,1.56620585303019
8.38077768599214,-3.17153973971174,1.56620585303019
8.38088345013623,-3.14849998246593,1.56620585303019
8.38098921428032,-3.12546022522012,1.56620585303019
8.38106207402402,-3.10958839245078,1.56620585303019
8.38113493376772,-3.09371655968145,1.56620585303019
8.38119322156269,-3.08101909346598,1.56620585303019
8.38125150935765,-3.06832162725051,1.56620585303019
8.38129813959362,-3.05816365427813,1.56620585303019
8.38134476982959,-3.04800568130576,1.56620585303019
8.38138207401837,-3.03987930292786,1.56620585303019
8.38141937820715,-3.03175292454996,1.56620585303019
8.38144922155817,-3.02525182184764,1.56620585303019
8.38147608057409,-3.01940082941555,1.56620585303019
8.38150293959001,-3.01354983698347,1.56620585303019
8.38152711270433,-3.00828394379459,1.56620585303019
8.38155128581866,-3.00301805060571,1.56620585303019
8.38156793840853,-2.99939043529781,1.56620585303019
8.3815845909984,-2.99576281998992,1.56620585303019
8.3815979130703,-2.9928607277436,1.56620585303019
8.38161123514219,-2.98995863549729,1.56620585303019
8.38162455721409,-2.98705654325097,1.56620585303019
8.38163787928598,-2.98415445100466,1.56620585303019
8.38165120135788,-2.98125235875834,1.56620585303019
8.38165786239383,-2.97980131263518,1.56620585303019
8.38166452342978,-2.97835026651203,1.56620585303019
8.38167118446573,-2.97689922038887,1.56620585303019
8.38167651329448,-2.97573838349034,1.56620585303019
8.38168184212324,-2.97457754659182,1.56620585303019
8.38168643258088,-2.97357755712802,1.56620585303019
8.38169102303853,-2.97257756766423,1.56620585303019
8.38169561349617,-2.97157757820043,1.56620585303019
8.38170020395381,-2.97057758873664,1.56620585303019
8.38192972683594,-2.92057811554695,1.56620585303019
8.38215924971807,-2.87057864235726,1.56620585303019
8.38238877260021,-2.82057916916757,1.56620585303019
8.38257239090591,-2.78057959061582,1.56620585303019
8.38271469509283,-2.74957991723821,1.56620585303019
8.38285699927975,-2.7185802438606,1.56620585303019
8.38297084262929,-2.69378050515851,1.56620585303019
8.38307330164387,-2.67146074032664,1.56620585303019
8.38317576065846,-2.64914097549476,1.56620585303019
8.38325772787012,-2.63128516362926,1.56620585303019
8.38333969508179,-2.61342935176375,1.56620585303019
8.38341346557229,-2.5973591210848,1.56620585303019
8.38347166229257,-2.5846814946603,1.56620585303019
8.38352403934083,-2.57327163087824,1.56620585303019
8.38357641638909,-2.56186176709618,1.56620585303019
8.38362355573251,-2.55159288969233,1.56620585303019
8.38367069507594,-2.54132401228848,1.56620585303019
8.38370316884586,-2.53424989674361,1.56620585303019
8.38373564261578,-2.52717578119873,1.56620585303019
8.38376162163172,-2.52151648876283,1.56620585303019
8.38378760064765,-2.51585719632693,1.56620585303019
8.3838083838604,-2.51132976237821,1.56620585303019
8.38382916707314,-2.5068023284295,1.56620585303019
8.38384787196462,-2.50272763787565,1.56620585303019
8.38386657685609,-2.4986529473218,1.56620585303019
8.38388133293714,-2.49543846921821,1.56620585303019
8.38389608901819,-2.49222399111462,1.56620585303019
8.38390749900199,-2.48973842987677,1.56620585303019
8.38391890898579,-2.48725286863892,1.56620585303019
8.38392656136472,-2.485585867459,1.56620585303019
8.38393421374365,-2.48391886627908,1.56620585303019
8.38394110088469,-2.48241856521716,1.56620585303019
8.38394798802573,-2.48091826415523,1.56620585303019
8.38395273250067,-2.47988472342368,1.56620585303019
8.38395747697561,-2.47885118269213,1.56620585303019
8.38396206743325,-2.47785119322834,1.56620585303019
8.3839666578909,-2.47685120376455,1.56620585303019
8.38397124834854,-2.47585121430075,1.56620585303019
8.38397583880618,-2.47485122483696,1.56620585303019
8.38420536168831,-2.42485175164727,1.56620585303019
8.38443488457044,-2.37485227845758,1.56620585303019
8.38466440745258,-2.32485280526789,1.56620585303019
8.38482507347007,-2.2898531740351,1.56620585303019
8.38498573948756,-2.25485354280232,1.56620585303019
8.3851303389033,-2.22335387469281,1.56620585303019
8.38527493831905,-2.19185420658331,1.56620585303019
8.38538901119147,-2.16700446840803,1.56620585303019
8.38550308406389,-2.14215473023276,1.56620585303019
8.38559128970749,-2.12293993268596,1.56620585303019
8.38567949535109,-2.10372513513916,1.56620585303019
8.38573865257873,-2.09083827091925,1.56620585303019
8.38579189408361,-2.07924009312133,1.56620585303019
8.38584513558848,-2.06764191532341,1.56620585303019
8.38589305294287,-2.05720355530528,1.56620585303019
8.38594097029726,-2.04676519528715,1.56620585303019
8.38597398003028,-2.03957432505244,1.56620585303019
8.38600698976331,-2.03238345481773,1.56620585303019
8.38603669852303,-2.0259116716065,1.56620585303019
8.38606640728275,-2.01943988839526,1.56620585303019
8.38608687331722,-2.01498154884974,1.56620585303019
8.3861073393517,-2.01052320930422,1.56620585303019
8.38612575878273,-2.00651070371325,1.56620585303019
8.38614417821375,-2.00249819812228,1.56620585303019
8.38615686715513,-1.99973402760406,1.56620585303019
8.3861695560965,-1.99696985708583,1.56620585303019
8.3861797072496,-1.99475852067126,1.56620585303019
8.3861898584027,-1.99254718425668,1.56620585303019
8.38619797932518,-1.99077811512502,1.56620585303019
8.38620528815541,-1.98918595290652,1.56620585303019
8.38621259698564,-1.98759379068802,1.56620585303019
8.38621844404983,-1.98632006091323,1.56620585303019
8.38622429111401,-1.98504633113843,1.56620585303019
8.38622896876536,-1.98402734731859,1.56620585303019
8.38623364641671,-1.98300836349875,1.56620585303019
8.38623823687435,-1.98200837403496,1.56620585303019
8.386242827332,-1.98100838457117,1.56620585303019
8.38624741778964,-1.98000839510737,1.56620585303019
8.38625200824728,-1.97900840564358,1.56620585303019
8.38625659870492,-1.97800841617979,1.56620585303019
8.38648612158706,-1.9280089429901,1.56620585303019
8.38671564446919,-1.8780094698004,1.56620585303019
8.38692221506311,-1.83300994392968,1.56620585303019
8.38712878565702,-1.78801041805896,1.56620585303019
8.38727108984395,-1.75701074468135,1.56620585303019
8.38741339403087,-1.72601107130375,1.56620585303019
8.3875414677991,-1.6981113652639,1.56620585303019
8.38766954156733,-1.67021165922405,1.56620585303019
8.38778338491686,-1.64541192052196,1.56620585303019
8.3878972282664,-1.62061218181988,1.56620585303019
8.38796268819238,-1.60635233206618,1.56620585303019
8.38802814811837,-1.59209248231248,1.56620585303019
8.38808051605916,-1.58068460250952,1.56620585303019
8.38813288399994,-1.56927672270656,1.56620585303019
8.38818001514665,-1.5590096308839,1.56620585303019
8.38822714629336,-1.54874253906123,1.56620585303019
8.38825961441665,-1.5416696535834,1.56620585303019
8.38829208253994,-1.53459676810556,1.56620585303019
8.38831805703857,-1.52893845972329,1.56620585303019
8.3883440315372,-1.52328015134102,1.56620585303019
8.3883648111361,-1.51875350463521,1.56620585303019
8.38838351277511,-1.51467952259998,1.56620585303019
8.38840221441413,-1.51060554056474,1.56620585303019
8.38841717572534,-1.50734635493656,1.56620585303019
8.38843213703655,-1.50408716930837,1.56620585303019
8.38844410608552,-1.50147982080582,1.56620585303019
8.38845607513449,-1.49887247230327,1.56620585303019
8.38846565037366,-1.49678659350123,1.56620585303019
8.38847522561284,-1.4947007146992,1.56620585303019
8.38848288580418,-1.49303201165756,1.56620585303019
8.38849054599552,-1.49136330861593,1.56620585303019
8.38849667414859,-1.49002834618263,1.56620585303019
8.38850280230166,-1.48869338374932,1.56620585303019
8.38850770482412,-1.48762541380268,1.56620585303019
8.38851260734658,-1.48655744385603,1.56620585303019
8.38851719780422,-1.48555745439224,1.56620585303019
8.38852178826186,-1.48455746492845,1.56620585303019
8.3885263787195,-1.48355747546465,1.56620585303019
8.38853096917715,-1.48255748600086,1.56620585303019
8.38853555963479,-1.48155749653706,1.56620585303019
8.38854015009243,-1.48055750707327,1.56620585303019
8.38876967297456,-1.43055803388358,1.56620585303019
8.38899919585669,-1.38055856069389,1.56620585303019
8.38920576645061,-1.33555903482317,1.56620585303019
8.38941233704453,-1.29055950895245,1.56620585303019
8.38955464123145,-1.25955983557484,1.56620585303019
8.38969694541838,-1.22856016219723,1.56620585303019
8.3898250191866,-1.20066045615738,1.56620585303019
8.38995309295483,-1.17276075011754,1.56620585303019
8.39005412892755,-1.15075098201943,1.56620585303019
8.39015516490026,-1.12874121392133,1.56620585303019
8.39022318630161,-1.11392337004684,1.56620585303019
8.39029120770296,-1.09910552617234,1.56620585303019
8.39035242696417,-1.08576946668529,1.56620585303019
8.39041364622539,-1.07243340719825,1.56620585303019
8.39045581949422,-1.06324634399606,1.56620585303019
8.39049799276306,-1.05405928079387,1.56620585303019
8.39053173137813,-1.04670963023212,1.56620585303019
8.39056209613169,-1.04009494472654,1.56620585303019
8.39059246088525,-1.03348025922097,1.56620585303019
8.3906167526881,-1.02818851081651,1.56620585303019
8.39063861531067,-1.02342593725249,1.56620585303019
8.39066047793323,-1.01866336368848,1.56620585303019
8.39068015429354,-1.01437704748087,1.56620585303019
8.39069983065385,-1.01009073127325,1.56620585303019
8.39071535311587,-1.0067093040428,1.56620585303019
8.39073087557789,-1.00332787681235,1.56620585303019
8.39074287815768,-1.00071322392571,1.56620585303019
8.39075488073747,-0.998098571039066,1.56620585303019
8.3907629305551,-0.996344991452796,1.56620585303019
8.39077098037272,-0.994591411866526,1.56620585303019
8.39077822520859,-0.993013190238883,1.56620585303019
8.39078547004445,-0.99143496861124,1.56620585303019
8.39079046093138,-0.990347749267753,1.56620585303019
8.39079545181832,-0.989260529924266,1.56620585303019
8.39080004227596,-0.988260540460472,1.56620585303019
8.3908046327336,-0.987260550996678,1.56620585303019
8.39080922319124,-0.986260561532884,1.56620585303019
8.39081381364889,-0.985260572069091,1.56620585303019
8.39104333653102,-0.9352610988794,1.56620585303019
8.39124990712494,-0.890261573008679,1.56620585303019
8.39145647771885,-0.845262047137957,1.56620585303019
8.39162173419399,-0.80926242644138,1.56620585303019
8.39178699066913,-0.773262805744803,1.56620585303019
8.39191919584923,-0.744463109187541,1.56620585303019
8.39205140102934,-0.715663412630279,1.56620585303019
8.39215716517343,-0.69262365538447,1.56620585303019
8.39226292931751,-0.669583898138661,1.56620585303019
8.39235811704719,-0.648848116617432,1.56620585303019
8.39245330477687,-0.628112335096204,1.56620585303019
8.39252839731917,-0.611754107451679,1.56620585303019
8.39260348986147,-0.595395879807154,1.56620585303019
8.39266155437658,-0.582747053079205,1.56620585303019
8.39271961889168,-0.570098226351256,1.56620585303019
8.39275856124953,-0.561614987733349,1.56620585303019
8.39279750360738,-0.553131749115442,1.56620585303019
8.39283255172945,-0.545496834359325,1.56620585303019
8.39286759985152,-0.537861919603209,1.56620585303019
8.39289524892559,-0.531838820184495,1.56620585303019
8.39292289799967,-0.525815720765781,1.56620585303019
8.39294427735413,-0.52115842276455,1.56620585303019
8.39296565670859,-0.516501124763319,1.56620585303019
8.39297999528475,-0.513377596304206,1.56620585303019
8.39299433386091,-0.510254067845093,1.56620585303019
8.39300580472184,-0.507755245077802,1.56620585303019
8.39301727558277,-0.505256422310511,1.56620585303019
8.39302645227152,-0.503257364096679,1.56620585303019
8.39303562896026,-0.501258305882846,1.56620585303019
8.39304297031125,-0.49965905931178,1.56620585303019
8.39305031166225,-0.498059812740714,1.56620585303019
8.39305618474304,-0.496780415483861,1.56620585303019
8.39306205782384,-0.495501018227008,1.56620585303019
8.39306675628847,-0.494477500421526,1.56620585303019
8.39307134674612,-0.493477510957732,1.56620585303019
8.39307593720376,-0.492477521493939,1.56620585303019
8.3930805276614,-0.491477532030145,1.56620585303019
8.39308511811904,-0.490477542566351,1.56620585303019
8.39308970857669,-0.489477553102557,1.56620585303019
8.39331923145882,-0.439478079912867,1.56620585303019
8.39354875434095,-0.389478606723176,1.56620585303019
8.39377827722308,-0.339479133533486,1.56620585303019
8.39400780010521,-0.289479660343795,1.56620585303019
8.39414551383449,-0.259479976429981,1.56620585303019
8.39426945619084,-0.232480260907548,1.56620585303019
8.39439339854719,-0.205480545385115,1.56620585303019
8.39449255243227,-0.183880772967169,1.56620585303019
8.39459170631736,-0.162281000549223,1.56620585303019
8.39467102942542,-0.145001182614865,1.56620585303019
8.39475035253348,-0.127721364680508,1.56620585303019
8.39481381101994,-0.113897510333023,1.56620585303019
8.39487726950639,-0.100073655985537,1.56620585303019
8.39492803629555,-0.089014572507549,1.56620585303019
8.39497880308471,-0.07795548902956,1.56620585303019
8.39502449319495,-0.068002313899371,1.56620585303019
8.3950701833052,-0.058049138769181,1.56620585303019
8.39510165871448,-0.051192507012828,1.56620585303019
8.39512998658283,-0.045021538432111,1.56620585303019
8.39515831445118,-0.038850569851393,1.56620585303019
8.3951838095327,-0.033296698128747,1.56620585303019
8.39520930461421,-0.027742826406101,1.56620585303019
8.39522686789259,-0.023916825886056,1.56620585303019
8.39524443117097,-0.020090825366012,1.56620585303019
8.39526023812151,-0.016647424897971,1.56620585303019
8.39527604507205,-0.013204024429931,1.56620585303019
8.39528693430465,-0.010831904107503,1.56620585303019
8.39529673461398,-0.008696995817318,1.56620585303019
8.39530653492332,-0.006562087527133,1.56620585303019
8.39531437517078,-0.004854160894985,1.56620585303019
8.39532221541825,-0.003146234262837,1.56620585303019
8.39532848761623,-0.001779892957118,1.56620585303019
8.3953347598142,-0.0004135516514,1.56620585303019
8.39534040479238,0.000816155523747,1.56620585303019
8.39534499525002,0.001816144987541,1.56620585303019
8.39534958570767,0.002816134451335,1.56620585303019
8.39535417616531,0.003816123915128,1.56620585303019
8.39535876662295,0.004816113378922,1.56620585303019
8.39536335708059,0.005816102842716,1.56620585303019
8.39536794753824,0.00681609230651,1.56620585303019
8.39559747042037,0.0568155654962,1.56620585303019
8.3958269933025,0.106815038685891,1.56620585303019
8.3960106116082,0.146814617237643,1.56620585303019
8.39619422991391,0.186814195789396,1.56620585303019
8.39635948638904,0.222813816485973,1.56620585303019
8.39652474286418,0.25881343718255,1.56620585303019
8.39663858621372,0.283613175884636,1.56620585303019
8.39675242956325,0.308412914586723,1.56620585303019
8.39685488857784,0.330732679418601,1.56620585303019
8.39695734759242,0.353052444250478,1.56620585303019
8.39702793046913,0.368428282245772,1.56620585303019
8.39709851334584,0.383804120241066,1.56620585303019
8.39716203793489,0.39764237443683,1.56620585303019
8.39722556252393,0.411480628632594,1.56620585303019
8.39726932390749,0.421013648189676,1.56620585303019
8.39731308529105,0.430546667746758,1.56620585303019
8.39735247053626,0.439126385348132,1.56620585303019
8.39739185578146,0.447706102949506,1.56620585303019
8.39742292636379,0.454474546835034,1.56620585303019
8.39745399694612,0.461242990720563,1.56620585303019
8.39747491488746,0.465799774068848,1.56620585303019
8.39749583282881,0.470356557417133,1.56620585303019
8.39751256718188,0.474001984095761,1.56620585303019
8.39752930153496,0.477647410774389,1.56620585303019
8.39754436245272,0.480928294785155,1.56620585303019
8.39755942337049,0.48420917879592,1.56620585303019
8.39757281085295,0.487125520138823,1.56620585303019
8.39758318615186,0.489385684679572,1.56620585303019
8.39759118517263,0.491128198631956,1.56620585303019
8.3975991841934,0.492870712584341,1.56620585303019
8.39760558341001,0.494264723746248,1.56620585303019
8.39761198262663,0.495658734908155,1.56620585303019
8.39761710199992,0.496773943837681,1.56620585303019
8.39762222137322,0.497889152767207,1.56620585303019
8.39762681183086,0.498889142231001,1.56620585303019
8.3976314022885,0.499889131694795,1.56620585303019
8.39763599274614,0.500889121158589,1.56620585303019
8.39764058320379,0.501889110622382,1.56620585303019
8.39764517366143,0.502889100086176,1.56620585303019
8.39787469654356,0.552888573275867,1.56620585303019
8.39810421942569,0.602888046465557,1.56620585303019
8.39831079001961,0.647887572336279,1.56620585303019
8.39851736061353,0.692887098207,1.56620585303019
8.39865966480045,0.723886771584608,1.56620585303019
8.39880196898737,0.754886444962216,1.56620585303019
8.39891581233691,0.779686183664303,1.56620585303019
8.39902965568644,0.804485922366389,1.56620585303019
8.39912073036608,0.824325713328058,1.56620585303019
8.39921180504571,0.844165504289728,1.56620585303019
8.39928466478941,0.860037337059063,1.56620585303019
8.39935752453311,0.875909169828398,1.56620585303019
8.39941581232808,0.888606636043867,1.56620585303019
8.39947410012304,0.901304102259335,1.56620585303019
8.39952073035901,0.91146207523171,1.56620585303019
8.39956736059498,0.921620048204084,1.56620585303019
8.39960466478376,0.929746426581984,1.56620585303019
8.39964196897254,0.937872804959884,1.56620585303019
8.39967181232356,0.944373907662203,1.56620585303019
8.39970165567458,0.950875010364523,1.56620585303019
8.39972553035539,0.956075892526379,1.56620585303019
8.39974940503621,0.961276774688235,1.56620585303019
8.39976850478086,0.965437480417719,1.56620585303019
8.39978760452552,0.969598186147204,1.56620585303019
8.39980670427017,0.973758891876689,1.56620585303019
8.39982198406589,0.977087456460276,1.56620585303019
8.39983726386162,0.980416021043864,1.56620585303019
8.39984757772373,0.982662802137786,1.56620585303019
8.39985686019963,0.984684905122315,1.56620585303019
8.39986614267553,0.986707008106845,1.56620585303019
8.39987356865625,0.988324690494469,1.56620585303019
8.39988099463697,0.989942372882092,1.56620585303019
8.39988767801962,0.991398287030953,1.56620585303019
8.39989436140227,0.992854201179815,1.56620585303019
8.39989963384858,0.994002755675028,1.56620585303019
8.39990490629489,0.99515131017024,1.56620585303019
8.39990949675254,0.996151299634034,1.56620585303019
8.39991408721018,0.997151289097828,1.56620585303019
8.39991867766782,0.998151278561621,1.56620585303019
8.39992326812546,0.999151268025415,1.56620585303019
8.4001527910076,1.04915074121511,1.56620585303019
8.40038231388973,1.0991502144048,1.56620585303019
8.40056593219543,1.13914979295655,1.56620585303019
8.40073118867057,1.17514941365313,1.56620585303019
8.4008964451457,1.2111490343497,1.56620585303019
8.40102865032581,1.23994873090696,1.56620585303019
8.40116085550592,1.26874842746423,1.56620585303019
8.40129306068603,1.29754812402149,1.56620585303019
8.4013856043121,1.31770791161157,1.56620585303019
8.40147814793818,1.33786769920165,1.56620585303019
8.40155218283904,1.35399552927372,1.56620585303019
8.40161881424982,1.36851057633858,1.56620585303019
8.40168544566059,1.38302562340344,1.56620585303019
8.40173875078921,1.39463766105533,1.56620585303019
8.40179205591783,1.40624969870722,1.56620585303019
8.40184003053358,1.41670053259392,1.56620585303019
8.40188800514934,1.42715136648061,1.56620585303019
8.40192105432909,1.43435082982479,1.56620585303019
8.40195410350883,1.44155029316896,1.56620585303019
8.40198054285263,1.44730986384429,1.56620585303019
8.40200433826204,1.4524934774521,1.56620585303019
8.40202575413052,1.45715872969912,1.56620585303019
8.40204716999899,1.46182398194614,1.56620585303019
8.40206430269377,1.46555618374376,1.56620585303019
8.40208143538855,1.46928838554138,1.56620585303019
8.40209514154437,1.47227414697947,1.56620585303019
8.40210747708461,1.47496133227376,1.56620585303019
8.40211981262485,1.47764851756804,1.56620585303019
8.40212968105705,1.47979826580347,1.56620585303019
8.40213954948924,1.4819480140389,1.56620585303019
8.40214941792143,1.48409776227432,1.56620585303019
8.40215928635362,1.48624751050975,1.56620585303019
8.40216619425616,1.48775233427455,1.56620585303019
8.40217211531547,1.48904218321581,1.56620585303019
8.40217803637479,1.49033203215707,1.56620585303019
8.40218267453792,1.49134241382772,1.56620585303019
8.40218731270105,1.49235279549837,1.56620585303019
8.40219190315869,1.49335278496216,1.56620585303019
8.40219649361633,1.49435277442596,1.56620585303019
8.40242601649847,1.54435224761565,1.56620585303019
8.4026555393806,1.59435172080534,1.56620585303019
8.4028391576863,1.63435129935709,1.56620585303019
8.40302277599201,1.67435087790884,1.56620585303019
8.40316967063657,1.70635054075024,1.56620585303019
8.40331656528113,1.73835020359165,1.56620585303019
8.40343408099679,1.76394993386477,1.56620585303019
8.40355159671244,1.78954966413789,1.56620585303019
8.40364560928496,1.81002944835639,1.56620585303019
8.40373962185748,1.83050923257488,1.56620585303019
8.4038148319155,1.84689305994968,1.56620585303019
8.40389004197351,1.86327688732448,1.56620585303019
8.40396525203153,1.87966071469928,1.56620585303019
8.40402542007794,1.89276777659911,1.56620585303019
8.40408558812436,1.90587483849895,1.56620585303019
8.40413221836033,1.91603281147133,1.56620585303019
8.4041788485963,1.9261907844437,1.56620585303019
8.40421946202763,1.93503805122609,1.56620585303019
8.40426007545896,1.94388531800848,1.56620585303019
8.40428324015683,1.94893153683992,1.56620585303019
8.4043064048547,1.95397775567136,1.56620585303019
8.40432493661299,1.95801473073651,1.56620585303019
8.40434346837129,1.96205170580166,1.56620585303019
8.40436014695375,1.96568498336029,1.56620585303019
8.40437682553622,1.96931826091893,1.56620585303019
8.40438831522636,1.97182118545932,1.56620585303019
8.4043998049165,1.97432410999972,1.56620585303019
8.40441129460665,1.97682703454011,1.56620585303019
8.40442048635876,1.97882937417242,1.56620585303019
8.40442967811088,1.98083171380474,1.56620585303019
8.40443588254355,1.98218329305655,1.56620585303019
8.40444208697623,1.98353487230836,1.56620585303019
8.40444829140891,1.98488645156017,1.56620585303019
8.40445449584159,1.98623803081199,1.56620585303019
8.40445908629923,1.98723802027578,1.56620585303019
8.40446367675687,1.98823800973957,1.56620585303019
8.40446826721452,1.98923799920337,1.56620585303019
8.40447285767216,1.99023798866716,1.56620585303019
8.40470238055429,2.04023746185685,1.56620585303019
8.40493190343642,2.09023693504654,1.56620585303019
8.40516142631855,2.14023640823623,1.56620585303019
8.40532209233604,2.17523603946902,1.56620585303019
8.40548275835354,2.2102356707018,1.56620585303019
8.40562735776928,2.2417353388113,1.56620585303019
8.40577195718502,2.27323500692081,1.56620585303019
8.40587157011587,2.29493477828514,1.56620585303019
8.40597118304672,2.31663454964946,1.56620585303019
8.40606083468448,2.33616434387735,1.56620585303019
8.40615048632224,2.35569413810525,1.56620585303019
8.40624013796,2.37522393233314,1.56620585303019
8.40632978959776,2.39475372656103,1.56620585303019
8.40637361928733,2.40430162596134,1.56620585303019
8.40641744897691,2.41384952536164,1.56620585303019
8.40645251272856,2.42148784488188,1.56620585303019
8.40648407010505,2.4283623324501,1.56620585303019
8.40651562748155,2.43523682001832,1.56620585303019
8.40654402912039,2.44142385882972,1.56620585303019
8.40657243075923,2.44761089764111,1.56620585303019
8.40659483649654,2.45249178381455,1.56620585303019
8.40661724223385,2.45737266998798,1.56620585303019
8.40663456723355,2.46114676366293,1.56620585303019
8.40665189223324,2.46492085733789,1.56620585303019
8.40666351165926,2.4674520436605,1.56620585303019
8.40667513108529,2.46998322998312,1.56620585303019
8.40668442662611,2.47200817904122,1.56620585303019
8.40669372216693,2.47403312809931,1.56620585303019
8.40670115859958,2.47565308734579,1.56620585303019
8.40670859503224,2.47727304659226,1.56620585303019
8.40671528782163,2.47873100991409,1.56620585303019
8.40672198061102,2.48018897323592,1.56620585303019
8.40672659119926,2.48119334796873,1.56620585303019
8.40673120178751,2.48219772270155,1.56620585303019
8.40673579224515,2.48319771216534,1.56620585303019
8.4067403827028,2.48419770162914,1.56620585303019
8.40674497316044,2.48519769109293,1.56620585303019
8.40674956361808,2.48619768055672,1.56620585303019
8.40697908650021,2.53619715374641,1.56620585303019
8.40720860938234,2.5861966269361,1.56620585303019
8.40743813226447,2.63619610012579,1.56620585303019
8.40766765514661,2.68619557331549,1.56620585303019
8.40780536887588,2.7161952572293,1.56620585303019
8.40794308260516,2.74619494114311,1.56620585303019
8.40805325358859,2.77019468827417,1.56620585303019
8.40816342457201,2.79419443540522,1.56620585303019
8.40826257845709,2.81579420782316,1.56620585303019
8.40836173234217,2.83739398024111,1.56620585303019
8.4084300383519,2.85227382346236,1.56620585303019
8.40849834436162,2.86715366668361,1.56620585303019
8.4085529891694,2.87905754126061,1.56620585303019
8.40860763397718,2.89096141583762,1.56620585303019
8.40865681430418,2.90167490295692,1.56620585303019
8.40870599463118,2.91238839007622,1.56620585303019
8.408739874412,2.91976879231396,1.56620585303019
8.40877375419282,2.9271491945517,1.56620585303019
8.40880085801748,2.93305351634189,1.56620585303019
8.40882796184214,2.93895783813209,1.56620585303019
8.40884964490186,2.94368129556424,1.56620585303019
8.40886915965562,2.94793240725318,1.56620585303019
8.40888867440937,2.95218351894212,1.56620585303019
8.40890623768775,2.95600951946216,1.56620585303019
8.40892380096613,2.95983551998221,1.56620585303019
8.40893765644129,2.96285380928135,1.56620585303019
8.40895151191646,2.9658720985805,1.56620585303019
8.40896222551627,2.96820595889773,1.56620585303019
8.40897293911608,2.97053981921495,1.56620585303019
8.40898012444841,2.97210507853882,1.56620585303019
8.40898730978075,2.97367033786269,1.56620585303019
8.40899305804661,2.97492254532178,1.56620585303019
8.40899880631248,2.97617475278088,1.56620585303019
8.40900340492517,2.97717651874815,1.56620585303019
8.40900799538281,2.97817650821195,1.56620585303019
8.40901258584045,2.97917649767574,1.56620585303019
8.4090171762981,2.98017648713953,1.56620585303019
8.40902176675574,2.98117647660333,1.56620585303019
8.40902635721338,2.98217646606712,1.56620585303019
8.40903094767102,2.98317645553091,1.56620585303019
8.40926047055315,3.0331759287206,1.56620585303019
8.40948999343529,3.0831754019103,1.56620585303019
8.4096965640292,3.12817492778102,1.56620585303019
8.40990313462312,3.17317445365174,1.56620585303019
8.41004543881004,3.20417412702935,1.56620585303019
8.41018774299697,3.23517380040695,1.56620585303019
8.41033004718389,3.26617347378456,1.56620585303019
8.41044389053342,3.29097321248665,1.56620585303019
8.41055773388296,3.31577295118873,1.56620585303019
8.4106345781439,3.33251277481264,1.56620585303019
8.41071142240484,3.34925259843655,1.56620585303019
8.41077289781359,3.36264445733568,1.56620585303019
8.41083437322234,3.37603631623481,1.56620585303019
8.41088970109021,3.38808898924402,1.56620585303019
8.41093334863042,3.3975972090624,1.56620585303019
8.41097699617064,3.40710542888078,1.56620585303019
8.41101191420281,3.41471200473548,1.56620585303019
8.41104334043176,3.42155792300472,1.56620585303019
8.41107476666071,3.42840384127395,1.56620585303019
8.41109990764388,3.43388057588934,1.56620585303019
8.41112504862704,3.43935731050472,1.56620585303019
8.41114767551188,3.44428637165857,1.56620585303019
8.41117030239673,3.44921543281242,1.56620585303019
8.41118588980629,3.45261100827396,1.56620585303019
8.41120147721585,3.4560065837355,1.56620585303019
8.4112139471435,3.45872304410473,1.56620585303019
8.41122641707115,3.46143950447397,1.56620585303019
8.41123639301327,3.46361267276935,1.56620585303019
8.41124636895538,3.46578584106474,1.56620585303019
8.4112563448975,3.46795900936012,1.56620585303019
8.41126332805699,3.46948022716689,1.56620585303019
8.41127031121647,3.47100144497366,1.56620585303019
8.41127589774406,3.47221841921908,1.56620585303019
8.41128148427164,3.47343539346449,1.56620585303019
8.41128651214647,3.47453067028537,1.56620585303019
8.4112915400213,3.47562594710624,1.56620585303019
8.41129613047894,3.47662593657004,1.56620585303019
8.41130072093658,3.47762592603383,1.56620585303019
8.41130531139423,3.47862591549762,1.56620585303019
8.41130990185187,3.47962590496142,1.56620585303019
8.411539424734,3.52962537815111,1.56620585303019
8.41176894761613,3.5796248513408,1.56620585303019
8.41195256592184,3.61962442989255,1.56620585303019
8.41213618422754,3.6596240084443,1.56620585303019
8.41231980253325,3.69962358699605,1.56620585303019
8.41250342083895,3.73962316554781,1.56620585303019
8.41261359182238,3.76362291267886,1.56620585303019
8.4127237628058,3.78762265980991,1.56620585303019
8.41281189959254,3.80682245751475,1.56620585303019
8.4128912227006,3.82410227544911,1.56620585303019
8.41297054580867,3.84138209338346,1.56620585303019
8.41303400429512,3.85520594773095,1.56620585303019
8.41309746278157,3.86902980207844,1.56620585303019
8.41316092126802,3.88285365642592,1.56620585303019
8.41322437975447,3.89667751077341,1.56620585303019
8.41326880069499,3.90635420881665,1.56620585303019
8.41330243369281,3.91368085162081,1.56620585303019
8.41333606669063,3.92100749442498,1.56620585303019
8.41336297308889,3.92686880866832,1.56620585303019
8.41338987948714,3.93273012291165,1.56620585303019
8.41341140460575,3.93741917430632,1.56620585303019
8.41343292972435,3.94210822570098,1.56620585303019
8.41345014981924,3.94585946681672,1.56620585303019
8.41346736991412,3.94961070793245,1.56620585303019
8.41348286799951,3.95298682493661,1.56620585303019
8.41349836608491,3.95636294194077,1.56620585303019
8.41351059235228,3.95902632313294,1.56620585303019
8.41352281861964,3.96168970432511,1.56620585303019
8.413531049825,3.96348279757844,1.56620585303019
8.41353928103035,3.96527589083176,1.56620585303019
8.41354668911517,3.96688967475974,1.56620585303019
8.41355409719999,3.96850345868773,1.56620585303019
8.41355920054731,3.96961517650479,1.56620585303019
8.41356430389463,3.97072689432185,1.56620585303019
8.41356889435227,3.97172688378564,1.56620585303019
8.41357348480992,3.97272687324944,1.56620585303019
8.41357807526756,3.97372686271323,1.56620585303019
8.4135826657252,3.97472685217703,1.56620585303019
8.41358725618284,3.97572684164082,1.56620585303019
8.41358725618284,3.97572684164082,1.72328548570968
8.41358725618284,3.97572684164082,1.88036511838917
8.41358725618284,3.97572684164082,2.00602882453276
8.41358725618284,3.97572684164082,2.11912616006199
8.41358725618284,3.97572684164082,2.23222349559122
8.41358725618284,3.97572684164082,2.33401109756753
8.41358725618284,3.97572684164082,2.42448896599092
8.41358725618284,3.97572684164082,2.50478807421667
8.41358725618284,3.97572684164082,2.56800948477751
8.41358725618284,3.97572684164082,2.62490875428227
8.41358725618284,3.97572684164082,2.68180802378703
8.41358725618284,3.97572684164082,2.72732743939083
8.41358725618284,3.97572684164082,2.76829491343426
8.41358725618284,3.97572684164082,2.80926238747768
8.41358725618284,3.97572684164082,2.85022986152111
8.41358725618284,3.97572684164082,2.88300384075585
8.41358725618284,3.97572684164082,2.90840367466277
8.41358725618284,3.97572684164082,2.9338035085697
8.41358725618284,3.97572684164082,2.95412337569523
8.41358725618284,3.97572684164082,2.97241125610822
8.41358725618284,3.97572684164082,2.98887034847991
8.41358725618284,3.97572684164082,3.00532944085159
8.41358725618284,3.97572684164082,3.01849671474894
8.41358725618284,3.97572684164082,3.03166398864629
8.41358725618284,3.97572684164082,3.04219780776417
8.41358725618284,3.97572684164082,3.05167824497026
8.41358725618284,3.97572684164082,3.06115868217635
8.41358725618284,3.97572684164082,3.06874303194123
8.41358725618284,3.97572684164082,3.07556894672961
8.41358725618284,3.97572684164082,3.08171227003916
8.41358725618284,3.97572684164082,3.08724126101775
8.41358725618284,3.97572684164082,3.09221735289848
8.41358725618284,3.97572684164082,3.09669583559114
8.41358725618284,3.97572684164082,3.10072647001454
8.41358725618284,3.97572684164082,3.10435404099559
8.41358725618284,3.97572684164082,3.10761885487854
8.41358725618284,3.97572684164082,3.1105571873732
8.41358725618284,3.97572684164082,3.11349551986785
8.41358725618284,3.97572684164082,3.11614001911304
8.41358725618284,3.97572684164082,3.11849068510876
8.41358725618284,3.97572684164082,3.1203418345804
8.41358725618284,3.97572684164082,3.12219298405203
8.41358725618284,3.97572684164082,3.1238590185765
8.41358725618284,3.97572684164082,3.12552505310096
8.41358725618284,3.97572684164082,3.12667276577338
8.41358725618284,3.97572684164082,3.12770570717855
8.41358725618284,3.97572684164082,3.1286353544432
8.41358725618284,3.97572684164082,3.12947203698139
8.41358725618284,3.97572684164082,3.13022505126576
8.41358725618284,3.97572684164082,3.13090276412169
8.41358725618284,3.97572684164082,3.13151270569203
8.41358725618284,3.97572684164082,3.13206165310534
8.41358725618284,3.97572684164082,3.13255570577731
8.41358725618284,3.97572684164082,3.13300035318209
8.41358725618284,3.97572684164082,3.13340053584639
8.41358725618284,3.97572684164082,3.13380071851069
8.41358725618284,3.97572684164082,3.13412086464213
8.41358725618284,3.97572684164082,3.13444101077357
8.41358725618284,3.97572684164082,3.13472914229186
8.41358725618284,3.97572684164082,3.13495644604518
8.41358725618284,3.97572684164082,3.13518374979851
8.41358725618284,3.97572684164082,3.13536559280116
8.41358725618284,3.97572684164082,3.13552925150356
8.41358725618284,3.97572684164082,3.13567654433571
8.41358725618284,3.97572684164082,3.13580910788465
8.41358725618284,3.97572684164082,3.13594167143358
8.41358725618284,3.97572684164082,3.13607423498252
8.41358725618284,3.97572684164082,3.13618028582167
8.41358725618284,3.97572684164082,3.13628633666082
8.36358796010618,3.97599215624219,3.13628633666082
8.31358866402951,3.97625747084355,3.13628633666082
8.27358922716817,3.97646972252465,3.13628633666082
8.23758973399297,3.97666074903763,3.13628633666082
8.20159024081777,3.97685177555062,3.13628633666082
8.17279064627761,3.977004596761,3.13628633666082
8.14399105173745,3.97715741797139,3.13628633666082
8.1180714166513,3.97729495706074,3.13628633666082
8.09215178156516,3.97743249615009,3.13628633666082
8.07429603295026,3.97752724530053,3.13628633666082
8.05644028433536,3.97762199445097,3.13628633666082
8.04215568544344,3.97769779377132,3.13628633666082
8.02787108655152,3.97777359309167,3.13628633666082
8.01644340743799,3.97783423254796,3.13628633666082
8.00501572832445,3.97789487200424,3.13628633666082
7.99473081712227,3.97794944751489,3.13628633666082
7.98444590592009,3.97800402302555,3.13628633666082
7.97736074486969,3.97804161948844,3.13628633666082
7.97098409992434,3.97807545630505,3.13628633666082
7.96460745497899,3.97810929312165,3.13628633666082
7.95886847452817,3.9781397462566,3.13628633666082
7.95312949407735,3.97817019939154,3.13628633666082
7.94917597421124,3.97819117821784,3.13628633666082
7.94561780633173,3.9782100591615,3.13628633666082
7.94205963845222,3.97822894010517,3.13628633666082
7.93885728736066,3.97824593295447,3.13628633666082
7.93633098816621,3.97825933842447,3.13628633666082
7.93380468897176,3.97827274389447,3.13628633666082
7.93153101969676,3.97828480881747,3.13628633666082
7.92925735042175,3.97829687374048,3.13628633666082
7.9274636779937,3.97830639162418,3.13628633666082
7.92607673973594,3.97831375122721,3.13628633666082
7.92468980147819,3.97832111083024,3.13628633666082
7.92358025087199,3.97832699851267,3.13628633666082
7.92247070026578,3.97833288619509,3.13628633666082
7.92147071434425,3.97833819248712,3.13628633666082
7.92047072842272,3.97834349877915,3.13628633666082
7.91947074250119,3.97834880507117,3.13628633666082
7.91847075657965,3.9783541113632,3.13628633666082
7.91747077065812,3.97835941765523,3.13628633666082
7.91647078473659,3.97836472394726,3.13628633666082
7.86647148865992,3.97863003854862,3.13628633666082
7.81647219258325,3.97889535314999,3.13628633666082
7.77647275572192,3.97910760483109,3.13628633666082
7.74047326254672,3.97929863134407,3.13628633666082
7.70447376937152,3.97948965785705,3.13628633666082
7.67207422551383,3.97966158171874,3.13628633666082
7.63967468165615,3.97983350558043,3.13628633666082
7.61735499588753,3.97995194201848,3.13628633666082
7.59503531011891,3.98007037845653,3.13628633666082
7.57271562435028,3.98018881489458,3.13628633666082
7.55039593858166,3.98030725133263,3.13628633666082
7.53700412712048,3.98037831319546,3.13628633666082
7.52361231565931,3.98044937505829,3.13628633666082
7.51289886649037,3.98050622454855,3.13628633666082
7.50325676223832,3.98055738908979,3.13628633666082
7.49361465798627,3.98060855363103,3.13628633666082
7.48590097458464,3.98064948526402,3.13628633666082
7.478187291183,3.98069041689701,3.13628633666082
7.47124497612153,3.9807272553667,3.13628633666082
7.46430266106006,3.98076409383639,3.13628633666082
7.45952017735104,3.98078947144884,3.13628633666082
7.45473769364203,3.9808148490613,3.13628633666082
7.45091170667481,3.98083515115126,3.13628633666082
7.4470857197076,3.98085545324122,3.13628633666082
7.44364233143711,3.98087372512219,3.13628633666082
7.44019894316662,3.98089199700316,3.13628633666082
7.43782683124695,3.98090458429893,3.13628633666082
7.43569193051925,3.98091591286513,3.13628633666082
7.43355702979154,3.98092724143133,3.13628633666082
7.43184910920938,3.98093630428429,3.13628633666082
7.43014118862721,3.98094536713725,3.13628633666082
7.42877485216148,3.98095261741962,3.13628633666082
7.42740851569575,3.98095986770199,3.13628633666082
7.42631544652317,3.98096566792788,3.13628633666082
7.42522237735058,3.98097146815378,3.13628633666082
7.42422239142905,3.9809767744458,3.13628633666082
7.42322240550752,3.98098208073783,3.13628633666082
7.42222241958598,3.98098738702986,3.13628633666082
7.42122243366445,3.98099269332189,3.13628633666082
7.37122313758778,3.98125800792325,3.13628633666082
7.32122384151112,3.98152332252462,3.13628633666082
7.27622447504211,3.98176210566585,3.13628633666082
7.23122510857311,3.98200088880708,3.13628633666082
7.20022554500558,3.98216538385993,3.13628633666082
7.16922598143804,3.98232987891278,3.13628633666082
7.14442633058402,3.98246147495506,3.13628633666082
7.11962667972999,3.98259307099734,3.13628633666082
7.09978695904677,3.98269834783116,3.13628633666082
7.07994723836354,3.98280362466498,3.13628633666082
7.06209148974865,3.98289837381542,3.13628633666082
7.04423574113375,3.98299312296586,3.13628633666082
7.03193511431015,3.98305839460283,3.13628633666082
7.01963448748655,3.9831236662398,3.13628633666082
7.00979398602767,3.98317588354938,3.13628633666082
6.9999534845688,3.98322810085895,3.13628633666082
6.99208108340169,3.98326987470661,3.13628633666082
6.98420868223459,3.98331164855427,3.13628633666082
6.97791076130091,3.9833450676324,3.13628633666082
6.97161284036723,3.98337848671053,3.13628633666082
6.96657450362028,3.98340522197303,3.13628633666082
6.96153616687334,3.98343195723554,3.13628633666082
6.95750549747578,3.98345334544554,3.13628633666082
6.95347482807822,3.98347473365554,3.13628633666082
6.95025029256018,3.98349184422354,3.13628633666082
6.94702575704213,3.98350895479155,3.13628633666082
6.9444461286277,3.98352264324595,3.13628633666082
6.94186650021326,3.98353633170035,3.13628633666082
6.93980279748171,3.98354728246387,3.13628633666082
6.93773909475016,3.98355823322739,3.13628633666082
6.93608813256492,3.98356699383821,3.13628633666082
6.93443717037968,3.98357575444902,3.13628633666082
6.93311640063149,3.98358276293768,3.13628633666082
6.9317956308833,3.98358977142633,3.13628633666082
6.93073901508475,3.98359537821725,3.13628633666082
6.9296823992862,3.98360098500818,3.13628633666082
6.92868241336466,3.9836062913002,3.13628633666082
6.92768242744313,3.98361159759223,3.13628633666082
6.9266824415216,3.98361690388426,3.13628633666082
6.92568245560006,3.98362221017629,3.13628633666082
6.92468246967853,3.98362751646831,3.13628633666082
6.923682483757,3.98363282276034,3.13628633666082
6.87368318768033,3.98389813736171,3.13628633666082
6.82868382121133,3.98413692050294,3.13628633666082
6.78368445474233,3.98437570364417,3.13628633666082
6.74768496156713,3.98456673015715,3.13628633666082
6.71168546839193,3.98475775667014,3.13628633666082
6.68288587385177,3.98491057788053,3.13628633666082
6.65696623876562,3.98504811696988,3.13628633666082
6.63104660367948,3.98518565605922,3.13628633666082
6.61031089561056,3.9852956873307,3.13628633666082
6.58957518754165,3.98540571860218,3.13628633666082
6.57091305027962,3.98550474674651,3.13628633666082
6.5522509130176,3.98560377489084,3.13628633666082
6.53752856028867,3.98568189709359,3.13628633666082
6.52280620755974,3.98576001929634,3.13628633666082
6.5114223038299,3.98582042646439,3.13628633666082
6.50003840010007,3.98588083363243,3.13628633666082
6.49240351238909,3.98592134714659,3.13628633666082
6.48476862467812,3.98596186066074,3.13628633666082
6.47866071450934,3.98599427147207,3.13628633666082
6.47316359535744,3.98602344120227,3.13628633666082
6.46766647620554,3.98605261093246,3.13628633666082
6.46326878088401,3.98607594671662,3.13628633666082
6.45887108556249,3.98609928250077,3.13628633666082
6.45535292930528,3.9861179511281,3.13628633666082
6.45183477304806,3.98613661975542,3.13628633666082
6.44902024804228,3.98615155465728,3.13628633666082
6.44620572303651,3.98616648955914,3.13628633666082
6.44395410303189,3.98617843748063,3.13628633666082
6.44170248302727,3.98619038540211,3.13628633666082
6.43945086302265,3.9862023333236,3.13628633666082
6.43764956701896,3.98621189166079,3.13628633666082
6.43584827101526,3.98622144999798,3.13628633666082
6.4344522666124,3.9862288577093,3.13628633666082
6.43305626220953,3.98623626542063,3.13628633666082
6.432056276288,3.98624157171265,3.13628633666082
6.43105629036647,3.98624687800468,3.13628633666082
6.43005630444494,3.98625218429671,3.13628633666082
6.4290563185234,3.98625749058874,3.13628633666082
6.42805633260187,3.98626279688076,3.13628633666082
6.3780570365252,3.98652811148213,3.13628633666082
6.32805774044853,3.9867934260835,3.13628633666082
6.2880583035872,3.98700567776459,3.13628633666082
6.24805886672587,3.98721792944569,3.13628633666082
6.2160593172368,3.98738773079056,3.13628633666082
6.18405976774773,3.98755753213544,3.13628633666082
6.15846012815648,3.98769337321134,3.13628633666082
6.13286048856522,3.98782921428724,3.13628633666082
6.11238077689222,3.98793788714796,3.13628633666082
6.09190106521922,3.98804656000868,3.13628633666082
6.07551729588081,3.98813349829725,3.13628633666082
6.05913352654241,3.98822043658583,3.13628633666082
6.04602651107169,3.98828998721669,3.13628633666082
6.03291949560097,3.98835953784755,3.13628633666082
6.02243388322439,3.98841517835224,3.13628633666082
6.01194827084781,3.98847081885693,3.13628633666082
6.00355978094655,3.98851533126068,3.13628633666082
5.99601014003541,3.98855539242405,3.13628633666082
5.98846049912428,3.98859545358743,3.13628633666082
5.98242078639537,3.98862750251813,3.13628633666082
5.97638107366646,3.98865955144883,3.13628633666082
5.97094533221044,3.98868839548646,3.13628633666082
5.96550959075442,3.98871723952409,3.13628633666082
5.9617649688625,3.98873710986113,3.13628633666082
5.95802034697058,3.98875698019816,3.13628633666082
5.95502464945704,3.98877287646779,3.13628633666082
5.9520289519435,3.98878877273742,3.13628633666082
5.94963239393267,3.98880148975312,3.13628633666082
5.94723583592184,3.98881420676882,3.13628633666082
5.94531858951317,3.98882438038138,3.13628633666082
5.94340134310451,3.98883455399395,3.13628633666082
5.94167582133671,3.98884371024525,3.13628633666082
5.93995029956891,3.98885286649656,3.13628633666082
5.93858905461876,3.98886008976147,3.13628633666082
5.93722780966861,3.98886731302639,3.13628633666082
5.93622782374707,3.98887261931842,3.13628633666082
5.93522783782554,3.98887792561045,3.13628633666082
5.93422785190401,3.98888323190248,3.13628633666082
5.93322786598247,3.9888885381945,3.13628633666082
5.93222788006094,3.98889384448653,3.13628633666082
5.93122789413941,3.98889915077856,3.13628633666082
5.93122789413941,3.98889915077856,-2.98981933783927
5.93122789413941,3.98889915077856,-2.84844766842773
5.93122789413941,3.98889915077856,-2.72121316595735
5.93122789413941,3.98889915077856,-2.606702113734
5.93122789413941,3.98889915077856,-2.49219106151065
5.93122789413941,3.98889915077856,-2.40058221973197
5.93122789413941,3.98889915077856,-2.31813426213116
5.93122789413941,3.98889915077856,-2.23568630453035
5.93122789413941,3.98889915077856,-2.1697279384497
5.93122789413941,3.98889915077856,-2.10376957236905
5.93122789413941,3.98889915077856,-2.05100287950454
5.93122789413941,3.98889915077856,-2.00351285592647
5.93122789413941,3.98889915077856,-1.9560228323484
5.93122789413941,3.98889915077856,-1.91803081348595
5.93122789413941,3.98889915077856,-1.88383799650974
5.93122789413941,3.98889915077856,-1.85306446123115
5.93122789413941,3.98889915077856,-1.82229092595257
5.93122789413941,3.98889915077856,-1.7976720977297
5.93122789413941,3.98889915077856,-1.77305326950683
5.93122789413941,3.98889915077856,-1.75089632410624
5.93122789413941,3.98889915077856,-1.73341695606801
5.93122789413941,3.98889915077856,-1.71768552483359
5.93122789413941,3.98889915077856,-1.70352723672262
5.93122789413941,3.98889915077856,-1.69078477742274
5.93122789413941,3.98889915077856,-1.67804231812287
5.93122789413941,3.98889915077856,-1.66784835068297
5.93122789413941,3.98889915077856,-1.65867377998706
5.93122789413941,3.98889915077856,-1.65041666636074
5.93122789413941,3.98889915077856,-1.64215955273442
5.93122789413941,3.98889915077856,-1.63472815047073
5.93122789413941,3.98889915077856,-1.62886559979605
5.93122789413941,3.98889915077856,-1.62358930418883
5.93122789413941,3.98889915077856,-1.61884063814233
5.93122789413941,3.98889915077856,-1.61456683870049
5.93122789413941,3.98889915077856,-1.61072041920282
5.93122789413941,3.98889915077856,-1.60725864165493
5.93122789413941,3.98889915077856,-1.60414304186182
5.93122789413941,3.98889915077856,-1.60102744206872
5.93122789413941,3.98889915077856,-1.59822340225492
5.93122789413941,3.98889915077856,-1.59601132640182
5.93122789413941,3.98889915077856,-1.59379925054871
5.93122789413941,3.98889915077856,-1.5915871746956
5.93122789413941,3.98889915077856,-1.58981751401312
5.93122789413941,3.98889915077856,-1.58826906091595
5.93122789413941,3.98889915077856,-1.58689757388702
5.93122789413941,3.98889915077856,-1.5855260868581
5.93122789413941,3.98889915077856,-1.58444659384178
5.93122789413941,3.98889915077856,-1.58361219882999
5.93122789413941,3.98889915077856,-1.58286124331938
5.93122789413941,3.98889915077856,-1.58218538335983
5.93122789413941,3.98889915077856,-1.58150952340027
5.93122789413941,3.98889915077856,-1.58096883543263
5.93122789413941,3.98889915077856,-1.58048221626176
5.93122789413941,3.98889915077856,-1.58004425900797
5.93122789413941,3.98889915077856,-1.57965009747956
5.93122789413941,3.98889915077856,-1.57929535210399
5.93122789413941,3.98889915077856,-1.57897608126598
5.93122789413941,3.98889915077856,-1.57868873751177
5.93122789413941,3.98889915077856,-1.57840139375756
5.93122789413941,3.98889915077856,-1.57817151875419
5.93122789413941,3.98889915077856,-1.57796463125115
5.93122789413941,3.98889915077856,-1.57775774374812
5.93122789413941,3.98889915077856,-1.57757154499539
5.93122789413941,3.98889915077856,-1.57742465486824
5.93122789413941,3.98889915077856,-1.57727776474109
5.93122789413941,3.98889915077856,-1.57714556362665
5.93122789413941,3.98889915077856,-1.57701336251221
5.93122789413941,3.98889915077856,-1.57688116139778
5.9309236542867,3.93890007640601,-1.57688116139778
5.93061941443399,3.88890100203345,-1.57688116139778
5.93037602255182,3.84890174253541,-1.57688116139778
5.93013263066965,3.80890248303737,-1.57688116139778
5.92993791716391,3.77690307543894,-1.57688116139778
5.92974320365817,3.7449036678405,-1.57688116139778
5.92956796150301,3.71610420100191,-1.57688116139778
5.92939271934785,3.68730473416332,-1.57688116139778
5.92927199697429,3.66746510145229,-1.57688116139778
5.92916334683809,3.64960943201237,-1.57688116139778
5.92905469670189,3.63175376257244,-1.57688116139778
5.92896777659293,3.6174692270205,-1.57688116139778
5.92888085648397,3.60318469146856,-1.57688116139778
5.92880262838591,3.59032860947182,-1.57688116139778
5.92872440028784,3.57747252747507,-1.57688116139778
5.92867050982029,3.56861611543287,-1.57688116139778
5.92861661935273,3.55975970339066,-1.57688116139778
5.92856811793194,3.55178893255268,-1.57688116139778
5.92851961651114,3.5438181617147,-1.57688116139778
5.92848620442125,3.53832718624853,-1.57688116139778
5.92845279233137,3.53283621078236,-1.57688116139778
5.92841938024148,3.5273452353162,-1.57688116139778
5.92838930936059,3.52240335739665,-1.57688116139778
5.92836592089767,3.51855967457033,-1.57688116139778
5.92834253243475,3.51471599174402,-1.57688116139778
5.92832448990621,3.51175086499229,-1.57688116139778
5.92830644737767,3.50878573824056,-1.57688116139778
5.92829254794828,3.50650149244663,-1.57688116139778
5.92827864851889,3.50421724665271,-1.57688116139778
5.92826933322823,3.50268636269274,-1.57688116139778
5.92826001793757,3.50115547873277,-1.57688116139778
5.92825256570504,3.4999307715648,-1.57688116139778
5.92824511347251,3.49870606439682,-1.57688116139778
5.92823902867546,3.49770608290937,-1.57688116139778
5.92823294387841,3.49670610142192,-1.57688116139778
5.92822685908135,3.49570611993447,-1.57688116139778
5.9282207742843,3.49470613844702,-1.57688116139778
5.92821468948724,3.49370615695957,-1.57688116139778
5.92820860469019,3.49270617547212,-1.57688116139778
5.92790436483748,3.44270710109957,-1.57688116139778
5.92760012498476,3.39270802672701,-1.57688116139778
5.92732630911732,3.34770885979172,-1.57688116139778
5.92705249324988,3.30270969285642,-1.57688116139778
5.92683648295446,3.26721035005191,-1.57688116139778
5.92662047265903,3.2317110072474,-1.57688116139778
5.92647504600944,3.20781144969732,-1.57688116139778
5.92632961935984,3.18391189214724,-1.57688116139778
5.92621327804016,3.16479224610717,-1.57688116139778
5.92609693672049,3.14567260006711,-1.57688116139778
5.92600386366475,3.13037688323506,-1.57688116139778
5.925910790609,3.11508116640301,-1.57688116139778
5.92583633216441,3.10284459293736,-1.57688116139778
5.92576187371982,3.09060801947172,-1.57688116139778
5.92570230696414,3.08081876069921,-1.57688116139778
5.92564274020847,3.0710295019267,-1.57688116139778
5.92559508680393,3.06319809490869,-1.57688116139778
5.92554743339939,3.05536668789068,-1.57688116139778
5.92550931067576,3.04910156227627,-1.57688116139778
5.92547118795212,3.04283643666186,-1.57688116139778
5.92543687750086,3.03719782360889,-1.57688116139778
5.92540256704959,3.03155921055593,-1.57688116139778
5.92537549991581,3.0271109713697,-1.57688116139778
5.92534843278203,3.02266273218347,-1.57688116139778
5.92532750340676,3.01922317822116,-1.57688116139778
5.92530657403148,3.01578362425885,-1.57688116139778
5.92529044430711,3.01313284961139,-1.57688116139778
5.92527431458275,3.01048207496393,-1.57688116139778
5.92526350374078,3.0087054106422,-1.57688116139778
5.92525269289881,3.00692874632047,-1.57688116139778
5.92524404422524,3.00550741486308,-1.57688116139778
5.92523539555166,3.00408608340569,-1.57688116139778
5.9252284766128,3.00294901823978,-1.57688116139778
5.92522155767394,3.00181195307387,-1.57688116139778
5.92521547287689,3.00081197158642,-1.57688116139778
5.92520938807983,2.99981199009897,-1.57688116139778
5.92520330328278,2.99881200861152,-1.57688116139778
5.92519721848573,2.99781202712407,-1.57688116139778
5.92519113368867,2.99681204563662,-1.57688116139778
5.92518504889162,2.99581206414917,-1.57688116139778
5.9248808090389,2.94581298977661,-1.57688116139778
5.92457656918619,2.89581391540406,-1.57688116139778
5.92430275331875,2.85081474846876,-1.57688116139778
5.92408674302333,2.81531540566425,-1.57688116139778
5.9238707327279,2.77981606285974,-1.57688116139778
5.92369792449156,2.75141658861613,-1.57688116139778
5.92352511625522,2.72301711437252,-1.57688116139778
5.92336958884252,2.69745758755327,-1.57688116139778
5.92321406142981,2.67189806073402,-1.57688116139778
5.92310692032328,2.65429038670298,-1.57688116139778
5.9230104933274,2.63844348007505,-1.57688116139778
5.92292370903111,2.62418126410991,-1.57688116139778
5.92283692473482,2.60991904814477,-1.57688116139778
5.92275881886816,2.59708305377614,-1.57688116139778
5.9226807130015,2.58424705940752,-1.57688116139778
5.9226269067378,2.57540448550913,-1.57688116139778
5.9225731004741,2.56656191161074,-1.57688116139778
5.92253005546314,2.55948785249203,-1.57688116139778
5.92248701045218,2.55241379337332,-1.57688116139778
5.92245257444341,2.54675454607835,-1.57688116139778
5.92241813843464,2.54109529878339,-1.57688116139778
5.92239058962763,2.53656790094741,-1.57688116139778
5.92236304082062,2.53204050311144,-1.57688116139778
5.9223382468943,2.52796584505906,-1.57688116139778
5.92231345296799,2.52389118700668,-1.57688116139778
5.92229389331501,2.52067673454314,-1.57688116139778
5.92227433366203,2.5174622820796,-1.57688116139778
5.92226116533228,2.515298185914,-1.57688116139778
5.92224799700252,2.51313408974841,-1.57688116139778
5.92223746233872,2.51140281281593,-1.57688116139778
5.92222692767492,2.50967153588346,-1.57688116139778
5.92221849994388,2.50828651433747,-1.57688116139778
5.92221007221283,2.50690149279149,-1.57688116139778
5.92220164448179,2.50551647124551,-1.57688116139778
5.92219321675075,2.50413144969953,-1.57688116139778
5.92218478901971,2.50274642815355,-1.57688116139778
5.92217870422265,2.5017464466661,-1.57688116139778
5.9221726194256,2.50074646517865,-1.57688116139778
5.92216653462855,2.4997464836912,-1.57688116139778
5.92216044983149,2.49874650220374,-1.57688116139778
5.92216044983149,2.49874650220374,-1.73396079407727
5.92216044983149,2.49874650220374,-1.87533246348881
5.92216044983149,2.49874650220374,-2.00256696595919
5.92216044983149,2.49874650220374,-2.11707801818254
5.92216044983149,2.49874650220374,-2.23158907040589
5.92216044983149,2.49874650220374,-2.3346490174069
5.92216044983149,2.49874650220374,-2.42625785918558
5.92216044983149,2.49874650220374,-2.51786670096426
5.92216044983149,2.49874650220374,-2.59000866386497
5.92216044983149,2.49874650220374,-2.64577554629774
5.92216044983149,2.49874650220374,-2.70154242873051
5.92216044983149,2.49874650220374,-2.74615593467673
5.92216044983149,2.49874650220374,-2.79076944062294
5.92216044983149,2.49874650220374,-2.82646024537992
5.92216044983149,2.49874650220374,-2.85858196966119
5.92216044983149,2.49874650220374,-2.89070369394247
5.92216044983149,2.49874650220374,-2.91640107336749
5.92216044983149,2.49874650220374,-2.93952871485001
5.92216044983149,2.49874650220374,-2.96034359218427
5.92216044983149,2.49874650220374,-2.97907698178511
5.92216044983149,2.49874650220374,-2.99781037138595
5.92216044983149,2.49874650220374,-3.01654376098679
5.92216044983149,2.49874650220374,-3.02965713370738
5.92216044983149,2.49874650220374,-3.04277050642797
5.92216044983149,2.49874650220374,-3.05326120460444
5.92216044983149,2.49874650220374,-3.06375190278091
5.92216044983149,2.49874650220374,-3.07319353113973
5.92216044983149,2.49874650220374,-3.08158608968091
5.92216044983149,2.49874650220374,-3.08997864822209
5.92216044983149,2.49874650220374,-3.09574853221914
5.92216044983149,2.49874650220374,-3.1009414278165
5.92216044983149,2.49874650220374,-3.10613432341385
5.92216044983149,2.49874650220374,-3.11028863989173
5.92216044983149,2.49874650220374,-3.11444295636961
5.92216044983149,2.49874650220374,-3.11776640955192
5.92216044983149,2.49874650220374,-3.120757517416
5.92216044983149,2.49874650220374,-3.12374862528007
5.92216044983149,2.49874650220374,-3.12614151157133
5.92216044983149,2.49874650220374,-3.12829510923347
5.92216044983149,2.49874650220374,-3.1304487068956
5.92216044983149,2.49874650220374,-3.13217158502531
5.92216044983149,2.49874650220374,-3.13389446315501
5.92216044983149,2.49874650220374,-3.13527276565878
5.92216044983149,2.49874650220374,-3.13665106816255
5.92216044983149,2.49874650220374,-3.13775371016556
5.92216044983149,2.49874650220374,-3.13885635216857
5.92216044983149,2.49874650220374,-3.13995899417158
5.92216044983149,2.49874650220374,-3.14073084357369
5.92216044983149,2.49874650220374,-3.1415026929758
5.92216044983149,2.49874650220374,3.14098794974188
5.92216044983149,2.49874650220374,3.14043993666639
5.92216044983149,2.49874650220374,3.13994672489844
5.92216044983149,2.49874650220374,3.13950283430729
5.92216044983149,2.49874650220374,3.13905894371613
5.92216044983149,2.49874650220374,3.13861505312498
5.92216044983149,2.49874650220374,3.13830432971118
5.92216044983149,2.49874650220374,3.13802467863875
5.92216044983149,2.49874650220374,3.13777299267357
5.92216044983149,2.49874650220374,3.13752130670838
5.92216044983149,2.49874650220374,3.13729478933972
5.92216044983149,2.49874650220374,3.13706827197105
5.92216044983149,2.49874650220374,3.13684175460239
5.92216044983149,2.49874650220374,3.13670836104084
5.92216044983149,2.49874650220374,3.13657496747929
5.92216044983149,2.49874650220374,3.13644157391774
5.87216111317057,2.49900405504837,3.13644157391774
5.82216177650965,2.49926160789301,3.13644157391774
5.77716237351482,2.49949340545317,3.13644157391774
5.73216297051999,2.49972520301334,3.13644157391774
5.69666344149073,2.49990806553303,3.13644157391774
5.66116391246148,2.50009092805272,3.13644157391774
5.63371427663463,2.50023232456442,3.13644157391774
5.60626464080778,2.50037372107612,3.13644157391774
5.58510992146655,2.50048269168468,3.13644157391774
5.56395520212531,2.50059166229325,3.13644157391774
5.54977639023501,2.50066469912893,3.13644157391774
5.53701545953373,2.50073043228104,3.13644157391774
5.52425452883246,2.50079616543315,3.13644157391774
5.51404578427144,2.50084875195484,3.13644157391774
5.50383703971042,2.50090133847653,3.13644157391774
5.49464916960551,2.50094866634605,3.13644157391774
5.48740096096718,2.50098600277645,3.13644157391774
5.48015275232886,2.50102333920685,3.13644157391774
5.4743541854182,2.50105320835117,3.13644157391774
5.46855561850754,2.50108307749549,3.13644157391774
5.46333690828795,2.50110995972538,3.13644157391774
5.45811819806836,2.50113684195527,3.13644157391774
5.45452308658375,2.50115536082475,3.13644157391774
5.4512874862476,2.50117202780728,3.13644157391774
5.44805188591145,2.50118869478981,3.13644157391774
5.44546340564253,2.50120202837583,3.13644157391774
5.44287492537361,2.50121536196186,3.13644157391774
5.44080414115848,2.50122602883067,3.13644157391774
5.43873335694335,2.50123669569949,3.13644157391774
5.43686965114972,2.50124629588143,3.13644157391774
5.43539939435698,2.50125386935829,3.13644157391774
5.43392913756423,2.50126144283515,3.13644157391774
5.43275293213004,2.50126750161664,3.13644157391774
5.43157672669584,2.50127356039813,3.13644157391774
5.43057673996262,2.50127871145503,3.13644157391774
5.4295767532294,2.50128386251192,3.13644157391774
5.42857676649618,2.50128901356881,3.13644157391774
5.42757677976297,2.5012941646257,3.13644157391774
5.42657679302975,2.5012993156826,3.13644157391774
4.92730093234535,2.50539377367949,3.13641543768818
4.87730160243297,2.50565263331817,3.13641543768818
4.82730227252058,2.50591149295685,3.13641543768818
4.78730280859068,2.5061185806678,3.13641543768818
4.74730334466077,2.50632566837875,3.13641543768818
4.71530377351684,2.5064913385475,3.13641543768818
4.68330420237292,2.50665700871626,3.13641543768818
4.65770454545778,2.50678954485127,3.13641543768818
4.63210488854264,2.50692208098627,3.13641543768818
4.61162516301052,2.50702810989428,3.13641543768818
4.59114543747841,2.50713413880228,3.13641543768818
4.57271368449951,2.50722956481949,3.13641543768818
4.55428193152061,2.50732499083669,3.13641543768818
4.53974132639281,2.50740027136138,3.13641543768818
4.52849795707568,2.50745848123187,3.13641543768818
4.51725458775855,2.50751669110236,3.13641543768818
4.50825989230484,2.50756325899876,3.13641543768818
4.49926519685114,2.50760982689516,3.13641543768818
4.49206944048818,2.50764708121227,3.13641543768818
4.48487368412521,2.50768433552939,3.13641543768818
4.47911707903484,2.50771413898308,3.13641543768818
4.47336047394447,2.50774394243678,3.13641543768818
4.46875518987218,2.50776778519973,3.13641543768818
4.46414990579988,2.50779162796268,3.13641543768818
4.46046567854204,2.50781070217305,3.13641543768818
4.45678145128421,2.50782977638341,3.13641543768818
4.45346564675215,2.50784694317274,3.13641543768818
4.4501498422201,2.50786410996207,3.13641543768818
4.44786562132024,2.50787593597249,3.13641543768818
4.44558140042038,2.50788776198292,3.13641543768818
4.44352560161051,2.5078984053923,3.13641543768818
4.44146980280063,2.50790904880168,3.13641543768818
4.44005358584272,2.50791638092815,3.13641543768818
4.43863736888481,2.50792371305461,3.13641543768818
4.43750439531848,2.50792957875578,3.13641543768818
4.43637142175215,2.50793544445695,3.13641543768818
4.43535174554245,2.50794072358801,3.13641543768818
4.43433206933275,2.50794600271906,3.13641543768818
4.43333208273451,2.50795117991183,3.13641543768818
4.43233209613626,2.50795635710461,3.13641543768818
4.43133210953801,2.50796153429738,3.13641543768818
4.43033212293976,2.50796671149016,3.13641543768818
4.42933213634152,2.50797188868293,3.13641543768818
4.42833214974327,2.5079770658757,3.13641543768818
4.37833281983088,2.50823592551439,3.13641543768818
4.3283334899185,2.50849478515307,3.13641543768818
4.28833402598859,2.50870187286402,3.13641543768818
4.24833456205868,2.50890896057496,3.13641543768818
4.21633499091476,2.50907463074372,3.13641543768818
4.18433541977083,2.50924030091248,3.13641543768818
4.15873576285569,2.50937283704748,3.13641543768818
4.13313610594055,2.50950537318249,3.13641543768818
4.11009641471692,2.509624655704,3.13641543768818
4.0870567234933,2.5097439382255,3.13641543768818
4.06888096708355,2.50983803888136,3.13641543768818
4.0507052106738,2.50993213953721,3.13641543768818
4.03846857466836,2.50999549180974,3.13641543768818
4.02623193866292,2.51005884408228,3.13641543768818
4.01644262985857,2.5101095259003,3.13641543768818
4.00665332105422,2.51016020771833,3.13641543768818
3.99882187401074,2.51020075317275,3.13641543768818
3.99099042696726,2.51024129862717,3.13641543768818
3.98472526933248,2.51027373499071,3.13641543768818
3.9784601116977,2.51030617135424,3.13641543768818
3.97344798558987,2.51033212044507,3.13641543768818
3.96843585948204,2.5103580695359,3.13641543768818
3.96442615859578,2.51037882880857,3.13641543768818
3.96041645770952,2.51039958808123,3.13641543768818
3.95720869700051,2.51041619549936,3.13641543768818
3.9540009362915,2.51043280291749,3.13641543768818
3.95111395165339,2.51044774959381,3.13641543768818
3.94854774308618,2.51046103552831,3.13641543768818
3.94598153451897,2.51047432146282,3.13641543768818
3.94421726612902,2.51048345554279,3.13641543768818
3.94245299773906,2.51049258962276,3.13641543768818
3.9410415830271,2.51049989688674,3.13641543768818
3.93977130978633,2.51050647342432,3.13641543768818
3.93850103654557,2.5105130499619,3.13641543768818
3.93748481795295,2.51051831119196,3.13641543768818
3.93646859936034,2.51052357242203,3.13641543768818
3.93546861276209,2.5105287496148,3.13641543768818
3.93446862616384,2.51053392680758,3.13641543768818
3.93346863956559,2.51053910400035,3.13641543768818
3.93246865296735,2.51054428119312,3.13641543768818
3.88246932305496,2.51080314083181,3.13641543768818
3.83246999314258,2.51106200047049,3.13641543768818
3.79247052921267,2.51126908818144,3.13641543768818
3.75247106528276,2.51147617589238,3.13641543768818
3.71647154774584,2.51166255483224,3.13641543768818
3.68047203020893,2.51184893377209,3.13641543768818
3.65567236257238,2.51197732815287,3.13641543768818
3.63087269493584,2.51210572253366,3.13641543768818
3.61103296082661,2.51220843803829,3.13641543768818
3.59119322671737,2.51231115354292,3.13641543768818
3.57532143942999,2.51239332594663,3.13641543768818
3.5594496521426,2.51247549835033,3.13641543768818
3.54357786485521,2.51255767075403,3.13641543768818
3.52929325629656,2.51263162591737,3.13641543768818
3.51500864773792,2.5127055810807,3.13641543768818
3.50675531834847,2.51274831073063,3.13641543768818
3.49850198895903,2.51279104038055,3.13641543768818
3.49107399250854,2.51282949706548,3.13641543768818
3.48447132899698,2.51286368078543,3.13641543768818
3.47786866548543,2.51289786450537,3.13641543768818
3.47266906797008,2.51292478418482,3.13641543768818
3.46746947045473,2.51295170386427,3.13641543768818
3.46397005879361,2.51296982123584,3.13641543768818
3.46047064713249,2.51298793860741,3.13641543768818
3.45732117663748,2.51300424424182,3.13641543768818
3.45417170614246,2.51302054987623,3.13641543768818
3.45168712386307,2.51303341321005,3.13641543768818
3.44920254158367,2.51304627654386,3.13641543768818
3.44752982280965,2.51305493664747,3.13641543768818
3.44585710403564,2.51306359675108,3.13641543768818
3.44451892901642,2.51307052483397,3.13641543768818
3.44318075399721,2.51307745291686,3.13641543768818
3.44211021398184,2.51308299538317,3.13641543768818
3.44103967396647,2.51308853784948,3.13641543768818
3.44003968736822,2.51309371504225,3.13641543768818
3.43903970076997,2.51309889223502,3.13641543768818
3.43803971417172,2.5131040694278,3.13641543768818
3.43703972757348,2.51310924662057,3.13641543768818
3.38704039766109,2.51336810625926,3.13641543768818
3.33704106774871,2.51362696589794,3.13641543768818
3.2970416038188,2.51383405360889,3.13641543768818
3.25704213988889,2.51404114131983,3.13641543768818
3.22504256874497,2.51420681148859,3.13641543768818
3.19304299760104,2.51437248165735,3.13641543768818
3.1674433406859,2.51450501779235,3.13641543768818
3.14184368377076,2.51463755392736,3.13641543768818
3.12136395823865,2.51474358283536,3.13641543768818
3.10293220525975,2.51483900885257,3.13641543768818
3.08450045228084,2.51493443486977,3.13641543768818
3.06975504989772,2.51501077568354,3.13641543768818
3.0550096475146,2.5150871164973,3.13641543768818
3.0432133256081,2.51514818914831,3.13641543768818
3.03141700370161,2.51520926179932,3.13641543768818
3.02197994617641,2.51525811992013,3.13641543768818
3.01254288865121,2.51530697804094,3.13641543768818
3.00404953687853,2.51535095034967,3.13641543768818
2.99734922603564,2.51538563961544,3.13641543768818
2.99064891519275,2.51542032888121,3.13641543768818
2.98528866651844,2.51544808029383,3.13641543768818
2.97992841784413,2.51547583170645,3.13641543768818
2.97564021890468,2.51549803283655,3.13641543768818
2.97135201996523,2.51552023396664,3.13641543768818
2.96792146081367,2.51553799487072,3.13641543768818
2.96449090166211,2.5155557557748,3.13641543768818
2.96140339842571,2.51557174058847,3.13641543768818
2.9583158951893,2.51558772540213,3.13641543768818
2.95618894851534,2.51559873716266,3.13641543768818
2.95406200184137,2.51560974892319,3.13641543768818
2.9523604445022,2.51561855833161,3.13641543768818
2.95065888716302,2.51562736774003,3.13641543768818
2.94929764129168,2.51563441526677,3.13641543768818
2.94793639542034,2.51564146279351,3.13641543768818
2.94684739872327,2.5156471008149,3.13641543768818
2.9457584020262,2.51565273883629,3.13641543768818
2.94475841542795,2.51565791602906,3.13641543768818
2.94375842882971,2.51566309322184,3.13641543768818
2.94275844223146,2.51566827041461,3.13641543768818
2.94175845563321,2.51567344760738,3.13641543768818
2.89175912572083,2.51593230724607,3.13641543768818
2.84175979580844,2.51619116688475,3.13641543768818
2.79676039888729,2.51642414055956,3.13641543768818
2.7612608746495,2.51660793090303,3.13641543768818
2.72576135041171,2.5167917212465,3.13641543768818
2.6938117785977,2.51695713255561,3.13641543768818
2.66186220678368,2.51712254386473,3.13641543768818
2.63985250175625,2.51723649387768,3.13641543768818
2.61784279672882,2.51735044389063,3.13641543768818
2.60023503270687,2.51744160390099,3.13641543768818
2.58262726868493,2.51753276391135,3.13641543768818
2.56854105746737,2.51760569191964,3.13641543768818
2.55445484624982,2.51767861992792,3.13641543768818
2.54036863503226,2.51775154793621,3.13641543768818
2.5262824238147,2.5178244759445,3.13641543768818
2.51642207596241,2.5178755255503,3.13641543768818
2.50656172811013,2.5179265751561,3.13641543768818
2.50008207095005,2.51796012203991,3.13641543768818
2.49360241378997,2.51799366892372,3.13641543768818
2.48841868806191,2.51802050643077,3.13641543768818
2.48323496233385,2.51804734393782,3.13641543768818
2.4790879817514,2.51806881394346,3.13641543768818
2.47494100116895,2.5180902839491,3.13641543768818
2.471623416703,2.51810745995361,3.13641543768818
2.46830583223704,2.51812463595812,3.13641543768818
2.46565176466427,2.51813837676173,3.13641543768818
2.4629976970915,2.51815211756534,3.13641543768818
2.46087444303329,2.51816311020823,3.13641543768818
2.45875118897508,2.51817410285112,3.13641543768818
2.4570525857285,2.51818289696543,3.13641543768818
2.45535398248193,2.51819169107974,3.13641543768818
2.45399509988468,2.51819872637119,3.13641543768818
2.45263621728742,2.51820576166263,3.13641543768818
2.45154911120961,2.51821138989579,3.13641543768818
2.45046200513181,2.51821701812895,3.13641543768818
2.44946201853356,2.51822219532173,3.13641543768818
2.44846203193531,2.5182273725145,3.13641543768818
2.44746204533707,2.51823254970727,3.13641543768818
2.44646205873882,2.51823772690005,3.13641543768818
2.44546207214057,2.51824290409282,3.13641543768818
2.39546274222819,2.5185017637315,3.13641543768818
2.3454634123158,2.51876062337019,3.13641543768818
2.30046401539466,2.518993597045,3.13641543768818
2.25546461847351,2.51922657071982,3.13641543768818
2.22446503392783,2.5193870636958,3.13641543768818
2.19346544938215,2.51954755667178,3.13641543768818
2.16556582329104,2.51969200035017,3.13641543768818
2.13766619719993,2.51983644402856,3.13641543768818
2.11844645478161,2.51993594967367,3.13641543768818
2.09922671236329,2.52003545531878,3.13641543768818
2.08385091842863,2.52011505983486,3.13641543768818
2.07001270388744,2.52018670389934,3.13641543768818
2.05617448934625,2.52025834796382,3.13641543768818
2.0451039177133,2.5203156632154,3.13641543768818
2.03403334608035,2.52037297846699,3.13641543768818
2.02517688877398,2.52041883066825,3.13641543768818
2.01632043146762,2.52046468286952,3.13641543768818
2.00923526562253,2.52050136463053,3.13641543768818
2.00215009977744,2.52053804639155,3.13641543768818
1.99648196710137,2.52056739180036,3.13641543768818
1.9908138344253,2.52059673720917,3.13641543768818
1.98571251501684,2.5206231480771,3.13641543768818
1.98061119560837,2.52064955894503,3.13641543768818
1.97709695334921,2.52066775309849,3.13641543768818
1.97358271109004,2.52068594725195,3.13641543768818
1.97077131728271,2.52070050257472,3.13641543768818
1.96795992347538,2.52071505789749,3.13641543768818
1.96571080842951,2.52072670215571,3.13641543768818
1.96346169338365,2.52073834641393,3.13641543768818
1.96166240134696,2.5207476618205,3.13641543768818
1.95986310931026,2.52075697722707,3.13641543768818
1.95824374647724,2.52076536109299,3.13641543768818
1.95662438364422,2.5207737449589,3.13641543768818
1.95550882258147,2.52077952051098,3.13641543768818
1.95439326151872,2.52078529606305,3.13641543768818
1.95338925656225,2.52079049405992,3.13641543768818
1.95238525160577,2.52079569205679,3.13641543768818
1.95138526500752,2.52080086924956,3.13641543768818
1.95038527840928,2.52080604644234,3.13641543768818
1.94938529181103,2.52081122363511,3.13641543768818
1.89938596189864,2.52107008327379,3.13641543768818
1.8543865649775,2.52130305694861,3.13641543768818
1.80938716805635,2.52153603062342,3.13641543768818
1.77338765051943,2.52172240956328,3.13641543768818
1.73738813298252,2.52190878850313,3.13641543768818
1.70858851895298,2.52205789165501,3.13641543768818
1.6826688663264,2.5221920844917,3.13641543768818
1.65674921369982,2.5223262773284,3.13641543768818
1.63601349159856,2.52243363159775,3.13641543768818
1.6152777694973,2.52254098586711,3.13641543768818
1.59868919181628,2.52262686928259,3.13641543768818
1.58210061413527,2.52271275269807,3.13641543768818
1.56882975199046,2.52278145943046,3.13641543768818
1.55555888984566,2.52285016616285,3.13641543768818
1.54494220012981,2.52290513154876,3.13641543768818
1.53432551041396,2.52296009693467,3.13641543768818
1.5247704896697,2.52300956578199,3.13641543768818
1.51521546892544,2.52305903462931,3.13641543768818
1.50767761922718,2.5230980600533,3.13641543768818
1.50013976952893,2.5231370854773,3.13641543768818
1.49431120687493,2.52316726147416,3.13641543768818
1.48848264422093,2.52319743747103,3.13641543768818
1.48399072280216,2.52322069332581,3.13641543768818
1.47949880138338,2.52324394918058,3.13641543768818
1.47648812051376,2.52325953626472,3.13641543768818
1.47377850773111,2.52327356464044,3.13641543768818
1.47106889494845,2.52328759301617,3.13641543768818
1.46863024344406,2.52330021855432,3.13641543768818
1.46619159193966,2.52331284409247,3.13641543768818
1.46451163201442,2.52332154168541,3.13641543768818
1.46283167208917,2.52333023927836,3.13641543768818
1.46148770414897,2.52333719735272,3.13641543768818
1.46014373620877,2.52334415542708,3.13641543768818
1.45893416506259,2.523350417694,3.13641543768818
1.45772459391641,2.52335667996093,3.13641543768818
1.45672460731817,2.5233618571537,3.13641543768818
1.45572462071992,2.52336703434647,3.13641543768818
1.45472463412167,2.52337221153925,3.13641543768818
1.45372464752342,2.52337738873202,3.13641543768818
1.45272466092517,2.52338256592479,3.13641543768818
1.40272533101279,2.52364142556348,3.13641543768818
1.35272600110041,2.52390028520216,3.13641543768818
1.3127265371705,2.52410737291311,3.13641543768818
1.27272707324059,2.52431446062405,3.13641543768818
1.24072750209666,2.52448013079281,3.13641543768818
1.20872793095274,2.52464580096157,3.13641543768818
1.1831282740376,2.52477833709657,3.13641543768818
1.15752861712246,2.52491087323158,3.13641543768818
1.13704889159034,2.52501690213959,3.13641543768818
1.11656916605823,2.52512293104759,3.13641543768818
1.10018538563254,2.52520775417399,3.13641543768818
1.08380160520685,2.5252925773004,3.13641543768818
1.0706945808663,2.52536043580152,3.13641543768818
1.05758755652575,2.52542829430264,3.13641543768818
1.04710193705331,2.52548258110354,3.13641543768818
1.03661631758086,2.52553686790444,3.13641543768818
1.02822782200291,2.52558029734516,3.13641543768818
1.01983932642496,2.52562372678588,3.13641543768818
1.01312852996259,2.52565847033845,3.13641543768818
1.00641773350023,2.52569321389103,3.13641543768818
1.00037801668411,2.52572448308835,3.13641543768818
0.994338299867979,2.52575575228566,3.13641543768818
0.990177606061314,2.52577729328826,3.13641543768818
0.986016912254649,2.52579883429086,3.13641543768818
0.982272287828651,2.52581822119319,3.13641543768818
0.978527663402652,2.52583760809553,3.13641543768818
0.97594803324252,2.52585096351714,3.13641543768818
0.973368403082388,2.52586431893875,3.13641543768818
0.971046735938269,2.5258763388182,3.13641543768818
0.96872506879415,2.52588835869765,3.13641543768818
0.967125698094868,2.52589663905905,3.13641543768818
0.965526327395586,2.52590491942044,3.13641543768818
0.96424683083616,2.52591154370956,3.13641543768818
0.962967334276735,2.52591816799868,3.13641543768818
0.961943737029194,2.52592346742998,3.13641543768818
0.960920139781654,2.52592876686127,3.13641543768818
0.959920153183406,2.52593394405404,3.13641543768818
0.958920166585158,2.52593912124682,3.13641543768818
0.957920179986911,2.52594429843959,3.13641543768818
0.956920193388663,2.52594947563236,3.13641543768818
0.955920206790415,2.52595465282514,3.13641543768818
0.954920220192168,2.52595983001791,3.13641543768818
0.904920890279783,2.5262186896566,3.13641543768818
0.854921560367399,2.52647754929528,3.13641543768818
0.814922096437491,2.52668463700623,3.13641543768818
0.774922632507584,2.52689172471717,3.13641543768818
0.738923114970667,2.52707810365703,3.13641543768818
0.70292359743375,2.52726448259688,3.13641543768818
0.678123929797208,2.52739287697766,3.13641543768818
0.653324262160665,2.52752127135845,3.13641543768818
0.631004561287776,2.52763682630116,3.13641543768818
0.608684860414888,2.52775238124387,3.13641543768818
0.591077096392943,2.52784354125423,3.13641543768818
0.573469332370997,2.52793470126459,3.13641543768818
0.559854314838535,2.52800518977964,3.13641543768818
0.546239297306073,2.52807567829469,3.13641543768818
0.537108059682298,2.5281229531057,3.13641543768818
0.527976822058523,2.5281702279167,3.13641543768818
0.520671831959503,2.52820804776551,3.13641543768818
0.513366841860484,2.52824586761431,3.13641543768818
0.507522849781268,2.52827612349336,3.13641543768818
0.501678857702051,2.5283063793724,3.13641543768818
0.497003664038679,2.52833058407563,3.13641543768818
0.492328470375306,2.52835478877887,3.13641543768818
0.48812079607827,2.52837657301178,3.13641543768818
0.483913121781235,2.52839835724469,3.13641543768818
0.48059373428024,2.52841554258399,3.13641543768818
0.477274346779245,2.52843272792329,3.13641543768818
0.475039604208153,2.52844429777143,3.13641543768818
0.472804861637061,2.52845586761958,3.13641543768818
0.471017067580187,2.5284651234981,3.13641543768818
0.469229273523313,2.52847437937661,3.13641543768818
0.467620258872127,2.52848270966728,3.13641543768818
0.466011244220941,2.52849103995794,3.13641543768818
0.464902811905679,2.52849677860262,3.13641543768818
0.463794379590417,2.5285025172473,3.13641543768818
0.462794392992169,2.52850769444008,3.13641543768818
0.461794406393922,2.52851287163285,3.13641543768818
0.460794419795674,2.52851804882563,3.13641543768818
0.459794433197426,2.5285232260184,3.13641543768818
0.458794446599179,2.52852840321117,3.13641543768818
0.408795116686794,2.52878726284986,3.13641543768818
0.35879578677441,2.52904612248854,3.13641543768818
0.313796389853264,2.52927909616335,3.13641543768818
0.268796992932118,2.52951206983817,3.13641543768818
0.233297468694325,2.52969586018164,3.13641543768818
0.197797944456532,2.5298796505251,3.13641543768818
0.166798359910853,2.53004014350109,3.13641543768818
0.135798775365175,2.53020063647707,3.13641543768818
0.114999054121623,2.53030832208676,3.13641543768818
0.097299291332639,2.53039995839886,3.13641543768818
0.079599528543655,2.53049159471095,3.13641543768818
0.067519690436823,2.53055413519966,3.13641543768818
0.055439852329991,2.53061667568836,3.13641543768818
0.044567998033842,2.5306729621282,3.13641543768818
0.033696143737693,2.53072924856803,3.13641543768818
0.026206644111457,2.53076802367103,3.13641543768818
0.018717144485221,2.53080679877403,3.13641543768818
0.011227644858986,2.53084557387703,3.13641543768818
0.005236045157997,2.53087659395942,3.13641543768818
-0.000755554542992,2.53090761404182,3.13641543768818
-0.005399044311258,2.53093165460568,3.13641543768818
-0.010042534079524,2.53095569516954,3.13641543768818
-0.014086863877692,2.53097663372516,3.13641543768818
-0.018131193675859,2.53099757228078,3.13641543768818
-0.020842392540557,2.53101160886806,3.13641543768818
-0.023553591405254,2.53102564545535,3.13641543768818
-0.025589237403665,2.53103618452834,3.13641543768818
-0.027624883402076,2.53104672360134,3.13641543768818
-0.028982280314335,2.531053751201,3.13641543768818
-0.030339677226594,2.53106077880067,3.13641543768818
-0.031425594756401,2.5310664008804,3.13641543768818
-0.032511512286208,2.53107202296014,3.13641543768818
-0.033511498884456,2.53107720015291,3.13641543768818
-0.034511485482704,2.53108237734569,3.13641543768818
-0.035511472080951,2.53108755453846,3.13641543768818
-0.036511458679199,2.53109273173123,3.13641543768818
-0.086510788591583,2.53135159136992,3.13641543768818
-0.136510118503968,2.5316104510086,3.13641543768818
-0.176509582433875,2.53181753871955,3.13641543768818
-0.216509046363783,2.53202462643049,3.13641543768818
-0.248508617507709,2.53219029659925,3.13641543768818
-0.280508188651635,2.53235596676801,3.13641543768818
-0.306107845566776,2.53248850290301,3.13641543768818
-0.329147536790402,2.53260778542452,3.13641543768818
-0.352187228014029,2.53272706794603,3.13641543768818
-0.370618980992931,2.53282249396323,3.13641543768818
-0.389050733971832,2.53291791998043,3.13641543768818
-0.403796136354953,2.5329942607942,3.13641543768818
-0.418541538738074,2.53307060160796,3.13641543768818
-0.433286941121195,2.53314694242172,3.13641543768818
-0.448032343504316,2.53322328323549,3.13641543768818
-0.456879584934189,2.53326908772375,3.13641543768818
-0.465726826364062,2.533314892212,3.13641543768818
-0.47280461950796,2.53335153580261,3.13641543768818
-0.479882412651858,2.53338817939322,3.13641543768818
-0.485544647166977,2.5334174942657,3.13641543768818
-0.491206881682095,2.53344680913819,3.13641543768818
-0.49573666929419,2.53347026103617,3.13641543768818
-0.500266456906285,2.53349371293416,3.13641543768818
-0.503890286995961,2.53351247445255,3.13641543768818
-0.507514117085636,2.53353123597094,3.13641543768818
-0.510413181157377,2.53354624518566,3.13641543768818
-0.513312245229118,2.53356125440037,3.13641543768818
-0.51563149648651,2.53357326177214,3.13641543768818
-0.517950747743903,2.53358526914391,3.13641543768818
-0.519806148749817,2.53359487504132,3.13641543768818
-0.521661549755731,2.53360448093874,3.13641543768818
-0.523331410661053,2.53361312624641,3.13641543768818
-0.525001271566376,2.53362177155409,3.13641543768818
-0.526318606280575,2.53362859174125,3.13641543768818
-0.527635940994774,2.53363541192842,3.13641543768818
-0.528654556147021,2.5336406855661,3.13641543768818
-0.529673171299268,2.53364595920378,3.13641543768818
-0.530673157897515,2.53365113639655,3.13641543768818
-0.531673144495763,2.53365631358933,3.13641543768818
-0.581672474408147,2.53391517322801,3.13641543768818
-0.631671804320532,2.53417403286669,3.13641543768818
-0.676671201241678,2.53440700654151,3.13641543768818
-0.721670598162824,2.53463998021633,3.13641543768818
-0.752670182708502,2.53480047319231,3.13641543768818
-0.780569808799613,2.53494491687069,3.13641543768818
-0.808469434890723,2.53508936054908,3.13641543768818
-0.830789135763611,2.53520491549179,3.13641543768818
-0.8531088366365,2.5353204704345,3.13641543768818
-0.87096459733481,2.53541291438866,3.13641543768818
-0.888820358033121,2.53550535834283,3.13641543768818
-0.90310496659177,2.53557931350616,3.13641543768818
-0.917389575150418,2.5356532686695,3.13641543768818
-0.928817261997337,2.53571243280016,3.13641543768818
-0.940244948844256,2.53577159693083,3.13641543768818
-0.949387098321791,2.53581892823536,3.13641543768818
-0.958529247799326,2.5358662595399,3.13641543768818
-0.965842967381354,2.53590412458352,3.13641543768818
-0.973156686963383,2.53594198962715,3.13641543768818
-0.979007662629005,2.53597228166205,3.13641543768818
-0.984858638294627,2.53600257369695,3.13641543768818
-0.989539418827125,2.53602680732487,3.13641543768818
-0.994220199359623,2.5360510409528,3.13641543768818
-0.997964823785622,2.53607042785513,3.13641543768818
-1.00170944821162,2.53608981475747,3.13641543768818
-1.00470514775242,2.53610532427934,3.13641543768818
-1.00770084729322,2.53612083380121,3.13641543768818
-1.01009740692586,2.5361332414187,3.13641543768818
-1.0124939665585,2.5361456490362,3.13641543768818
-1.01441121426461,2.5361555751302,3.13641543768818
-1.01632846197072,2.53616550122419,3.13641543768818
-1.01786226013561,2.53617344209939,3.13641543768818
-1.0193960583005,2.53618138297459,3.13641543768818
-1.0207764766489,2.53618852976227,3.13641543768818
-1.0221568949973,2.53619567654994,3.13641543768818
-1.02315688159554,2.53620085374272,3.13641543768818
-1.02415686819379,2.53620603093549,3.13641543768818
-1.02515685479204,2.53621120812826,3.13641543768818
-1.02615684139029,2.53621638532104,3.13641543768818
-1.02715682798853,2.53622156251381,3.13641543768818
-1.07715615790092,2.53648042215249,3.13641543768818
-1.1271554878133,2.53673928179118,3.13641543768818
-1.17715481772569,2.53699814142986,3.13641543768818
-1.21215434866436,2.53717934317694,3.13641543768818
-1.24715387960303,2.53736054492402,3.13641543768818
-1.27515350435396,2.53750550632168,3.13641543768818
-1.3031531291049,2.53765046771934,3.13641543768818
-1.32555282890564,2.53776643683747,3.13641543768818
-1.34795252870639,2.5378824059556,3.13641543768818
-1.36587228854699,2.53797518125011,3.13641543768818
-1.38379204838759,2.53806795654461,3.13641543768818
-1.39812785626007,2.53814217678022,3.13641543768818
-1.41246366413255,2.53821639701582,3.13641543768818
-1.42536589121778,2.53828319522786,3.13641543768818
-1.43826811830301,2.53834999343991,3.13641543768818
-1.44715631918395,2.53839600998598,3.13641543768818
-1.45604452006488,2.53844202653205,3.13641543768818
-1.46404390085773,2.53848344142352,3.13641543768818
-1.47204328165057,2.53852485631499,3.13641543768818
-1.47755396619675,2.53855338657355,3.13641543768818
-1.48306465074293,2.53858191683212,3.13641543768818
-1.48747319837988,2.53860474103897,3.13641543768818
-1.49188174601682,2.53862756524582,3.13641543768818
-1.49584943889007,2.53864810703199,3.13641543768818
-1.49981713176332,2.53866864881816,3.13641543768818
-1.50294720058555,2.53868485400502,3.13641543768818
-1.50607726940778,2.53870105919189,3.13641543768818
-1.50920733823001,2.53871726437876,3.13641543768818
-1.51100161711825,2.53872655383094,3.13641543768818
-1.51279589600649,2.53873584328313,3.13641543768818
-1.5144107470059,2.5387442037901,3.13641543768818
-1.51602559800531,2.53875256429707,3.13641543768818
-1.51713805091602,2.53875832375743,3.13641543768818
-1.51825050382673,2.53876408321779,3.13641543768818
-1.51925171144636,2.53876926673211,3.13641543768818
-1.520252919066,2.53877445024643,3.13641543768818
-1.52125412668563,2.53877963376075,3.13641543768818
-1.52225533430527,2.53878481727507,3.13641543768818
-1.52325532090352,2.53878999446785,3.13641543768818
-1.52425530750177,2.53879517166062,3.13641543768818
-1.52425530750177,2.53879517166062,2.97933580500869
-1.52425530750177,2.53879517166062,2.8222561723292
-1.52425530750177,2.53879517166062,2.68088450291766
-1.52425530750177,2.53879517166062,2.56935796371522
-1.52425530750177,2.53879517166062,2.46898407843303
-1.52425530750177,2.53879517166062,2.37864758167905
-1.52425530750177,2.53879517166062,2.29734473460047
-1.52425530750177,2.53879517166062,2.2160418875219
-1.52425530750177,2.53879517166062,2.15099960985904
-1.52425530750177,2.53879517166062,2.09246155996246
-1.52425530750177,2.53879517166062,2.03977731505554
-1.52425530750177,2.53879517166062,1.98709307014862
-1.52425530750177,2.53879517166062,1.9396772497324
-1.52425530750177,2.53879517166062,1.90227143584849
-1.52425530750177,2.53879517166062,1.86860620335297
-1.52425530750177,2.53879517166062,1.838307494107
-1.52425530750177,2.53879517166062,1.80800878486103
-1.52425530750177,2.53879517166062,1.78376981746425
-1.52425530750177,2.53879517166062,1.76195474680716
-1.52425530750177,2.53879517166062,1.74232118321577
-1.52425530750177,2.53879517166062,1.72465097598352
-1.52425530750177,2.53879517166062,1.7087477894745
-1.52425530750177,2.53879517166062,1.69443492161638
-1.52425530750177,2.53879517166062,1.68012205375825
-1.52425530750177,2.53879517166062,1.66867175947176
-1.52425530750177,2.53879517166062,1.65722146518526
-1.52425530750177,2.53879517166062,1.64806122975606
-1.52425530750177,2.53879517166062,1.63981701786978
-1.52425530750177,2.53879517166062,1.63239722717213
-1.52425530750177,2.53879517166062,1.62497743647448
-1.52425530750177,2.53879517166062,1.61904160391636
-1.52425530750177,2.53879517166062,1.61369935461405
-1.52425530750177,2.53879517166062,1.60889133024198
-1.52425530750177,2.53879517166062,1.60456410830711
-1.52425530750177,2.53879517166062,1.60066960856573
-1.52425530750177,2.53879517166062,1.59677510882434
-1.52425530750177,2.53879517166062,1.59365950903124
-1.52425530750177,2.53879517166062,1.59085546921744
-1.52425530750177,2.53879517166062,1.58833183338502
-1.52425530750177,2.53879517166062,1.58580819755261
-1.52425530750177,2.53879517166062,1.58378928888668
-1.52425530750177,2.53879517166062,1.58177038022074
-1.52425530750177,2.53879517166062,1.580155253288
-1.52425530750177,2.53879517166062,1.57854012635525
-1.52425530750177,2.53879517166062,1.57708651211578
-1.52425530750177,2.53879517166062,1.57563289787631
-1.52425530750177,2.53879517166062,1.57448615775406
-1.52425530750177,2.53879517166062,1.57359945306798
-1.52425530750177,2.53879517166062,1.57280141885051
-1.52425530750177,2.53879517166062,1.57208318805479
-1.52425530750177,2.53879517166062,1.57136495725906
-1.52425530750177,2.53879517166062,1.57079037262249
-1.52425530750177,2.53879517166062,1.57027324644957
-1.52425530750177,2.53879517166062,1.56980783289394
-1.52425530750177,2.53879517166062,1.56938896069387
-1.52425530750177,2.53879517166062,1.56901197571381
-1.52425530750177,2.53879517166062,1.56867268923176
-1.52425530750177,2.53879517166062,1.56836733139791
-1.52425530750177,2.53879517166062,1.56809250934745
-1.52425530750177,2.53879517166062,1.56781768729699
-1.52425530750177,2.53879517166062,1.56757034745157
-1.52425530750177,2.53879517166062,1.5673504898112
-1.52425530750177,2.53879517166062,1.56715536615537
-1.52425530750177,2.53879517166062,1.56698222826358
-1.52425530750177,2.53879517166062,1.56682860273737
-1.52425530750177,2.53879517166062,1.56670765355296
-1.52425530750177,2.53879517166062,1.56659879928699
-1.52404543174268,2.58879473118034,1.56659879928699
-1.5238565435595,2.63379433474808,1.56659879928699
-1.52366765537633,2.67879393831583,1.56659879928699
-1.52347876719315,2.72379354188357,1.56659879928699
-1.52334654546493,2.755293264381,1.56659879928699
-1.5232143237367,2.78679298687842,1.56659879928699
-1.52310854635412,2.81199276487636,1.56659879928699
-1.52300276897154,2.83719254287429,1.56659879928699
-1.52291814706548,2.85735236527264,1.56659879928699
-1.52283352515942,2.87751218767099,1.56659879928699
-1.52275736544396,2.89565602782951,1.56659879928699
-1.52268966791911,2.91178388574819,1.56659879928699
-1.52262197039426,2.92791174366687,1.56659879928699
-1.52256865859344,2.94061243177783,1.56659879928699
-1.5225221165451,2.95170033409692,1.56659879928699
-1.52247557449677,2.96278823641601,1.56659879928699
-1.52243901783335,2.9714972796921,1.56659879928699
-1.52240246116993,2.98020632296819,1.56659879928699
-1.52237787004403,2.98606476735715,1.56659879928699
-1.52235327891813,2.99192321174611,1.56659879928699
-1.52233114690481,2.99719581169617,1.56659879928699
-1.5223090148915,3.00246841164624,1.56659879928699
-1.52229376839344,3.00610064716739,1.56659879928699
-1.52227852189538,3.00973288268855,1.56659879928699
-1.52226632469694,3.01263867110547,1.56659879928699
-1.52225412749849,3.0155444595224,1.56659879928699
-1.52224436973973,3.01786909025594,1.56659879928699
-1.52223461198097,3.02019372098948,1.56659879928699
-1.52222582999809,3.02228588864966,1.56659879928699
-1.52221704801521,3.02437805630985,1.56659879928699
-1.5222092418082,3.02623776089668,1.56659879928699
-1.5222014356012,3.02809746548351,1.56659879928699
-1.52219694703217,3.02916679562094,1.56659879928699
-1.52219245846314,3.03023612575837,1.56659879928699
-1.52218826094796,3.03123611694876,1.56659879928699
-1.52218406343278,3.03223610813916,1.56659879928699
-1.52217986591759,3.03323609932955,1.56659879928699
-1.52217566840241,3.03423609051995,1.56659879928699
-1.52196579264333,3.08423565003966,1.56659879928699
-1.52175591688424,3.13423520955938,1.56659879928699
-1.52158801627697,3.17423485717515,1.56659879928699
-1.52142011566971,3.21423450479093,1.56659879928699
-1.52128579518389,3.24623422288355,1.56659879928699
-1.52115147469808,3.27823394097617,1.56659879928699
-1.52104401830942,3.30383371545026,1.56659879928699
-1.52093656192077,3.32943348992436,1.56659879928699
-1.52085059680985,3.34991330950363,1.56659879928699
-1.52076463169893,3.37039312908291,1.56659879928699
-1.52069585961019,3.38677698474633,1.56659879928699
-1.52062708752146,3.40316084040975,1.56659879928699
-1.52056519264159,3.41790631050683,1.56659879928699
-1.52050329776173,3.43265178060391,1.56659879928699
-1.52046065906671,3.44280977111523,1.56659879928699
-1.52041802037169,3.45296776162655,1.56659879928699
-1.52038390941568,3.46109415403561,1.56659879928699
-1.52034979845967,3.46922054644466,1.56659879928699
-1.52032250969486,3.47572166037191,1.56659879928699
-1.52029522093005,3.48222277429915,1.56659879928699
-1.5202733899182,3.48742366544095,1.56659879928699
-1.52025155890635,3.49262455658275,1.56659879928699
-1.52023409409687,3.49678526949618,1.56659879928699
-1.52021662928739,3.50094598240962,1.56659879928699
-1.52020265743981,3.50427455274037,1.56659879928699
-1.52018868559222,3.50760312307112,1.56659879928699
-1.5201761109294,3.51059883636879,1.56659879928699
-1.52016353626657,3.51359454966647,1.56659879928699
-1.52015487372107,3.51565826327153,1.56659879928699
-1.52014621117557,3.5177219768766,1.56659879928699
-1.52013928113917,3.51937294776065,1.56659879928699
-1.52013235110277,3.5210239186447,1.56659879928699
-1.52012680707365,3.52234469535194,1.56659879928699
-1.52012126304453,3.52366547205919,1.56659879928699
-1.52011627341832,3.5248541710957,1.56659879928699
-1.52011207590314,3.5258541622861,1.56659879928699
-1.52010787838795,3.52685415347649,1.56659879928699
-1.52010368087277,3.52785414466689,1.56659879928699
-1.52009948335759,3.52885413585728,1.56659879928699
-1.52009528584241,3.52985412704768,1.56659879928699
-1.51988541008332,3.57985368656739,1.56659879928699
-1.51967553432424,3.62985324608711,1.56659879928699
-1.51950763371697,3.66985289370288,1.56659879928699
-1.5193397331097,3.70985254131866,1.56659879928699
-1.51920541262389,3.74185225941128,1.56659879928699
-1.51907109213807,3.7738519775039,1.56659879928699
-1.51896363574942,3.79945175197799,1.56659879928699
-1.51885617936077,3.82505152645209,1.56659879928699
-1.51877021424985,3.84553134603136,1.56659879928699
-1.51869284565002,3.86396318365271,1.56659879928699
-1.51861547705019,3.88239502127406,1.56659879928699
-1.51855358217033,3.89714049137114,1.56659879928699
-1.51849168729046,3.91188596146822,1.56659879928699
-1.51844217138657,3.92368233754588,1.56659879928699
-1.51839760707307,3.93429907601578,1.56659879928699
-1.51835304275957,3.94491581448567,1.56659879928699
-1.51831739130877,3.95340920526159,1.56659879928699
-1.51828173985797,3.96190259603751,1.56659879928699
-1.51825321869732,3.96869730865824,1.56659879928699
-1.51822469753668,3.97549202127898,1.56659879928699
-1.51820188060817,3.98092779137556,1.56659879928699
-1.51818134537251,3.98581998446249,1.56659879928699
-1.51816081013685,3.99071217754942,1.56659879928699
-1.51814438194832,3.99462593201896,1.56659879928699
-1.51812795375979,3.99853968648851,1.56659879928699
-1.51811481120897,4.00167069006414,1.56659879928699
-1.51810166865814,4.00480169363977,1.56659879928699
-1.51809115461748,4.00730649650028,1.56659879928699
-1.51808064057682,4.00981129936079,1.56659879928699
-1.5180722293443,4.01181514164919,1.56659879928699
-1.51806381811177,4.0138189839376,1.56659879928699
-1.51805708912575,4.01542205776833,1.56659879928699
-1.51805036013973,4.01702513159905,1.56659879928699
-1.51804497695091,4.01830759066363,1.56659879928699
-1.51803959376209,4.01959004972821,1.56659879928699
-1.51803528721104,4.02061601697987,1.56659879928699
-1.51803098065999,4.02164198423154,1.56659879928699
-1.5180267831448,4.02264197542193,1.56659879928699
-1.51802258562962,4.02364196661233,1.56659879928699
-1.51801838811444,4.02464195780272,1.56659879928699
-1.51801419059926,4.02564194899311,1.56659879928699
-1.51801419059926,4.02564194899311,1.72367843196648
-1.51801419059926,4.02564194899311,1.88075806464597
-1.51801419059926,4.02564194899311,2.02212973405751
-1.51801419059926,4.02564194899311,2.1477934402011
-1.51801419059926,4.02564194899311,2.24675360878918
-1.51801419059926,4.02564194899311,2.34571377737726
-1.51801419059926,4.02564194899311,2.43477792910653
-1.51801419059926,4.02564194899311,2.50503964880407
-1.51801419059926,4.02564194899311,2.5753013685016
-1.51801419059926,4.02564194899311,2.63151074425963
-1.51801419059926,4.02564194899311,2.68772012001766
-1.51801419059926,4.02564194899311,2.73830855819989
-1.51801419059926,4.02564194899311,2.78327605880631
-1.51801419059926,4.02564194899311,2.82824355941273
-1.51801419059926,4.02564194899311,2.85915871607965
-1.51801419059926,4.02564194899311,2.88698235707987
-1.51801419059926,4.02564194899311,2.91202363398007
-1.51801419059926,4.02564194899311,2.93456078319025
-1.51801419059926,4.02564194899311,2.95484421747942
-1.51801419059926,4.02564194899311,2.97512765176858
-1.51801419059926,4.02564194899311,2.99338274262883
-1.51801419059926,4.02564194899311,3.00960949006016
-1.51801419059926,4.02564194899311,3.02238805366233
-1.51801419059926,4.02564194899311,3.0351666172645
-1.51801419059926,4.02564194899311,3.04666732450646
-1.51801419059926,4.02564194899311,3.0568901753882
-1.51801419059926,4.02564194899311,3.06711302626994
-1.51801419059926,4.02564194899311,3.07414123625113
-1.51801419059926,4.02564194899311,3.08116944623233
-1.51801419059926,4.02564194899311,3.08679201421728
-1.51801419059926,4.02564194899311,3.09185232540374
-1.51801419059926,4.02564194899311,3.0969126365902
-1.51801419059926,4.02564194899311,3.10096088553937
-1.51801419059926,4.02564194899311,3.10500913448854
-1.51801419059926,4.02564194899311,3.10905738343771
-1.51801419059926,4.02564194899311,3.11189115770213
-1.51801419059926,4.02564194899311,3.1144415545401
-1.51801419059926,4.02564194899311,3.11673691169428
-1.51801419059926,4.02564194899311,3.11880273313304
-1.51801419059926,4.02564194899311,3.12066197242793
-1.51801419059926,4.02564194899311,3.12233528779332
-1.51801419059926,4.02564194899311,3.12384127162218
-1.51801419059926,4.02564194899311,3.12519665706815
-1.51801419059926,4.02564194899311,3.12655204251412
-1.51801419059926,4.02564194899311,3.1276363508709
-1.51801419059926,4.02564194899311,3.128612228392
-1.51801419059926,4.02564194899311,3.1295881059131
-1.51801419059926,4.02564194899311,3.13036880792997
-1.51801419059926,4.02564194899311,3.13107143974517
-1.51801419059926,4.02564194899311,3.13170380837884
-1.51801419059926,4.02564194899311,3.13233617701251
-1.51801419059926,4.02564194899311,3.13284207191945
-1.51801419059926,4.02564194899311,3.13329737733569
-1.51801419059926,4.02564194899311,3.13375268275194
-1.51801419059926,4.02564194899311,3.13411692708493
-1.51801419059926,4.02564194899311,3.13444474698463
-1.51801419059926,4.02564194899311,3.13477256688432
-1.51801419059926,4.02564194899311,3.13503482280408
-1.51801419059926,4.02564194899311,3.13529707872384
-1.51801419059926,4.02564194899311,3.13550688345964
-1.51801419059926,4.02564194899311,3.13569570772187
-1.51801419059926,4.02564194899311,3.13588453198409
-1.51801419059926,4.02564194899311,3.13605447382009
-1.51801419059926,4.02564194899311,3.13618853904627
-1.51801419059926,4.02564194899311,3.13630919774983
-1.51801419059926,4.02564194899311,3.13641779058304
-1.56801352112057,4.02590069098863,3.13641779058304
-1.61801285164189,4.02615943298415,3.13641779058304
-1.65801231605894,4.02636642658056,3.13641779058304
-1.69401183403429,4.02655272081733,3.13641779058304
-1.73001135200964,4.0267390150541,3.13641779058304
-1.75881096638991,4.02688805044352,3.13641779058304
-1.78761058077019,4.02703708583294,3.13641779058304
-1.81065027227441,4.02715631414447,3.13641779058304
-1.83368996377864,4.02727554245601,3.13641779058304
-1.85212171698201,4.02737092510523,3.13641779058304
-1.87055347018539,4.02746630775446,3.13641779058304
-1.88529887274809,4.02754261387384,3.13641779058304
-1.9000442753108,4.02761891999322,3.13641779058304
-1.91184059736096,4.02767996488873,3.13641779058304
-1.92363691941112,4.02774100978423,3.13641779058304
-1.93307397705125,4.02778984570064,3.13641779058304
-1.94251103469138,4.02783868161704,3.13641779058304
-1.95006068080348,4.02787775035017,3.13641779058304
-1.95761032691559,4.02791681908329,3.13641779058304
-1.96365004380527,4.02794807406979,3.13641779058304
-1.96968976069495,4.02797932905629,3.13641779058304
-1.9745215342067,4.02800433304548,3.13641779058304
-1.97935330771844,4.02802933703468,3.13641779058304
-1.98370190387902,4.02805184062496,3.13641779058304
-1.98805050003959,4.02807434421524,3.13641779058304
-1.99104619961687,4.02808984668855,3.13641779058304
-1.99404189919415,4.02810534916185,3.13641779058304
-1.99643845885598,4.02811775114049,3.13641779058304
-1.9988350185178,4.02813015311913,3.13641779058304
-2.00075226624727,4.02814007470205,3.13641779058304
-2.00266951397673,4.02814999628496,3.13641779058304
-2.00458676170619,4.02815991786788,3.13641779058304
-2.00612055988976,4.02816785513421,3.13641779058304
-2.00765435807333,4.02817579240054,3.13641779058304
-2.00868967184723,4.02818115005531,3.13641779058304
-2.00972498562114,4.02818650771009,3.13641779058304
-2.01072497223157,4.02819168255,3.13641779058304
-2.011724958842,4.02819685738991,3.13641779058304
-2.01272494545242,4.02820203222982,3.13641779058304
-2.01372493206285,4.02820720706973,3.13641779058304
-2.01472491867328,4.02821238190964,3.13641779058304
-2.06472424919459,4.02847112390516,3.13641779058304
-2.10972364666377,4.02870399170112,3.13641779058304
-2.15472304413296,4.02893685949708,3.13641779058304
-2.19072256210831,4.02912315373386,3.13641779058304
-2.22672208008365,4.02930944797063,3.13641779058304
-2.25912164626147,4.02947711278372,3.13641779058304
-2.28792126064174,4.02962614817314,3.13641779058304
-2.31672087502202,4.02977518356256,3.13641779058304
-2.3455204894023,4.02992421895197,3.13641779058304
-2.37432010378258,4.03007325434139,3.13641779058304
-2.40311971816285,4.03022228973081,3.13641779058304
-2.43191933254313,4.03037132512023,3.13641779058304
-2.44019922167746,4.03041417279468,3.13641779058304
-2.44765112189836,4.03045273570169,3.13641779058304
-2.45510302211926,4.03049129860871,3.13641779058304
-2.46180973231806,4.03052600522502,3.13641779058304
-2.46851644251687,4.03056071184133,3.13641779058304
-2.47380729167371,4.03058809150531,3.13641779058304
-2.47909814083054,4.03061547116929,3.13641779058304
-2.48266014913613,4.03063390423884,3.13641779058304
-2.48622215744172,4.03065233730839,3.13641779058304
-2.48907176408619,4.03066708376403,3.13641779058304
-2.49192137073066,4.03068183021967,3.13641779058304
-2.49477097737513,4.03069657667531,3.13641779058304
-2.4976205840196,4.03071132313095,3.13641779058304
-2.49961530867073,4.0307216456499,3.13641779058304
-2.50161003332186,4.03073196816885,3.13641779058304
-2.50292085237832,4.03073875153845,3.13641779058304
-2.50423167143478,4.03074553490804,3.13641779058304
-2.50541140858559,4.03075163994068,3.13641779058304
-2.5065911457364,4.03075774497331,3.13641779058304
-2.50759113234683,4.03076291981322,3.13641779058304
-2.50859111895725,4.03076809465313,3.13641779058304
-2.50959110556768,4.03077326949305,3.13641779058304
-2.51059109217811,4.03077844433296,3.13641779058304
-2.56059042269942,4.03103718632847,3.13641779058304
-2.61058975322074,4.03129592832399,3.13641779058304
-2.65058921763779,4.0315029219204,3.13641779058304
-2.69058868205484,4.03170991551681,3.13641779058304
-2.72258825358848,4.03187551039395,3.13641779058304
-2.75458782512212,4.03204110527108,3.13641779058304
-2.78018748234904,4.03217358117278,3.13641779058304
-2.80578713957595,4.03230605707449,3.13641779058304
-2.82626686535748,4.03241203779585,3.13641779058304
-2.84674659113901,4.03251801851721,3.13641779058304
-2.86517834434239,4.03261340116644,3.13641779058304
-2.88361009754577,4.03270878381567,3.13641779058304
-2.89630752753032,4.03277449186291,3.13641779058304
-2.90900495751487,4.03284019991016,3.13641779058304
-2.92043264450096,4.03289933715268,3.13641779058304
-2.93186033148706,4.0329584743952,3.13641779058304
-2.93973273807748,4.03299921338449,3.13641779058304
-2.9476051446679,4.03303995237378,3.13641779058304
-2.95390306994023,4.03307254356522,3.13641779058304
-2.96020099521257,4.03310513475665,3.13641779058304
-2.96523933543044,4.0331312077098,3.13641779058304
-2.97027767564831,4.03315728066294,3.13641779058304
-2.9743083478226,4.03317813902546,3.13641779058304
-2.9783390199969,4.03319899738798,3.13641779058304
-2.98196662495376,4.03321776991424,3.13641779058304
-2.98559422991063,4.03323654244051,3.13641779058304
-2.98809324665869,4.03324947462527,3.13641779058304
-2.99059226340676,4.03326240681003,3.13641779058304
-2.99259147680521,4.03327275255784,3.13641779058304
-2.99459069020366,4.03328309830565,3.13641779058304
-2.99619006092242,4.0332913749039,3.13641779058304
-2.99778943164118,4.03329965150214,3.13641779058304
-2.99906892821619,4.03330627278074,3.13641779058304
-3.00034842479119,4.03331289405934,3.13641779058304
-3.0013720220512,4.03331819108221,3.13641779058304
-3.00239561931121,4.03332348810509,3.13641779058304
-3.00339560592163,4.033328662945,3.13641779058304
-3.00439559253206,4.03333383778491,3.13641779058304
-3.00539557914249,4.03333901262482,3.13641779058304
-3.00639556575291,4.03334418746473,3.13641779058304
-3.00739555236334,4.03334936230464,3.13641779058304
-3.05739488288466,4.03360810430016,3.13641779058304
-3.10739421340597,4.03386684629568,3.13641779058304
-3.15239361087515,4.03409971409164,3.13641779058304
-3.18789313554529,4.03428342090846,3.13641779058304
-3.22339266021542,4.03446712772527,3.13641779058304
-3.25179227995153,4.03461409317873,3.13641779058304
-3.27735193771403,4.03474636208684,3.13641779058304
-3.30291159547652,4.03487863099494,3.13641779058304
-3.32335932168652,4.03498444612143,3.13641779058304
-3.34176227527552,4.03507967973527,3.13641779058304
-3.36016522886452,4.03517491334911,3.13641779058304
-3.37488759173571,4.03525110024018,3.13641779058304
-3.38960995460691,4.03532728713125,3.13641779058304
-3.40138784490387,4.0353882366441,3.13641779058304
-3.41316573520083,4.03544918615696,3.13641779058304
-3.42258804743839,4.03549794576724,3.13641779058304
-3.43201035967596,4.03554670537753,3.13641779058304
-3.43954820946601,4.03558571306576,3.13641779058304
-3.44708605925607,4.03562472075399,3.13641779058304
-3.45311633908811,4.03565592690457,3.13641779058304
-3.45914661892015,4.03568713305515,3.13641779058304
-3.46397084278579,4.03571209797562,3.13641779058304
-3.46879506665142,4.03573706289608,3.13641779058304
-3.47265444574393,4.03575703483246,3.13641779058304
-3.47651382483644,4.03577700676883,3.13641779058304
-3.47960132811044,4.03579298431793,3.13641779058304
-3.48268883138445,4.03580896186703,3.13641779058304
-3.48515883400365,4.0358217439063,3.13641779058304
-3.48762883662286,4.03583452594558,3.13641779058304
-3.48960483871822,4.03584475157701,3.13641779058304
-3.49158084081359,4.03585497720843,3.13641779058304
-3.49355684290895,4.03586520283985,3.13641779058304
-3.4949400443757,4.03587236078185,3.13641779058304
-3.49632324584246,4.03587951872384,3.13641779058304
-3.49756812716254,4.03588596087164,3.13641779058304
-3.49881300848262,4.03589240301943,3.13641779058304
-3.49981299509304,4.03589757785934,3.13641779058304
-3.50081298170347,4.03590275269926,3.13641779058304
-3.5018129683139,4.03590792753917,3.13641779058304
-3.50281295492432,4.03591310237908,3.13641779058304
-3.50381294153475,4.03591827721899,3.13641779058304
-3.55381227205606,4.0361770192145,3.13641779058304
-3.60381160257738,4.03643576121002,3.13641779058304
-3.64881100004656,4.03666862900598,3.13641779058304
-3.69381039751575,4.03690149680195,3.13641779058304
-3.72480998243896,4.03706191683917,3.13641779058304
-3.75580956736218,4.03722233687639,3.13641779058304
-3.78060923530075,4.03735067290616,3.13641779058304
-3.80540890323932,4.03747900893594,3.13641779058304
-3.82524863759018,4.03758167775976,3.13641779058304
-3.84508837194104,4.03768434658358,3.13641779058304
-3.86096015942173,4.03776648164264,3.13641779058304
-3.87683194690241,4.0378486167017,3.13641779058304
-3.88952937688696,4.03791432474894,3.13641779058304
-3.90222680687151,4.03798003279619,3.13641779058304
-3.91365449385761,4.03803917003871,3.13641779058304
-3.9250821808437,4.03809830728123,3.13641779058304
-3.93295458743412,4.03813904627052,3.13641779058304
-3.94082699402454,4.03817978525981,3.13641779058304
-3.94869940061496,4.03822052424911,3.13641779058304
-3.95421008522825,4.03824904154161,3.13641779058304
-3.95972076984155,4.03827755883412,3.13641779058304
-3.96412931753219,4.03830037266812,3.13641779058304
-3.96853786522282,4.03832318650212,3.13641779058304
-3.97294641291346,4.03834600033613,3.13641779058304
-3.9760323962969,4.03836197001993,3.13641779058304
-3.97911837968035,4.03837793970373,3.13641779058304
-3.98189576472545,4.03839231241915,3.13641779058304
-3.98467314977055,4.03840668513458,3.13641779058304
-3.98686419797279,4.03841802361008,3.13641779058304
-3.98905524617504,4.03842936208558,3.13641779058304
-3.99074945105255,4.03843812944198,3.13641779058304
-3.99244365593006,4.03844689679839,3.13641779058304
-3.99357991501184,4.03845277683597,3.13641779058304
-3.99471617409363,4.03845865687354,3.13641779058304
-3.99585243317541,4.03846453691112,3.13641779058304
-3.9969886922572,4.03847041694869,3.13641779058304
-3.99798867886762,4.03847559178861,3.13641779058304
-3.99898866547805,4.03848076662852,3.13641779058304
-4.04898799599937,4.03873950862403,3.13641779058304
-4.09898732652068,4.03899825061955,3.13641779058304
-4.13898679093773,4.03920524421596,3.13641779058304
-4.17898625535479,4.03941223781238,3.13641779058304
-4.21098582688843,4.03957783268951,3.13641779058304
-4.24298539842207,4.03974342756664,3.13641779058304
-4.26858505564898,4.03987590346834,3.13641779058304
-4.2941847128759,4.04000837937005,3.13641779058304
-4.31466443865743,4.04011436009141,3.13641779058304
-4.33514416443896,4.04022034081277,3.13641779058304
-4.35357591764234,4.040315723462,3.13641779058304
-4.37200767084571,4.04041110611123,3.13641779058304
-4.38470510083026,4.04047681415847,3.13641779058304
-4.39740253081481,4.04054252220572,3.13641779058304
-4.40883021780091,4.04060165944824,3.13641779058304
-4.420257904787,4.04066079669076,3.13641779058304
-4.42813031137742,4.04070153568005,3.13641779058304
-4.4352154773088,4.04073820077041,3.13641779058304
-4.44159212664704,4.04077119935174,3.13641779058304
-4.44796877598528,4.04080419793307,3.13641779058304
-4.45307009545587,4.04083059679813,3.13641779058304
-4.45817141492647,4.04085699566319,3.13641779058304
-4.46276260245,4.04088075464174,3.13641779058304
-4.46735378997353,4.0409045136203,3.13641779058304
-4.47143484555001,4.04092563271235,3.13641779058304
-4.47551590112648,4.0409467518044,3.13641779058304
-4.47786250808295,4.04095889528233,3.13641779058304
-4.48020911503943,4.04097103876025,3.13641779058304
-4.48208640060461,4.0409807535426,3.13641779058304
-4.48396368616978,4.04099046832494,3.13641779058304
-4.48546551462193,4.04099824015081,3.13641779058304
-4.48696734307407,4.04100601197669,3.13641779058304
-4.488318988681,4.04101300661997,3.13641779058304
-4.48967063428792,4.04102000126326,3.13641779058304
-4.49073693248895,4.04102551925963,3.13641779058304
-4.49180323068997,4.041031037256,3.13641779058304
-4.49280321730039,4.04103621209591,3.13641779058304
-4.49380320391082,4.04104138693582,3.13641779058304
-4.49480319052125,4.04104656177573,3.13641779058304
-4.54480252104256,4.04130530377125,3.13641779058304
-4.59480185156388,4.04156404576677,3.13641779058304
-4.63480131598093,4.04177103936318,3.13641779058304
-4.67480078039798,4.04197803295959,3.13641779058304
-4.70680035193162,4.04214362783672,3.13641779058304
-4.73879992346526,4.04230922271385,3.13641779058304
-4.76439958069218,4.04244169861556,3.13641779058304
-4.78999923791909,4.04257417451726,3.13641779058304
-4.81559889514601,4.04270665041897,3.13641779058304
-4.83351865520485,4.04279938355016,3.13641779058304
-4.85143841526369,4.04289211668135,3.13641779058304
-4.86577422331076,4.04296630318631,3.13641779058304
-4.88011003135783,4.04304048969126,3.13641779058304
-4.89157867779549,4.04309983889523,3.13641779058304
-4.90304732423314,4.04315918809919,3.13641779058304
-4.91336910602703,4.04321260238276,3.13641779058304
-4.92369088782093,4.04326601666632,3.13641779058304
-4.93080144861227,4.04330281317278,3.13641779058304
-4.93791200940362,4.04333960967924,3.13641779058304
-4.9436004580367,4.04336904688441,3.13641779058304
-4.94928890666978,4.04339848408957,3.13641779058304
-4.95440851043955,4.04342497757422,3.13641779058304
-4.95952811420932,4.04345147105887,3.13641779058304
-4.9635669127388,4.04347237147454,3.13641779058304
-4.96668987103836,4.04348853250017,3.13641779058304
-4.96981282933792,4.04350469352581,3.13641779058304
-4.97293578763748,4.04352085455145,3.13641779058304
-4.97605874593704,4.04353701557708,3.13641779058304
-4.97824481674673,4.04354832829503,3.13641779058304
-4.98043088755643,4.04355964101297,3.13641779058304
-4.98186744837422,4.04356707508477,3.13641779058304
-4.98330400919202,4.04357450915656,3.13641779058304
-4.98445325784626,4.04358045641399,3.13641779058304
-4.9856025065005,4.04358640367143,3.13641779058304
-4.98660249311092,4.04359157851134,3.13641779058304
-4.98760247972135,4.04359675335125,3.13641779058304
-4.98860246633178,4.04360192819116,3.13641779058304
-4.9896024529422,4.04360710303107,3.13641779058304
-4.99060243955263,4.04361227787098,3.13641779058304
-5.04060177007395,4.0438710198665,3.13641779058304
-5.09060110059526,4.04412976186201,3.13641779058304
-5.13060056501231,4.04433675545843,3.13641779058304
-5.17060002942937,4.04454374905484,3.13641779058304
-5.20659954740471,4.04473004329161,3.13641779058304
-5.24259906538006,4.04491633752838,3.13641779058304
-5.26739873331863,4.04504467355816,3.13641779058304
-5.29219840125721,4.04517300958794,3.13641779058304
-5.31203813560806,4.04527567841176,3.13641779058304
-5.32989389652384,4.0453680803532,3.13641779058304
-5.34774965743961,4.04546048229464,3.13641779058304
-5.36203426617223,4.04553440384779,3.13641779058304
-5.37631887490484,4.04560832540094,3.13641779058304
-5.38774656189094,4.04566746264346,3.13641779058304
-5.39917424887703,4.04572659988598,3.13641779058304
-5.40945916716452,4.04577982340425,3.13641779058304
-5.419744085452,4.04583304692252,3.13641779058304
-5.42682925138338,4.04586971201288,3.13641779058304
-5.43391441731476,4.04590637710324,3.13641779058304
-5.43958255005986,4.04593570917553,3.13641779058304
-5.44525068280496,4.04596504124782,3.13641779058304
-5.44978518900104,4.04598850690565,3.13641779058304
-5.45431969519713,4.04601197256349,3.13641779058304
-5.45794730015399,4.04603074508975,3.13641779058304
-5.46157490511086,4.04604951761602,3.13641779058304
-5.46483974957204,4.04606641288966,3.13641779058304
-5.46774183353753,4.04608143091067,3.13641779058304
-5.47064391750302,4.04609644893168,3.13641779058304
-5.4726391002293,4.04610677382113,3.13641779058304
-5.47463428295557,4.04611709871058,3.13641779058304
-5.4762304291366,4.04612535862213,3.13641779058304
-5.47782657531762,4.04613361853369,3.13641779058304
-5.47910349226243,4.04614022646294,3.13641779058304
-5.48038040920725,4.04614683439218,3.13641779058304
-5.4814019427631,4.04615212073558,3.13641779058304
-5.48242347631896,4.04615740707898,3.13641779058304
-5.48342346292938,4.04616258191889,3.13641779058304
-5.48442344953981,4.0461677567588,3.13641779058304
-5.48542343615024,4.04617293159871,3.13641779058304
-5.48642342276066,4.04617810643862,3.13641779058304
-5.53642275328198,4.04643684843413,3.13641779058304
-5.5864220838033,4.04669559042965,3.13641779058304
-5.63142148127248,4.04692845822561,3.13641779058304
-5.67642087874166,4.04716132602158,3.13641779058304
-5.7119204034118,4.04734503283839,3.13641779058304
-5.74741992808193,4.04752873965521,3.13641779058304
-5.77131960807112,4.04765241832907,3.13641779058304
-5.79521928806031,4.04777609700292,3.13641779058304
-5.81433903205166,4.04787503994201,3.13641779058304
-5.83345877604301,4.0479739828811,3.13641779058304
-5.84875457123609,4.04805313723236,3.13641779058304
-5.86405036642917,4.04813229158363,3.13641779058304
-5.87781658210294,4.04820353049977,3.13641779058304
-5.89158279777672,4.04827476941591,3.13641779058304
-5.9024428123638,4.04833096900532,3.13641779058304
-5.91330282695089,4.04838716859472,3.13641779058304
-5.92061421705318,4.04842500437462,3.13641779058304
-5.92792560715548,4.04846284015453,3.13641779058304
-5.93377471923731,4.04849310877845,3.13641779058304
-5.93962383131915,4.04852337740238,3.13641779058304
-5.94430312098461,4.04854759230152,3.13641779058304
-5.94851448168353,4.04856938571074,3.13641779058304
-5.95272584238245,4.04859117911997,3.13641779058304
-5.95651606701148,4.04861079318827,3.13641779058304
-5.96030629164051,4.04863040725658,3.13641779058304
-5.96291733527384,4.0486439191703,3.13641779058304
-5.96552837890717,4.04865743108402,3.13641779058304
-5.96761721381384,4.04866824061499,3.13641779058304
-5.9697060487205,4.04867905014597,3.13641779058304
-5.97179488362716,4.04868985967695,3.13641779058304
-5.97325706806183,4.04869742634863,3.13641779058304
-5.9747192524965,4.04870499302031,3.13641779058304
-5.9760352184877,4.04871180302483,3.13641779058304
-5.97735118447889,4.04871861302934,3.13641779058304
-5.97835117108932,4.04872378786925,3.13641779058304
-5.97935115769975,4.04872896270916,3.13641779058304
-5.98035114431017,4.04873413754907,3.13641779058304
-5.9813511309206,4.04873931238898,3.13641779058304
-5.98235111753103,4.04874448722889,3.13641779058304
-5.98335110414145,4.0487496620688,3.13641779058304
-5.98435109075188,4.04875483690871,3.13641779058304
-6.0343504212732,4.04901357890423,3.13641779058304
-6.08434975179451,4.04927232089975,3.13641779058304
-6.12434921621156,4.04947931449616,3.13641779058304
-6.16434868062862,4.04968630809257,3.13641779058304
-6.20034819860396,4.04987260232935,3.13641779058304
-6.23634771657931,4.05005889656612,3.13641779058304
-6.26834728811295,4.05022449144325,3.13641779058304
-6.30034685964659,4.05039008632038,3.13641779058304
-6.3219465704318,4.05050186286244,3.13641779058304
-6.34354628121701,4.05061363940451,3.13641779058304
-6.35762609269181,4.05068650115044,3.13641779058304
-6.37170590416662,4.05075936289638,3.13641779058304
-6.38437773449394,4.05082493846772,3.13641779058304
-6.39704956482126,4.05089051403907,3.13641779058304
-6.40577904793564,4.05093568832155,3.13641779058304
-6.41363558273858,4.05097634517578,3.13641779058304
-6.42149211754152,4.05101700203002,3.13641779058304
-6.42777734538387,4.0510495275134,3.13641779058304
-6.43406257322622,4.05108205299679,3.13641779058304
-6.4390907555001,4.0511080733835,3.13641779058304
-6.44411893777398,4.05113409377021,3.13641779058304
-6.44814148359309,4.05115491007958,3.13641779058304
-6.4521640294122,4.05117572638894,3.13641779058304
-6.45538206606748,4.05119237943644,3.13641779058304
-6.45860010272276,4.05120903248393,3.13641779058304
-6.46117453204699,4.05122235492193,3.13641779058304
-6.46374896137122,4.05123567735992,3.13641779058304
-6.46606594776302,4.05124766755412,3.13641779058304
-6.46838293415483,4.05125965774831,3.13641779058304
-6.47069992054663,4.05127164794251,3.13641779058304
-6.47301690693843,4.0512836381367,3.13641779058304
-6.47533389333024,4.0512956283309,3.13641779058304
-6.47633387994066,4.05130080317081,3.13641779058304
-6.47733386655109,4.05130597801072,3.13641779058304
-6.47833385316152,4.05131115285063,3.13641779058304
-6.47933383977194,4.05131632769054,3.13641779058304
-6.48033382638237,4.05132150253045,3.13641779058304
-6.4813338129928,4.05132667737036,3.13641779058304
-6.53133314351411,4.05158541936588,3.13641779058304
-6.58133247403543,4.05184416136139,3.13641779058304
-6.62133193845248,4.05205115495781,3.13641779058304
-6.65733145642783,4.05223744919458,3.13641779058304
-6.69333097440317,4.05242374343135,3.13641779058304
-6.72213058878345,4.05257277882077,3.13641779058304
-6.75093020316373,4.05272181421019,3.13641779058304
-6.77396989466795,4.05284104252172,3.13641779058304
-6.79700958617218,4.05296027083325,3.13641779058304
-6.81544133937555,4.05305565348248,3.13641779058304
-6.83387309257893,4.05315103613171,3.13641779058304
-6.85046167046197,4.05323688051601,3.13641779058304
-6.86705024834501,4.05332272490032,3.13641779058304
-6.8784779353311,4.05338186214284,3.13641779058304
-6.8899056223172,4.05344099938536,3.13641779058304
-6.90019054060468,4.05349422290363,3.13641779058304
-6.91047545889217,4.0535474464219,3.13641779058304
-6.91858911665229,4.05358943386409,3.13641779058304
-6.92670277441242,4.05363142130628,3.13641779058304
-6.93216520879177,4.0536596889082,3.13641779058304
-6.93762764317113,4.05368795651013,3.13641779058304
-6.94199759067461,4.05371057059167,3.13641779058304
-6.94636753817809,4.05373318467321,3.13641779058304
-6.94986349618088,4.05375127593844,3.13641779058304
-6.95335945418366,4.05376936720367,3.13641779058304
-6.95650581638617,4.05378564934238,3.13641779058304
-6.95965217858868,4.05380193148109,3.13641779058304
-6.96181967255041,4.05381314806553,3.13641779058304
-6.96398716651213,4.05382436464997,3.13641779058304
-6.96572116168152,4.05383333791753,3.13641779058304
-6.9674551568509,4.05384231118508,3.13641779058304
-6.9688423529864,4.05384948979913,3.13641779058304
-6.97022954912191,4.05385666841317,3.13641779058304
-6.97133930603031,4.0538624113044,3.13641779058304
-6.97244906293872,4.05386815419564,3.13641779058304
-6.97344904954914,4.05387332903555,3.13641779058304
-6.97444903615957,4.05387850387546,3.13641779058304
-6.97544902277,4.05388367871537,3.13641779058304
-6.97644900938042,4.05388885355528,3.13641779058304
-7.02644833990174,4.0541475955508,3.13641779058304
-7.07644767042305,4.05440633754631,3.13641779058304
-7.12144706789224,4.05463920534228,3.13641779058304
-7.16644646536142,4.05487207313824,3.13641779058304
-7.19744605028464,4.05503249317546,3.13641779058304
-7.22844563520785,4.05519291321268,3.13641779058304
-7.25324530314643,4.05532124924246,3.13641779058304
-7.278044971085,4.05544958527224,3.13641779058304
-7.30036467222971,4.05556508769904,3.13641779058304
-7.32268437337443,4.05568059012583,3.13641779058304
-7.34029213761082,4.05577170870698,3.13641779058304
-7.35390715530909,4.05584216518732,3.13641779058304
-7.36752217300737,4.05591262166767,3.13641779058304
-7.37841418716599,4.05596898685195,3.13641779058304
-7.38930620132461,4.05602535203622,3.13641779058304
-7.39801981265151,4.05607044418365,3.13641779058304
-7.4067334239784,4.05611553633107,3.13641779058304
-7.41370431303992,4.05615161004901,3.13641779058304
-7.42067520210144,4.05618768376694,3.13641779058304
-7.4269490022568,4.05622015011309,3.13641779058304
-7.43189833349048,4.05624576245282,3.13641779058304
-7.43684766472416,4.05627137479256,3.13641779058304
-7.4408071297111,4.05629186466435,3.13641779058304
-7.44476659469804,4.05631235453614,3.13641779058304
-7.4479341666876,4.05632874643357,3.13641779058304
-7.45078498147819,4.05634349914126,3.13641779058304
-7.45363579626879,4.05635825184894,3.13641779058304
-7.45591644810127,4.05637005401509,3.13641779058304
-7.45819709993375,4.05638185618124,3.13641779058304
-7.46002162139973,4.05639129791416,3.13641779058304
-7.46184614286571,4.05640073964708,3.13641779058304
-7.4633057600385,4.05640829303342,3.13641779058304
-7.46476537721129,4.05641584641976,3.13641779058304
-7.46593307094952,4.05642188912882,3.13641779058304
-7.46710076468775,4.05642793183789,3.13641779058304
-7.46815168905215,4.05643337027606,3.13641779058304
-7.46920261341656,4.05643880871422,3.13641779058304
-7.47020260002699,4.05644398355413,3.13641779058304
-7.47120258663741,4.05644915839404,3.13641779058304
-7.47220257324784,4.05645433323395,3.13641779058304
-7.47320255985826,4.05645950807386,3.13641779058304
-7.52320189037958,4.05671825006938,3.13641779058304
-7.5732012209009,4.05697699206489,3.13641779058304
-7.61820061837008,4.05720985986086,3.13641779058304
-7.66320001583926,4.05744272765682,3.13641779058304
-7.69419960076248,4.05760314769404,3.13641779058304
-7.7251991856857,4.05776356773126,3.13641779058304
-7.75309881211659,4.05790794576476,3.13641779058304
-7.78099843854748,4.05805232379826,3.13641779058304
-7.80021818119988,4.05815178422133,3.13641779058304
-7.81943792385227,4.05825124464441,3.13641779058304
-7.83865766650466,4.05835070506749,3.13641779058304
-7.85211148636134,4.05842032736364,3.13641779058304
-7.86556530621801,4.05848994965979,3.13641779058304
-7.87632836210336,4.05854564749672,3.13641779058304
-7.8870914179887,4.05860134533364,3.13641779058304
-7.89570186269697,4.05864590360318,3.13641779058304
-7.90431230740524,4.05869046187271,3.13641779058304
-7.91120066317186,4.05872610848835,3.13641779058304
-7.91808901893848,4.05876175510398,3.13641779058304
-7.92428853912843,4.05879383705804,3.13641779058304
-7.93048805931839,4.05882591901211,3.13641779058304
-7.93475883989369,4.0588480199138,3.13641779058304
-7.93860254241146,4.05886791072533,3.13641779058304
-7.94244624492924,4.05888780153685,3.13641779058304
-7.94552120694346,4.05890371418607,3.13641779058304
-7.94859616895767,4.05891962683528,3.13641779058304
-7.95105613856905,4.05893235695466,3.13641779058304
-7.95351610818042,4.05894508707403,3.13641779058304
-7.95573008083066,4.05895654418147,3.13641779058304
-7.9579440534809,4.0589680012889,3.13641779058304
-7.95946923463995,4.05897589396292,3.13641779058304
-7.960994415799,4.05898378663693,3.13641779058304
-7.96236707884215,4.05899089004354,3.13641779058304
-7.9637397418853,4.05899799345015,3.13641779058304
-7.96473972849572,4.05900316829006,3.13641779058304
-7.96573971510615,4.05900834312997,3.13641779058304
-7.96673970171658,4.05901351796988,3.13641779058304
-7.967739688327,4.05901869280979,3.13641779058304
-7.96873967493743,4.0590238676497,3.13641779058304
-8.01873900545874,4.05928260964522,3.13641779058304
-8.06873833598006,4.05954135164073,3.13641779058304
-8.10873780039711,4.05974834523715,3.13641779058304
-8.14873726481416,4.05995533883356,3.13641779058304
-8.18873672923121,4.06016233242997,3.13641779058304
-8.22873619364827,4.06036932602639,3.13641779058304
-8.2527358722985,4.06049352218424,3.13641779058304
-8.27673555094873,4.06061771834208,3.13641779058304
-8.29593529386892,4.06071707526836,3.13641779058304
-8.3151350367891,4.06081643219464,3.13641779058304
-8.33049483112525,4.06089591773566,3.13641779058304
-8.3458546254614,4.06097540327669,3.13641779058304
-8.35814246093032,4.0610389917095,3.13641779058304
-8.37043029639924,4.06110258014232,3.13641779058304
-8.38026056477437,4.06115345088858,3.13641779058304
-8.3900908331495,4.06120432163483,3.13641779058304
-8.39795504784961,4.06124501823183,3.13641779058304
-8.40581926254972,4.06128571482884,3.13641779058304
-8.41211063430981,4.06131827210644,3.13641779058304
-8.41840200606989,4.06135082938404,3.13641779058304
-8.42343510347796,4.06137687520613,3.13641779058304
-8.42846820088603,4.06140292102821,3.13641779058304
-8.43249467881249,4.06142375768587,3.13641779058304
-8.43652115673894,4.06144459434354,3.13641779058304
-8.43974233908011,4.06146126366967,3.13641779058304
-8.44296352142127,4.06147793299581,3.13641779058304
-8.4455404672942,4.06149126845671,3.13641779058304
-8.44811741316713,4.06150460391762,3.13641779058304
-8.45017896986548,4.06151527228634,3.13641779058304
-8.45224052656382,4.06152594065507,3.13641779058304
-8.45409592759233,4.06153554218692,3.13641779058304
-8.45555963284816,4.06154311672872,3.13641779058304
-8.45702333810398,4.06155069127051,3.13641779058304
-8.45834067283423,4.06155750835813,3.13641779058304
-8.45965800756447,4.06156432544574,3.13641779058304
-8.4606972382961,4.06156970337042,3.13641779058304
-8.46173646902774,4.06157508129509,3.13641779058304
-8.46273645563816,4.061580256135,3.13641779058304
-8.46373644224859,4.06158543097491,3.13641779058304
-8.46473642885901,4.06159060581482,3.13641779058304
-8.46473642885901,4.06159060581482,-2.98968788391706
-8.46473642885901,4.06159060581482,-2.83260825123757
-8.46473642885901,4.06159060581482,-2.70694454509398
-8.46473642885901,4.06159060581482,-2.59384720956474
-8.46473642885901,4.06159060581482,-2.49205960758843
-8.46473642885901,4.06159060581482,-2.40045076580976
-8.46473642885901,4.06159060581482,-2.31800280820895
-8.46473642885901,4.06159060581482,-2.23555485060814
-8.46473642885901,4.06159060581482,-2.16959648452749
-8.46473642885901,4.06159060581482,-2.1102339550549
-8.46473642885901,4.06159060581482,-2.05087142558232
-8.46473642885901,4.06159060581482,-2.00338140200425
-8.46473642885901,4.06159060581482,-1.96064038078399
-8.46473642885901,4.06159060581482,-1.92217346168576
-8.46473642885901,4.06159060581482,-1.88370654258752
-8.46473642885901,4.06159060581482,-1.85293300730894
-8.46473642885901,4.06159060581482,-1.82215947203035
-8.46473642885901,4.06159060581482,-1.79754064380748
-8.46473642885901,4.06159060581482,-1.77292181558461
-8.46473642885901,4.06159060581482,-1.74830298736174
-8.46473642885901,4.06159060581482,-1.72860792478344
-8.46473642885901,4.06159060581482,-1.71334425128526
-8.46473642885901,4.06159060581482,-1.69808057778709
-8.46473642885901,4.06159060581482,-1.68434327163872
-8.46473642885901,4.06159060581482,-1.67350606345502
-8.46473642885901,4.06159060581482,-1.66375257608968
-8.46473642885901,4.06159060581482,-1.65497443746088
-8.46473642885901,4.06159060581482,-1.64619629883207
-8.46473642885901,4.06159060581482,-1.63917378792903
-8.46473642885901,4.06159060581482,-1.63285352811629
-8.46473642885901,4.06159060581482,-1.62653326830356
-8.46473642885901,4.06159060581482,-1.62147706045336
-8.46473642885901,4.06159060581482,-1.61692647338819
-8.46473642885901,4.06159060581482,-1.61283094502954
-8.46473642885901,4.06159060581482,-1.60873541667088
-8.46473642885901,4.06159060581482,-1.60545899398396
-8.46473642885901,4.06159060581482,-1.60251021356573
-8.46473642885901,4.06159060581482,-1.59985631118932
-8.46473642885901,4.06159060581482,-1.59746779905056
-8.46473642885901,4.06159060581482,-1.59531813812566
-8.46473642885901,4.06159060581482,-1.59316847720077
-8.46473642885901,4.06159060581482,-1.59144874846086
-8.46473642885901,4.06159060581482,-1.58990099259494
-8.46473642885901,4.06159060581482,-1.58850801231561
-8.46473642885901,4.06159060581482,-1.58711503203628
-8.46473642885901,4.06159060581482,-1.58600064781282
-8.46473642885901,4.06159060581482,-1.5849977020117
-8.46473642885901,4.06159060581482,-1.58399475621059
-8.46473642885901,4.06159060581482,-1.58319239956969
-8.46473642885901,4.06159060581482,-1.5823900429288
-8.46473642885901,4.06159060581482,-1.58166792195199
-8.46473642885901,4.06159060581482,-1.58094580097519
-8.46473642885901,4.06159060581482,-1.58044833985784
-8.46473642885901,4.06159060581482,-1.58000062485222
-8.46473642885901,4.06159060581482,-1.57959768134716
-8.46473642885901,4.06159060581482,-1.57923503219261
-8.46473642885901,4.06159060581482,-1.57890864795351
-8.46473642885901,4.06159060581482,-1.57861490213833
-8.46473642885901,4.06159060581482,-1.57835053090466
-8.46473642885901,4.06159060581482,-1.57808615967099
-8.46473642885901,4.06159060581482,-1.57787466268406
-8.46473642885901,4.06159060581482,-1.57768431539582
-8.46473642885901,4.06159060581482,-1.5775130028364
-8.46473642885901,4.06159060581482,-1.57735882153293
-8.46473642885901,4.06159060581482,-1.57720464022945
-8.46473642885901,4.06159060581482,-1.57708129518667
-8.46473642885901,4.06159060581482,-1.57695795014389
-8.46504450807705,4.01159155495188,-1.57695795014389
-8.46535258729509,3.96159250408893,-1.57695795014389
-8.46559905066952,3.92159326339857,-1.57695795014389
-8.46584551404395,3.88159402270822,-1.57695795014389
-8.46606733108094,3.8455947060869,-1.57695795014389
-8.46628914811793,3.80959538946557,-1.57695795014389
-8.46644195541008,3.78479586023755,-1.57695795014389
-8.46659476270222,3.75999633100953,-1.57695795014389
-8.46673228926516,3.73767675470431,-1.57695795014389
-8.46686981582809,3.71535717839909,-1.57695795014389
-8.46696455634922,3.69998147027772,-1.57695795014389
-8.46705929687035,3.68460576215635,-1.57695795014389
-8.46713508928726,3.67230519565925,-1.57695795014389
-8.46721088170416,3.66000462916215,-1.57695795014389
-8.46727909487938,3.64893411931476,-1.57695795014389
-8.46734730805459,3.63786360946738,-1.57695795014389
-8.46739429935307,3.63023725823917,-1.57695795014389
-8.46744129065155,3.62261090701097,-1.57695795014389
-8.46747888369034,3.61650982602841,-1.57695795014389
-8.46751647672912,3.61040874504585,-1.57695795014389
-8.46754655116015,3.6055278802598,-1.57695795014389
-8.46757662559118,3.60064701547375,-1.57695795014389
-8.467600685136,3.59674232364492,-1.57695795014389
-8.46762474468082,3.59283763181608,-1.57695795014389
-8.46764639827116,3.58932340917012,-1.57695795014389
-8.4676680518615,3.58580918652417,-1.57695795014389
-8.46768513413832,3.58303685532569,-1.57695795014389
-8.46770221641515,3.58026452412722,-1.57695795014389
-8.46771371687757,3.57839808143303,-1.57695795014389
-8.46772521734,3.57653163873885,-1.57695795014389
-8.46773671780242,3.57466519604466,-1.57695795014389
-8.46774821826485,3.57279875335048,-1.57695795014389
-8.46775626858855,3.57149224346455,-1.57695795014389
-8.46776431891225,3.57018573357862,-1.57695795014389
-8.46777048049661,3.56918575256136,-1.57695795014389
-8.46777664208097,3.5681857715441,-1.57695795014389
-8.46778280366533,3.56718579052684,-1.57695795014389
-8.46778896524969,3.56618580950958,-1.57695795014389
-8.46809704446773,3.51618675864664,-1.57695795014389
-8.46840512368577,3.46618770778369,-1.57695795014389
-8.4686515870602,3.42618846709333,-1.57695795014389
-8.46889805043463,3.38618922640298,-1.57695795014389
-8.46909522113418,3.35418983385069,-1.57695795014389
-8.46929239183372,3.32219044129841,-1.57695795014389
-8.46945012839336,3.29659092725658,-1.57695795014389
-8.46960786495299,3.27099141321475,-1.57695795014389
-8.4697340542007,3.25051180198129,-1.57695795014389
-8.46986024344841,3.23003219074783,-1.57695795014389
-8.46996119484658,3.21364850176106,-1.57695795014389
-8.47006214624475,3.19726481277429,-1.57695795014389
-8.47016309764291,3.18088112378752,-1.57695795014389
-8.47023376362163,3.16941254149678,-1.57695795014389
-8.47030442960035,3.15794395920604,-1.57695795014389
-8.47036096238332,3.14876909337345,-1.57695795014389
-8.47041749516629,3.13959422754086,-1.57695795014389
-8.47046837467097,3.13133684829152,-1.57695795014389
-8.47051925417565,3.12307946904219,-1.57695795014389
-8.47055430450109,3.11739105222599,-1.57695795014389
-8.47058935482654,3.11170263540978,-1.57695795014389
-8.47061739508689,3.10715190195681,-1.57695795014389
-8.47064263132121,3.10305624184915,-1.57695795014389
-8.47066786755553,3.09896058174148,-1.57695795014389
-8.47068805654299,3.09568405365534,-1.57695795014389
-8.47070824553044,3.09240752556921,-1.57695795014389
-8.47072439672041,3.0897863031003,-1.57695795014389
-8.47074054791037,3.08716508063139,-1.57695795014389
-8.47075346886234,3.08506810265626,-1.57695795014389
-8.47076638981432,3.08297112468114,-1.57695795014389
-8.47077672657589,3.08129354230104,-1.57695795014389
-8.47078706333747,3.07961595992094,-1.57695795014389
-8.47079533274673,3.07827389401685,-1.57695795014389
-8.47080277521507,3.07706603470318,-1.57695795014389
-8.4708102176834,3.07585817538951,-1.57695795014389
-8.47081766015174,3.07465031607584,-1.57695795014389
-8.4708238217361,3.07365033505858,-1.57695795014389
-8.47082998332046,3.07265035404132,-1.57695795014389
-8.47083614490482,3.07165037302406,-1.57695795014389
-8.47084230648918,3.0706503920068,-1.57695795014389
-8.47115038570722,3.02065134114386,-1.57695795014389
-8.47145846492526,2.97065229028091,-1.57695795014389
-8.47170492829969,2.93065304959055,-1.57695795014389
-8.47195139167412,2.8906538089002,-1.57695795014389
-8.47214856237367,2.85865441634791,-1.57695795014389
-8.47234573307321,2.82665502379563,-1.57695795014389
-8.47250346963285,2.8010555097538,-1.57695795014389
-8.47266120619248,2.77545599571197,-1.57695795014389
-8.47280316909616,2.75241643307433,-1.57695795014389
-8.47294513199983,2.72937687043668,-1.57695795014389
-8.4730429286668,2.71350517173075,-1.57695795014389
-8.47314072533378,2.69763347302481,-1.57695795014389
-8.47321896266736,2.68493611406007,-1.57695795014389
-8.47329720000094,2.67223875509532,-1.57695795014389
-8.47337543733451,2.65954139613057,-1.57695795014389
-8.47343020346802,2.65065324485525,-1.57695795014389
-8.47347949298817,2.64265390870746,-1.57695795014389
-8.47352878250833,2.63465457255967,-1.57695795014389
-8.47356821412445,2.62825510364144,-1.57695795014389
-8.47360764574058,2.62185563472321,-1.57695795014389
-8.47364313419509,2.6160961126968,-1.57695795014389
-8.4736786226496,2.61033659067039,-1.57695795014389
-8.47370307025159,2.60636891994108,-1.57695795014389
-8.47372751785359,2.60240124921178,-1.57695795014389
-8.47374952069539,2.59883034555541,-1.57695795014389
-8.47377152353718,2.59525944189903,-1.57695795014389
-8.47378668105042,2.59279948604686,-1.57695795014389
-8.47380183856366,2.59033953019469,-1.57695795014389
-8.47381396457425,2.58837156551296,-1.57695795014389
-8.47382609058484,2.58640360083122,-1.57695795014389
-8.47383579139331,2.58482922908584,-1.57695795014389
-8.47384549220179,2.58325485734045,-1.57695795014389
-8.47385325284856,2.58199535994414,-1.57695795014389
-8.47386101349534,2.58073586254783,-1.57695795014389
-8.47386722201276,2.57972826463078,-1.57695795014389
-8.47387343053019,2.57872066671373,-1.57695795014389
-8.47387959211455,2.57772068569647,-1.57695795014389
-8.47388575369891,2.57672070467921,-1.57695795014389
-8.47389191528327,2.57572072366196,-1.57695795014389
-8.47389807686763,2.5747207426447,-1.57695795014389
-8.47420615608567,2.52472169178175,-1.57695795014389
-8.47451423530371,2.47472264091881,-1.57695795014389
-8.47479150659994,2.42972349514215,-1.57695795014389
-8.47506877789618,2.3847243493655,-1.57695795014389
-8.47525978701136,2.35372493783048,-1.57695795014389
-8.47545079612655,2.32272552629545,-1.57695795014389
-8.4756036034187,2.29792599706743,-1.57695795014389
-8.47575641071084,2.27312646783941,-1.57695795014389
-8.47587865654456,2.25328684445699,-1.57695795014389
-8.47600090237828,2.23344722107457,-1.57695795014389
-8.47609869904525,2.21757552236864,-1.57695795014389
-8.47619649571223,2.20170382366271,-1.57695795014389
-8.47627473304581,2.18900646469796,-1.57695795014389
-8.47635297037938,2.17630910573322,-1.57695795014389
-8.47641556024625,2.16615121856142,-1.57695795014389
-8.47647815011311,2.15599333138962,-1.57695795014389
-8.47653448099329,2.146851232935,-1.57695795014389
-8.47659081187346,2.13770913448039,-1.57695795014389
-8.47662961759092,2.13141124443387,-1.57695795014389
-8.47666842330838,2.12511335438736,-1.57695795014389
-8.47669946788234,2.12007504235015,-1.57695795014389
-8.4767305124563,2.11503673031293,-1.57695795014389
-8.47675534811548,2.11100608068316,-1.57695795014389
-8.47677770020873,2.10737849601637,-1.57695795014389
-8.47680005230198,2.10375091134958,-1.57695795014389
-8.47682016918591,2.10048608514947,-1.57695795014389
-8.47684028606984,2.09722125894935,-1.57695795014389
-8.47685414436766,2.09497215645594,-1.57695795014389
-8.47686800266548,2.09272305396253,-1.57695795014389
-8.47687908930373,2.0909237719678,-1.57695795014389
-8.47689017594199,2.08912448997307,-1.57695795014389
-8.47690015391641,2.08750513617782,-1.57695795014389
-8.47691013189084,2.08588578238256,-1.57695795014389
-8.47691700560656,2.08477022754583,-1.57695795014389
-8.47692387932228,2.0836546727091,-1.57695795014389
-8.47693004090664,2.08265469169184,-1.57695795014389
-8.476936202491,2.08165471067458,-1.57695795014389
-8.47694236407536,2.08065472965732,-1.57695795014389
-8.47694852565972,2.07965474864006,-1.57695795014389
-8.47725660487776,2.02965569777712,-1.57695795014389
-8.4775646840958,1.97965664691417,-1.57695795014389
-8.47784195539204,1.93465750113752,-1.57695795014389
-8.47811922668827,1.88965835536087,-1.57695795014389
-8.47831023580346,1.85865894382584,-1.57695795014389
-8.47850124491864,1.82765953229082,-1.57695795014389
-8.47865405221079,1.8028600030628,-1.57695795014389
-8.47880685950294,1.77806047383478,-1.57695795014389
-8.47892910533665,1.75822085045236,-1.57695795014389
-8.47905135117037,1.73838122706994,-1.57695795014389
-8.47914914783734,1.72250952836401,-1.57695795014389
-8.47923716483762,1.70822499952867,-1.57695795014389
-8.4793251818379,1.69394047069333,-1.57695795014389
-8.47939559543812,1.68251284762506,-1.57695795014389
-8.47946600903834,1.67108522455678,-1.57695795014389
-8.47953642263856,1.65965760148851,-1.57695795014389
-8.47959275351874,1.65051550303389,-1.57695795014389
-8.47964908439892,1.64137340457928,-1.57695795014389
-8.47969274083105,1.63428827827695,-1.57695795014389
-8.47973639726319,1.62720315197462,-1.57695795014389
-8.47976568932088,1.62244926077822,-1.57695795014389
-8.47979498137857,1.61769536958182,-1.57695795014389
-8.4798213442305,1.61341686750506,-1.57695795014389
-8.47984770708242,1.6091383654283,-1.57695795014389
-8.47986586815819,1.60619095288653,-1.57695795014389
-8.47988402923396,1.60324354034476,-1.57695795014389
-8.47990037420215,1.60059086905717,-1.57695795014389
-8.47991326856594,1.59849820615251,-1.57695795014389
-8.47992616292974,1.59640554324785,-1.57695795014389
-8.47993647842078,1.59473141292413,-1.57695795014389
-8.47994679391181,1.59305728260041,-1.57695795014389
-8.47995504630464,1.59171797834143,-1.57695795014389
-8.47996329869747,1.59037867408245,-1.57695795014389
-8.47996990061174,1.58930723067526,-1.57695795014389
-8.4799760621961,1.588307249658,-1.57695795014389
-8.47998222378046,1.58730726864074,-1.57695795014389
-8.47998838536482,1.58630728762348,-1.57695795014389
-8.47999454694918,1.58530730660623,-1.57695795014389
-8.48000070853354,1.58430732558897,-1.57695795014389
-8.48030878775158,1.53430827472602,-1.57695795014389
-8.48061686696962,1.48430922386308,-1.57695795014389
-8.48086333034405,1.44430998317272,-1.57695795014389
-8.48110979371848,1.40431074248236,-1.57695795014389
-8.48130696441802,1.37231134993008,-1.57695795014389
-8.48150413511757,1.34031195737779,-1.57695795014389
-8.48166187167721,1.31471244333596,-1.57695795014389
-8.48181960823684,1.28911292929414,-1.57695795014389
-8.48194579748455,1.26863331806067,-1.57695795014389
-8.48207198673226,1.24815370682721,-1.57695795014389
-8.4821855570552,1.2297220567171,-1.57695795014389
-8.48229912737814,1.21129040660698,-1.57695795014389
-8.48237736471171,1.19859304764223,-1.57695795014389
-8.48245560204529,1.18589568867749,-1.57695795014389
-8.48253383937887,1.17319832971274,-1.57695795014389
-8.48258860551238,1.16431017843742,-1.57695795014389
-8.48264337164588,1.15542202716209,-1.57695795014389
-8.48268718455269,1.14831150614183,-1.57695795014389
-8.48273099745949,1.14120098512158,-1.57695795014389
-8.48276604778494,1.13551256830537,-1.57695795014389
-8.48280109811038,1.12982415148916,-1.57695795014389
-8.48283264340328,1.12470457635458,-1.57695795014389
-8.48286418869618,1.11958500121999,-1.57695795014389
-8.48288907442724,1.11554622528049,-1.57695795014389
-8.48291396015831,1.11150744934098,-1.57695795014389
-8.48293569136008,1.10798063091493,-1.57695795014389
-8.48295742256186,1.10445381248888,-1.57695795014389
-8.48297915376363,1.10092699406283,-1.57695795014389
-8.48298938845866,1.0992659763525,-1.57695795014389
-8.48299962315369,1.09760495864217,-1.57695795014389
-8.48300985784872,1.09594394093184,-1.57695795014389
-8.48302009254375,1.09428292322151,-1.57695795014389
-8.48302725683027,1.09312021082427,-1.57695795014389
-8.48303442111679,1.09195749842704,-1.57695795014389
-8.48304058270115,1.09095751740978,-1.57695795014389
-8.48304674428551,1.08995753639252,-1.57695795014389
-8.48305290586987,1.08895755537526,-1.57695795014389
-8.48305906745424,1.087957574358,-1.57695795014389
-8.4830652290386,1.08695759334075,-1.57695795014389
-8.48307139062296,1.08595761232349,-1.57695795014389
-8.483379469841,1.03595856146054,-1.57695795014389
-8.48368754905903,0.985959510597596,-1.57695795014389
-8.48396482035527,0.940960364820945,-1.57695795014389
-8.48424209165151,0.895961219044294,-1.57695795014389
-8.48443310076669,0.864961807509267,-1.57695795014389
-8.48462410988187,0.833962395974241,-1.57695795014389
-8.48477691717402,0.80916286674622,-1.57695795014389
-8.48492972446617,0.784363337518199,-1.57695795014389
-8.4850672510291,0.76204376121298,-1.57695795014389
-8.48520477759204,0.739724184907762,-1.57695795014389
-8.48531327076946,0.722116519155867,-1.57695795014389
-8.48542176394689,0.704508853403972,-1.57695795014389
-8.48549480583253,0.692654678432978,-1.57695795014389
-8.48556784771818,0.680800503461984,-1.57695795014389
-8.48562628122669,0.671317163485189,-1.57695795014389
-8.48568471473521,0.661833823508393,-1.57695795014389
-8.48573146154202,0.654247151526957,-1.57695795014389
-8.48577820834884,0.646660479545521,-1.57695795014389
-8.48581560579429,0.640591141960372,-1.57695795014389
-8.48585300323974,0.634521804375223,-1.57695795014389
-8.4858829211961,0.629666334307104,-1.57695795014389
-8.48591283915246,0.624810864238985,-1.57695795014389
-8.48593976531319,0.620440941177678,-1.57695795014389
-8.48596669147391,0.61607101811637,-1.57695795014389
-8.48598524060686,0.613060626674137,-1.57695795014389
-8.4860037897398,0.610050235231903,-1.57695795014389
-8.48601862904616,0.607641922078116,-1.57695795014389
-8.48603346835251,0.605233608924328,-1.57695795014389
-8.48604533979759,0.603306958401299,-1.57695795014389
-8.48605721124268,0.601380307878269,-1.57695795014389
-8.48606670839875,0.599838987459845,-1.57695795014389
-8.48607620555481,0.598297667041422,-1.57695795014389
-8.48608380327967,0.597064610706683,-1.57695795014389
-8.48609140100452,0.595831554371944,-1.57695795014389
-8.48609756258888,0.594831573354685,-1.57695795014389
-8.48610372417324,0.593831592337426,-1.57695795014389
-8.48610988575761,0.592831611320167,-1.57695795014389
-8.48611604734197,0.591831630302908,-1.57695795014389
-8.48612220892633,0.590831649285649,-1.57695795014389
-8.48612837051069,0.58983166826839,-1.57695795014389
-8.48643644972873,0.539832617405444,-1.57695795014389
-8.48674452894677,0.489833566542499,-1.57695795014389
-8.4869909923212,0.449834325852142,-1.57695795014389
-8.48723745569563,0.409835085161786,-1.57695795014389
-8.48743462639517,0.377835692609501,-1.57695795014389
-8.48763179709472,0.345836300057216,-1.57695795014389
-8.48778953365435,0.320236786015388,-1.57695795014389
-8.48794727021399,0.29463727197356,-1.57695795014389
-8.48808923311766,0.271597709335914,-1.57695795014389
-8.48823119602134,0.248558146698269,-1.57695795014389
-8.48834318897868,0.230382491728571,-1.57695795014389
-8.48845518193602,0.212206836758873,-1.57695795014389
-8.48854177930726,0.19815270354991,-1.57695795014389
-8.4886283766785,0.184098570340946,-1.57695795014389
-8.48868645527976,0.174672829270745,-1.57695795014389
-8.48874453388101,0.165247088200544,-1.57695795014389
-8.48879099676202,0.157706495344383,-1.57695795014389
-8.48883745964303,0.150165902488222,-1.57695795014389
-8.48887462994783,0.144133428203293,-1.57695795014389
-8.48891180025264,0.138100953918365,-1.57695795014389
-8.48894153649648,0.133274974490422,-1.57695795014389
-8.48897127274033,0.128448995062479,-1.57695795014389
-8.48900100898417,0.123623015634536,-1.57695795014389
-8.48902182435486,0.120244830034976,-1.57695795014389
-8.48904263972555,0.116866644435415,-1.57695795014389
-8.48905929202211,0.114164095955767,-1.57695795014389
-8.48907594431866,0.111461547476119,-1.57695795014389
-8.4890892661559,0.109299508692401,-1.57695795014389
-8.48910258799314,0.107137469908682,-1.57695795014389
-8.48911324546294,0.105407838881708,-1.57695795014389
-8.48912283718575,0.10385117095743,-1.57695795014389
-8.48913242890857,0.102294503033153,-1.57695795014389
-8.4891410614591,0.100893501901304,-1.57695795014389
-8.48914969400963,0.099492500769454,-1.57695795014389
-8.48915650413283,0.098387266543217,-1.57695795014389
-8.48916331425603,0.09728203231698,-1.57695795014389
-8.48916947584039,0.096282051299721,-1.57695795014389
-8.48917563742475,0.095282070282462,-1.57695795014389
-8.48918179900911,0.094282089265204,-1.57695795014389
-8.48918796059347,0.093282108247945,-1.57695795014389
-8.48949603981151,0.043283057384999,-1.57695795014389
-8.48980411902955,-0.006715993477946,-1.57695795014389
-8.49005058240398,-0.046715234168303,-1.57695795014389
-8.49029704577841,-0.086714474858659,-1.57695795014389
-8.4905188628154,-0.12271379147998,-1.57695795014389
-8.49074067985239,-0.158713108101301,-1.57695795014389
-8.49089348714453,-0.183512637329322,-1.57695795014389
-8.49104629443668,-0.208312166557343,-1.57695795014389
-8.49118382099961,-0.230631742862562,-1.57695795014389
-8.49132134756255,-0.252951319167781,-1.57695795014389
-8.49141608808368,-0.268327027289154,-1.57695795014389
-8.49151082860481,-0.283702735410527,-1.57695795014389
-8.49160556912594,-0.2990784435319,-1.57695795014389
-8.49170030964707,-0.314454151653273,-1.57695795014389
-8.49177610206398,-0.326754718150371,-1.57695795014389
-8.49185189448088,-0.339055284647469,-1.57695795014389
-8.49190115955187,-0.347050652870583,-1.57695795014389
-8.49195042462286,-0.355046021093697,-1.57695795014389
-8.49198225743796,-0.360212259022479,-1.57695795014389
-8.49201409025306,-0.36537849695126,-1.57695795014389
-8.49203955650514,-0.369511487294285,-1.57695795014389
-8.49206502275722,-0.37364447763731,-1.57695795014389
-8.49208539575888,-0.37695086991173,-1.57695795014389
-8.49210576876054,-0.38025726218615,-1.57695795014389
-8.49212206716187,-0.382902376005686,-1.57695795014389
-8.49213836556321,-0.385547489825222,-1.57695795014389
-8.49215140428427,-0.387663580880851,-1.57695795014389
-8.49216444300533,-0.38977967193648,-1.57695795014389
-8.49217487398219,-0.391472544780983,-1.57695795014389
-8.49218530495904,-0.393165417625486,-1.57695795014389
-8.49219364974052,-0.394519715901089,-1.57695795014389
-8.492201994522,-0.395874014176691,-1.57695795014389
-8.49220867034719,-0.396957452797173,-1.57695795014389
-8.49221483193155,-0.397957433814432,-1.57695795014389
-8.49222099351591,-0.398957414831691,-1.57695795014389
-8.49222715510027,-0.39995739584895,-1.57695795014389
-8.49223331668463,-0.400957376866209,-1.57695795014389
-8.49223947826899,-0.401957357883467,-1.57695795014389
-8.49224563985335,-0.402957338900726,-1.57695795014389
-8.49255371907139,-0.452956389763672,-1.57695795014389
-8.49286179828943,-0.502955440626617,-1.57695795014389
-8.49310826166386,-0.542954681316974,-1.57695795014389
-8.49335472503829,-0.58295392200733,-1.57695795014389
-8.49355189573784,-0.614953314559615,-1.57695795014389
-8.49374906643738,-0.6469527071119,-1.57695795014389
-8.49390680299702,-0.672552221153729,-1.57695795014389
-8.49406453955665,-0.698151735195557,-1.57695795014389
-8.49422227611629,-0.723751249237385,-1.57695795014389
-8.494348465364,-0.744230860470847,-1.57695795014389
-8.49447465461171,-0.76471047170431,-1.57695795014389
-8.49455983235391,-0.778534209286897,-1.57695795014389
-8.49464501009611,-0.792357946869484,-1.57695795014389
-8.49471315228988,-0.803416936935554,-1.57695795014389
-8.49478129448364,-0.814475927001623,-1.57695795014389
-8.49484262245803,-0.824429018061086,-1.57695795014389
-8.49489713621304,-0.833276210113942,-1.57695795014389
-8.49495164996805,-0.842123402166798,-1.57695795014389
-8.49499457955012,-0.849090565908422,-1.57695795014389
-8.49503750913219,-0.856057729650046,-1.57695795014389
-8.49507069438055,-0.861443457812222,-1.57695795014389
-8.49510387962891,-0.866829185974398,-1.57695795014389
-8.49512945339423,-0.870979624946194,-1.57695795014389
-8.49515502715955,-0.87513006391799,-1.57695795014389
-8.4951747250235,-0.878326886176388,-1.57695795014389
-8.49519442288745,-0.881523708434787,-1.57695795014389
-8.49520762380208,-0.883666122344327,-1.57695795014389
-8.49522082471671,-0.885808536253866,-1.57695795014389
-8.49523138544841,-0.887522467381498,-1.57695795014389
-8.49524194618012,-0.889236398509129,-1.57695795014389
-8.49525145083865,-0.890778936523997,-1.57695795014389
-8.49526095549718,-0.892321474538866,-1.57695795014389
-8.49526750315084,-0.893384111837997,-1.57695795014389
-8.49527405080449,-0.894446749137129,-1.57695795014389
-8.49528021238885,-0.895446730154388,-1.57695795014389
-8.49528637397322,-0.896446711171647,-1.57695795014389
-8.49529253555758,-0.897446692188906,-1.57695795014389
-8.49529869714194,-0.898446673206165,-1.57695795014389
-8.49560677635998,-0.94844572406911,-1.57695795014389
-8.49591485557801,-0.998444774932056,-1.57695795014389
-8.49622293479605,-1.048443825795,-1.57695795014389
-8.49646939817048,-1.08844306648536,-1.57695795014389
-8.49671586154492,-1.12844230717571,-1.57695795014389
-8.49688222432266,-1.1554417946417,-1.57695795014389
-8.4970485871004,-1.1824412821077,-1.57695795014389
-8.49718167732259,-1.20404087208049,-1.57695795014389
-8.49731476754478,-1.22564046205328,-1.57695795014389
-8.49744785776697,-1.24724005202607,-1.57695795014389
-8.49755432994473,-1.26451972400431,-1.57695795014389
-8.49766080212248,-1.28179939598254,-1.57695795014389
-8.49773267084247,-1.29346317456785,-1.57695795014389
-8.49780453956245,-1.30512695315316,-1.57695795014389
-8.49786203453844,-1.3144579760214,-1.57695795014389
-8.49791952951443,-1.32378899888965,-1.57695795014389
-8.49797127499281,-1.33218691947107,-1.57695795014389
-8.4980230204712,-1.34058484005249,-1.57695795014389
-8.49806384190415,-1.34720986628895,-1.57695795014389
-8.4981046633371,-1.3538348925254,-1.57695795014389
-8.49813214593563,-1.35829512145642,-1.57695795014389
-8.49815962853415,-1.36275535038745,-1.57695795014389
-8.49818436287282,-1.36676955642537,-1.57695795014389
-8.49820909721149,-1.37078376246329,-1.57695795014389
-8.49822613642257,-1.37354910440052,-1.57695795014389
-8.49824317563366,-1.37631444633775,-1.57695795014389
-8.49825680700252,-1.37852671988754,-1.57695795014389
-8.49827043837139,-1.38073899343733,-1.57695795014389
-8.49828406974026,-1.38295126698711,-1.57695795014389
-8.49829497483535,-1.38472108582694,-1.57695795014389
-8.49830587993045,-1.38649090466677,-1.57695795014389
-8.49831542188865,-1.38803949615162,-1.57695795014389
-8.49832496384686,-1.38958808763647,-1.57695795014389
-8.49833112543122,-1.39058806865373,-1.57695795014389
-8.49833728701558,-1.39158804967099,-1.57695795014389
-8.49834344859994,-1.39258803068825,-1.57695795014389
-8.4983496101843,-1.39358801170551,-1.57695795014389
-8.49865768940234,-1.44358706256845,-1.57695795014389
-8.49896576862038,-1.4935861134314,-1.57695795014389
-8.49927384783842,-1.54358516429435,-1.57695795014389
-8.49948950329105,-1.57858449989841,-1.57695795014389
-8.49968359319841,-1.61008390194206,-1.57695795014389
-8.49987768310577,-1.64158330398572,-1.57695795014389
-8.5000523640224,-1.66993276582501,-1.57695795014389
-8.50022704493903,-1.6982822276643,-1.57695795014389
-8.50034738068159,-1.71781185693137,-1.57695795014389
-8.50046771642416,-1.73734148619843,-1.57695795014389
-8.50056398501821,-1.75296518961209,-1.57695795014389
-8.50066025361227,-1.76858889302574,-1.57695795014389
-8.50074689534691,-1.78265022609803,-1.57695795014389
-8.50083353708156,-1.79671155917031,-1.57695795014389
-8.50090188778334,-1.80780438859401,-1.57695795014389
-8.50097023848512,-1.8188972180177,-1.57695795014389
-8.50102308994325,-1.8274746311918,-1.57695795014389
-8.50107594140138,-1.83605204436589,-1.57695795014389
-8.50111138749771,-1.8418046919628,-1.57695795014389
-8.50114683359404,-1.84755733955971,-1.57695795014389
-8.50117519047111,-1.85215945763723,-1.57695795014389
-8.50120354734817,-1.85676157571476,-1.57695795014389
-8.50122623284982,-1.86044327017678,-1.57695795014389
-8.50124891835147,-1.8641249646388,-1.57695795014389
-8.50126706675279,-1.86707032020842,-1.57695795014389
-8.50128521515411,-1.87001567577803,-1.57695795014389
-8.50129973387517,-1.87237196023373,-1.57695795014389
-8.50131425259623,-1.87472824468942,-1.57695795014389
-8.50132586757307,-1.87661327225397,-1.57695795014389
-8.50133748254992,-1.87849829981853,-1.57695795014389
-8.5013467745314,-1.88000632187017,-1.57695795014389
-8.50135606651287,-1.88151434392182,-1.57695795014389
-8.50136350009805,-1.88272076156313,-1.57695795014389
-8.50137093368323,-1.88392717920445,-1.57695795014389
-8.50137709526759,-1.8849271602217,-1.57695795014389
-8.50138325685195,-1.88592714123896,-1.57695795014389
-8.50138941843631,-1.88692712225622,-1.57695795014389
-8.50139558002068,-1.88792710327348,-1.57695795014389
-8.50140174160504,-1.88892708429074,-1.57695795014389
-8.5014079031894,-1.889927065308,-1.57695795014389
-8.50141406477376,-1.89092704632526,-1.57695795014389
-8.5017221439918,-1.9409260971882,-1.57695795014389
-8.50203022320984,-1.99092514805115,-1.57695795014389
-8.50227668658427,-2.03092438874151,-1.57695795014389
-8.50249850362125,-2.06692370536283,-1.57695795014389
-8.50272032065824,-2.10292302198415,-1.57695795014389
-8.50289777428783,-2.1317224752812,-1.57695795014389
-8.50307522791742,-2.16052192857826,-1.57695795014389
-8.50321719082109,-2.1835614912159,-1.57695795014389
-8.50335915372477,-2.20660105385355,-1.57695795014389
-8.5034727240477,-2.22503270396367,-1.57695795014389
-8.50358629437064,-2.24346435407378,-1.57695795014389
-8.50367715062899,-2.25820967416188,-1.57695795014389
-8.50376800688734,-2.27295499424997,-1.57695795014389
-8.50384977751986,-2.28622578232925,-1.57695795014389
-8.50392246252654,-2.29802203839973,-1.57695795014389
-8.50399514753322,-2.3098182944702,-1.57695795014389
-8.50404511847531,-2.31792822051865,-1.57695795014389
-8.5040950894174,-2.3260381465671,-1.57695795014389
-8.50413506617108,-2.33252608740586,-1.57695795014389
-8.50417504292475,-2.33901402824463,-1.57695795014389
-8.50420702432769,-2.34420438091563,-1.57695795014389
-8.50423900573063,-2.34939473358664,-1.57695795014389
-8.50426459085298,-2.35354701572345,-1.57695795014389
-8.50429017597533,-2.35769929786026,-1.57695795014389
-8.50431064407321,-2.3610211235697,-1.57695795014389
-8.50433111217109,-2.36434294927915,-1.57695795014389
-8.50435158026898,-2.36766477498859,-1.57695795014389
-8.50436590793749,-2.36999005298521,-1.57695795014389
-8.50438023560601,-2.37231533098182,-1.57695795014389
-8.50439169774082,-2.37417555337911,-1.57695795014389
-8.50440315987563,-2.3760357757764,-1.57695795014389
-8.50441232958348,-2.37752395369423,-1.57695795014389
-8.50442149929133,-2.37901213161206,-1.57695795014389
-8.5044297520284,-2.38035149173811,-1.57695795014389
-8.50443800476547,-2.38169085186416,-1.57695795014389
-8.50444416634983,-2.38269083288142,-1.57695795014389
-8.50445032793419,-2.38369081389867,-1.57695795014389
-8.50445648951855,-2.38469079491593,-1.57695795014389
-8.50446265110291,-2.38569077593319,-1.57695795014389
-8.50446881268727,-2.38669075695045,-1.57695795014389
-8.50447497427163,-2.38769073796771,-1.57695795014389
-8.50448113585599,-2.38869071898497,-1.57695795014389
-8.50478921507403,-2.43868976984791,-1.57695795014389
-8.50506648637027,-2.48368891562456,-1.57695795014389
-8.5053437576665,-2.52868806140121,-1.57695795014389
-8.50559330183311,-2.5691872926002,-1.57695795014389
-8.50584284599973,-2.60968652379919,-1.57695795014389
-8.50601475420339,-2.63758599418071,-1.57695795014389
-8.50618666240706,-2.66548546456223,-1.57695795014389
-8.50634137979035,-2.69059498790561,-1.57695795014389
-8.50649609717365,-2.71570451124898,-1.57695795014389
-8.50660268025993,-2.73300218288552,-1.57695795014389
-8.5067092633462,-2.75029985452207,-1.57695795014389
-8.50679452981522,-2.7641379918313,-1.57695795014389
-8.50687979628424,-2.77797612914054,-1.57695795014389
-8.50696506275325,-2.79181426644977,-1.57695795014389
-8.50705032922227,-2.80565240375901,-1.57695795014389
-8.50711001575059,-2.81533909987547,-1.57695795014389
-8.5071697022789,-2.82502579599194,-1.57695795014389
-8.50722086216031,-2.83332867837748,-1.57695795014389
-8.50727202204172,-2.84163156076302,-1.57695795014389
-8.50730101264119,-2.84633652744816,-1.57695795014389
-8.50732710418071,-2.85057099746479,-1.57695795014389
-8.50735319572022,-2.85480546748141,-1.57695795014389
-8.50737406895184,-2.85819304349471,-1.57695795014389
-8.50739494218346,-2.86158061950802,-1.57695795014389
-8.50741164076875,-2.86429068031866,-1.57695795014389
-8.50742833935404,-2.8670007411293,-1.57695795014389
-8.50744169822228,-2.86916878977781,-1.57695795014389
-8.50745505709051,-2.87133683842632,-1.57695795014389
-8.5074657441851,-2.87307127734513,-1.57695795014389
-8.50747643127968,-2.87480571626394,-1.57695795014389
-8.50748498095535,-2.87619326739899,-1.57695795014389
-8.50749353063102,-2.87758081853404,-1.57695795014389
-8.50750208030669,-2.87896836966909,-1.57695795014389
-8.50751062998236,-2.88035592080413,-1.57695795014389
-8.50751679156672,-2.88135590182139,-1.57695795014389
-8.50752295315109,-2.88235588283865,-1.57695795014389
-8.50752911473545,-2.88335586385591,-1.57695795014389
-8.50753527631981,-2.88435584487317,-1.57695795014389
-8.50754143790417,-2.88535582589043,-1.57695795014389
-8.50754759948853,-2.88635580690769,-1.57695795014389
-8.50785567870657,-2.93635485777063,-1.57695795014389
-8.50816375792461,-2.98635390863358,-1.57695795014389
-8.50841022129904,-3.02635314932393,-1.57695795014389
-8.50865668467347,-3.06635239001429,-1.57695795014389
-8.5089031480479,-3.10635163070465,-1.57695795014389
-8.50907567241,-3.1343510991879,-1.57695795014389
-8.5092481967721,-3.16235056767115,-1.57695795014389
-8.50938621626178,-3.18475014245775,-1.57695795014389
-8.50952423575146,-3.20714971724435,-1.57695795014389
-8.50964845329218,-3.22730933455228,-1.57695795014389
-8.50977267083289,-3.24746895186022,-1.57695795014389
-8.50985824291649,-3.26135668822792,-1.57695795014389
-8.5099438150001,-3.27524442459561,-1.57695795014389
-8.51001227266698,-3.28635461368976,-1.57695795014389
-8.51008073033386,-3.29746480278391,-1.57695795014389
-8.51014234223405,-3.30746397296865,-1.57695795014389
-8.51020395413425,-3.31746314315339,-1.57695795014389
-8.51024639788771,-3.32435146039177,-1.57695795014389
-8.51028884164118,-3.33123977763014,-1.57695795014389
-8.51032279664396,-3.33675043142084,-1.57695795014389
-8.51035675164673,-3.34226108521154,-1.57695795014389
-8.51038391564895,-3.3466696082441,-1.57695795014389
-8.51041107965117,-3.35107813127666,-1.57695795014389
-8.51043281085294,-3.35460494970271,-1.57695795014389
-8.51045454205472,-3.35813176812876,-1.57695795014389
-8.51047192701614,-3.3609532228696,-1.57695795014389
-8.51048931197756,-3.36377467761043,-1.57695795014389
-8.51050321994669,-3.3660318414031,-1.57695795014389
-8.51051712791583,-3.36828900519578,-1.57695795014389
-8.51052825429114,-3.37009473622991,-1.57695795014389
-8.51053938066645,-3.37190046726405,-1.57695795014389
-8.51054828176669,-3.37334505209136,-1.57695795014389
-8.51055718286694,-3.37478963691867,-1.57695795014389
-8.51056519385716,-3.37608976326325,-1.57695795014389
-8.51057320484739,-3.37738988960783,-1.57695795014389
-8.51057952462856,-3.37841554483521,-1.57695795014389
-8.51058584440974,-3.3794412000626,-1.57695795014389
-8.5105920059941,-3.38044118107986,-1.57695795014389
-8.51059816757846,-3.38144116209712,-1.57695795014389
-8.5109062467965,-3.43144021296007,-1.57695795014389
-8.51121432601454,-3.48143926382301,-1.57695795014389
-8.51149159731077,-3.52643840959966,-1.57695795014389
-8.51176886860701,-3.57143755537631,-1.57695795014389
-8.51198760485181,-3.60693688148901,-1.57695795014389
-8.51220634109662,-3.6424362076017,-1.57695795014389
-8.51235360296285,-3.66633575391418,-1.57695795014389
-8.51250086482907,-3.69023530022667,-1.57695795014389
-8.51263340050867,-3.71174489190791,-1.57695795014389
-8.51276593618827,-3.73325448358915,-1.57695795014389
-8.51285723854533,-3.74807220230289,-1.57695795014389
-8.51294854090239,-3.76288992101664,-1.57695795014389
-8.51302158278803,-3.77474409598763,-1.57695795014389
-8.51309462467368,-3.78659827095862,-1.57695795014389
-8.51316036237076,-3.79726702843252,-1.57695795014389
-8.51322610006784,-3.80793578590641,-1.57695795014389
-8.51327138603694,-3.81528537438843,-1.57695795014389
-8.51331667200604,-3.82263496287045,-1.57695795014389
-8.51335290078132,-3.82851463365606,-1.57695795014389
-8.5133891295566,-3.83439430444167,-1.57695795014389
-8.51341811257683,-3.83909804107016,-1.57695795014389
-8.51344709559705,-3.84380177769865,-1.57695795014389
-8.51347318031525,-3.84803514066429,-1.57695795014389
-8.51349926503346,-3.85226850362994,-1.57695795014389
-8.51351984297782,-3.85560815663616,-1.57695795014389
-8.51354042092218,-3.85894780964239,-1.57695795014389
-8.51355633260028,-3.86153016105143,-1.57695795014389
-8.51357224427838,-3.86411251246047,-1.57695795014389
-8.51358450699424,-3.86610266342799,-1.57695795014389
-8.5135967697101,-3.8680928143955,-1.57695795014389
-8.51360498871497,-3.86942670002861,-1.57695795014389
-8.51361320771985,-3.87076058566172,-1.57695795014389
-8.51361978292375,-3.8718276941682,-1.57695795014389
-8.51362635812765,-3.87289480267469,-1.57695795014389
-8.51363251971201,-3.87389478369195,-1.57695795014389
-8.51363868129637,-3.87489476470921,-1.57695795014389
-8.51364484288073,-3.87589474572647,-1.57695795014389
-8.51365100446509,-3.87689472674373,-1.57695795014389
