-9.399999999999999,-5.45,0.0
-9.349999999999998,-5.45,0.0
-9.309999999999999,-5.45,0.0
-9.27,-5.45,0.0
-9.238,-5.45,0.0
-9.206,-5.45,0.0
-9.180399999999999,-5.45,0.0
-9.154799999999998,-5.45,0.0
-9.134319999999999,-5.45,0.0
-9.11384,-5.45,0.0
-9.097456,-5.45,0.0
-9.081071999999999,-5.45,0.0
-9.067964799999999,-5.45,0.0
-9.054857599999998,-5.45,0.0
-9.044371839999998,-5.45,0.0
-9.033886079999998,-5.45,0.0
-9.025497471999998,-5.45,0.0
-9.017947724799997,-5.45,0.0
-9.010397977599997,-5.45,0.0
-9.004358179839997,-5.45,0.0
-8.998318382079997,-5.45,0.0
-8.992882564095998,-5.45,0.0
-8.987446746112,-5.45,0.0
-8.983158489702399,-5.45,0.0
-8.978870233292799,-5.45,0.0
-8.97598320996352,-5.45,0.0
-8.973384888967168,-5.45,0.0
-8.970786567970816,-5.45,0.0
-8.968707911173734,-5.45,0.0
-8.966629254376652,-5.45,0.0
-8.964966328938987,-5.45,0.0
-8.963303403501321,-5.45,0.0
-8.961806770607422,-5.45,0.0
-8.960310137713524,-5.45,0.0
-8.95927912394217,-5.45,0.0
-8.958248110170818,-5.45,0.0
-8.957248110170818,-5.45,0.0
-8.956248110170819,-5.45,0.0
-8.95524811017082,-5.45,0.0
-8.95424811017082,-5.45,0.0
-8.95324811017082,-5.45,0.0
-8.90324811017082,-5.45,0.0
-8.853248110170819,-5.45,0.0
-8.81324811017082,-5.45,0.0
-8.77324811017082,-5.45,0.0
-8.74124811017082,-5.45,0.0
-8.71244811017082,-5.45,0.0
-8.68364811017082,-5.45,0.0
-8.66060811017082,-5.45,0.0
-8.63756811017082,-5.45,0.0
-8.61452811017082,-5.45,0.0
-8.59148811017082,-5.45,0.0
-8.57766411017082,-5.45,0.0
-8.56522251017082,-5.45,0.0
-8.552780910170819,-5.45,0.0
-8.54282763017082,-5.45,0.0
-8.53287435017082,-5.45,0.0
-8.52491172617082,-5.45,0.0
-8.516949102170821,-5.45,0.0
-8.508986478170822,-5.45,0.0
-8.501023854170823,-5.45,0.0
-8.495450017370823,-5.45,0.0
-8.491229826650823,-5.45,0.0
-8.487009635930823,-5.45,0.0
-8.483633483354822,-5.45,0.0
-8.480594946036422,-5.45,0.0
-8.477556408718023,-5.45,0.0
-8.475125578863302,-5.45,0.0
-8.472694749008582,-5.45,0.0
-8.470750085124806,-5.45,0.0
-8.46880542124103,-5.45,0.0
-8.467249690134008,-5.45,0.0
-8.465693959026986,-5.45,0.0
-8.464449374141369,-5.45,0.0
-8.463204789255752,-5.45,0.0
-8.462204789255752,-5.45,0.0
-8.461204789255753,-5.45,0.0
-8.460204789255753,-5.45,0.0
-8.459204789255754,-5.45,0.0
-8.458204789255754,-5.45,0.0
-8.457204789255755,-5.45,0.0
-8.407204789255754,-5.45,0.0
-8.357204789255753,-5.45,0.0
-8.317204789255754,-5.45,0.0
-8.277204789255755,-5.45,0.0
-8.237204789255756,-5.45,0.0
-8.209204789255756,-5.45,0.0
-8.181204789255755,-5.45,0.0
-8.158804789255756,-5.45,0.0
-8.136404789255756,-5.45,0.0
-8.118484789255756,-5.45,0.0
-8.100564789255756,-5.45,0.0
-8.084436789255756,-5.45,0.0
-8.068308789255756,-5.45,0.0
-8.057198389255756,-5.45,0.0
-8.046087989255756,-5.45,0.0
-8.037199669255756,-5.45,0.0
-8.028311349255755,-5.45,0.0
-8.021200693255755,-5.45,0.0
-8.014090037255755,-5.45,0.0
-8.008401512455755,-5.45,0.0
-8.002712987655755,-5.45,0.0
-7.998162167815755,-5.45,0.0
-7.9936113479757545,-5.45,0.0
-7.989970692103754,-5.45,0.0
-7.986330036231754,-5.45,0.0
-7.983417511534154,-5.45,0.0
-7.980504986836554,-5.45,0.0
-7.978174967078473,-5.45,0.0
-7.975844947320393,-5.45,0.0
-7.973980931513929,-5.45,0.0
-7.972116915707465,-5.45,0.0
-7.970625703062294,-5.45,0.0
-7.969134490417122,-5.45,0.0
-7.967941520300986,-5.45,0.0
-7.966867847196463,-5.45,0.0
-7.96579417409194,-5.45,0.0
-7.9647941740919395,-5.45,0.0
-7.963794174091939,-5.45,0.0
-7.962794174091939,-5.45,0.0
-7.9617941740919385,-5.45,0.0
-7.911794174091939,-5.45,0.0
-7.861794174091939,-5.45,0.0
-7.816794174091939,-5.45,0.0
-7.771794174091939,-5.45,0.0
-7.740794174091939,-5.45,0.0
-7.70979417409194,-5.45,0.0
-7.68499417409194,-5.45,0.0
-7.66267417409194,-5.45,0.0
-7.640354174091939,-5.45,0.0
-7.620266174091939,-5.45,0.0
-7.600178174091939,-5.45,0.0
-7.584330974091939,-5.45,0.0
-7.5684837740919395,-5.45,0.0
-7.557814814091939,-5.45,0.0
-7.547145854091939,-5.45,0.0
-7.538610686091939,-5.45,0.0
-7.530075518091939,-5.45,0.0
-7.522393866891939,-5.45,0.0
-7.514712215691938,-5.45,0.0
-7.509420411531939,-5.45,0.0
-7.504128607371939,-5.45,0.0
-7.499895164043939,-5.45,0.0
-7.495661720715939,-5.45,0.0
-7.492274966053539,-5.45,0.0
-7.488888211391139,-5.45,0.0
-7.486178807661219,-5.45,0.0
-7.483469403931299,-5.45,0.0
-7.481030940574371,-5.45,0.0
-7.478592477217443,-5.45,0.0
-7.476912646904893,-5.45,0.0
-7.475232816592342,-5.45,0.0
-7.4738889523423016,-5.45,0.0
-7.472679474517265,-5.45,0.0
-7.471469996692228,-5.45,0.0
-7.470469996692228,-5.45,0.0
-7.4694699966922276,-5.45,0.0
-7.468469996692227,-5.45,0.0
-7.467469996692227,-5.45,0.0
-7.4664699966922266,-5.45,0.0
-7.416469996692227,-5.45,0.0
-7.366469996692227,-5.45,0.0
-7.326469996692227,-5.45,0.0
-7.286469996692227,-5.45,0.0
-7.254469996692227,-5.45,0.0
-7.222469996692227,-5.45,0.0
-7.196869996692227,-5.45,0.0
-7.171269996692227,-5.45,0.0
-7.145669996692227,-5.45,0.0
-7.120069996692227,-5.45,0.0
-7.099589996692227,-5.45,0.0
-7.084229996692227,-5.45,0.0
-7.068869996692227,-5.45,0.0
-7.058629996692227,-5.45,0.0
-7.048389996692228,-5.45,0.0
-7.039173996692227,-5.45,0.0
-7.029957996692227,-5.45,0.0
-7.023609196692227,-5.45,0.0
-7.017260396692228,-5.45,0.0
-7.012181356692228,-5.45,0.0
-7.007102316692228,-5.45,0.0
-7.003039084692228,-5.45,0.0
-6.998975852692228,-5.45,0.0
-6.995318943892228,-5.45,0.0
-6.991662035092228,-5.45,0.0
-6.989142831252227,-5.45,0.0
-6.986623627412227,-5.45,0.0
-6.984608264340227,-5.45,0.0
-6.982592901268227,-5.45,0.0
-6.980779074503427,-5.45,0.0
-6.979348166722307,-5.45,0.0
-6.977917258941187,-5.45,0.0
-6.976772532716291,-5.45,0.0
-6.975627806491395,-5.45,0.0
-6.974597552888988,-5.45,0.0
-6.973567299286581,-5.45,0.0
-6.972567299286581,-5.45,0.0
-6.971567299286581,-5.45,0.0
-6.97056729928658,-5.45,0.0
-6.96956729928658,-5.45,0.0
-6.91956729928658,-5.45,0.0
-6.86956729928658,-5.45,0.0
-6.82956729928658,-5.45,0.0
-6.793567299286581,-5.45,0.0
-6.757567299286581,-5.45,0.0
-6.725167299286581,-5.45,0.0
-6.692767299286581,-5.45,0.0
-6.663967299286581,-5.45,0.0
-6.6351672992865804,-5.45,0.0
-6.61860729928658,-5.45,0.0
-6.603703299286581,-5.45,0.0
-6.588799299286581,-5.45,0.0
-6.576876099286581,-5.45,0.0
-6.564952899286581,-5.45,0.0
-6.553029699286581,-5.45,0.0
-6.544683459286581,-5.45,0.0
-6.536337219286581,-5.45,0.0
-6.529660227286581,-5.45,0.0
-6.522983235286581,-5.45,0.0
-6.517641641686581,-5.45,0.0
-6.512300048086582,-5.45,0.0
-6.5080267732065815,-5.45,0.0
-6.5037534983265815,-5.45,0.0
-6.499907550934581,-5.45,0.0
-6.49606160354258,-5.45,0.0
-6.4934121731169805,-5.45,0.0
-6.491027685733941,-5.45,0.0
-6.488643198350901,-5.45,0.0
-6.4867356084444685,-5.45,0.0
-6.484828018538036,-5.45,0.0
-6.483111187622248,-5.45,0.0
-6.481394356706459,-5.45,0.0
-6.480211650964471,-5.45,0.0
-6.479028945222484,-5.45,0.0
-6.4779645100546945,-5.45,0.0
-6.476900074886905,-5.45,0.0
-6.475900074886905,-5.45,0.0
-6.4749000748869046,-5.45,0.0
-6.473900074886904,-5.45,0.0
-6.472900074886904,-5.45,0.0
-6.422900074886904,-5.45,0.0
-6.372900074886904,-5.45,0.0
-6.332900074886904,-5.45,0.0
-6.292900074886904,-5.45,0.0
-6.260900074886904,-5.45,0.0
-6.228900074886904,-5.45,0.0
-6.203300074886904,-5.45,0.0
-6.177700074886904,-5.45,0.0
-6.1546600748869045,-5.45,0.0
-6.1316200748869045,-5.45,0.0
-6.115748074886905,-5.45,0.0
-6.099876074886905,-5.45,0.0
-6.087178474886905,-5.45,0.0
-6.074480874886905,-5.45,0.0
-6.063053034886904,-5.45,0.0
-6.051625194886904,-5.45,0.0
-6.043752682886904,-5.45,0.0
-6.035880170886903,-5.45,0.0
-6.029582161286903,-5.45,0.0
-6.023284151686903,-5.45,0.0
-6.017615943046904,-5.45,0.0
-6.011947734406904,-5.45,0.0
-6.008042968454904,-5.45,0.0
-6.0045286790981045,-5.45,0.0
-6.001014389741305,-5.45,0.0
-5.998202958255865,-5.45,0.0
-5.995391526770425,-5.45,0.0
-5.993142381582073,-5.45,0.0
-5.990893236393721,-5.45,0.0
-5.9890939202430395,-5.45,0.0
-5.987294604092358,-5.45,0.0
-5.985855151171813,-5.45,0.0
-5.984415698251268,-5.45,0.0
-5.9832641359148315,-5.45,0.0
-5.982112573578395,-5.45,0.0
-5.981112573578395,-5.45,0.0
-5.980112573578395,-5.45,0.0
-5.979112573578394,-5.45,0.0
-5.978112573578394,-5.45,0.0
-5.977112573578394,-5.45,0.0
-5.927112573578394,-5.45,0.0
-5.877112573578394,-5.45,0.0
-5.832112573578394,-5.45,0.0
-5.787112573578394,-5.45,0.0
-5.7561125735783945,-5.45,0.0
-5.725112573578395,-5.45,0.0
-5.700312573578395,-5.45,0.0
-5.675512573578395,-5.45,0.0
-5.655672573578395,-5.45,0.0
-5.635832573578394,-5.45,0.0
-5.619960573578394,-5.45,0.0
-5.6040885735783945,-5.45,0.0
-5.591390973578394,-5.45,0.0
-5.578693373578394,-5.45,0.0
-5.568535293578394,-5.45,0.0
-5.558377213578394,-5.45,0.0
-5.549234941578394,-5.45,0.0
-5.540092669578394,-5.45,0.0
-5.533794659978394,-5.45,0.0
-5.527496650378394,-5.45,0.0
-5.522458242698394,-5.45,0.0
-5.517923675786394,-5.45,0.0
-5.513389108874394,-5.45,0.0
-5.509761455344794,-5.45,0.0
-5.506133801815194,-5.45,0.0
-5.502506148285594,-5.45,0.0
-5.4992412601089535,-5.45,0.0
-5.495976371932313,-5.45,0.0
-5.493763503279257,-5.45,0.0
-5.491550634626201,-5.45,0.0
-5.49010682852142,-5.45,0.0
-5.48866302241664,-5.45,0.0
-5.4875079775328155,-5.45,0.0
-5.486352932648991,-5.45,0.0
-5.485313392253548,-5.45,0.0
-5.484273851858106,-5.45,0.0
-5.4832738518581055,-5.45,0.0
-5.482273851858105,-5.45,0.0
-5.481273851858105,-5.45,0.0
-5.431273851858105,-5.45,0.0
-5.381273851858105,-5.45,0.0
-5.341273851858105,-5.45,0.0
-5.301273851858105,-5.45,0.0
-5.269273851858105,-5.45,0.0
-5.237273851858105,-5.45,0.0
-5.211673851858105,-5.45,0.0
-5.186073851858105,-5.45,0.0
-5.165593851858105,-5.45,0.0
-5.145113851858105,-5.45,0.0
-5.126681851858105,-5.45,0.0
-5.108249851858106,-5.45,0.0
-5.093709051858106,-5.45,0.0
-5.079168251858106,-5.45,0.0
-5.069378811858106,-5.45,0.0
-5.059589371858105,-5.45,0.0
-5.051757819858105,-5.45,0.0
-5.043926267858105,-5.45,0.0
-5.0360947158581055,-5.45,0.0
-5.030612629458106,-5.45,0.0
-5.025130543058106,-5.45,0.0
-5.0207448739381055,-5.45,0.0
-5.016359204818105,-5.45,0.0
-5.012412102610105,-5.45,0.0
-5.008465000402104,-5.45,0.0
-5.005745885547705,-5.45,0.0
-5.003026770693305,-5.45,0.0
-5.000851478809785,-5.45,0.0
-4.998676186926264,-5.45,0.0
-4.996935953419449,-5.45,0.0
-4.995195719912633,-5.45,0.0
-4.99380353310718,-5.45,0.0
-4.9924113463017274,-5.45,0.0
-4.991297596857365,-5.45,0.0
-4.990183847413002,-5.45,0.0
-4.989181472913076,-5.45,0.0
-4.98817909841315,-5.45,0.0
-4.98717909841315,-5.45,0.0
-4.9861790984131495,-5.45,0.0
-4.985179098413149,-5.45,0.0
-4.984179098413149,-5.45,0.0
-4.934179098413149,-5.45,0.0
-4.884179098413149,-5.45,0.0
-4.844179098413149,-5.45,0.0
-4.804179098413149,-5.45,0.0
-4.772179098413149,-5.45,0.0
-4.740179098413149,-5.45,0.0
-4.714579098413149,-5.45,0.0
-4.688979098413149,-5.45,0.0
-4.668499098413149,-5.45,0.0
-4.648019098413149,-5.45,0.0
-4.631635098413149,-5.45,0.0
-4.6152510984131485,-5.45,0.0
-4.602143898413148,-5.45,0.0
-4.590347418413148,-5.45,0.0
-4.578550938413148,-5.45,0.0
-4.569113754413148,-5.45,0.0
-4.5596765704131474,-5.45,0.0
-4.552126823213148,-5.45,0.0
-4.544577076013148,-5.45,0.0
-4.538537278253148,-5.45,0.0
-4.532497480493149,-5.45,0.0
-4.5276656422851485,-5.45,0.0
-4.522833804077148,-5.45,0.0
-4.518968333510748,-5.45,0.0
-4.515102862944348,-5.45,0.0
-4.512010486491228,-5.45,0.0
-4.508918110038108,-5.45,0.0
-4.506444208875612,-5.45,0.0
-4.503970307713116,-5.45,0.0
-4.501991186783119,-5.45,0.0
-4.500012065853122,-5.45,0.0
-4.498230857016125,-5.45,0.0
-4.496825681155827,-5.45,0.0
-4.495420505295529,-5.45,0.0
-4.494296364607291,-5.45,0.0
-4.4931722239190535,-5.45,0.0
-4.492172223919053,-5.45,0.0
-4.491172223919053,-5.45,0.0
-4.4901722239190525,-5.45,0.0
-4.489172223919052,-5.45,0.0
-4.488172223919052,-5.45,0.0
-4.438172223919052,-5.45,0.0
-4.388172223919052,-5.45,0.0
-4.348172223919052,-5.45,0.0
-4.308172223919052,-5.45,0.0
-4.272172223919052,-5.45,0.0
-4.236172223919052,-5.45,0.0
-4.200172223919052,-5.45,0.0
-4.164172223919053,-5.45,0.0
-4.146572223919053,-5.45,0.0
-4.128972223919053,-5.45,0.0
-4.114892223919053,-5.45,0.0
-4.100812223919053,-5.45,0.0
-4.0867322239190536,-5.45,0.0
-4.072652223919054,-5.45,0.0
-4.062796223919054,-5.45,0.0
-4.0529402239190535,-5.45,0.0
-4.046463423919054,-5.45,0.0
-4.039986623919054,-5.45,0.0
-4.034805183919054,-5.45,0.0
-4.029623743919053,-5.45,0.0
-4.024442303919053,-5.45,0.0
-4.020297151919053,-5.45,0.0
-4.016670143919052,-5.45,0.0
-4.013043135919052,-5.45,0.0
-4.010556044719052,-5.45,0.0
-4.008068953519052,-5.45,0.0
-4.006079280559052,-5.45,0.0
-4.004089607599052,-5.45,0.0
-4.002497869231052,-5.45,0.0
-4.0009061308630525,-5.45,0.0
-3.9996327401686522,-5.45,0.0
-3.998359349474252,-5.45,0.0
-3.997340636918732,-5.45,0.0
-3.9963219243632118,-5.45,0.0
-3.995321924363212,-5.45,0.0
-3.994321924363212,-5.45,0.0
-3.993321924363212,-5.45,0.0
-3.992321924363212,-5.45,0.0
-3.9423219243632124,-5.45,0.0
-3.8923219243632126,-5.45,0.0
-3.8523219243632125,-5.45,0.0
-3.8123219243632125,-5.45,0.0
-3.7803219243632125,-5.45,0.0
-3.7483219243632124,-5.45,0.0
-3.7227219243632126,-5.45,0.0
-3.6971219243632127,-5.45,0.0
-3.6766419243632127,-5.45,0.0
-3.6561619243632126,-5.45,0.0
-3.6397779243632127,-5.45,0.0
-3.6233939243632127,-5.45,0.0
-3.610286724363213,-5.45,0.0
-3.597179524363213,-5.45,0.0
-3.586693764363213,-5.45,0.0
-3.576208004363213,-5.45,0.0
-3.567819396363213,-5.45,0.0
-3.559430788363213,-5.45,0.0
-3.5527199019632127,-5.45,0.0
-3.5460090155632127,-5.45,0.0
-3.540640306443213,-5.45,0.0
-3.535271597323213,-5.45,0.0
-3.530976630027213,-5.45,0.0
-3.526681662731213,-5.45,0.0
-3.5228161921648127,-5.45,0.0
-3.5189507215984124,-5.45,0.0
-3.516287841874892,-5.45,0.0
-3.513624962151372,-5.45,0.0
-3.511494658372556,-5.45,0.0
-3.50936435459374,-5.45,0.0
-3.507660111570687,-5.45,0.0
-3.505955868547634,-5.45,0.0
-3.5044220498268865,-5.45,0.0
-3.502888231106139,-5.45,0.0
-3.5018316004318466,-5.45,0.0
-3.500774969757554,-5.45,0.0
-3.499774969757554,-5.45,0.0
-3.4987749697575543,-5.45,0.0
-3.4977749697575544,-5.45,0.0
-3.4967749697575545,-5.45,0.0
-3.4467749697575547,-5.45,0.0
-3.396774969757555,-5.45,0.0
-3.356774969757555,-5.45,0.0
-3.316774969757555,-5.45,0.0
-3.284774969757555,-5.45,0.0
-3.2527749697575548,-5.45,0.0
-3.227174969757555,-5.45,0.0
-3.201574969757555,-5.45,0.0
-3.175974969757555,-5.45,0.0
-3.1503749697575554,-5.45,0.0
-3.135014969757555,-5.45,0.0
-3.119654969757555,-5.45,0.0
-3.107366969757555,-5.45,0.0
-3.095078969757555,-5.45,0.0
-3.085248569757555,-5.45,0.0
-3.0754181697575547,-5.45,0.0
-3.066570809757555,-5.45,0.0
-3.057723449757555,-5.45,0.0
-3.051628601757555,-5.45,0.0
-3.045533753757555,-5.45,0.0
-3.040657875357555,-5.45,0.0
-3.035781996957555,-5.45,0.0
-3.0318812942375546,-5.45,0.0
-3.0279805915175544,-5.45,0.0
-3.0248600293415544,-5.45,0.0
-3.0217394671655544,-5.45,0.0
-3.0192430174247544,-5.45,0.0
-3.0169962126580345,-5.45,0.0
-3.0147494078913146,-5.45,0.0
-3.0129519640779385,-5.45,0.0
-3.0111545202645624,-5.45,0.0
-3.0097165652138615,-5.45,0.0
-3.0082786101631607,-5.45,0.0
-3.0071282461226,-5.45,0.0
-3.0060929184860954,-5.45,0.0
-3.005057590849591,-5.45,0.0
-3.004057590849591,-5.45,0.0
-3.003057590849591,-5.45,0.0
-3.0020575908495912,-5.45,0.0
-3.0010575908495913,-5.45,0.0
-3.0000575908495914,-5.45,0.0
-2.9500575908495916,-5.45,0.0
-2.900057590849592,-5.45,0.0
-2.8600575908495918,-5.45,0.0
-2.8200575908495917,-5.45,0.0
-2.7880575908495917,-5.45,0.0
-2.7560575908495917,-5.45,0.0
-2.730457590849592,-5.45,0.0
-2.704857590849592,-5.45,0.0
-2.684377590849592,-5.45,0.0
-2.663897590849592,-5.45,0.0
-2.6454655908495917,-5.45,0.0
-2.6270335908495914,-5.45,0.0
-2.6143359908495913,-5.45,0.0
-2.6016383908495913,-5.45,0.0
-2.591480310849591,-5.45,0.0
-2.581322230849591,-5.45,0.0
-2.571164150849591,-5.45,0.0
-2.561006070849591,-5.45,0.0
-2.554911222849591,-5.45,0.0
-2.548816374849591,-5.45,0.0
-2.543940496449591,-5.45,0.0
-2.539064618049591,-5.45,0.0
-2.534188739649591,-5.45,0.0
-2.5293128612495908,-5.45,0.0
-2.526387334209591,-5.45,0.0
-2.5237543598735908,-5.45,0.0
-2.5211213855375907,-5.45,0.0
-2.519015006068791,-5.45,0.0
-2.5171192645468707,-5.45,0.0
-2.5152235230249507,-5.45,0.0
-2.5137069298074146,-5.45,0.0
-2.5121903365898786,-5.45,0.0
-2.51097706201585,-5.45,0.0
-2.509885114899224,-5.45,0.0
-2.5087931677825983,-5.45,0.0
-2.5077931677825984,-5.45,0.0
-2.5067931677825985,-5.45,0.0
-2.5057931677825986,-5.45,0.0
-2.5047931677825988,-5.45,0.0
-2.454793167782599,-5.45,0.0
-2.404793167782599,-5.45,0.0
-2.364793167782599,-5.45,0.0
-2.324793167782599,-5.45,0.0
-2.284793167782599,-5.45,0.0
-2.244793167782599,-5.45,0.0
-2.220793167782599,-5.45,0.0
-2.196793167782599,-5.45,0.0
-2.175193167782599,-5.45,0.0
-2.1535931677825992,-5.45,0.0
-2.134393167782599,-5.45,0.0
-2.115193167782599,-5.45,0.0
-2.104153167782599,-5.45,0.0
-2.093113167782599,-5.45,0.0
-2.084281167782599,-5.45,0.0
-2.0754491677825992,-5.45,0.0
-2.0675003677825994,-5.45,0.0
-2.0595515677825995,-5.45,0.0
-2.0532808477825997,-5.45,0.0
-2.0470101277826,-5.45,0.0
-2.0427884317825997,-5.45,0.0
-2.0385667357825996,-5.45,0.0
-2.0351893789825994,-5.45,0.0
-2.0318120221825993,-5.45,0.0
-2.029110136742599,-5.45,0.0
-2.026408251302599,-5.45,0.0
-2.024246742950599,-5.45,0.0
-2.022085234598599,-5.45,0.0
-2.020356027916999,-5.45,0.0
-2.018626821235399,-5.45,0.0
-2.017243455890119,-5.45,0.0
-2.015860090544839,-5.45,0.0
-2.014753398268615,-5.45,0.0
-2.0136467059923913,-5.45,0.0
-2.0126467059923914,-5.45,0.0
-2.0116467059923915,-5.45,0.0
-2.0106467059923916,-5.45,0.0
-2.0096467059923917,-5.45,0.0
-1.9596467059923917,-5.45,0.0
-1.9096467059923916,-5.45,0.0
-1.8696467059923916,-5.45,0.0
-1.8296467059923915,-5.45,0.0
-1.7936467059923915,-5.45,0.0
-1.7576467059923915,-5.45,0.0
-1.7328467059923915,-5.45,0.0
-1.7080467059923916,-5.45,0.0
-1.6857267059923917,-5.45,0.0
-1.6681187059923916,-5.45,0.0
-1.6505107059923916,-5.45,0.0
-1.6364243059923915,-5.45,0.0
-1.6223379059923915,-5.45,0.0
-1.6110687859923916,-5.45,0.0
-1.6009265779923916,-5.45,0.0
-1.5907843699923916,-5.45,0.0
-1.5816563827923915,-5.45,0.0
-1.5725283955923914,-5.45,0.0
-1.5662402266323914,-5.45,0.0
-1.5599520576723913,-5.45,0.0
-1.5549215225043913,-5.45,0.0
-1.5498909873363913,-5.45,0.0
-1.5453635056851913,-5.45,0.0
-1.5408360240339913,-5.45,0.0
-1.5368115958995914,-5.45,0.0
-1.5327871677651914,-5.45,0.0
-1.5304731215879115,-5.45,0.0
-1.5281590754106316,-5.45,0.0
-1.5260764338510795,-5.45,0.0
-1.5239937922915274,-5.45,0.0
-1.5225590836616139,-5.45,0.0
-1.5211243750317003,-5.45,0.0
-1.5199766081277695,-5.45,0.0
-1.5188288412238387,-5.45,0.0
-1.5178288412238388,-5.45,0.0
-1.5168288412238389,-5.45,0.0
-1.515828841223839,-5.45,0.0
-1.514828841223839,-5.45,0.0
-1.5138288412238392,-5.45,0.0
-1.4638288412238392,-5.45,0.0
-1.4138288412238391,-5.45,0.0
-1.373828841223839,-5.45,0.0
-1.333828841223839,-5.45,0.0
-1.301828841223839,-5.45,0.0
-1.269828841223839,-5.45,0.0
-1.244228841223839,-5.45,0.0
-1.2186288412238389,-5.45,0.0
-1.1981488412238388,-5.45,0.0
-1.1776688412238387,-5.45,0.0
-1.1612848412238388,-5.45,0.0
-1.1449008412238388,-5.45,0.0
-1.130155241223839,-5.45,0.0
-1.115409641223839,-5.45,0.0
-1.103777001223839,-5.45,0.0
-1.092144361223839,-5.45,0.0
-1.084312809223839,-5.45,0.0
-1.076481257223839,-5.45,0.0
-1.070216015623839,-5.45,0.0
-1.063950774023839,-5.45,0.0
-1.058938580743839,-5.45,0.0
-1.053926387463839,-5.45,0.0
-1.049916632839839,-5.45,0.0
-1.0459068782158392,-5.45,0.0
-1.0422980990542392,-5.45,0.0
-1.0386893198926392,-5.45,0.0
-1.0362032720257592,-5.45,0.0
-1.0337172241588792,-5.45,0.0
-1.0317283858653752,-5.45,0.0
-1.0297395475718711,-5.45,0.0
-1.028148476937068,-5.45,0.0
-1.0265574063022647,-5.45,0.0
-1.0251254427309417,-5.45,0.0
-1.0236934791596188,-5.45,0.0
-1.0225638190089086,-5.45,0.0
-1.0215638190089087,-5.45,0.0
-1.0205638190089088,-5.45,0.0
-1.019563819008909,-5.45,0.0
-1.018563819008909,-5.45,0.0
-0.968563819008909,-5.45,0.0
-0.9185638190089089,-5.45,0.0
-0.8785638190089089,-5.45,0.0
-0.8425638190089089,-5.45,0.0
-0.8065638190089088,-5.45,0.0
-0.7777638190089089,-5.45,0.0
-0.748963819008909,-5.45,0.0
-0.725923819008909,-5.45,0.0
-0.7028838190089091,-5.45,0.0
-0.6821478190089091,-5.45,0.0
-0.6614118190089091,-5.45,0.0
-0.6471270190089091,-5.45,0.0
-0.6328422190089091,-5.45,0.0
-0.6214143790089092,-5.45,0.0
-0.6099865390089092,-5.45,0.0
-0.5997014830089091,-5.45,0.0
-0.5894164270089091,-5.45,0.0
-0.580274155008909,-5.45,0.0
-0.5711318830089089,-5.45,0.0
-0.5658750766089089,-5.45,0.0
-0.5606182702089089,-5.45,0.0
-0.5564128250889089,-5.45,0.0
-0.5522073799689089,-5.45,0.0
-0.548843023872909,-5.45,0.0
-0.545478667776909,-5.45,0.0
-0.542450747290509,-5.45,0.0
-0.539422826804109,-5.45,0.0
-0.537034133975949,-5.45,0.0
-0.534645441147789,-5.45,0.0
-0.533037278933901,-5.45,0.0
-0.5314291167200129,-5.45,0.0
-0.5301425869489025,-5.45,0.0
-0.528856057177792,-5.45,0.0
-0.5275695274066816,-5.45,0.0
-0.5262829976355712,-5.45,0.0
-0.5252829976355712,-5.45,0.0
-0.5242829976355712,-5.45,0.0
-0.5232829976355712,-5.45,0.0
-0.5222829976355712,-5.45,0.0
-0.4722829976355712,-5.45,0.0
-0.4222829976355712,-5.45,0.0
-0.38228299763557116,-5.45,0.0
-0.34228299763557113,-5.45,0.0
-0.30628299763557115,-5.45,0.0
-0.2702829976355712,-5.45,0.0
-0.2454829976355712,-5.45,0.0
-0.2206829976355712,-5.45,0.0
-0.2008429976355712,-5.45,0.0
-0.1810029976355712,-5.45,0.0
-0.1651309976355712,-5.45,0.0
-0.1492589976355712,-5.45,0.0
-0.1349741976355712,-5.45,0.0
-0.1206893976355712,-5.45,0.0
-0.1108487576355712,-5.45,0.0
-0.1010081176355712,-5.45,0.0
-0.0931356056355712,-5.45,0.0
-0.0852630936355712,-5.45,0.0
-0.0789650840355712,-5.45,0.0
-0.0726670744355712,-5.45,0.0
-0.06762866675557119,-5.45,0.0
-0.0625902590755712,-5.45,0.0
-0.05855953293157119,-5.45,0.0
-0.05452880678757119,-5.45,0.0
-0.051304225872371184,-5.45,0.0
-0.04807964495717118,-5.45,0.0
-0.04549998022501118,-5.45,0.0
-0.04292031549285118,-5.45,0.0
-0.040856583707123174,-5.45,0.0
-0.03879285192139517,-5.45,0.0
-0.03714186649281277,-5.45,0.0
-0.03549088106423037,-5.45,0.0
-0.03417009272136445,-5.45,0.0
-0.032849304378498534,-5.45,0.0
-0.0317926737042058,-5.45,0.0
-0.030736043029913063,-5.45,0.0
-0.029736043029913062,-5.45,0.0
-0.02873604302991306,-5.45,0.0
-0.02773604302991306,-5.45,0.0
-0.02673604302991306,-5.45,0.0
0.023263956970086944,-5.45,0.0
0.07326395697008695,-5.45,0.0
0.11326395697008695,-5.45,0.0
0.15326395697008696,-5.45,0.0
0.18526395697008696,-5.45,0.0
0.21726395697008696,-5.45,0.0
0.24286395697008697,-5.45,0.0
0.26846395697008696,-5.45,0.0
0.28894395697008696,-5.45,0.0
0.30942395697008696,-5.45,0.0
0.32785595697008696,-5.45,0.0
0.34628795697008696,-5.45,0.0
0.35898555697008694,-5.45,0.0
0.3716831569700869,-5.45,0.0
0.38184123697008693,-5.45,0.0
0.39199931697008694,-5.45,0.0
0.40012578097008694,-5.45,0.0
0.40825224497008694,-5.45,0.0
0.41475341617008693,-5.45,0.0
0.4212545873700869,-5.45,0.0
0.42710564145008695,-5.45,0.0
0.432956695530087,-5.45,0.0
0.436987421674087,-5.45,0.0
0.441018147818087,-5.45,0.0
0.444645801347687,-5.45,0.0
0.448273454877287,-5.45,0.0
0.45077250508656697,-5.45,0.0
0.45327155529584695,-5.45,0.0
0.45552070048419896,-5.45,0.0
0.45776984567255097,-5.45,0.0
0.45931925680230457,-5.45,0.0
0.46086866793205816,-5.45,0.0
0.462108196835861,-5.45,0.0
0.4633477257396639,-5.45,0.0
0.4643477257396639,-5.45,0.0
0.4653477257396639,-5.45,0.0
0.4663477257396639,-5.45,0.0
0.4673477257396639,-5.45,0.0
0.4683477257396639,-5.45,0.0
0.4693477257396639,-5.45,0.0
0.5193477257396639,-5.45,0.0
0.569347725739664,-5.45,0.0
0.609347725739664,-5.45,0.0
0.649347725739664,-5.45,0.0
0.6813477257396641,-5.45,0.0
0.7133477257396641,-5.45,0.0
0.738947725739664,-5.45,0.0
0.764547725739664,-5.45,0.0
0.787587725739664,-5.45,0.0
0.8106277257396639,-5.45,0.0
0.8264997257396639,-5.45,0.0
0.8423717257396639,-5.45,0.0
0.8550693257396639,-5.45,0.0
0.8677669257396639,-5.45,0.0
0.8779250057396638,-5.45,0.0
0.8880830857396638,-5.45,0.0
0.8962095497396638,-5.45,0.0
0.9043360137396639,-5.45,0.0
0.9108371849396639,-5.45,0.0
0.917338356139664,-5.45,0.0
0.922539293099664,-5.45,0.0
0.927740230059664,-5.45,0.0
0.9319009796276639,-5.45,0.0
0.9360617291956639,-5.45,0.0
0.9393903288500639,-5.45,0.0
0.9427189285044639,-5.45,0.0
0.9453818082279839,-5.45,0.0
0.9480446879515039,-5.45,0.0
0.9501749917303198,-5.45,0.0
0.9523052955091358,-5.45,0.0
0.9540095385321886,-5.45,0.0
0.9557137815552414,-5.45,0.0
0.9570771759736837,-5.45,0.0
0.9584405703921259,-5.45,0.0
0.9595312859268798,-5.45,0.0
0.9606220014616336,-5.45,0.0
0.9616220014616336,-5.45,0.0
0.9626220014616336,-5.45,0.0
0.9636220014616336,-5.45,0.0
0.9646220014616336,-5.45,0.0
1.0146220014616336,-5.45,0.0
1.0646220014616337,-5.45,0.0
1.1096220014616336,-5.45,0.0
1.1546220014616335,-5.45,0.0
1.1856220014616334,-5.45,0.0
1.2166220014616334,-5.45,0.0
1.2445220014616334,-5.45,0.0
1.2724220014616334,-5.45,0.0
1.2916420014616334,-5.45,0.0
1.3108620014616335,-5.45,0.0
1.3281600014616335,-5.45,0.0
1.3454580014616335,-5.45,0.0
1.3573744014616336,-5.45,0.0
1.3692908014616336,-5.45,0.0
1.3788239214616336,-5.45,0.0
1.3883570414616335,-5.45,0.0
1.3959835374616336,-5.45,0.0
1.4036100334616337,-5.45,0.0
1.4097112302616337,-5.45,0.0
1.4158124270616337,-5.45,0.0
1.4206933845016336,-5.45,0.0
1.4255743419416336,-5.45,0.0
1.4294791078936335,-5.45,0.0
1.4333838738456335,-5.45,0.0
1.4365076866072335,-5.45,0.0
1.4396314993688335,-5.45,0.0
1.4421305495781136,-5.45,0.0
1.4446295997873937,-5.45,0.0
1.4466288399548177,-5.45,0.0
1.4486280801222418,-5.45,0.0
1.450227472256181,-5.45,0.0
1.4518268643901202,-5.45,0.0
1.4531063780972715,-5.45,0.0
1.4543858918044228,-5.45,0.0
1.455537454140859,-5.45,0.0
1.4566890164772952,-5.45,0.0
1.457689016477295,-5.45,0.0
1.458689016477295,-5.45,0.0
1.4596890164772949,-5.45,0.0
1.509689016477295,-5.45,0.0
1.559689016477295,-5.45,0.0
1.599689016477295,-5.45,0.0
1.639689016477295,-5.45,0.0
1.671689016477295,-5.45,0.0
1.703689016477295,-5.45,0.0
1.7292890164772952,-5.45,0.0
1.7548890164772952,-5.45,0.0
1.7779290164772952,-5.45,0.0
1.8009690164772951,-5.45,0.0
1.819145016477295,-5.45,0.0
1.837321016477295,-5.45,0.0
1.849557816477295,-5.45,0.0
1.861794616477295,-5.45,0.0
1.871584056477295,-5.45,0.0
1.881373496477295,-5.45,0.0
1.890183992477295,-5.45,0.0
1.898994488477295,-5.45,0.0
1.905063941277295,-5.45,0.0
1.911133394077295,-5.45,0.0
1.915988956317295,-5.45,0.0
1.9208445185572949,-5.45,0.0
1.924728968349295,-5.45,0.0
1.928613418141295,-5.45,0.0
1.932109422954095,-5.45,0.0
1.935605427766895,-5.45,0.0
1.938363387119215,-5.45,0.0
1.940495950055023,-5.45,0.0
1.942628512990831,-5.45,0.0
1.9445478196330581,-5.45,0.0
1.9464671262752853,-5.45,0.0
1.947981245959709,-5.45,0.0
1.9494953656441327,-5.45,0.0
1.9505147307274489,-5.45,0.0
1.9515147307274487,-5.45,0.0
1.9525147307274486,-5.45,0.0
1.9535147307274485,-5.45,0.0
1.9545147307274484,-5.45,0.0
1.9555147307274483,-5.45,0.0
1.9565147307274482,-5.45,0.0
2.006514730727448,-5.45,0.0
2.056514730727448,-5.45,0.0
2.096514730727448,-5.45,0.0
2.136514730727448,-5.45,0.0
2.168514730727448,-5.45,0.0
2.200514730727448,-5.45,0.0
2.226114730727448,-5.45,0.0
2.2517147307274477,-5.45,0.0
2.2721947307274477,-5.45,0.0
2.2926747307274478,-5.45,0.0
2.3090587307274477,-5.45,0.0
2.3254427307274477,-5.45,0.0
2.3385499307274475,-5.45,0.0
2.3516571307274474,-5.45,0.0
2.3621428907274473,-5.45,0.0
2.372628650727447,-5.45,0.0
2.3810172587274474,-5.45,0.0
2.3894058667274476,-5.45,0.0
2.3961167531274477,-5.45,0.0
2.4028276395274477,-5.45,0.0
2.4081963486474476,-5.45,0.0
2.4135650577674475,-5.45,0.0
2.4178600250634474,-5.45,0.0
2.4221549923594474,-5.45,0.0
2.4264499596554474,-5.45,0.0
2.4307449269514474,-5.45,0.0
2.4333219073290473,-5.45,0.0
2.435898887706647,-5.45,0.0
2.437960472008727,-5.45,0.0
2.440022056310807,-5.45,0.0
2.441671323752471,-5.45,0.0
2.443320591194135,-5.45,0.0
2.444640005147466,-5.45,0.0
2.4459594191007974,-5.45,0.0
2.4470149502634624,-5.45,0.0
2.4480704814261274,-5.45,0.0
2.4490704814261273,-5.45,0.0
2.450070481426127,-5.45,0.0
2.451070481426127,-5.45,0.0
2.452070481426127,-5.45,0.0
2.5020704814261268,-5.45,0.0
2.5520704814261266,-5.45,0.0
2.5970704814261265,-5.45,0.0
2.6325704814261264,-5.45,0.0
2.6680704814261262,-5.45,0.0
2.696470481426126,-5.45,0.0
2.724870481426126,-5.45,0.0
2.7475904814261263,-5.45,0.0
2.7703104814261263,-5.45,0.0
2.7884864814261263,-5.45,0.0
2.8066624814261263,-5.45,0.0
2.8212032814261265,-5.45,0.0
2.8357440814261268,-5.45,0.0
2.850284881426127,-5.45,0.0
2.860463441426127,-5.45,0.0
2.870642001426127,-5.45,0.0
2.878784849426127,-5.45,0.0
2.8869276974261266,-5.45,0.0
2.8934419758261267,-5.45,0.0
2.899956254226127,-5.45,0.0
2.9058191047861266,-5.45,0.0
2.9116819553461264,-5.45,0.0
2.9157208079541266,-5.45,0.0
2.9197596605621268,-5.45,0.0
2.923798513170127,-5.45,0.0
2.927837365778127,-5.45,0.0
2.930260677342927,-5.45,0.0
2.932683988907727,-5.45,0.0
2.934622638159567,-5.45,0.0
2.936367422486223,-5.45,0.0
2.938112206812879,-5.45,0.0
2.9396825127068693,-5.45,0.0
2.9412528186008595,-5.45,0.0
2.9423345848833864,-5.45,0.0
2.9434163511659133,-5.45,0.0
2.944416351165913,-5.45,0.0
2.945416351165913,-5.45,0.0
2.946416351165913,-5.45,0.0
2.947416351165913,-5.45,0.0
2.9974163511659127,-5.45,0.0
3.0474163511659125,-5.45,0.0
3.0924163511659124,-5.45,0.0
3.1324163511659124,-5.45,0.0
3.1724163511659125,-5.45,0.0
3.1999163511659123,-5.45,0.0
3.2246663511659124,-5.45,0.0
3.2494163511659124,-5.45,0.0
3.2692163511659125,-5.45,0.0
3.2870363511659124,-5.45,0.0
3.3048563511659124,-5.45,0.0
3.3191123511659124,-5.45,0.0
3.3333683511659125,-5.45,0.0
3.3461987511659124,-5.45,0.0
3.3590291511659123,-5.45,0.0
3.3691509111659124,-5.45,0.0
3.3792726711659125,-5.45,0.0
3.3860870391659126,-5.45,0.0
3.3929014071659127,-5.45,0.0
3.3983529015659126,-5.45,0.0
3.403259246525913,-5.45,0.0
3.408165591485913,-5.45,0.0
3.412090667453913,-5.45,0.0
3.416015743421913,-5.45,0.0
3.419548311793113,-5.45,0.0
3.4230808801643127,-5.45,0.0
3.4262209409387125,-5.45,0.0
3.4293610017131124,-5.45,0.0
3.4325010624875123,-5.45,0.0
3.435641123261912,-5.45,0.0
3.437132652129752,-5.45,0.0
3.438624180997592,-5.45,0.0
3.439624180997592,-5.45,0.0
3.4406241809975917,-5.45,0.0
3.4416241809975916,-5.45,0.0
3.4426241809975915,-5.45,0.0
3.4926241809975913,-5.45,0.0
3.542624180997591,-5.45,0.0
3.587624180997591,-5.45,0.0
3.632624180997591,-5.45,0.0
3.668124180997591,-5.45,0.0
3.7036241809975907,-5.45,0.0
3.727524180997591,-5.45,0.0
3.7514241809975912,-5.45,0.0
3.7705441809975913,-5.45,0.0
3.7896641809975913,-5.45,0.0
3.8049601809975915,-5.45,0.0
3.8202561809975917,-5.45,0.0
3.832492980997592,-5.45,0.0
3.844729780997592,-5.45,0.0
3.854519220997592,-5.45,0.0
3.864308660997592,-5.45,0.0
3.873119156997592,-5.45,0.0
3.8819296529975915,-5.45,0.0
3.8879991057975913,-5.45,0.0
3.894068558597591,-5.45,0.0
3.898924120837591,-5.45,0.0
3.903779683077591,-5.45,0.0
3.908635245317591,-5.45,0.0
3.913490807557591,-5.45,0.0
3.916404144901591,-5.45,0.0
3.9193174822455914,-5.45,0.0
3.9216481521207913,-5.45,0.0
3.9239788219959912,-5.45,0.0
3.9258433578961514,-5.45,0.0
3.9277078937963115,-5.45,0.0
3.9291995225164396,-5.45,0.0
3.930541988364555,-5.45,0.0
3.9318844542126703,-5.45,0.0
3.9329584268911626,-5.45,0.0
3.934032399569655,-5.45,0.0
3.935032399569655,-5.45,0.0
3.9360323995696547,-5.45,0.0
3.9370323995696546,-5.45,0.0
3.9380323995696545,-5.45,0.0
3.9880323995696543,-5.45,0.0
4.038032399569654,-5.45,0.0
4.083032399569654,-5.45,0.0
4.128032399569654,-5.45,0.0
4.159032399569654,-5.45,0.0
4.190032399569653,-5.45,0.0
4.217932399569653,-5.45,0.0
4.245832399569653,-5.45,0.0
4.265052399569653,-5.45,0.0
4.284272399569653,-5.45,0.0
4.299648399569652,-5.45,0.0
4.315024399569652,-5.45,0.0
4.3273251995696524,-5.45,0.0
4.339625999569653,-5.45,0.0
4.349466639569653,-5.45,0.0
4.359307279569653,-5.45,0.0
4.368163855569653,-5.45,0.0
4.377020431569654,-5.45,0.0
4.383121628369654,-5.45,0.0
4.389222825169655,-5.45,0.0
4.394103782609655,-5.45,0.0
4.398984740049655,-5.45,0.0
4.402889506001655,-5.45,0.0
4.406794271953655,-5.45,0.0
4.410699037905655,-5.45,0.0
4.414603803857655,-5.45,0.0
4.417337140024054,-5.45,0.0
4.419406665978615,-5.45,0.0
4.421476191933175,-5.45,0.0
4.423131812696823,-5.45,0.0
4.424787433460471,-5.45,0.0
4.426277492147754,-5.45,0.0
4.427767550835037,-5.45,0.0
4.428794035708499,-5.45,0.0
4.429820520581961,-5.45,0.0
4.430820520581961,-5.45,0.0
4.431820520581962,-5.45,0.0
4.432820520581962,-5.45,0.0
4.433820520581962,-5.45,0.0
4.483820520581962,-5.45,0.0
4.528820520581962,-5.45,0.0
4.573820520581962,-5.45,0.0
4.6098205205819625,-5.45,0.0
4.645820520581962,-5.45,0.0
4.674620520581962,-5.45,0.0
4.703420520581963,-5.45,0.0
4.726460520581963,-5.45,0.0
4.749500520581963,-5.45,0.0
4.770236520581963,-5.45,0.0
4.786594920581963,-5.45,0.0
4.802953320581962,-5.45,0.0
4.817675880581962,-5.45,0.0
4.832398440581962,-5.45,0.0
4.844012904581962,-5.45,0.0
4.855627368581962,-5.45,0.0
4.863446683781962,-5.45,0.0
4.871265998981962,-5.45,0.0
4.877521451141963,-5.45,0.0
4.883776903301962,-5.45,0.0
4.888781265029962,-5.45,0.0
4.893785626757962,-5.45,0.0
4.897789116140363,-5.45,0.0
4.901792605522763,-5.45,0.0
4.904995397028683,-5.45,0.0
4.907877909384011,-5.45,0.0
4.910760421739338,-5.45,0.0
4.913354682859134,-5.45,0.0
4.915948943978929,-5.45,0.0
4.917736101639233,-5.45,0.0
4.919523259299536,-5.45,0.0
4.920952985427779,-5.45,0.0
4.922382711556022,-5.45,0.0
4.923526492458616,-5.45,0.0
4.92467027336121,-5.45,0.0
4.92567027336121,-5.45,0.0
4.926670273361211,-5.45,0.0
4.927670273361211,-5.45,0.0
4.928670273361211,-5.45,0.0
4.929670273361212,-5.45,0.0
4.930670273361212,-5.45,0.0
4.931670273361212,-5.45,0.0
4.981670273361212,-5.45,0.0
5.031670273361212,-5.45,0.0
5.076670273361212,-5.45,0.0
5.121670273361212,-5.45,0.0
5.157170273361212,-5.45,0.0
5.192670273361212,-5.45,0.0
5.216570273361212,-5.45,0.0
5.240470273361212,-5.45,0.0
5.259590273361212,-5.45,0.0
5.278710273361212,-5.45,0.0
5.294006273361212,-5.45,0.0
5.3093022733612125,-5.45,0.0
5.321539073361213,-5.45,0.0
5.333775873361213,-5.45,0.0
5.344788993361213,-5.45,0.0
5.3558021133612135,-5.45,0.0
5.364490241361214,-5.45,0.0
5.373178369361214,-5.45,0.0
5.3798963725612134,-5.45,0.0
5.386614375761213,-5.45,0.0
5.391119965521213,-5.45,0.0
5.395625555281213,-5.45,0.0
5.399230027089213,-5.45,0.0
5.402834498897213,-5.45,0.0
5.405718076343613,-5.45,0.0
5.408601653790012,-5.45,0.0
5.410908515747132,-5.45,0.0
5.413215377704252,-5.45,0.0
5.415060867269948,-5.45,0.0
5.416906356835644,-5.45,0.0
5.418382748488201,-5.45,0.0
5.419859140140757,-5.45,0.0
5.421040253462803,-5.45,0.0
5.422221366784849,-5.45,0.0
5.42328436877469,-5.45,0.0
5.42434737076453,-5.45,0.0
5.4253473707645306,-5.45,0.0
5.426347370764531,-5.45,0.0
5.427347370764531,-5.45,0.0
5.4283473707645316,-5.45,0.0
5.478347370764531,-5.45,0.0
5.528347370764531,-5.45,0.0
5.573347370764531,-5.45,0.0
5.618347370764531,-5.45,0.0
5.649347370764531,-5.45,0.0
5.6803473707645304,-5.45,0.0
5.70514737076453,-5.45,0.0
5.72994737076453,-5.45,0.0
5.749787370764531,-5.45,0.0
5.769627370764531,-5.45,0.0
5.785499370764531,-5.45,0.0
5.801371370764531,-5.45,0.0
5.814068970764531,-5.45,0.0
5.826766570764531,-5.45,0.0
5.836924650764531,-5.45,0.0
5.846066922764531,-5.45,0.0
5.855209194764531,-5.45,0.0
5.862523012364531,-5.45,0.0
5.869836829964531,-5.45,0.0
5.875687884044531,-5.45,0.0
5.881538938124531,-5.45,0.0
5.886219781388531,-5.45,0.0
5.890900624652532,-5.45,0.0
5.894645299263732,-5.45,0.0
5.898389973874932,-5.45,0.0
5.901385713563892,-5.45,0.0
5.904381453252852,-5.45,0.0
5.90677804500402,-5.45,0.0
5.909174636755188,-5.45,0.0
5.911091910156123,-5.45,0.0
5.913009183557057,-5.45,0.0
5.914543002277805,-5.45,0.0
5.916076820998552,-5.45,0.0
5.917457257847225,-5.45,0.0
5.918837694695898,-5.45,0.0
5.919926705987629,-5.45,0.0
5.921015717279359,-5.45,0.0
5.9220157172793595,-5.45,0.0
5.92301571727936,-5.45,0.0
5.92401571727936,-5.45,0.0
5.9250157172793605,-5.45,0.0
5.926015717279361,-5.45,0.0
5.927015717279361,-5.45,0.0
5.977015717279361,-5.45,0.0
6.027015717279361,-5.45,0.0
6.067015717279361,-5.45,0.0
6.107015717279361,-5.45,0.0
6.139015717279361,-5.45,0.0
6.171015717279361,-5.45,0.0
6.199815717279361,-5.45,0.0
6.228615717279362,-5.45,0.0
6.248455717279362,-5.45,0.0
6.268295717279362,-5.45,0.0
6.284167717279362,-5.45,0.0
6.300039717279362,-5.45,0.0
6.312737317279362,-5.45,0.0
6.325434917279362,-5.45,0.0
6.335592997279362,-5.45,0.0
6.345751077279362,-5.45,0.0
6.3548933492793624,-5.45,0.0
6.3640356212793625,-5.45,0.0
6.3703336308793626,-5.45,0.0
6.376631640479363,-5.45,0.0
6.3816700481593625,-5.45,0.0
6.386708455839362,-5.45,0.0
6.391243022751362,-5.45,0.0
6.3957775896633615,-5.45,0.0
6.399354859116161,-5.45,0.0
6.402932128568961,-5.45,0.0
6.40650939802176,-5.45,0.0
6.41008666747456,-5.45,0.0
6.41177957245504,-5.45,0.0
6.41347247743552,-5.45,0.0
6.414826801419904,-5.45,0.0
6.416181125404289,-5.45,0.0
6.417264584591796,-5.45,0.0
6.418348043779303,-5.45,0.0
6.419348043779303,-5.45,0.0
6.4203480437793035,-5.45,0.0
6.421348043779304,-5.45,0.0
6.422348043779304,-5.45,0.0
6.472348043779304,-5.45,0.0
6.522348043779304,-5.45,0.0
6.572348043779304,-5.45,0.0
6.622348043779303,-5.45,0.0
6.652348043779304,-5.45,0.0
6.682348043779304,-5.45,0.0
6.706348043779304,-5.45,0.0
6.730348043779304,-5.45,0.0
6.749548043779304,-5.45,0.0
6.768748043779303,-5.45,0.0
6.7841080437793035,-5.45,0.0
6.799468043779304,-5.45,0.0
6.814828043779304,-5.45,0.0
6.827116043779304,-5.45,0.0
6.839404043779304,-5.45,0.0
6.847698443779304,-5.45,0.0
6.855992843779305,-5.45,0.0
6.862628363779304,-5.45,0.0
6.869263883779304,-5.45,0.0
6.875899403779304,-5.45,0.0
6.882534923779303,-5.45,0.0
6.8878433397793035,-5.45,0.0
6.893151755779304,-5.45,0.0
6.896071384579304,-5.45,0.0
6.8989910133793035,-5.45,0.0
6.901618679299304,-5.45,0.0
6.904246345219304,-5.45,0.0
6.906056515075305,-5.45,0.0
6.907866684931305,-5.45,0.0
6.909314820816105,-5.45,0.0
6.910762956700905,-5.45,0.0
6.911921465408745,-5.45,0.0
6.9130799741165845,-5.45,0.0
6.914079974116585,-5.45,0.0
6.915079974116585,-5.45,0.0
6.9160799741165855,-5.45,0.0
6.917079974116586,-5.45,0.0
6.918079974116586,-5.45,0.0
6.968079974116586,-5.45,0.0
7.018079974116586,-5.45,0.0
7.063079974116586,-5.45,0.0
7.108079974116586,-5.45,0.0
7.139079974116585,-5.45,0.0
7.170079974116585,-5.45,0.0
7.194879974116585,-5.45,0.0
7.219679974116585,-5.45,0.0
7.239519974116585,-5.45,0.0
7.2593599741165855,-5.45,0.0
7.275231974116585,-5.45,0.0
7.291103974116585,-5.45,0.0
7.305388774116586,-5.45,0.0
7.319673574116586,-5.45,0.0
7.329514214116586,-5.45,0.0
7.338370790116587,-5.45,0.0
7.347227366116587,-5.45,0.0
7.354312626916587,-5.45,0.0
7.3613978877165875,-5.45,0.0
7.367774622436587,-5.45,0.0
7.372805157604588,-5.45,0.0
7.377835692772588,-5.45,0.0
7.381860120906988,-5.45,0.0
7.385884549041388,-5.45,0.0
7.389506534362348,-5.45,0.0
7.393128519683308,-5.45,0.0
7.395985863658732,-5.45,0.0
7.39848100910206,-5.45,0.0
7.400976154545388,-5.45,0.0
7.402686536502507,-5.45,0.0
7.404396918459627,-5.45,0.0
7.4057652240253224,-5.45,0.0
7.407133529591018,-5.45,0.0
7.408365004600144,-5.45,0.0
7.40959647960927,-5.45,0.0
7.4105964796092705,-5.45,0.0
7.411596479609271,-5.45,0.0
7.412596479609271,-5.45,0.0
7.4135964796092715,-5.45,0.0
7.463596479609271,-5.45,0.0
7.513596479609271,-5.45,0.0
7.553596479609271,-5.45,0.0
7.593596479609271,-5.45,0.0
7.625596479609271,-5.45,0.0
7.657596479609271,-5.45,0.0
7.683196479609271,-5.45,0.0
7.708796479609271,-5.45,0.0
7.729276479609271,-5.45,0.0
7.749756479609271,-5.45,0.0
7.7661404796092715,-5.45,0.0
7.782524479609272,-5.45,0.0
7.797270079609272,-5.45,0.0
7.812015679609273,-5.45,0.0
7.822173759609273,-5.45,0.0
7.832331839609273,-5.45,0.0
7.840458303609273,-5.45,0.0
7.848584767609273,-5.45,0.0
7.855085938809273,-5.45,0.0
7.861587110009273,-5.45,0.0
7.866788046969273,-5.45,0.0
7.871988983929272,-5.45,0.0
7.8761497334972725,-5.45,0.0
7.880310483065273,-5.45,0.0
7.8836390827196725,-5.45,0.0
7.886967682374072,-5.45,0.0
7.889630562097592,-5.45,0.0
7.892293441821112,-5.45,0.0
7.89469003357228,-5.45,0.0
7.897086625323448,-5.45,0.0
7.89873761075203,-5.45,0.0
7.900388596180612,-5.45,0.0
7.901709384523478,-5.45,0.0
7.902898094032057,-5.45,0.0
7.904086803540636,-5.45,0.0
7.9050868035406365,-5.45,0.0
7.906086803540637,-5.45,0.0
7.907086803540637,-5.45,0.0
7.9080868035406375,-5.45,0.0
7.909086803540638,-5.45,0.0
7.910086803540638,-5.45,0.0
7.960086803540638,-5.45,0.0
8.010086803540638,-5.45,0.0
8.060086803540639,-5.45,0.0
8.11008680354064,-5.45,0.0
8.140086803540639,-5.45,0.0
8.170086803540638,-5.45,0.0
8.194086803540639,-5.45,0.0
8.21808680354064,-5.45,0.0
8.23968680354064,-5.45,0.0
8.261286803540639,-5.45,0.0
8.276166803540638,-5.45,0.0
8.291046803540638,-5.45,0.0
8.302950803540638,-5.45,0.0
8.314854803540637,-5.45,0.0
8.324378003540637,-5.45,0.0
8.333901203540638,-5.45,0.0
8.341519763540639,-5.45,0.0
8.34913832354064,-5.45,0.0
8.35523317154064,-5.45,0.0
8.36071853474064,-5.45,0.0
8.36620389794064,-5.45,0.0
8.37059218850064,-5.45,0.0
8.374980479060639,-5.45,0.0
8.37849111150864,-5.45,0.0
8.38200174395664,-5.45,0.0
8.38516131315984,-5.45,0.0
8.38832088236304,-5.45,0.0
8.3904974744808,-5.45,0.0
8.392674066598559,-5.45,0.0
8.394415340292767,-5.45,0.0
8.396156613986975,-5.45,0.0
8.39754963294234,-5.45,0.0
8.398942651897706,-5.45,0.0
8.400057067061999,-5.45,0.0
8.401171482226292,-5.45,0.0
8.402174455874157,-5.45,0.0
8.403177429522021,-5.45,0.0
8.40417742952202,-5.45,0.0
8.40517742952202,-5.45,0.0
8.40617742952202,-5.45,0.0
8.407177429522019,-5.45,0.0
8.45717742952202,-5.45,0.0
8.50717742952202,-5.45,0.0
8.54717742952202,-5.45,0.0
8.587177429522018,-5.45,0.0
8.619177429522018,-5.45,0.0
8.651177429522019,-5.45,0.0
8.67677742952202,-5.45,0.0
8.70237742952202,-5.45,0.0
8.72285742952202,-5.45,0.0
8.743337429522018,-5.45,0.0
8.759721429522019,-5.45,0.0
8.774467029522018,-5.45,0.0
8.789212629522018,-5.45,0.0
8.801009109522017,-5.45,0.0
8.812805589522018,-5.45,0.0
8.824602069522019,-5.45,0.0
8.83639854952202,-5.45,0.0
8.84347643752202,-5.45,0.0
8.850554325522019,-5.45,0.0
8.856924424722019,-5.45,0.0
8.863294523922018,-5.45,0.0
8.867682814482018,-5.45,0.0
8.872071105042018,-5.45,0.0
8.876459395602017,-5.45,0.0
8.880847686162017,-5.45,0.0
8.883480660498018,-5.45,0.0
8.886113634834018,-5.45,0.0
8.888220014302819,-5.45,0.0
8.89032639377162,-5.45,0.0
8.89222213529354,-5.45,0.0
8.89411787681546,-5.45,0.0
8.895423832086117,-5.45,0.0
8.896729787356772,-5.45,0.0
8.898035742627428,-5.45,0.0
8.899035742627428,-5.45,0.0
8.900035742627427,-5.45,0.0
8.901035742627426,-5.45,0.0
8.902035742627426,-5.45,0.0
8.903035742627425,-5.45,0.0
8.904035742627425,-5.45,0.0
8.905035742627424,-5.45,0.0
8.955035742627425,-5.45,0.0
9.005035742627426,-5.45,0.0
9.055035742627426,-5.45,0.0
9.090035742627427,-5.45,0.0
9.125035742627427,-5.45,0.0
9.156535742627426,-5.45,0.0
9.188035742627426,-5.45,0.0
9.209735742627425,-5.45,0.0
9.231435742627424,-5.45,0.0
9.248795742627424,-5.45,0.0
9.266155742627424,-5.45,0.0
9.283515742627424,-5.45,0.0
9.300875742627424,-5.45,0.0
9.311291742627423,-5.45,0.0
9.321707742627423,-5.45,0.0
9.330040542627422,-5.45,0.0
9.338373342627422,-5.45,0.0
9.345039582627422,-5.45,0.0
9.351705822627421,-5.45,0.0
9.35703881462742,-5.45,0.0
9.36237180662742,-5.45,0.0
9.367171499427421,-5.45,0.0
9.371971192227422,-5.45,0.0
9.375277647267422,-5.45,0.0
9.378584102307423,-5.45,0.0
9.381229266339423,-5.45,0.0
9.383874430371423,-5.45,0.0
9.385990561597023,-5.45,0.0
9.387895079700062,-5.45,0.0
9.389799597803101,-5.45,0.0
9.391323212285533,-5.45,0.0
9.392846826767965,-5.45,0.0
9.394065718353911,-5.45,0.0
9.395284609939857,-5.45,0.0
9.396381612367207,-5.45,0.0
9.397478614794558,-5.45,0.0
9.398478614794557,-5.45,0.0
9.399478614794557,-5.45,0.0
9.400478614794556,-5.45,0.0
9.401478614794556,-5.45,0.0
9.401478614794556,-5.45,0.1570796326794897
9.401478614794556,-5.45,0.2984513020910304
9.401478614794556,-5.45,0.4256858045614171
9.401478614794556,-5.45,0.5401968567847649
9.401478614794556,-5.45,0.6547079090081129
9.401478614794556,-5.45,0.7463167507867912
9.401478614794556,-5.45,0.8287647083876021
9.401478614794556,-5.45,0.9029678702283314
9.401478614794556,-5.45,0.9771710320690605
9.401478614794556,-5.45,1.0365335615416444
9.401478614794556,-5.45,1.0958960910142284
9.401478614794556,-5.45,1.143386114592295
9.401478614794556,-5.45,1.1861271358125551
9.401478614794556,-5.45,1.2245940549107892
9.401478614794556,-5.45,1.2630609740090233
9.401478614794556,-5.45,1.2976812011974341
9.401478614794556,-5.45,1.3323014283858454
9.401478614794556,-5.45,1.3561509182267504
9.401478614794556,-5.45,1.3800004080676558
9.401478614794556,-5.45,1.3990799999403793
9.401478614794556,-5.45,1.4181595918131034
9.401478614794556,-5.45,1.4334232653112828
9.401478614794556,-5.45,1.4486869388094623
9.401478614794556,-5.45,1.4639506123076411
9.401478614794556,-5.45,1.4746351837563667
9.401478614794556,-5.45,1.4853197552050927
9.401478614794556,-5.45,1.4938674123640727
9.401478614794556,-5.45,1.502415069523053
9.401478614794556,-5.45,1.5109627266820336
9.401478614794556,-5.45,1.519510383841014
9.401478614794556,-5.45,1.5254937438523004
9.401478614794556,-5.45,1.53002400214656
9.401478614794556,-5.45,1.5341012346113936
9.401478614794556,-5.45,1.5377707438297443
9.401478614794556,-5.45,1.541073302126259
9.401478614794556,-5.45,1.5440456045931226
9.401478614794556,-5.45,1.5470179070599868
9.401478614794556,-5.45,1.5493957490334775
9.401478614794556,-5.45,1.5515358068096197
9.401478614794556,-5.45,1.553461858808147
9.401478614794556,-5.45,1.5551953056068222
9.401478614794556,-5.45,1.5567554077256296
9.401478614794556,-5.45,1.5581594996325563
9.401478614794556,-5.45,1.5594231823487903
9.401478614794556,-5.45,1.5605604967934008
9.401478614794556,-5.45,1.56158407979355
9.401478614794556,-5.45,1.5626076627936993
9.401478614794556,-5.45,1.563631245793849
9.401478614794556,-5.45,1.5643477538939534
9.401478614794556,-5.45,1.5649926111840484
9.401478614794556,-5.45,1.5655729827451337
9.401478614794556,-5.45,1.5660953171501095
9.401478614794556,-5.45,1.5666176515550858
9.401478614794556,-5.45,1.5670355190790668
9.401478614794556,-5.45,1.5674115998506495
9.401478614794556,-5.45,1.5677500725450746
9.401478614794556,-5.45,1.568054697970056
9.401478614794556,-5.45,1.5683288608525403
9.401478614794556,-5.45,1.5685756074467763
9.401478614794556,-5.45,1.5688223540410116
9.401478614794556,-5.45,1.5690197513164001
9.401478614794556,-5.45,1.56919740886425
9.401478614794556,-5.45,1.5693573006573143
9.401478614794556,-5.45,1.5695012032710727
9.401478614794556,-5.45,1.5696307156234552
9.401478614794556,-5.45,1.5697472767405987
9.401478614794556,-5.45,1.5698638378577432
9.401478614794556,-5.45,1.5699803989748875
9.40151941118103,-5.400000016643454,1.5699803989748875
9.401560207567503,-5.350000033286908,1.5699803989748875
9.401592844676681,-5.3100000466016715,1.5699803989748875
9.40162548178586,-5.270000059916435,1.5699803989748875
9.401651591473204,-5.238000070568246,1.5699803989748875
9.401677701160548,-5.206000081220057,1.5699803989748875
9.401698588910422,-5.1804000897415055,1.5699803989748875
9.401719476660297,-5.154800098262954,1.5699803989748875
9.401736186860196,-5.134320105080113,1.5699803989748875
9.401752897060096,-5.1138401118972725,1.5699803989748875
9.401766265220015,-5.097456117350999,1.5699803989748875
9.401779633379935,-5.081072122804726,1.5699803989748875
9.40179032790787,-5.067964927167708,1.5699803989748875
9.401801022435805,-5.0548577315306895,1.5699803989748875
9.401809578058154,-5.0443719750210745,1.5699803989748875
9.401818133680504,-5.0338862185114595,1.5699803989748875
9.401824978178382,-5.025497613303767,1.5699803989748875
9.401831822676261,-5.017109008096075,1.5699803989748875
9.401837298274565,-5.010398123929922,1.5699803989748875
9.401842773872868,-5.003687239763768,1.5699803989748875
9.401847154351511,-4.9983185324308455,1.5699803989748875
9.401851534830154,-4.992949825097923,1.5699803989748875
9.401855039213068,-4.988654859231585,1.5699803989748875
9.401858543595981,-4.984359893365247,1.5699803989748875
9.401861347102313,-4.9809239206721765,1.5699803989748875
9.401863870258012,-4.977831545248413,1.5699803989748875
9.40186639341371,-4.974739169824649,1.5699803989748875
9.401868411938269,-4.972265269485638,1.5699803989748875
9.401870430462827,-4.969791369146628,1.5699803989748875
9.401872045282474,-4.967812248875419,1.5699803989748875
9.40187366010212,-4.965833128604211,1.5699803989748875
9.401875274921768,-4.963854008333002,1.5699803989748875
9.401876889741414,-4.961874888061794,1.5699803989748875
9.401877858633203,-4.960687415899069,1.5699803989748875
9.40187882752499,-4.959499943736344,1.5699803989748875
9.40187964345272,-4.958499944069214,1.5699803989748875
9.401880459380449,-4.957499944402083,1.5699803989748875
9.401881275308178,-4.9564999447349525,1.5699803989748875
9.401882091235906,-4.955499945067822,1.5699803989748875
9.401882907163635,-4.954499945400691,1.5699803989748875
9.401883723091364,-4.953499945733561,1.5699803989748875
9.401924519477838,-4.903499962377015,1.5699803989748875
9.401965315864311,-4.8534999790204685,1.5699803989748875
9.40199795297349,-4.813499992335232,1.5699803989748875
9.402030590082669,-4.773500005649995,1.5699803989748875
9.402056699770013,-4.741500016301806,1.5699803989748875
9.402082809457356,-4.709500026953617,1.5699803989748875
9.402103697207231,-4.683900035475066,1.5699803989748875
9.402122496182118,-4.660860043144369,1.5699803989748875
9.402141295157005,-4.637820050813673,1.5699803989748875
9.402158214234403,-4.617084057716046,1.5699803989748875
9.402171561506572,-4.600725663161252,1.5699803989748875
9.402184908778741,-4.584367268606457,1.5699803989748875
9.402195586596477,-4.571280552962622,1.5699803989748875
9.402206264414213,-4.558193837318787,1.5699803989748875
9.402214806668402,-4.547724464803719,1.5699803989748875
9.402223348922591,-4.5372550922886505,1.5699803989748875
9.402230182725942,-4.528879594276596,1.5699803989748875
9.402237016529293,-4.520504096264541,1.5699803989748875
9.402242483571973,-4.513803697854898,1.5699803989748875
9.402247950614653,-4.507103299445254,1.5699803989748875
9.402252324248797,-4.501742980717539,1.5699803989748875
9.402256697882942,-4.496382661989824,1.5699803989748875
9.402260196790257,-4.492094407007652,1.5699803989748875
9.402263695697572,-4.48780615202548,1.5699803989748875
9.402266494823424,-4.4843755480397425,1.5699803989748875
9.402269293949276,-4.480944944054005,1.5699803989748875
9.402271813162542,-4.477857400466841,1.5699803989748875
9.402274332375809,-4.474769856879678,1.5699803989748875
9.402276319755165,-4.472334128049804,1.5699803989748875
9.402278307134521,-4.46989839921993,1.5699803989748875
9.402279645116678,-4.468258570514747,1.5699803989748875
9.402280983098835,-4.466618741809564,1.5699803989748875
9.402282053484562,-4.465306878845419,1.5699803989748875
9.402283016831715,-4.464126202177687,1.5699803989748875
9.402283980178868,-4.462945525509956,1.5699803989748875
9.402284847191307,-4.461882916508998,1.5699803989748875
9.402285663119036,-4.460882916841867,1.5699803989748875
9.402286479046765,-4.4598829171747365,1.5699803989748875
9.402287294974494,-4.458882917507606,1.5699803989748875
9.402288110902223,-4.457882917840475,1.5699803989748875
9.402328907288696,-4.407882934483929,1.5699803989748875
9.40236970367517,-4.357882951127383,1.5699803989748875
9.402402340784349,-4.317882964442147,1.5699803989748875
9.402434977893527,-4.27788297775691,1.5699803989748875
9.402461087580871,-4.245882988408721,1.5699803989748875
9.402487197268215,-4.213882999060532,1.5699803989748875
9.40250808501809,-4.188283007581981,1.5699803989748875
9.402528972767964,-4.162683016103429,1.5699803989748875
9.402545682967864,-4.142203022920588,1.5699803989748875
9.402562393167763,-4.121723029737748,1.5699803989748875
9.402575761327682,-4.1053390351914745,1.5699803989748875
9.402589129487602,-4.088955040645201,1.5699803989748875
9.402599824015537,-4.075847845008183,1.5699803989748875
9.402610518543472,-4.062740649371165,1.5699803989748875
9.402620143618615,-4.050944173297848,1.5699803989748875
9.402627736733448,-4.041638064395565,1.5699803989748875
9.402634570536799,-4.03326256638351,1.5699803989748875
9.40264140434015,-4.024887068371456,1.5699803989748875
9.40264687138283,-4.018186669961812,1.5699803989748875
9.40265233842551,-4.011486271552169,1.5699803989748875
9.402657258763922,-4.005455912983489,1.5699803989748875
9.402662179102334,-3.9994255544148096,1.5699803989748875
9.402666060702638,-3.9946682715439623,1.5699803989748875
9.402669942302941,-3.989910988673115,1.5699803989748875
9.402673331869403,-3.9857567416591357,1.5699803989748875
9.402676721435865,-3.9816024946451565,1.5699803989748875
9.402678995725621,-3.978815128906745,1.5699803989748875
9.402681270015377,-3.976027763168333,1.5699803989748875
9.402683544305132,-3.9732403974299215,1.5699803989748875
9.402685818594888,-3.97045303169151,1.5699803989748875
9.402688092884643,-3.967665665953098,1.5699803989748875
9.402688908812372,-3.966665666285967,1.5699803989748875
9.402689724740101,-3.965665666618836,1.5699803989748875
9.40269054066783,-3.964665666951705,1.5699803989748875
9.40269135659556,-3.963665667284574,1.5699803989748875
9.402692172523288,-3.962665667617443,1.5699803989748875
9.402692988451017,-3.961665667950312,1.5699803989748875
9.40273378483749,-3.9116656845937663,1.5699803989748875
9.402774581223964,-3.8616657012372206,1.5699803989748875
9.402807218333143,-3.821665714551984,1.5699803989748875
9.402836591731404,-3.7856657265352713,1.5699803989748875
9.402865965129665,-3.7496657385185586,1.5699803989748875
9.402889463848274,-3.7208657481051883,1.5699803989748875
9.402912962566882,-3.692065757691818,1.5699803989748875
9.402931761541769,-3.6690257653611216,1.5699803989748875
9.402950560516656,-3.645985773030425,1.5699803989748875
9.402965599696566,-3.627553779165868,1.5699803989748875
9.402980638876477,-3.609121785301311,1.5699803989748875
9.402994174138396,-3.5925329908232095,1.5699803989748875
9.403007709400315,-3.575944196345108,1.5699803989748875
9.403017033691858,-3.564516360149083,1.5699803989748875
9.403026357983402,-3.5530885239530576,1.5699803989748875
9.40303474984579,-3.5428034713766348,1.5699803989748875
9.40304314170818,-3.532518418800212,1.5699803989748875
9.403048922768937,-3.525433160358676,1.5699803989748875
9.403054703829694,-3.5183479019171404,1.5699803989748875
9.4030593286783,-3.5126796951639117,1.5699803989748875
9.403063953526905,-3.507011488410683,1.5699803989748875
9.40306765340579,-3.5024769230081,1.5699803989748875
9.403071353284675,-3.497942357605517,1.5699803989748875
9.403074313187783,-3.4943147052834505,1.5699803989748875
9.403077273090892,-3.490687052961384,1.5699803989748875
9.403079641013377,-3.487784931103731,1.5699803989748875
9.403082008935863,-3.484882809246078,1.5699803989748875
9.403083903273853,-3.4825611117599555,1.5699803989748875
9.403085797611842,-3.480239414273833,1.5699803989748875
9.403087313082233,-3.4783820562849352,1.5699803989748875
9.403088828552624,-3.4765246982960374,1.5699803989748875
9.403090192475977,-3.4748530761060294,1.5699803989748875
9.40309155639933,-3.4731814539160215,1.5699803989748875
9.403092495990972,-3.472029891962905,1.5699803989748875
9.40309334162345,-3.4709934862050997,1.5699803989748875
9.403094187255927,-3.4699570804472946,1.5699803989748875
9.403095003183656,-3.4689570807801635,1.5699803989748875
9.403095819111385,-3.4679570811130325,1.5699803989748875
9.403096635039114,-3.4669570814459014,1.5699803989748875
9.403097450966843,-3.4659570817787704,1.5699803989748875
9.403098266894572,-3.4649570821116393,1.5699803989748875
9.403139063281046,-3.4149570987550937,1.5699803989748875
9.40317985966752,-3.364957115398548,1.5699803989748875
9.403212496776698,-3.3249571287133115,1.5699803989748875
9.403245133885877,-3.284957142028075,1.5699803989748875
9.40327124357322,-3.2529571526798855,1.5699803989748875
9.403297353260564,-3.220957163331696,1.5699803989748875
9.403318241010439,-3.1953571718531446,1.5699803989748875
9.403339128760313,-3.169757180374593,1.5699803989748875
9.403355838960213,-3.149277187191752,1.5699803989748875
9.403372549160112,-3.1287971940089108,1.5699803989748875
9.403385917320032,-3.112413199462638,1.5699803989748875
9.403399285479951,-3.0960292049163654,1.5699803989748875
9.403409980007886,-3.082922009279347,1.5699803989748875
9.403420674535822,-3.0698148136423287,1.5699803989748875
9.403430299610964,-3.058018337569012,1.5699803989748875
9.403439924686106,-3.0462218614956953,1.5699803989748875
9.40344751780094,-3.0369157525934125,1.5699803989748875
9.403455110915774,-3.0276096436911297,1.5699803989748875
9.403460222900128,-3.021344404176635,1.5699803989748875
9.403465334884482,-3.01507916466214,1.5699803989748875
9.403470446868836,-3.008813925147645,1.5699803989748875
9.40347555885319,-3.0025486856331502,1.5699803989748875
9.403478626043801,-2.9987895419244532,1.5699803989748875
9.403481693234413,-2.9950303982157562,1.5699803989748875
9.403484146986903,-2.9920230832487986,1.5699803989748875
9.403486600739393,-2.989015768281841,1.5699803989748875
9.403488563741385,-2.986609916308275,1.5699803989748875
9.403490526743377,-2.984204064334709,1.5699803989748875
9.403492097144971,-2.9822793827558565,1.5699803989748875
9.403493510506404,-2.980547169334889,1.5699803989748875
9.403494923867838,-2.978814955913921,1.5699803989748875
9.403496054556985,-2.9774291851771473,1.5699803989748875
9.403497072177217,-2.976181991514051,1.5699803989748875
9.403498089797449,-2.9749347978509544,1.5699803989748875
9.403498905725177,-2.9739347981838233,1.5699803989748875
9.403499721652906,-2.9729347985166923,1.5699803989748875
9.403500537580635,-2.9719347988495612,1.5699803989748875
9.403501353508364,-2.97093479918243,1.5699803989748875
9.403502169436093,-2.969934799515299,1.5699803989748875
9.403542965822567,-2.9199348161587535,1.5699803989748875
9.40358376220904,-2.869934832802208,1.5699803989748875
9.403616399318219,-2.8299348461169713,1.5699803989748875
9.403649036427398,-2.789934859431735,1.5699803989748875
9.403681673536576,-2.7499348727464983,1.5699803989748875
9.403714310645755,-2.7099348860612618,1.5699803989748875
9.403733892911262,-2.6859348940501198,1.5699803989748875
9.40375151695022,-2.664334901240092,1.5699803989748875
9.403769140989176,-2.6427349084300644,1.5699803989748875
9.403785002624238,-2.6232949149010394,1.5699803989748875
9.4038008642593,-2.6038549213720144,1.5699803989748875
9.403811791163452,-2.5904629258297973,1.5699803989748875
9.403822718067605,-2.5770709302875803,1.5699803989748875
9.403831459590927,-2.5663573338538064,1.5699803989748875
9.40384020111425,-2.5556437374200325,1.5699803989748875
9.403847194332908,-2.5470728602730133,1.5699803989748875
9.403854187551566,-2.538501983125994,1.5699803989748875
9.403860481448358,-2.530788193693677,1.5699803989748875
9.403865446633606,-2.5247028709192936,1.5699803989748875
9.403870411818854,-2.5186175481449102,1.5699803989748875
9.403874383967052,-2.5137492899254035,1.5699803989748875
9.40387835611525,-2.5088810317058967,1.5699803989748875
9.403881533833808,-2.504986425130291,1.5699803989748875
9.403884711552365,-2.5010918185546855,1.5699803989748875
9.403887253727211,-2.497976133294201,1.5699803989748875
9.403889795902057,-2.4948604480337164,1.5699803989748875
9.403891829641934,-2.492367899825329,1.5699803989748875
9.40389386338181,-2.489875351616942,1.5699803989748875
9.403895490373712,-2.4878813130502317,1.5699803989748875
9.403897117365613,-2.4858872744835216,1.5699803989748875
9.403898418959134,-2.4842920436301537,1.5699803989748875
9.403899720552655,-2.4826968127767857,1.5699803989748875
9.403900761827472,-2.4814206280940914,1.5699803989748875
9.40390180310229,-2.480144443411397,1.5699803989748875
9.403902636122144,-2.4791234956652417,1.5699803989748875
9.403903469141998,-2.4781025479190864,1.5699803989748875
9.403904285069727,-2.4771025482519553,1.5699803989748875
9.403905100997456,-2.4761025485848243,1.5699803989748875
9.403905916925185,-2.475102548917693,1.5699803989748875
9.403906732852914,-2.474102549250562,1.5699803989748875
9.403947529239387,-2.4241025658940165,1.5699803989748875
9.40398832562586,-2.374102582537471,1.5699803989748875
9.404025042373688,-2.3291025975165796,1.5699803989748875
9.404061759121515,-2.2841026124956882,1.5699803989748875
9.404087052881128,-2.25310262281463,1.5699803989748875
9.40411234664074,-2.2221026331335714,1.5699803989748875
9.404132581648431,-2.197302641388725,1.5699803989748875
9.404152816656122,-2.1725026496438784,1.5699803989748875
9.404169004662275,-2.152662656248001,1.5699803989748875
9.404183573867813,-2.1348066621917114,1.5699803989748875
9.404198143073351,-2.1169506681354218,1.5699803989748875
9.404209798437781,-2.10266587289039,1.5699803989748875
9.404221453802212,-2.0883810776453586,1.5699803989748875
9.404230778093755,-2.0769532414493335,1.5699803989748875
9.404240102385298,-2.0655254052533083,1.5699803989748875
9.404247561818533,-2.056383136296488,1.5699803989748875
9.404255021251767,-2.047240867339668,1.5699803989748875
9.404260988798356,-2.0399270521742117,1.5699803989748875
9.404266956344944,-2.0326132370087553,1.5699803989748875
9.404272327136873,-2.0260308033598444,1.5699803989748875
9.40427656409495,-2.0208379945923705,1.5699803989748875
9.404280801053027,-2.0156451858248965,1.5699803989748875
9.404284614315296,-2.01097165793417,1.5699803989748875
9.404288427577566,-2.0062981300434433,1.5699803989748875
9.404291054491575,-2.0030785886076092,1.5699803989748875
9.404293681405584,-1.9998590471717754,1.5699803989748875
9.404296308319593,-1.9966395057359416,1.5699803989748875
9.404298935233601,-1.9934199643001078,1.5699803989748875
9.404300511382006,-1.9914882394386075,1.5699803989748875
9.40430208753041,-1.9895565145771072,1.5699803989748875
9.404303348449135,-1.988011134687907,1.5699803989748875
9.404304609367859,-1.9864657547987068,1.5699803989748875
9.404305870286583,-1.9849203749095066,1.5699803989748875
9.404307131205307,-1.9833749950203063,1.5699803989748875
9.404308139940287,-1.9821386911089462,1.5699803989748875
9.404309148675267,-1.9809023871975862,1.5699803989748875
9.404309964602996,-1.9799023875304553,1.5699803989748875
9.404310780530725,-1.9789023878633245,1.5699803989748875
9.404351576917199,-1.9289024045067789,1.5699803989748875
9.404392373303672,-1.8789024211502332,1.5699803989748875
9.40442501041285,-1.8389024344649967,1.5699803989748875
9.40445764752203,-1.7989024477797602,1.5699803989748875
9.404483757209373,-1.766902458431571,1.5699803989748875
9.404509866896717,-1.7349024690833816,1.5699803989748875
9.404530754646592,-1.7093024776048302,1.5699803989748875
9.404551642396466,-1.6837024861262788,1.5699803989748875
9.404568352596366,-1.6632224929434376,1.5699803989748875
9.404585062796265,-1.6427424997605964,1.5699803989748875
9.404601772996164,-1.6222625065777552,1.5699803989748875
9.404618483196064,-1.601782513394914,1.5699803989748875
9.404628509316003,-1.5894945174852093,1.5699803989748875
9.404638535435943,-1.5772065215755047,1.5699803989748875
9.404646556331894,-1.567376124847741,1.5699803989748875
9.404654577227845,-1.5575457281199772,1.5699803989748875
9.404660993944606,-1.549681410737766,1.5699803989748875
9.404667410661368,-1.541817093355555,1.5699803989748875
9.404673185706454,-1.5347392077115651,1.5699803989748875
9.40467896075154,-1.5276613220675752,1.5699803989748875
9.404682939115931,-1.5227854452906044,1.5699803989748875
9.404686917480323,-1.5179095685136337,1.5699803989748875
9.404690498008275,-1.51352127941436,1.5699803989748875
9.404694078536227,-1.5091329903150863,1.5699803989748875
9.404696545122151,-1.5061099467133643,1.5699803989748875
9.404699011708075,-1.5030869031116423,1.5699803989748875
9.404700984976813,-1.5006684682302647,1.5699803989748875
9.40470295824555,-1.498250033348887,1.5699803989748875
9.404704931514289,-1.4958315984675095,1.5699803989748875
9.404706904783026,-1.4934131635861319,1.5699803989748875
9.40470808874427,-1.4919621026573053,1.5699803989748875
9.404709272705514,-1.4905110417284788,1.5699803989748875
9.404710219874508,-1.4893501929854176,1.5699803989748875
9.404711167043502,-1.4881893442423564,1.5699803989748875
9.40471198297123,-1.4871893445752256,1.5699803989748875
9.40471279889896,-1.4861893449080947,1.5699803989748875
9.404713614826688,-1.485189345240964,1.5699803989748875
9.404714430754417,-1.484189345573833,1.5699803989748875
9.404715246682146,-1.4831893459067023,1.5699803989748875
9.404716062609875,-1.4821893462395714,1.5699803989748875
9.404756858996349,-1.4321893628830258,1.5699803989748875
9.404797655382822,-1.3821893795264801,1.5699803989748875
9.404830292492,-1.3421893928412436,1.5699803989748875
9.40486292960118,-1.302189406156007,1.5699803989748875
9.404889039288523,-1.2701894168078178,1.5699803989748875
9.404915148975867,-1.2381894274596286,1.5699803989748875
9.404936036725742,-1.2125894359810772,1.5699803989748875
9.404956924475616,-1.1869894445025257,1.5699803989748875
9.404977812225491,-1.1613894530239743,1.5699803989748875
9.404992433650403,-1.1434694589889882,1.5699803989748875
9.405007055075314,-1.125549464954002,1.5699803989748875
9.405018752215245,-1.1112134697260132,1.5699803989748875
9.405030449355175,-1.0968774744980243,1.5699803989748875
9.40503980706712,-1.0854086783156334,1.5699803989748875
9.405049164779063,-1.0739398821332424,1.5699803989748875
9.405056650948618,-1.0647648451873295,1.5699803989748875
9.405064137118172,-1.0555898082414166,1.5699803989748875
9.405070126053817,-1.0482497786846863,1.5699803989748875
9.405075516095897,-1.041643752083629,1.5699803989748875
9.405080906137977,-1.0350377254825718,1.5699803989748875
9.40508521817164,-1.029752904201726,1.5699803989748875
9.405089530205304,-1.02446808292088,1.5699803989748875
9.405092979832235,-1.0202402258962036,1.5699803989748875
9.405096429459165,-1.016012368871527,1.5699803989748875
9.40509918916071,-1.0126300832517858,1.5699803989748875
9.405101948862255,-1.0092477976320446,1.5699803989748875
9.405104432593644,-1.0062037405742774,1.5699803989748875
9.405106916325034,-1.0031596835165102,1.5699803989748875
9.405108627339992,-1.0010626664322706,1.5699803989748875
9.40511033835495,-0.998965649348031,1.5699803989748875
9.405112049369908,-0.9968686322637914,1.5699803989748875
9.405113418181875,-0.9951910185963997,1.5699803989748875
9.405114786993842,-0.993513404929008,1.5699803989748875
9.405115710941919,-0.9923810157035186,1.5699803989748875
9.405116634889996,-0.9912486264780291,1.5699803989748875
9.405117558838073,-0.9901162372525397,1.5699803989748875
9.405118374765802,-0.9891162375854088,1.5699803989748875
9.405119190693531,-0.9881162379182779,1.5699803989748875
9.40512000662126,-0.9871162382511469,1.5699803989748875
9.405120822548989,-0.986116238584016,1.5699803989748875
9.405161618935463,-0.9361162552274702,1.5699803989748875
9.405202415321936,-0.8861162718709245,1.5699803989748875
9.405239132069763,-0.8411162868500333,1.5699803989748875
9.40527584881759,-0.7961163018291421,1.5699803989748875
9.405304814251986,-0.7606163136459946,1.5699803989748875
9.405333779686382,-0.7251163254628471,1.5699803989748875
9.405356176902556,-0.6976663346001035,1.5699803989748875
9.40537857411873,-0.6702163437373599,1.5699803989748875
9.405395835069847,-0.6490613507792055,1.5699803989748875
9.405413096020963,-0.627906357821051,1.5699803989748875
9.40542639115535,-0.6116118632449863,1.5699803989748875
9.405439686289737,-0.5953173686689216,1.5699803989748875
9.405448596302136,-0.5843972723038853,1.5699803989748875
9.405457506314535,-0.573477175938849,1.5699803989748875
9.405464634324455,-0.5647410988468199,1.5699803989748875
9.405471762334374,-0.5560050217547908,1.5699803989748875
9.405478177543301,-0.5481425523719647,1.5699803989748875
9.405484592752229,-0.5402800829891387,1.5699803989748875
9.405489012118379,-0.5348637151920806,1.5699803989748875
9.405493431484528,-0.5294473473950226,1.5699803989748875
9.405497850850677,-0.5240309795979646,1.5699803989748875
9.405502270216827,-0.5186146118009066,1.5699803989748875
9.405505363773132,-0.514823154342966,1.5699803989748875
9.405508457329438,-0.5110316968850254,1.5699803989748875
9.405510490237866,-0.5085401676983787,1.5699803989748875
9.405512523146294,-0.5060486385117321,1.5699803989748875
9.40551435276388,-0.5038062622437501,1.5699803989748875
9.405516182381467,-0.5015638859757682,1.5699803989748875
9.405517625746452,-0.499794900253249,1.5699803989748875
9.405519069111437,-0.49802591453072986,1.5699803989748875
9.405520185178164,-0.49665806500726084,1.5699803989748875
9.40552130124489,-0.4952902154837918,1.5699803989748875
9.40552211717262,-0.4942902158166609,1.5699803989748875
9.405522933100348,-0.49329021614952995,1.5699803989748875
9.405523749028077,-0.492290216482399,1.5699803989748875
9.405524564955806,-0.4912902168152681,1.5699803989748875
9.405525380883535,-0.49029021714813714,1.5699803989748875
9.405526196811264,-0.4892902174810062,1.5699803989748875
9.405566993197738,-0.43929023412446044,1.5699803989748875
9.405607789584211,-0.3892902507679147,1.5699803989748875
9.405644506332038,-0.34429026574702354,1.5699803989748875
9.405681223079865,-0.2992902807261324,1.5699803989748875
9.405710188514261,-0.2637902925429849,1.5699803989748875
9.405739153948657,-0.22829030435983744,1.5699803989748875
9.405758654621392,-0.20439031231540858,1.5699803989748875
9.405778155294128,-0.18049032027097972,1.5699803989748875
9.405793755832315,-0.16137032663543663,1.5699803989748875
9.405809356370503,-0.14225033299989354,1.5699803989748875
9.405821836801053,-0.12695433809145906,1.5699803989748875
9.405834317231603,-0.11165834318302459,1.5699803989748875
9.405844301576042,-0.09942154725627701,1.5699803989748875
9.405854285920482,-0.08718475132952944,1.5699803989748875
9.405862273396034,-0.07739531458813137,1.5699803989748875
9.405870260871586,-0.0676058778467333,1.5699803989748875
9.405876650852028,-0.059774328453614856,1.5699803989748875
9.40588304083247,-0.05194277906049641,1.5699803989748875
9.405888152816823,-0.04567753954600165,1.5699803989748875
9.405893264801177,-0.03941230003150689,1.5699803989748875
9.40589735438866,-0.034400108419911084,1.5699803989748875
9.405901443976143,-0.02938791680831528,1.5699803989748875
9.405904715646129,-0.025378163519038634,1.5699803989748875
9.405907987316114,-0.02136841022976199,1.5699803989748875
9.405910604652103,-0.018160607598340678,1.5699803989748875
9.405913221988092,-0.014952804966919362,1.5699803989748875
9.405915315856882,-0.01238656286178231,1.5699803989748875
9.405917409725673,-0.009820320756645259,1.5699803989748875
9.405919084820706,-0.007767327072535617,1.5699803989748875
9.40592075991574,-0.005714333388425976,1.5699803989748875
9.40592226750127,-0.0038666390727272984,1.5699803989748875
9.4059237750868,-0.002018944757028621,1.5699803989748875
9.40592481364572,-0.0007460886728806436,1.5699803989748875
9.405925852204641,0.000526767411267334,1.5699803989748875
9.405926786907669,0.0016723378870005137,1.5699803989748875
9.405927721610697,0.0028179083627336934,1.5699803989748875
9.405928537538426,0.0038179080298646082,1.5699803989748875
9.405929353466155,0.004817907696995523,1.5699803989748875
9.405930169393883,0.005817907364126437,1.5699803989748875
9.405930985321612,0.0068179070312573515,1.5699803989748875
9.405971781708086,0.056817890387803084,1.5699803989748875
9.40601257809456,0.10681787374434881,1.5699803989748875
9.406049294842386,0.15181785876523998,1.5699803989748875
9.406086011590213,0.19681784378613115,1.5699803989748875
9.406111305349826,0.2278178334671895,1.5699803989748875
9.40613659910944,0.25881782314824786,1.5699803989748875
9.40615683411713,0.28361781489309457,1.5699803989748875
9.406177069124821,0.30841780663794127,1.5699803989748875
9.406193257130974,0.3282578000338186,1.5699803989748875
9.406209445137128,0.34809779342969593,1.5699803989748875
9.40622239554205,0.3639697881463978,1.5699803989748875
9.406235345946973,0.37984178286309966,1.5699803989748875
9.40624570627091,0.39253937863646116,1.5699803989748875
9.406256066594848,0.40523697440982265,1.5699803989748875
9.406265390886391,0.416664810605848,1.5699803989748875
9.406274715177934,0.4280926468018733,1.5699803989748875
9.406281138578775,0.43596515618135745,1.5699803989748875
9.406287561979616,0.4438376655608416,1.5699803989748875
9.40629270070029,0.4501356730644289,1.5699803989748875
9.406297839420963,0.45643368056801625,1.5699803989748875
9.406302464269569,0.46210188732124485,1.5699803989748875
9.406307089118174,0.46777009407447345,1.5699803989748875
9.406310737609852,0.47224167940202044,1.5699803989748875
9.40631438610153,0.47671326472956743,1.5699803989748875
9.40631684241001,0.47972371231628214,1.5699803989748875
9.406319298718492,0.48273415990299684,1.5699803989748875
9.406321263765276,0.4851425179723686,1.5699803989748875
9.406323228812061,0.4875508760417404,1.5699803989748875
9.40632480084949,0.48947756249723784,1.5699803989748875
9.406326372886918,0.49140424895273527,1.5699803989748875
9.406327630516861,0.49294559811713323,1.5699803989748875
9.406328888146804,0.4944869472815312,1.5699803989748875
9.406329894250758,0.49572002661304954,1.5699803989748875
9.406330900354712,0.4969531059445679,1.5699803989748875
9.406331805848271,0.4980628773429344,1.5699803989748875
9.40633271134183,0.49917264874130096,1.5699803989748875
9.40633352726956,0.5001726484084319,1.5699803989748875
9.406334343197289,0.5011726480755628,1.5699803989748875
9.406335159125017,0.5021726477426938,1.5699803989748875
9.406335975052746,0.5031726474098247,1.5699803989748875
9.40637677143922,0.5531726307663705,1.5699803989748875
9.406417567825693,0.6031726141229162,1.5699803989748875
9.406450204934872,0.6431726008081529,1.5699803989748875
9.406482842044051,0.6831725874933895,1.5699803989748875
9.406512215442312,0.7191725755101024,1.5699803989748875
9.406541588840573,0.7551725635268153,1.5699803989748875
9.40656476118809,0.7835725540733333,1.5699803989748875
9.406587933535606,0.8119725446198512,1.5699803989748875
9.406605851308546,0.8339325373100461,1.5699803989748875
9.406623769081486,0.855892530000241,1.5699803989748875
9.406635786065086,0.8706205250977451,1.5699803989748875
9.406647803048687,0.8853485201952492,1.5699803989748875
9.406657416635566,0.8971309162732525,1.5699803989748875
9.406667030222446,0.9089133123512557,1.5699803989748875
9.40667472109195,0.9183392292136584,1.5699803989748875
9.406682411961453,0.9277651460760611,1.5699803989748875
9.406688564657056,0.9353058795659832,1.5699803989748875
9.406694717352659,0.9428466130559053,1.5699803989748875
9.406699639509142,0.948879199847843,1.5699803989748875
9.406704561665626,0.9549117866397806,1.5699803989748875
9.40670899160646,0.9603411147525245,1.5699803989748875
9.406713421547293,0.9657704428652684,1.5699803989748875
9.406716916278395,0.9700535794875441,1.5699803989748875
9.406720411009497,0.9743367161098199,1.5699803989748875
9.406722763800294,0.9772202925963661,1.5699803989748875
9.406725116591092,0.9801038690829124,1.5699803989748875
9.40672699882373,0.9824107302721493,1.5699803989748875
9.406728881056369,0.9847175914613863,1.5699803989748875
9.40673038684248,0.9865630804127759,1.5699803989748875
9.40673189262859,0.9884085693641654,1.5699803989748875
9.40673309725748,0.9898849605252771,1.5699803989748875
9.406734301886368,0.9913613516863887,1.5699803989748875
9.406735386052368,0.9926901037313892,1.5699803989748875
9.406736470218368,0.9940188557763897,1.5699803989748875
9.406737286146097,0.9950188554435206,1.5699803989748875
9.406738102073826,0.9960188551106516,1.5699803989748875
9.406738918001555,0.9970188547777825,1.5699803989748875
9.406739733929284,0.9980188544449135,1.5699803989748875
9.406740549857012,0.9990188541120444,1.5699803989748875
9.406741365784741,1.0000188537791752,1.5699803989748875
9.406782162171215,1.0500188371357209,1.5699803989748875
9.406822958557688,1.1000188204922665,1.5699803989748875
9.406855595666867,1.140018807177503,1.5699803989748875
9.406888232776046,1.1800187938627396,1.5699803989748875
9.40691434246339,1.2120187832109288,1.5699803989748875
9.406940452150733,1.244018772559118,1.5699803989748875
9.406961339900608,1.2696187640376695,1.5699803989748875
9.406982227650483,1.295218755516221,1.5699803989748875
9.40700102662537,1.3182587478469172,1.5699803989748875
9.407019825600257,1.3412987401776135,1.5699803989748875
9.40703277600518,1.3571707348943154,1.5699803989748875
9.407045726410102,1.3730427296110173,1.5699803989748875
9.40705608673404,1.3857403253843787,1.5699803989748875
9.407066447057977,1.3984379211577402,1.5699803989748875
9.407074735317128,1.4085959977764295,1.5699803989748875
9.407083023576279,1.4187540743951188,1.5699803989748875
9.407089654183599,1.4268805356900702,1.5699803989748875
9.407096284790919,1.4350069969850217,1.5699803989748875
9.407101589276776,1.4415081660209828,1.5699803989748875
9.407106893762633,1.4480093350569438,1.5699803989748875
9.407111137351318,1.4532102702857128,1.5699803989748875
9.407115380940004,1.4584112055144818,1.5699803989748875
9.407118775810952,1.4625719536974968,1.5699803989748875
9.4071221706819,1.4667327018805119,1.5699803989748875
9.407124886578659,1.4700613004269238,1.5699803989748875
9.407127602475418,1.4733898989733358,1.5699803989748875
9.407129775192825,1.4760527778104655,1.5699803989748875
9.407131947910232,1.4787156566475952,1.5699803989748875
9.407133903355898,1.481112247601012,1.5699803989748875
9.407135858801565,1.4835088385544286,1.5699803989748875
9.407137205886357,1.485159823433449,1.5699803989748875
9.40713855297115,1.4868108083124696,1.5699803989748875
9.407139630638984,1.4881315962156858,1.5699803989748875
9.407140600540034,1.4893203053285804,1.5699803989748875
9.407141570441084,1.490509014441475,1.5699803989748875
9.40714244335203,1.4915788526430802,1.5699803989748875
9.407143316262975,1.4926486908446854,1.5699803989748875
9.407144132190703,1.4936486905118163,1.5699803989748875
9.407144948118432,1.494648690178947,1.5699803989748875
9.407145764046161,1.495648689846078,1.5699803989748875
9.40714657997389,1.4966486895132087,1.5699803989748875
9.407187376360364,1.5466486728697544,1.5699803989748875
9.407228172746837,1.5966486562263,1.5699803989748875
9.407264889494664,1.6416486412471911,1.5699803989748875
9.407301606242491,1.6866486262680822,1.5699803989748875
9.407326900002104,1.7176486159491406,1.5699803989748875
9.407352193761717,1.748648605630199,1.5699803989748875
9.40737495814537,1.7765485963431515,1.5699803989748875
9.407397722529023,1.804448587056104,1.5699803989748875
9.407413404659984,1.8236685806583601,1.5699803989748875
9.407429086790945,1.8428885742606163,1.5699803989748875
9.407443200708808,1.8601865685026469,1.5699803989748875
9.407457314626672,1.8774845627446775,1.5699803989748875
9.407467037547868,1.8894009587780762,1.5699803989748875
9.407476760469063,1.901317354811475,1.5699803989748875
9.407484538806019,1.9108504716381942,1.5699803989748875
9.407492317142975,1.9203835884649134,1.5699803989748875
9.40749853981254,1.9280100819262886,1.5699803989748875
9.407504762482105,1.9356365753876639,1.5699803989748875
9.407509740617757,1.9417377701567642,1.5699803989748875
9.407514718753408,1.9478389649258645,1.5699803989748875
9.40751870126193,1.9527199207411448,1.5699803989748875
9.407522683770452,1.957600876556425,1.5699803989748875
9.407525869777269,1.9615056412086491,1.5699803989748875
9.407529055784085,1.9654104058608732,1.5699803989748875
9.40753160458954,1.9685342175826526,1.5699803989748875
9.407534153394995,1.971658029304432,1.5699803989748875
9.407536192439357,1.9741570786818554,1.5699803989748875
9.40753823148372,1.976656128059279,1.5699803989748875
9.40753986271921,1.9786553675612177,1.5699803989748875
9.4075414939547,1.9806546070631565,1.5699803989748875
9.407542798943092,1.9822539986647074,1.5699803989748875
9.407544103931485,1.9838533902662583,1.5699803989748875
9.4075451479222,1.9851329035474992,1.5699803989748875
9.407546191912914,1.98641241682874,1.5699803989748875
9.407547027105485,1.9874360274537326,1.5699803989748875
9.407547862298056,1.9884596380787252,1.5699803989748875
9.407548678225785,1.989459637745856,1.5699803989748875
9.407549494153514,1.9904596374129868,1.5699803989748875
9.407550310081243,1.9914596370801176,1.5699803989748875
9.407551126008972,1.9924596367472485,1.5699803989748875
9.407591922395445,2.042459620103794,1.5699803989748875
9.407632718781919,2.0924596034603398,1.5699803989748875
9.407665355891098,2.1324595901455763,1.5699803989748875
9.407697993000276,2.172459576830813,1.5699803989748875
9.40772410268762,2.2044595661790023,1.5699803989748875
9.407750212374964,2.236459555527192,1.5699803989748875
9.407773711093572,2.265259545940562,1.5699803989748875
9.40779720981218,2.2940595363539322,1.5699803989748875
9.407813397818334,2.3138995297498095,1.5699803989748875
9.407829585824487,2.333739523145687,1.5699803989748875
9.40784253622941,2.349611517862389,1.5699803989748875
9.407855486634332,2.365483512579091,1.5699803989748875
9.40786584695827,2.3781811083524524,1.5699803989748875
9.407876207282207,2.390878704125814,1.5699803989748875
9.407884495541358,2.401036780744503,1.5699803989748875
9.40789278380051,2.4111948573631925,1.5699803989748875
9.40789941440783,2.419321318658144,1.5699803989748875
9.40790604501515,2.4274477799530954,1.5699803989748875
9.407911349501006,2.4339489489890562,1.5699803989748875
9.407916653986863,2.440450118025017,1.5699803989748875
9.407920897575549,2.445651053253786,1.5699803989748875
9.407925141164235,2.450851988482555,1.5699803989748875
9.40792896039405,2.455532830188447,1.5699803989748875
9.407932779623867,2.4602136718943393,1.5699803989748875
9.407935410648852,2.463438251736176,1.5699803989748875
9.407938041673837,2.4666628315780126,1.5699803989748875
9.407940146493825,2.469242495451482,1.5699803989748875
9.407942251313813,2.4718221593249514,1.5699803989748875
9.407944145651802,2.474143856811074,1.5699803989748875
9.407946039989792,2.4764655542971963,1.5699803989748875
9.407947344978185,2.478064945898747,1.5699803989748875
9.407948649966578,2.479664337500298,1.5699803989748875
9.407949693957292,2.480943850781539,1.5699803989748875
9.407950737948006,2.4822233640627798,1.5699803989748875
9.407951573140577,2.4832469746877726,1.5699803989748875
9.407952408333148,2.4842705853127653,1.5699803989748875
9.407953224260877,2.4852705849798964,1.5699803989748875
9.407954040188606,2.4862705846470274,1.5699803989748875
9.407954856116335,2.4872705843141585,1.5699803989748875
9.407955672044064,2.4882705839812895,1.5699803989748875
9.407956487971793,2.4892705836484206,1.5699803989748875
9.407957303899522,2.4902705833155516,1.5699803989748875
9.407998100285996,2.5402705666720973,1.5699803989748875
9.408034817033823,2.5852705516929886,1.5699803989748875
9.40807153378165,2.63027053671388,1.5699803989748875
9.408104578854694,2.6707705232326817,1.5699803989748875
9.408137623927738,2.7112705097514835,1.5699803989748875
9.408163692818695,2.7432204991163163,1.5699803989748875
9.408189761709652,2.775170488481149,1.5699803989748875
9.408207312315113,2.796680481321135,1.5699803989748875
9.408224862920575,2.8181904741611206,1.5699803989748875
9.408238903404943,2.8353984684331093,1.5699803989748875
9.408251539840874,2.850885663277899,1.5699803989748875
9.408264176276806,2.866372858122689,1.5699803989748875
9.408275549069144,2.880311333483,1.5699803989748875
9.408286921861482,2.8942498088433113,1.5699803989748875
9.40829475645176,2.903851869647081,1.5699803989748875
9.408302591042037,2.9134539304508507,1.5699803989748875
9.40830885871426,2.9211355790938667,1.5699803989748875
9.408315126386483,2.9288172277368827,1.5699803989748875
9.40832014052426,2.9349625466512954,1.5699803989748875
9.408325154662037,2.941107865565708,1.5699803989748875
9.40832916597226,2.9460241206972384,1.5699803989748875
9.408333177282483,2.9509403758287687,1.5699803989748875
9.40833638633066,2.954873379933993,1.5699803989748875
9.40833927447402,2.9584130836286944,1.5699803989748875
9.40834216261738,2.961952787323396,1.5699803989748875
9.408344473132068,2.964784550279157,1.5699803989748875
9.408346783646756,2.9676163132349185,1.5699803989748875
9.408348632058507,2.9698817235995274,1.5699803989748875
9.408350480470258,2.9721471339641363,1.5699803989748875
9.408351959199658,2.9739594622558236,1.5699803989748875
9.408353437929058,2.975771790547511,1.5699803989748875
9.408354916658459,2.9775841188391983,1.5699803989748875
9.408355951769039,2.978852748643379,1.5699803989748875
9.40835698687962,2.98012137844756,1.5699803989748875
9.408357918479142,2.9812631452713227,1.5699803989748875
9.408358850078665,2.9824049120950855,1.5699803989748875
9.408359666006394,2.9834049117622166,1.5699803989748875
9.408360481934123,2.9844049114293476,1.5699803989748875
9.408361297861852,2.9854049110964787,1.5699803989748875
9.40836211378958,2.9864049107636097,1.5699803989748875
9.408402910176054,3.0364048941201554,1.5699803989748875
9.408443706562528,3.086404877476701,1.5699803989748875
9.408476343671706,3.1264048641619375,1.5699803989748875
9.408508980780885,3.166404850847174,1.5699803989748875
9.408535090468229,3.1984048401953635,1.5699803989748875
9.408561200155573,3.230404829543553,1.5699803989748875
9.408582087905447,3.2560048210221044,1.5699803989748875
9.408602975655322,3.281604812500656,1.5699803989748875
9.408619685855221,3.302084805683497,1.5699803989748875
9.408634725035132,3.320516799548054,1.5699803989748875
9.408649764215042,3.338948793412611,1.5699803989748875
9.408664803394952,3.357380787277168,1.5699803989748875
9.408679842574863,3.375812781141725,1.5699803989748875
9.408688866082809,3.386871977460459,1.5699803989748875
9.408697889590755,3.397931173779193,1.5699803989748875
9.408705108397111,3.4067785308341803,1.5699803989748875
9.408712327203467,3.4156258878891674,1.5699803989748875
9.408718102248553,3.4227037735331574,1.5699803989748875
9.408723877293639,3.4297816591771473,1.5699803989748875
9.408729074834216,3.4361517562567383,1.5699803989748875
9.408734272374794,3.4425218533363293,1.5699803989748875
9.408737852902746,3.4469101424356032,1.5699803989748875
9.408741433430698,3.451298431534877,1.5699803989748875
9.40874429785306,3.454809062814296,1.5699803989748875
9.408747162275422,3.458319694093715,1.5699803989748875
9.40874945381331,3.4611281991172502,1.5699803989748875
9.4087517453512,3.4639367041407856,1.5699803989748875
9.408753578581512,3.4661835081596135,1.5699803989748875
9.408755411811825,3.4684303121784414,1.5699803989748875
9.408757061719106,3.4704524357953868,1.5699803989748875
9.408758711626387,3.472474559412332,1.5699803989748875
9.408759848229181,3.4738675779040054,1.5699803989748875
9.408760984831975,3.4752605963956786,1.5699803989748875
9.40876189411421,3.4763750111890173,1.5699803989748875
9.408762803396446,3.477489425982356,1.5699803989748875
9.408763621750458,3.478492399296361,1.5699803989748875
9.40876444010447,3.479495372610366,1.5699803989748875
9.408765256032199,3.480495372277497,1.5699803989748875
9.408766071959928,3.481495371944628,1.5699803989748875
9.408806868346401,3.531495355301174,1.5699803989748875
9.408847664732875,3.5814953386577195,1.5699803989748875
9.408880301842053,3.621495325342956,1.5699803989748875
9.408912938951232,3.6614953120281926,1.5699803989748875
9.408945576060411,3.701495298713429,1.5699803989748875
9.408971685747755,3.7334952880616186,1.5699803989748875
9.408997795435099,3.765495277409808,1.5699803989748875
9.40901803044279,3.7902952691546545,1.5699803989748875
9.40903826545048,3.8150952608995015,1.5699803989748875
9.409051842487898,3.83173525536056,1.5699803989748875
9.409065419525316,3.8483752498216184,1.5699803989748875
9.40907628115525,3.861687245390465,1.5699803989748875
9.409087142785186,3.874999240959312,1.5699803989748875
9.409095832089134,3.885648837414389,1.5699803989748875
9.409104521393083,3.8962984338694664,1.5699803989748875
9.409112341766635,3.905883070679036,1.5699803989748875
9.409119293209793,3.914402747843098,1.5699803989748875
9.40912624465295,3.92292242500716,1.5699803989748875
9.409132414058753,3.930483638490265,1.5699803989748875
9.409138583464555,3.9380448519733697,1.5699803989748875
9.409143362581727,3.943902130023662,1.5699803989748875
9.409148141698898,3.9497594080739544,1.5699803989748875
9.409150731111474,3.9529329878175674,1.5699803989748875
9.40915332052405,3.9561065675611804,1.5699803989748875
9.40915539205411,3.958645431356071,1.5699803989748875
9.40915746358417,3.9611842951509617,1.5699803989748875
9.40915912080822,3.963215386186874,1.5699803989748875
9.409160778032268,3.9652464772227862,1.5699803989748875
9.409162269533912,3.9670744591551075,1.5699803989748875
9.409163761035556,3.9689024410874287,1.5699803989748875
9.409164788514467,3.9701617175296944,1.5699803989748875
9.409165815993378,3.97142099397196,1.5699803989748875
9.409166637976506,3.9724284151257727,1.5699803989748875
9.409167459959635,3.9734358362795854,1.5699803989748875
9.409168275887364,3.9744358359467165,1.5699803989748875
9.409169091815093,3.9754358356138475,1.5699803989748875
9.409169907742822,3.9764358352809785,1.5699803989748875
9.40917072367055,3.9774358349481096,1.5699803989748875
9.40917153959828,3.9784358346152406,1.5699803989748875
9.409172355526009,3.9794358342823717,1.5699803989748875
9.409213151912482,4.029435817638918,1.5699803989748875
9.409253948298955,4.079435800995464,1.5699803989748875
9.409286585408134,4.1194357876807,1.5699803989748875
9.409319222517313,4.159435774365937,1.5699803989748875
9.409345332204657,4.191435763714126,1.5699803989748875
9.409371441892,4.223435753062315,1.5699803989748875
9.409392329641875,4.249035744540866,1.5699803989748875
9.40941321739175,4.274635736019418,1.5699803989748875
9.409429927591649,4.295115729202259,1.5699803989748875
9.409446637791548,4.315595722385099,1.5699803989748875
9.409460005951468,4.3319797169313725,1.5699803989748875
9.409473374111387,4.348363711477646,1.5699803989748875
9.409484068639323,4.361470907114664,1.5699803989748875
9.409493693714465,4.37326738318798,1.5699803989748875
9.409503318789607,4.3850638592612965,1.5699803989748875
9.40951101884972,4.39450104011995,1.5699803989748875
9.409518718909833,4.4039382209786035,1.5699803989748875
9.409525648963935,4.412431683751391,1.5699803989748875
9.409532579018038,4.420925146524179,1.5699803989748875
9.409537353055308,4.426776198656544,1.5699803989748875
9.409542127092578,4.432627250788909,1.5699803989748875
9.409545946322394,4.437308092494801,1.5699803989748875
9.40954976555221,4.441988934200693,1.5699803989748875
9.409552820936064,4.445733607565407,1.5699803989748875
9.409555876319917,4.44947828093012,1.5699803989748875
9.409558320627,4.452474019621891,1.5699803989748875
9.409560764934081,4.455469758313662,1.5699803989748875
9.409562720379748,4.457866349267079,1.5699803989748875
9.409564675825415,4.460262940220496,1.5699803989748875
9.409566240181947,4.462180212983229,1.5699803989748875
9.40956780453848,4.464097485745962,1.5699803989748875
9.409569056023706,4.465631303956149,1.5699803989748875
9.409570307508933,4.467165122166336,1.5699803989748875
9.409571558994159,4.468698940376523,1.5699803989748875
9.409572435033818,4.469772613123654,1.5699803989748875
9.409573311073476,4.470846285870785,1.5699803989748875
9.409574127001205,4.471846285537915,1.5699803989748875
9.409574942928934,4.472846285205046,1.5699803989748875
9.409575758856663,4.4738462848721765,1.5699803989748875
9.409576574784392,4.474846284539307,1.5699803989748875
9.409617371170865,4.524846267895853,1.5699803989748875
9.409658167557339,4.574846251252399,1.5699803989748875
9.409690804666518,4.614846237937636,1.5699803989748875
9.409723441775697,4.654846224622872,1.5699803989748875
9.40974955146304,4.686846213971061,1.5699803989748875
9.409775661150384,4.71884620331925,1.5699803989748875
9.409799159868992,4.747646193732621,1.5699803989748875
9.4098226585876,4.776446184145991,1.5699803989748875
9.409838846593754,4.796286177541869,1.5699803989748875
9.409855034599907,4.816126170937746,1.5699803989748875
9.40986798500483,4.831998165654448,1.5699803989748875
9.409880935409753,4.84787016037115,1.5699803989748875
9.409892590774183,4.862154955616181,1.5699803989748875
9.409904246138613,4.876439750861213,1.5699803989748875
9.409912275389665,4.886280387585568,1.5699803989748875
9.409920304640718,4.896121024309924,1.5699803989748875
9.409926728041558,4.903993533689408,1.5699803989748875
9.409933151442399,4.911866043068892,1.5699803989748875
9.409938290163073,4.9181640505724795,1.5699803989748875
9.409943428883746,4.924462058076067,1.5699803989748875
9.409947539860285,4.929500464078936,1.5699803989748875
9.409951650836824,4.934538870081806,1.5699803989748875
9.409954939618055,4.938569594884101,1.5699803989748875
9.409958228399287,4.942600319686397,1.5699803989748875
9.409960859424272,4.945824899528234,1.5699803989748875
9.409963227346758,4.948727021385887,1.5699803989748875
9.409965595269243,4.951629143243539,1.5699803989748875
9.409967489607233,4.953950840729662,1.5699803989748875
9.409969383945223,4.956272538215784,1.5699803989748875
9.409970899415613,4.9581298962046825,1.5699803989748875
9.409972414886004,4.959987254193581,1.5699803989748875
9.409973627262318,4.961473140584699,1.5699803989748875
9.40997483963863,4.962959026975818,1.5699803989748875
9.40997580953968,4.964147736088712,1.5699803989748875
9.409976779440731,4.965336445201607,1.5699803989748875
9.40997759536846,4.9663364448687375,1.5699803989748875
9.409978411296189,4.967336444535868,1.5699803989748875
9.409979227223918,4.968336444202999,1.5699803989748875
9.409980043151647,4.969336443870129,1.5699803989748875
9.409980859079376,4.97033644353726,1.5699803989748875
9.409981675007105,4.9713364432043905,1.5699803989748875
9.409981675007105,4.9713364432043905,1.7270600316543774
9.409981675007105,4.9713364432043905,1.884139664333867
9.409981675007105,4.9713364432043905,2.0098033704774587
9.409981675007105,4.9713364432043905,2.122900706006691
9.409981675007105,4.9713364432043905,2.2246883079830004
9.409981675007105,4.9713364432043905,2.3162971497616787
9.409981675007105,4.9713364432043905,2.398745107362489
9.409981675007105,4.9713364432043905,2.4729482692032185
9.409981675007105,4.9713364432043905,2.5397311148598756
9.409981675007105,4.9713364432043905,2.599835675950866
9.409981675007105,4.9713364432043905,2.6539297809327578
9.409981675007105,4.9713364432043905,2.7080238859146495
9.409981675007105,4.9713364432043905,2.756708580398352
9.409981675007105,4.9713364432043905,2.805393274882055
9.409981675007105,4.9713364432043905,2.8540779693657576
9.409981675007105,4.9713364432043905,2.8827478450061603
9.409981675007105,4.9713364432043905,2.911417720646563
9.409981675007105,4.9713364432043905,2.934353621158885
9.409981675007105,4.9713364432043905,2.9549959316199748
9.409981675007105,4.9713364432043905,2.9735740110349558
9.409981675007105,4.9713364432043905,2.9902942825084384
9.409981675007105,4.9713364432043905,3.005342526834573
9.409981675007105,4.9713364432043905,3.018885946728094
9.409981675007105,4.9713364432043905,3.0310750246322633
9.409981675007105,4.9713364432043905,3.042045194746015
9.409981675007105,4.9713364432043905,3.051918347848392
9.409981675007105,4.9713364432043905,3.060804185640531
9.409981675007105,4.9713364432043905,3.06969002343267
9.409981675007105,4.9713364432043905,3.0767986936663814
9.409981675007105,4.9713364432043905,3.0831964968767216
9.409981675007105,4.9713364432043905,3.089594300087062
9.409981675007105,4.9713364432043905,3.095992103297402
9.409981675007105,4.9713364432043905,3.10047056554464
9.409981675007105,4.9713364432043905,3.1045011815671546
9.409981675007105,4.9713364432043905,3.108531797589669
9.409981675007105,4.9713364432043905,3.1125624136121837
9.409981675007105,4.9713364432043905,3.116593029634698
9.409981675007105,4.9713364432043905,3.119011399248207
9.409981675007105,4.9713364432043905,3.1214297688617156
9.409981675007105,4.9713364432043905,3.1238481384752244
9.409981675007105,4.9713364432043905,3.12554099720468
9.409981675007105,4.9713364432043905,3.1270645700611905
9.409981675007105,4.9713364432043905,3.1284357856320497
9.409981675007105,4.9713364432043905,3.129669879645823
9.409981675007105,4.9713364432043905,3.1309039736595965
9.409981675007105,4.9713364432043905,3.131891248870615
9.409981675007105,4.9713364432043905,3.132878524081634
9.409981675007105,4.9713364432043905,3.133668344250449
9.409981675007105,4.9713364432043905,3.1344581644192644
9.409981675007105,4.9713364432043905,3.1352479845880796
9.409981675007105,4.9713364432043905,3.1358008587062502
9.409981675007105,4.9713364432043905,3.1362984454126037
9.409981675007105,4.9713364432043905,3.136796032118957
9.409981675007105,4.9713364432043905,3.13719410148404
9.409981675007105,4.9713364432043905,3.137552363912614
9.409981675007105,4.9713364432043905,3.137874800098331
9.409981675007105,4.9713364432043905,3.1381649926654767
9.409981675007105,4.9713364432043905,3.138455185232622
9.409981675007105,4.9713364432043905,3.138687339286338
9.409981675007105,4.9713364432043905,3.1388962779346827
9.409981675007105,4.9713364432043905,3.139084322718193
9.409981675007105,4.9713364432043905,3.1392723675017034
9.409981675007105,4.9713364432043905,3.1394604122852137
9.409981675007105,4.9713364432043905,3.139592043633671
9.409981675007105,4.9713364432043905,3.1397105118472823
9.409981675007105,4.9713364432043905,3.139828980060894
9.359981752770693,4.971424626835119,3.139828980060894
9.309981830534282,4.971512810465847,3.139828980060894
9.26498190052151,4.971592175733503,3.139828980060894
9.219981970508739,4.971671541001158,3.139828980060894
9.188982018722163,4.97172621485221,3.139828980060894
9.157982066935586,4.971780888703262,3.139828980060894
9.133182105506327,4.971824627784104,3.139828980060894
9.108382144077067,4.971868366864945,3.139828980060894
9.083582182647808,4.971912105945787,3.139828980060894
9.058782221218548,4.971955845026629,3.139828980060894
9.043902244360991,4.971982088475134,3.139828980060894
9.029022267503434,4.972008331923639,3.139828980060894
9.015630288331634,4.972031951027293,3.139828980060894
9.002238309159834,4.972055570130947,3.139828980060894
8.99301272350815,4.97207184106902,3.139828980060894
8.983787137856465,4.972088112007094,3.139828980060894
8.976406669335118,4.972101128757552,3.139828980060894
8.96902620081377,4.97211414550801,3.139828980060894
8.963121825996692,4.9721245589083765,3.139828980060894
8.957217451179615,4.972134972308743,3.139828980060894
8.952493951325952,4.9721433030290365,3.139828980060894
8.947770451472289,4.97215163374933,3.139828980060894
8.943991651589359,4.9721582983255646,3.139828980060894
8.940212851706429,4.972164962901799,3.139828980060894
8.936811931811791,4.972170961020411,3.139828980060894
8.93412898389491,4.972175692869538,3.139828980060894
8.931446035978029,4.9721804247186645,3.139828980060894
8.929299677644524,4.972184210197966,3.139828980060894
8.927153319311019,4.972187995677268,3.139828980060894
8.925436232644216,4.972191024060709,3.139828980060894
8.923890854644092,4.972193749605806,3.139828980060894
8.922345476643969,4.972196475150903,3.139828980060894
8.920954636443858,4.9721989281414904,3.139828980060894
8.919563796243747,4.972201381132078,3.139828980060894
8.918563797799019,4.972203144804692,3.139828980060894
8.91756379935429,4.972204908477306,3.139828980060894
8.916563800909563,4.9722066721499205,3.139828980060894
8.915563802464835,4.972208435822535,3.139828980060894
8.914563804020107,4.972210199495149,3.139828980060894
8.913563805575379,4.972211963167763,3.139828980060894
8.863563883338967,4.972300146798491,3.139828980060894
8.813563961102556,4.97238833042922,3.139828980060894
8.773564023313426,4.9724588773338025,3.139828980060894
8.733564085524296,4.9725294242383855,3.139828980060894
8.693564147735167,4.9725999711429685,3.139828980060894
8.653564209946037,4.9726705180475514,3.139828980060894
8.629564247272558,4.972712846190301,3.139828980060894
8.60556428459908,4.972755174333051,3.139828980060894
8.58396431819295,4.972793269661526,3.139828980060894
8.564764348054167,4.972827132175726,3.139828980060894
8.545564377915385,4.972860994689926,3.139828980060894
8.532364398444972,4.972884275168438,3.139828980060894
8.51916441897456,4.97290755564695,3.139828980060894
8.507284437451188,4.972928508077611,3.139828980060894
8.495404455927817,4.972949460508271,3.139828980060894
8.487220468656162,4.972963894404949,3.139828980060894
8.479036481384506,4.972978328301627,3.139828980060894
8.471670892840017,4.972991318808637,3.139828980060894
8.464305304295527,4.973004309315646,3.139828980060894
8.4592312321871,4.973013258331586,3.139828980060894
8.454157160078674,4.973022207347526,3.139828980060894
8.450097902391933,4.9730293665602785,3.139828980060894
8.446038644705192,4.973036525773031,3.139828980060894
8.441979387018451,4.973043684985783,3.139828980060894
8.438731980869058,4.973049412355985,3.139828980060894
8.435484574719665,4.9730551397261875,3.139828980060894
8.433292575568824,4.9730590057010735,3.139828980060894
8.431100576417984,4.9730628716759595,3.139828980060894
8.429346977097312,4.973065964455868,3.139828980060894
8.42759337777664,4.973069057235777,3.139828980060894
8.426015138388035,4.973071840737695,3.139828980060894
8.42443689899943,4.973074624239612,3.139828980060894
8.423349667420613,4.973076541763156,3.139828980060894
8.422262435841796,4.9730784592866994,3.139828980060894
8.421262437397068,4.973080222959314,3.139828980060894
8.42026243895234,4.973081986631928,3.139828980060894
8.419262440507612,4.973083750304542,3.139828980060894
8.418262442062884,4.973085513977156,3.139828980060894
8.368262519826473,4.973173697607884,3.139828980060894
8.318262597590062,4.973261881238613,3.139828980060894
8.278262659800932,4.973332428143196,3.139828980060894
8.242262715790716,4.97339592035732,3.139828980060894
8.2062627717805,4.973459412571445,3.139828980060894
8.173862822171305,4.9735165555641565,3.139828980060894
8.14146287256211,4.973573698556868,3.139828980060894
8.119142907275776,4.973613063729625,3.139828980060894
8.096822941989442,4.9736524289023825,3.139828980060894
8.078966969760375,4.973683921040588,3.139828980060894
8.061110997531307,4.973715413178794,3.139828980060894
8.046826219748052,4.973740606889359,3.139828980060894
8.032541441964797,4.9737658005999235,3.139828980060894
8.021113619738195,4.973785955568375,3.139828980060894
8.009685797511592,4.9738061105368265,3.139828980060894
7.9982579752849885,4.973826265505278,3.139828980060894
7.986830153058385,4.97384642047373,3.139828980060894
7.979973459722423,4.9738585134548,3.139828980060894
7.973116766386461,4.973870606435871,3.139828980060894
7.966945742384095,4.973881490118835,3.139828980060894
7.960774718381728,4.973892373801799,3.139828980060894
7.956523568513432,4.973899871450063,3.139828980060894
7.952272418645135,4.973907369098327,3.139828980060894
7.9484463837636685,4.973914116981764,3.139828980060894
7.944620348882202,4.973920864865202,3.139828980060894
7.9416020324757115,4.9739261881954695,3.139828980060894
7.938583716069221,4.973931511525737,3.139828980060894
7.936551666432175,4.973935095401607,3.139828980060894
7.934519616795129,4.9739386792774765,3.139828980060894
7.932893977085492,4.973941546378173,3.139828980060894
7.931430901346818,4.973944126768799,3.139828980060894
7.929967825608145,4.973946707159426,3.139828980060894
7.928797365017207,4.973948771471927,3.139828980060894
7.927626904426269,4.973950835784429,3.139828980060894
7.926626905981541,4.973952599457043,3.139828980060894
7.925626907536813,4.973954363129657,3.139828980060894
7.924626909092085,4.973956126802271,3.139828980060894
7.923626910647357,4.973957890474885,3.139828980060894
7.922626912202629,4.9739596541474995,3.139828980060894
7.872626989966217,4.974047837778228,3.139828980060894
7.827627059953446,4.974127203045883,3.139828980060894
7.782627129940676,4.974206568313539,3.139828980060894
7.742127192929182,4.974277997054429,3.139828980060894
7.701627255917688,4.974349425795319,3.139828980060894
7.67372729930977,4.974398632261265,3.139828980060894
7.645827342701852,4.974447838727212,3.139828980060894
7.6235073774155175,4.974487203899969,3.139828980060894
7.601187412129183,4.974526569072726,3.139828980060894
7.583331439900115,4.9745580612109315,3.139828980060894
7.565475467671047,4.974589553349137,3.139828980060894
7.551190689887793,4.974614747059702,3.139828980060894
7.536905912104539,4.974639940770267,3.139828980060894
7.525478089877936,4.974660095738718,3.139828980060894
7.514050267651332,4.97468025070717,3.139828980060894
7.503765227647389,4.9746983901787765,3.139828980060894
7.4934801876434465,4.974716529650383,3.139828980060894
7.486394937862952,4.974729025730823,3.139828980060894
7.479309688082458,4.9747415218112625,3.139828980060894
7.473641488258063,4.974751518675615,3.139828980060894
7.467973288433668,4.974761515539967,3.139828980060894
7.463438728574152,4.974769513031449,3.139828980060894
7.4589041687146365,4.97477751052293,3.139828980060894
7.455276520827024,4.974783908516115,3.139828980060894
7.451648872939411,4.9747903065093,3.139828980060894
7.448746754629321,4.974795424903848,3.139828980060894
7.44584463631923,4.974800543298397,3.139828980060894
7.443232729840149,4.97480514985349,3.139828980060894
7.440620823361068,4.974809756408584,3.139828980060894
7.438821510008812,4.974812929813204,3.139828980060894
7.437022196656556,4.974816103217824,3.139828980060894
7.4354028146395255,4.974818959281982,3.139828980060894
7.433783432622495,4.974821815346139,3.139828980060894
7.432667858344097,4.974823782857004,3.139828980060894
7.431552284065698,4.974825750367868,3.139828980060894
7.43055228562097,4.9748275140404825,3.139828980060894
7.429552287176242,4.974829277713097,3.139828980060894
7.428552288731514,4.974831041385711,3.139828980060894
7.427552290286786,4.974832805058325,3.139828980060894
7.377552368050374,4.974920988689053,3.139828980060894
7.332552438037603,4.975000353956709,3.139828980060894
7.287552508024833,4.9750797192243645,3.139828980060894
7.251552564014616,4.975143211438489,3.139828980060894
7.21915261440542,4.975200354431201,3.139828980060894
7.1867526647962245,4.975257497423913,3.139828980060894
7.160832705108868,4.975303211818082,3.139828980060894
7.134912745421512,4.975348926212252,3.139828980060894
7.114176777671627,4.975385497727588,3.139828980060894
7.093440809921742,4.975422069242924,3.139828980060894
7.076852035721834,4.975451326455193,3.139828980060894
7.060263261521926,4.975480583667462,3.139828980060894
7.046992242161999,4.975503989437277,3.139828980060894
7.033721222802073,4.9755273952070915,3.139828980060894
7.023104407314132,4.975546119822943,3.139828980060894
7.012487591826191,4.975564844438795,3.139828980060894
7.0039941394358385,4.975579824131477,3.139828980060894
6.995500687045486,4.975594803824158,3.139828980060894
6.988705925133204,4.975606787578304,3.139828980060894
6.981911163220922,4.975618771332449,3.139828980060894
6.975795877499868,4.97562955671118,3.139828980060894
6.969680591778814,4.9756403420899105,3.139828980060894
6.96356530605776,4.975651127468641,3.139828980060894
6.957450020336705,4.975661912847372,3.139828980060894
6.954460325095301,4.975667185699195,3.139828980060894
6.951470629853897,4.975672458551019,3.139828980060894
6.948779904136633,4.975677204117661,3.139828980060894
6.946657220515236,4.975680947842456,3.139828980060894
6.94453453689384,4.975684691567251,3.139828980060894
6.942836389996722,4.9756876865470865,3.139828980060894
6.941138243099604,4.975690681526922,3.139828980060894
6.93977972558191,4.975693077510791,3.139828980060894
6.938421208064216,4.97569547349466,3.139828980060894
6.93733439405006,4.975697390281756,3.139828980060894
6.936334395605332,4.97569915395437,3.139828980060894
6.935334397160604,4.975700917626984,3.139828980060894
6.934334398715876,4.975702681299598,3.139828980060894
6.933334400271148,4.975704444972212,3.139828980060894
6.93233440182642,4.9757062086448265,3.139828980060894
6.931334403381692,4.975707972317441,3.139828980060894
6.88133448114528,4.975796155948169,3.139828980060894
6.831334558908868,4.975884339578897,3.139828980060894
6.791334621119738,4.97595488648348,3.139828980060894
6.751334683330608,4.976025433388063,3.139828980060894
6.719334733099304,4.976081870911729,3.139828980060894
6.687334782868,4.976138308435395,3.139828980060894
6.6617348226829565,4.9761834584543285,3.139828980060894
6.636134862497913,4.976228608473262,3.139828980060894
6.615654894349879,4.976264728488408,3.139828980060894
6.595174926201844,4.976300848503554,3.139828980060894
6.578790951683417,4.976329744515671,3.139828980060894
6.56240697716499,4.976358640527788,3.139828980060894
6.549299797550248,4.9763817573374824,3.139828980060894
6.536192617935505,4.9764048741471765,3.139828980060894
6.525706874243712,4.976423367594931,3.139828980060894
6.515221130551918,4.9764418610426855,3.139828980060894
6.506832535598483,4.97645665580089,3.139828980060894
6.498443940645048,4.976471450559094,3.139828980060894
6.4917330646823,4.976483286365657,3.139828980060894
6.485022188719553,4.976495122172221,3.139828980060894
6.479653487949355,4.976504590817471,3.139828980060894
6.4742847871791565,4.976514059462721,3.139828980060894
6.469989826562998,4.976521634378921,3.139828980060894
6.465694865946839,4.976529209295121,3.139828980060894
6.4622588974539115,4.976535269228082,3.139828980060894
6.458822928960984,4.9765413291610425,3.139828980060894
6.4557305573173505,4.976546783100707,3.139828980060894
6.452638185673717,4.976552237040371,3.139828980060894
6.450198648043739,4.976556539592773,3.139828980060894
6.447759110413761,4.976560842145174,3.139828980060894
6.445628809948147,4.976564599303609,3.139828980060894
6.4434985094825326,4.976568356462044,3.139828980060894
6.442282176636036,4.976570501678312,3.139828980060894
6.44106584378954,4.97657264689458,3.139828980060894
6.440065845344812,4.976574410567194,3.139828980060894
6.439065846900084,4.976576174239808,3.139828980060894
6.438065848455356,4.976577937912422,3.139828980060894
6.437065850010628,4.976579701585036,3.139828980060894
6.4360658515659,4.9765814652576505,3.139828980060894
6.435065853121172,4.976583228930265,3.139828980060894
6.3850659308847595,4.976671412560993,3.139828980060894
6.335066008648347,4.976759596191721,3.139828980060894
6.295066070859217,4.976830143096304,3.139828980060894
6.255066133070088,4.976900690000887,3.139828980060894
6.223066182838783,4.976957127524553,3.139828980060894
6.191066232607479,4.977013565048219,3.139828980060894
6.165466272422436,4.977058715067153,3.139828980060894
6.139866312237393,4.977103865086086,3.139828980060894
6.119386344089358,4.977139985101232,3.139828980060894
6.098906375941324,4.977176105116378,3.139828980060894
6.082522401422897,4.977205001128495,3.139828980060894
6.06613842690447,4.9772338971406125,3.139828980060894
6.053031247289727,4.9772570139503065,3.139828980060894
6.039924067674985,4.9772801307600005,3.139828980060894
6.029438323983191,4.977298624207755,3.139828980060894
6.018952580291398,4.9773171176555095,3.139828980060894
6.008466836599604,4.977335611103264,3.139828980060894
5.997981092907811,4.977354104551019,3.139828980060894
5.991689646692734,4.977365200619672,3.139828980060894
5.985398200477658,4.977376296688325,3.139828980060894
5.979106754262581,4.977387392756978,3.139828980060894
5.9747027419120275,4.9773951600050355,3.139828980060894
5.970298729561474,4.977402927253093,3.139828980060894
5.9663351184459765,4.977409917776344,3.139828980060894
5.962371507330479,4.9774169082995945,3.139828980060894
5.959641019673136,4.97742172399339,3.139828980060894
5.956910532015794,4.977426539687186,3.139828980060894
5.954726141889919,4.977430392242222,3.139828980060894
5.952541751764045,4.977434244797258,3.139828980060894
5.950575800650758,4.9774377120967905,3.139828980060894
5.948609849537471,4.977441179396323,3.139828980060894
5.947255527659428,4.977443567980446,3.139828980060894
5.945901205781386,4.977445956564568,3.139828980060894
5.944817748278952,4.9774478674318665,3.139828980060894
5.9437342907765185,4.977449778299165,3.139828980060894
5.9427342923317905,4.977451541971779,3.139828980060894
5.9417342938870625,4.977453305644393,3.139828980060894
5.940734295442335,4.977455069317007,3.139828980060894
5.939734296997607,4.977456832989621,3.139828980060894
5.938734298552879,4.977458596662236,3.139828980060894
5.888734376316466,4.977546780292964,3.139828980060894
5.838734454080054,4.977634963923692,3.139828980060894
5.798734516290924,4.977705510828275,3.139828980060894
5.7587345785017945,4.977776057732858,3.139828980060894
5.72673462827049,4.977832495256524,3.139828980060894
5.697934673062317,4.977883289027823,3.139828980060894
5.669134717854144,4.9779340827991225,3.139828980060894
5.646094753687605,4.977974717816163,3.139828980060894
5.623054789521067,4.978015352833203,3.139828980060894
5.604622818187836,4.978047860846835,3.139828980060894
5.5880340439879275,4.978077118059104,3.139828980060894
5.571445269788019,4.978106375271373,3.139828980060894
5.558174250428093,4.978129781041187,3.139828980060894
5.544903231068166,4.978153186811002,3.139828980060894
5.534286415580225,4.978171911426854,3.139828980060894
5.523669600092284,4.978190636042705,3.139828980060894
5.515176147701932,4.978205615735387,3.139828980060894
5.5066826953115795,4.978220595428069,3.139828980060894
5.499887933399298,4.978232579182214,3.139828980060894
5.493772647678243,4.978243364560945,3.139828980060894
5.487657361957189,4.9782541499396755,3.139828980060894
5.4827651333803455,4.9782627782426605,3.139828980060894
5.477872904803502,4.9782714065456455,3.139828980060894
5.473469899084343,4.978279172018332,3.139828980060894
5.469066893365183,4.978286937491018,3.139828980060894
5.464663887646024,4.978294702963704,3.139828980060894
5.460260881926865,4.97830246843639,3.139828980060894
5.4558578762077055,4.978310233909077,3.139828980060894
5.451454870488546,4.978317999381763,3.139828980060894
5.450182891058567,4.978320242740539,3.139828980060894
5.448910911628588,4.978322486099315,3.139828980060894
5.447766130141607,4.978324505122213,3.139828980060894
5.446766131696879,4.978326268794827,3.139828980060894
5.445766133252151,4.9783280324674415,3.139828980060894
5.444766134807423,4.978329796140056,3.139828980060894
5.4437661363626955,4.97833155981267,3.139828980060894
5.4427661379179675,4.978333323485284,3.139828980060894
5.392766215681555,4.978421507116012,3.139828980060894
5.342766293445143,4.9785096907467405,3.139828980060894
5.302766355656013,4.9785802376513235,3.139828980060894
5.262766417866883,4.9786507845559065,3.139828980060894
5.230766467635579,4.9787072220795725,3.139828980060894
5.198766517404275,4.9787636596032385,3.139828980060894
5.173166557219232,4.978808809622172,3.139828980060894
5.147566597034189,4.978853959641105,3.139828980060894
5.127086628886154,4.978890079656251,3.139828980060894
5.1066066607381195,4.978926199671397,3.139828980060894
5.090222686219692,4.9789550956835145,3.139828980060894
5.073838711701265,4.978983991695632,3.139828980060894
5.060731532086523,4.979007108505326,3.139828980060894
5.0476243524717805,4.97903022531502,3.139828980060894
5.035827890818513,4.9790510304437445,3.139828980060894
5.026521793292046,4.979067443378627,3.139828980060894
5.01721569576558,4.979083856313509,3.139828980060894
5.009770817744406,4.979096986661415,3.139828980060894
5.0023259397232325,4.979110117009321,3.139828980060894
4.996370037306294,4.979120621287645,3.139828980060894
4.990414134889355,4.97913112556597,3.139828980060894
4.985649412955804,4.97913952898863,3.139828980060894
4.980884691022253,4.97914793241129,3.139828980060894
4.977072913475412,4.979154655149418,3.139828980060894
4.973261135928571,4.979161377887546,3.139828980060894
4.970211713891099,4.979166756078048,3.139828980060894
4.967162291853627,4.979172134268551,3.139828980060894
4.964417812019901,4.979176974640003,3.139828980060894
4.961673332186176,4.979181815011455,3.139828980060894
4.9597826905229425,4.979185149489567,3.139828980060894
4.958081113026033,4.979188150519867,3.139828980060894
4.956379535529123,4.979191151550168,3.139828980060894
4.9550182735315955,4.979193552374408,3.139828980060894
4.953657011534068,4.979195953198648,3.139828980060894
4.952568001936045,4.97919787385804,3.139828980060894
4.951478992338023,4.979199794517433,3.139828980060894
4.950478993893295,4.979201558190047,3.139828980060894
4.949478995448567,4.979203321862661,3.139828980060894
4.948478997003839,4.979205085535275,3.139828980060894
4.947478998559111,4.979206849207889,3.139828980060894
4.897479076322699,4.979295032838618,3.139828980060894
4.847479154086287,4.979383216469346,3.139828980060894
4.807479216297157,4.979453763373929,3.139828980060894
4.767479278508027,4.979524310278512,3.139828980060894
4.735479328276723,4.979580747802178,3.139828980060894
4.703479378045419,4.979637185325844,3.139828980060894
4.6778794178603755,4.979682335344777,3.139828980060894
4.652279457675332,4.979727485363711,3.139828980060894
4.631799489527298,4.9797636053788565,3.139828980060894
4.611319521379263,4.9797997253940025,3.139828980060894
4.594935546860836,4.97982862140612,3.139828980060894
4.578551572342409,4.979857517418237,3.139828980060894
4.562167597823982,4.979886413430354,3.139828980060894
4.545783623305555,4.979915309442472,3.139828980060894
4.534314841142655,4.979935536650954,3.139828980060894
4.522846058979756,4.9799557638594365,3.139828980060894
4.515309430701279,4.97996905602501,3.139828980060894
4.507772802422803,4.979982348190584,3.139828980060894
4.501743499800021,4.979992981923043,3.139828980060894
4.495714197177239,4.980003615655502,3.139828980060894
4.490890755079015,4.980012122641469,3.139828980060894
4.48606731298079,4.980020629627436,3.139828980060894
4.4817262150923876,4.980028285914806,3.139828980060894
4.478301571202648,4.980034325874843,3.139828980060894
4.474876927312908,4.98004036583488,3.139828980060894
4.472137212201116,4.98004519780291,3.139828980060894
4.469397497089324,4.980050029770939,3.139828980060894
4.467205724999891,4.980053895345362,3.139828980060894
4.465013952910458,4.980057760919785,3.139828980060894
4.463260535238911,4.9800608533793245,3.139828980060894
4.461507117567364,4.980063945838864,3.139828980060894
4.460104383430126,4.980066419806494,3.139828980060894
4.458701649292888,4.980068893774125,3.139828980060894
4.457579461983099,4.98007087294823,3.139828980060894
4.456457274673309,4.980072852122334,3.139828980060894
4.455457276228581,4.9800746157949485,3.139828980060894
4.454457277783853,4.980076379467563,3.139828980060894
4.453457279339125,4.980078143140177,3.139828980060894
4.452457280894397,4.980079906812791,3.139828980060894
4.402457358657985,4.980168090443519,3.139828980060894
4.352457436421573,4.9802562740742475,3.139828980060894
4.312457498632443,4.9803268209788305,3.139828980060894
4.272457560843313,4.9803973678834135,3.139828980060894
4.2324576230541835,4.980467914787996,3.139828980060894
4.204457666601793,4.980517297621204,3.139828980060894
4.179257705794641,4.9805617421710915,3.139828980060894
4.154057744987489,4.980606186720979,3.139828980060894
4.133897776341768,4.980641742360889,3.139828980060894
4.1137378076960465,4.980677298000798,3.139828980060894
4.09760983277947,4.980705742512726,3.139828980060894
4.081481857862893,4.980734187024654,3.139828980060894
4.068579477929631,4.980756942634197,3.139828980060894
4.0556770979963686,4.980779698243739,3.139828980060894
4.045355194049759,4.980797902731373,3.139828980060894
4.03503329010315,4.980816107219007,3.139828980060894
4.026775766945862,4.980830670809114,3.139828980060894
4.0185182437885745,4.980845234399221,3.139828980060894
4.0110864729470155,4.980858341630317,3.139828980060894
4.0036547021054565,4.980871448861413,3.139828980060894
3.9977918606637823,4.98088178901039,3.139828980060894
3.991929019222108,4.980892129159366,3.139828980060894
3.9873956390087573,4.980900124570335,3.139828980060894
3.9828622587954063,4.9809081199813035,3.139828980060894
3.9798218387688933,4.980913482295181,3.139828980060894
3.9767814187423802,4.980918844609058,3.139828980060894
3.9743490827211696,4.98092313446016,3.139828980060894
3.971916746699959,4.980927424311262,3.139828980060894
3.9699708778829907,4.980930856192144,3.139828980060894
3.9680250090660225,4.980934288073025,3.139828980060894
3.966273727130751,4.9809373767658185,3.139828980060894
3.9645224451954792,4.980940465458612,3.139828980060894
3.963316006528959,4.980942593224758,3.139828980060894
3.9621095678624387,4.980944720990904,3.139828980060894
3.9611095694177103,4.9809464846635185,3.139828980060894
3.960109570972982,4.980948248336133,3.139828980060894
3.9591095725282535,4.980950012008747,3.139828980060894
3.958109574083525,4.980951775681361,3.139828980060894
3.9571095756387966,4.980953539353975,3.139828980060894
3.956109577194068,4.980955303026589,3.139828980060894
3.906109654957656,4.981043486657318,3.139828980060894
3.8561097327212437,4.981131670288046,3.139828980060894
3.8111098027084727,4.9812110355557015,3.139828980060894
3.7661098726957016,4.981290400823357,3.139828980060894
3.735109920909126,4.981345074674409,3.139828980060894
3.70410996912255,4.981399748525461,3.139828980060894
3.6793100076932896,4.9814434876063025,3.139828980060894
3.654510046264029,4.981487226687144,3.139828980060894
3.6297100848347688,4.981530965767986,3.139828980060894
3.6049101234055083,4.9815747048488275,3.139828980060894
3.590030146547952,4.9816009482973325,3.139828980060894
3.575150169690396,4.9816271917458375,3.139828980060894
3.5632461882043507,4.981648186504641,3.139828980060894
3.5513422067183056,4.981669181263444,3.139828980060894
3.540628623380865,4.981688076546368,3.139828980060894
3.5299150400434245,4.981706971829291,3.139828980060894
3.5225345715220766,4.981719988579749,3.139828980060894
3.5151541030007287,4.981733005330207,3.139828980060894
3.507773634479381,4.981746022080665,3.139828980060894
3.500393165958033,4.981759038831123,3.139828980060894
3.495964884845224,4.9817668488813975,3.139828980060894
3.491536603732415,4.9817746589316725,3.139828980060894
3.487993978842168,4.981780906971893,3.139828980060894
3.484451353951921,4.981787155012113,3.139828980060894
3.4816172540397234,4.981792153444289,3.139828980060894
3.478783154127526,4.9817971518764645,3.139828980060894
3.476515874197768,4.981801150622205,3.139828980060894
3.47424859426801,4.981805149367946,3.139828980060894
3.472434770324204,4.981808348364539,3.139828980060894
3.4706209463803974,4.981811547361132,3.139828980060894
3.4691698872253522,4.9818141065584065,3.139828980060894
3.467718828070307,4.981816665755681,3.139828980060894
3.4664128748307665,4.9818189690332275,3.139828980060894
3.465106921591226,4.981821272310774,3.139828980060894
3.464076669591144,4.981823089340838,3.139828980060894
3.4630464175910616,4.981824906370902,3.139828980060894
3.462046419146333,4.9818266700435165,3.139828980060894
3.4610464207016047,4.981828433716131,3.139828980060894
3.4110464984651925,4.981916617346859,3.139828980060894
3.3610465762287802,4.982004800977587,3.139828980060894
3.3210466384396504,4.98207534788217,3.139828980060894
3.2810467006505206,4.982145894786753,3.139828980060894
3.249046750419217,4.982202332310419,3.139828980060894
3.217046800187913,4.982258769834085,3.139828980060894
3.19144684000287,4.982303919853019,3.139828980060894
3.1658468798178268,4.982349069871952,3.139828980060894
3.145366911669792,4.982385189887098,3.139828980060894
3.1248869435217577,4.982421309902244,3.139828980060894
3.10850296900333,4.982450205914361,3.139828980060894
3.0921189944849026,4.9824791019264785,3.139828980060894
3.077373417418318,4.982505108337384,3.139828980060894
3.062627840351733,4.98253111474829,3.139828980060894
3.052469776150308,4.982549030275802,3.139828980060894
3.0423117119488827,4.982566945803314,3.139828980060894
3.034185260587743,4.982581278225324,3.139828980060894
3.026058809226603,4.982595610647334,3.139828980060894
3.019557648137691,4.982607076584943,3.139828980060894
3.013056487048779,4.982618542522551,3.139828980060894
3.007855558177649,4.9826277152726375,3.139828980060894
3.0026546293065195,4.982636888022724,3.139828980060894
2.9984938862096158,4.982644226222793,3.139828980060894
2.994333143112712,4.982651564422862,3.139828980060894
2.991004548635189,4.982657434982917,3.139828980060894
2.9880088136054184,4.982662718486966,3.139828980060894
2.9850130785756477,4.982668001991016,3.139828980060894
2.9826164905518313,4.9826722287942555,3.139828980060894
2.980219902528015,4.982676455597495,3.139828980060894
2.978302632108962,4.982679837040087,3.139828980060894
2.9763853616899087,4.982683218482679,3.139828980060894
2.974851545354666,4.982685923636752,3.139828980060894
2.9733177290194233,4.982688628790825,3.139828980060894
2.971937294317705,4.982691063429491,3.139828980060894
2.9708482847196827,4.982692984088883,3.139828980060894
2.9697592751216604,4.982694904748276,3.139828980060894
2.968759276676932,4.98269666842089,3.139828980060894
2.9677592782322035,4.982698432093504,3.139828980060894
2.966759279787475,4.982700195766118,3.139828980060894
2.9657592813427467,4.9827019594387325,3.139828980060894
2.9157593591063344,4.982790143069461,3.139828980060894
2.865759436869922,4.982878326700189,3.139828980060894
2.8257594990807924,4.982948873604772,3.139828980060894
2.7857595612916626,4.983019420509355,3.139828980060894
2.7497596172814456,4.9830829127234795,3.139828980060894
2.7137596732712286,4.983146404937604,3.139828980060894
2.688959711841968,4.983190144018446,3.139828980060894
2.6641597504127077,4.983233883099287,3.139828980060894
2.6443197812692993,4.983268874363961,3.139828980060894
2.624479812125891,4.983303865628634,3.139828980060894
2.6086078368111645,4.983331858640373,3.139828980060894
2.592735861496438,4.983359851652112,3.139828980060894
2.5800382812446565,4.9833822460615025,3.139828980060894
2.567340700992875,4.983404640470893,3.139828980060894
2.55718263679145,4.983422555998406,3.139828980060894
2.5470245725900247,4.983440471525918,3.139828980060894
2.538898121228885,4.983454803947928,3.139828980060894
2.530771669867745,4.983469136369938,3.139828980060894
2.524270508778833,4.983480602307546,3.139828980060894
2.517769347689921,4.9834920682451544,3.139828980060894
2.512568418818791,4.983501240995241,3.139828980060894
2.5073674899476615,4.983510413745328,3.139828980060894
2.5032067468507577,4.983517751945397,3.139828980060894
2.499046003753854,4.9835250901454655,3.139828980060894
2.495717409276331,4.9835309607055205,3.139828980060894
2.492388814798808,4.9835368312655755,3.139828980060894
2.4897259392167896,4.98354152771362,3.139828980060894
2.4870630636347713,4.983546224161665,3.139828980060894
2.4849327631691565,4.9835499813201,3.139828980060894
2.4828024627035417,4.983553738478535,3.139828980060894
2.48109822233105,4.983556744205283,3.139828980060894
2.479393981958558,4.983559749932032,3.139828980060894
2.4780305896605648,4.9835621545134305,3.139828980060894
2.4766671973625716,4.983564559094829,3.139828980060894
2.475576483524177,4.983566482759948,3.139828980060894
2.4744857696857823,4.983568406425067,3.139828980060894
2.473485771241054,4.983570170097681,3.139828980060894
2.4724857727963254,4.983571933770295,3.139828980060894
2.471485774351597,4.9835736974429095,3.139828980060894
2.4704857759068686,4.983575461115524,3.139828980060894
2.4204858536704563,4.983663644746252,3.139828980060894
2.3754859236576853,4.9837430100139075,3.139828980060894
2.3304859936449143,4.983822375281563,3.139828980060894
2.2944860496346973,4.983885867495688,3.139828980060894
2.2584861056244803,4.983949359709812,3.139828980060894
2.229686150416307,4.984000153481111,3.139828980060894
2.2008861952081338,4.984050947252411,3.139828980060894
2.1749662355207775,4.98409666164658,3.139828980060894
2.1490462758334212,4.98414237604075,3.139828980060894
2.131190303604354,4.984173868178956,3.139828980060894
2.1133343313752864,4.984205360317161,3.139828980060894
2.099049553592032,4.984230554027726,3.139828980060894
2.084764775808778,4.984255747738291,3.139828980060894
2.073336953582175,4.9842759027067425,3.139828980060894
2.0619091313555717,4.984296057675194,3.139828980060894
2.052766873574289,4.984312181649956,3.139828980060894
2.0436246157930062,4.984328305624717,3.139828980060894
2.03631080956798,4.984341204804526,3.139828980060894
2.028997003342954,4.984354103984335,3.139828980060894
2.023145958362933,4.984364423328182,3.139828980060894
2.017294913382912,4.984374742672029,3.139828980060894
2.0120289729008936,4.9843840300814914,3.139828980060894
2.007874730965079,4.984391356815623,3.139828980060894
2.003720489029264,4.984398683549754,3.139828980060894
2.0003970954806123,4.9844045449370595,3.139828980060894
1.9970737019319604,4.984410406324365,3.139828980060894
1.994414987093039,4.984415095434209,3.139828980060894
1.9917562722541176,4.984419784544054,3.139828980060894
1.9890975574151961,4.984424473653898,3.139828980060894
1.9864388425762747,4.9844291627637425,3.139828980060894
1.9848436136729217,4.984431976229649,3.139828980060894
1.9832483847695688,4.984434789695555,3.139828980060894
1.9818126787565513,4.984437321814871,3.139828980060894
1.9803769727435339,4.984439853934187,3.139828980060894
1.9792443602221534,4.984441851494981,3.139828980060894
1.978111747700773,4.984443849055774,3.139828980060894
1.9771117492560448,4.984445612728388,3.139828980060894
1.9761117508113166,4.984447376401002,3.139828980060894
1.9751117523665884,4.984449140073616,3.139828980060894
1.9741117539218602,4.984450903746231,3.139828980060894
1.924111831685448,4.984539087376959,3.139828980060894
1.8741119094490357,4.984627271007687,3.139828980060894
1.834111971659906,4.98469781791227,3.139828980060894
1.7941120338707761,4.984768364816853,3.139828980060894
1.7621120836394724,4.984824802340519,3.139828980060894
1.7301121334081686,4.984881239864185,3.139828980060894
1.7045121732231254,4.984926389883118,3.139828980060894
1.6789122130380822,4.984971539902052,3.139828980060894
1.6558722488715434,4.985012174919092,3.139828980060894
1.6328322847050045,4.985052809936132,3.139828980060894
1.6169603093902778,4.985080802947871,3.139828980060894
1.601088334075551,4.98510879595961,3.139828980060894
1.5883907538237698,4.9851311903690005,3.139828980060894
1.5756931735719886,4.985153584778391,3.139828980060894
1.5629955933202073,4.985175979187782,3.139828980060894
1.5541072871439603,4.985191655274356,3.139828980060894
1.5452189809677133,4.98520733136093,3.139828980060894
1.537219505409091,4.985221439838846,3.139828980060894
1.5292200298504686,4.985235548316763,3.139828980060894
1.5237092800211955,4.985245267490439,3.139828980060894
1.5181985301919225,4.985254986664114,3.139828980060894
1.5132388553455767,4.985263733920422,3.139828980060894
1.5082791804992308,4.98527248117673,3.139828980060894
1.5048625156050814,4.985278507064408,3.139828980060894
1.501445850710932,4.985284532952087,3.139828980060894
1.4983708523061976,4.985289956250998,3.139828980060894
1.4959450202313516,4.98529423463125,3.139828980060894
1.4935191881565055,4.985298513011502,3.139828980060894
1.4915785224966287,4.985301935715704,3.139828980060894
1.4896378568367519,4.985305358419906,3.139828980060894
1.4880853243088505,4.985308096583267,3.139828980060894
1.4865327917809492,4.9853108347466275,3.139828980060894
1.485290765758628,4.985313025277317,3.139828980060894
1.484048739736307,4.985315215808006,3.139828980060894
1.4830487412915787,4.98531697948062,3.139828980060894
1.4820487428468505,4.985318743153234,3.139828980060894
1.4810487444021223,4.985320506825849,3.139828980060894
1.480048745957394,4.985322270498463,3.139828980060894
1.479048747512666,4.985324034171077,3.139828980060894
1.4780487490679377,4.985325797843691,3.139828980060894
1.4280488268315255,4.985413981474419,3.139828980060894
1.3780489045951132,4.985502165105148,3.139828980060894
1.328048982358701,4.985590348735876,3.139828980060894
1.2930490367932124,4.985652077277386,3.139828980060894
1.2580490912277238,4.985713805818897,3.139828980060894
1.2300491347753328,4.985763188652104,3.139828980060894
1.202049178322942,4.985812571485312,3.139828980060894
1.1796492131610292,4.985852077751878,3.139828980060894
1.1572492479991165,4.985891584018445,3.139828980060894
1.1393292758695863,4.9859231890316975,3.139828980060894
1.121409303740056,4.98595479404495,3.139828980060894
1.107073326036432,4.985980078055553,3.139828980060894
1.092737348332808,4.986005362066155,3.139828980060894
1.0798349683995463,4.986028117675698,3.139828980060894
1.0669325884662846,4.98605087328524,3.139828980060894
1.0580442822900376,4.986066549371814,3.139828980060894
1.0491559761137905,4.986082225458388,3.139828980060894
1.042045331172793,4.986094766327646,3.139828980060894
1.0349346862317956,4.986107307196905,3.139828980060894
1.0292461702789977,4.986117339892312,3.139828980060894
1.0241265059214795,4.986126369318178,3.139828980060894
1.0190068415639613,4.986135398744045,3.139828980060894
1.0143991436421949,4.986143525227325,3.139828980060894
1.0097914457204284,4.986151651710605,3.139828980060894
1.0066172538187672,4.986157249954642,3.139828980060894
1.003443061917106,4.9861628481986795,3.139828980060894
1.0005862892056108,4.986167886618313,3.139828980060894
0.9983326129554312,4.986171861371579,3.139828980060894
0.9960789367052516,4.986175836124845,3.139828980060894
0.9942759957051079,4.986179015927458,3.139828980060894
0.9924730547049643,4.986182195730072,3.139828980060894
0.990850407804835,4.986185057552423,3.139828980060894
0.9892277609047058,4.986187919374775,3.139828980060894
0.9881099374846167,4.986189890852395,3.139828980060894
0.9869921140645277,4.986191862330015,3.139828980060894
0.9859921156197995,4.986193626002629,3.139828980060894
0.9849921171750713,4.986195389675244,3.139828980060894
0.9839921187303431,4.986197153347858,3.139828980060894
0.9829921202856149,4.986198917020472,3.139828980060894
0.9329921980492026,4.9862871006512,3.139828980060894
0.8829922758127904,4.986375284281928,3.139828980060894
0.8329923535763781,4.986463467912657,3.139828980060894
0.7979924080108896,4.986525196454167,3.139828980060894
0.762992462445401,4.986586924995677,3.139828980060894
0.7349925059930101,4.986636307828885,3.139828980060894
0.7069925495406193,4.986685690662092,3.139828980060894
0.6845925843787066,4.986725196928659,3.139828980060894
0.662192619216794,4.986764703195226,3.139828980060894
0.6420326505710725,4.986800258835135,3.139828980060894
0.6218726819253511,4.986835814475045,3.139828980060894
0.6079847035249651,4.986860308360316,3.139828980060894
0.5940967251245792,4.986884802245587,3.139828980060894
0.5829863424042705,4.986904397353804,3.139828980060894
0.5718759596839618,4.986923992462021,3.139828980060894
0.5629876535077148,4.986939668548595,3.139828980060894
0.5540993473314679,4.986955344635168,3.139828980060894
0.5469887023904704,4.986967885504427,3.139828980060894
0.5398780574494728,4.986980426373686,3.139828980060894
0.5341895414966747,4.9869904590690926,3.139828980060894
0.5285010255438767,4.987000491764499,3.139828980060894
0.5239502127816382,4.987008517920825,3.139828980060894
0.5193994000193998,4.98701654407715,3.139828980060894
0.515758749809609,4.98702296500221,3.139828980060894
0.5121180995998182,4.98702938592727,3.139828980060894
0.5088415144110066,4.987035164759825,3.139828980060894
0.5055649292221949,4.98704094359238,3.139828980060894
0.5033077260921246,4.987044924565917,3.139828980060894
0.5010505229620543,4.987048905539455,3.139828980060894
0.49924476045799815,4.987052090318285,3.139828980060894
0.497438997953942,4.987055275097115,3.139828980060894
0.495994387950697,4.987057822920178,3.139828980060894
0.49454977794745203,4.987060370743242,3.139828980060894
0.49339408994485606,4.987062409001693,3.139828980060894
0.4923539707425197,4.987064243434299,3.139828980060894
0.4913138515401833,4.9870660778669045,3.139828980060894
0.49031385309545505,4.987067841539519,3.139828980060894
0.4893138546507268,4.987069605212133,3.139828980060894
0.48831385620599854,4.987071368884747,3.139828980060894
0.4873138577612703,4.987073132557361,3.139828980060894
0.43731393552485803,4.987161316188089,3.139828980060894
0.3873140132884458,4.987249499818818,3.139828980060894
0.347314075499316,4.987320046723401,3.139828980060894
0.3073141377101862,4.987390593627984,3.139828980060894
0.27531418747888237,4.98744703115165,3.139828980060894
0.24331423724757853,4.987503468675316,3.139828980060894
0.21771427706253546,4.987548618694249,3.139828980060894
0.1921143168774924,4.987593768713182,3.139828980060894
0.16651435669244932,4.987638918732116,3.139828980060894
0.14091439650740625,4.987684068751049,3.139828980060894
0.1255544203963804,4.987711158762409,3.139828980060894
0.11019444428535456,4.987738248773768,3.139828980060894
0.09790646339653389,4.987759920782856,3.139828980060894
0.08561848250771321,4.9877815927919436,3.139828980060894
0.07455929970777461,4.987801097600123,3.139828980060894
0.06350011690783601,4.987820602408302,3.139828980060894
0.05588156875676719,4.987834039053936,3.139828980060894
0.04826302060569837,4.987847475699571,3.139828980060894
0.04216818208484332,4.987858225016078,3.139828980060894
0.03607334356398827,4.987868974332585,3.139828980060894
0.029978505043133215,4.987879723649092,3.139828980060894
0.023883666522278163,4.987890472965599,3.139828980060894
0.02022676340976513,4.987896922555504,3.139828980060894
0.016569860297252097,4.987903372145409,3.139828980060894
0.013278647495990368,4.987909176776323,3.139828980060894
0.009987434694728639,4.987914981407236,3.139828980060894
0.007720154764970559,4.987918980152977,3.139828980060894
0.005452874835212479,4.987922978898718,3.139828980060894
0.0036390508914060154,4.987926177895311,3.139828980060894
0.0018252269475995519,4.987929376891904,3.139828980060894
0.0003741677925543814,4.987931936089178,3.139828980060894
-0.001076891362490789,4.987934495286453,3.139828980060894
-0.002237738686526925,4.987936542644272,3.139828980060894
-0.003398586010563061,4.987938590002091,3.139828980060894
-0.004398584455291306,4.987940353674706,3.139828980060894
-0.005398582900019551,4.98794211734732,3.139828980060894
-0.006398581344747796,4.987943881019934,3.139828980060894
-0.007398579789476041,4.987945644692548,3.139828980060894
-0.008398578234204285,4.987947408365162,3.139828980060894
-0.00939857667893253,4.987949172037776,3.139828980060894
-0.05939849891534478,4.988037355668505,3.139828980060894
-0.1043984289281158,4.98811672093616,3.139828980060894
-0.14939835894088682,4.988196086203816,3.139828980060894
-0.18539830295110363,4.98825957841794,3.139828980060894
-0.22139824696132043,4.988323070632065,3.139828980060894
-0.2501982021694939,4.988373864403364,3.139828980060894
-0.27899815737766737,4.988424658174663,3.139828980060894
-0.3020381215442061,4.9884652931917035,3.139828980060894
-0.32507808571074487,4.988505928208744,3.139828980060894
-0.34351005704397586,4.988538436222376,3.139828980060894
-0.36194202837720685,4.988570944236008,3.139828980060894
-0.37668760544379165,4.988596950646913,3.139828980060894
-0.39143318251037645,4.988622957057819,3.139828980060894
-0.4032296441636443,4.988643762186544,3.139828980060894
-0.4150261058169122,4.9886645673152685,3.139828980060894
-0.42564292130485326,4.98868329193112,3.139828980060894
-0.43625973679279434,4.988702016546972,3.139828980060894
-0.44463522456661453,4.988716788188366,3.139828980060894
-0.4530107123404347,4.988731559829761,3.139828980060894
-0.45948696978807874,4.98874298184543,3.139828980060894
-0.46596322723572275,4.988754403861099,3.139828980060894
-0.47160193590598476,4.988764348712629,3.139828980060894
-0.47724064457624676,4.988774293564159,3.139828980060894
-0.4804563600229276,4.988779965042249,3.139828980060894
-0.4836720754696084,4.988785636520339,3.139828980060894
-0.48624464782695304,4.988790173702811,3.139828980060894
-0.4888172201842977,4.9887947108852835,3.139828980060894
-0.4908752780701734,4.988798340631261,3.139828980060894
-0.4929333359560491,4.988801970377239,3.139828980060894
-0.4945797822647497,4.988804874174021,3.139828980060894
-0.4962262285734503,4.988807777970804,3.139828980060894
-0.4975433856204107,4.988810101008229,3.139828980060894
-0.4988605426673712,4.988812424045655,3.139828980060894
-0.49991426830493957,4.988814282475595,3.139828980060894
-0.5009679939425079,4.988816140905536,3.139828980060894
-0.5019679923872361,4.98881790457815,3.139828980060894
-0.5029679908319643,4.988819668250764,3.139828980060894
-0.5039679892766925,4.988821431923379,3.139828980060894
-0.5049679877214207,4.988823195595993,3.139828980060894
-0.5059679861661489,4.988824959268607,3.139828980060894
-0.5069679846108771,4.988826722941221,3.139828980060894
-0.5569679068472894,4.988914906571949,3.139828980060894
-0.6069678290837016,4.989003090202678,3.139828980060894
-0.6469677668728314,4.989073637107261,3.139828980060894
-0.6869677046619612,4.989144184011844,3.139828980060894
-0.7189676548932651,4.98920062153551,3.139828980060894
-0.7477676101014386,4.989251415306809,3.139828980060894
-0.776567565309612,4.989302209078108,3.139828980060894
-0.7996075294761508,4.989342844095148,3.139828980060894
-0.8226474936426895,4.989383479112188,3.139828980060894
-0.8433834613925744,4.989420050627524,3.139828980060894
-0.8641194291424592,4.9894566221428605,3.139828980060894
-0.8784042069257132,4.989481815853425,3.139828980060894
-0.8926889847089672,4.98950700956399,3.139828980060894
-0.9041168069355704,4.989527164532442,3.139828980060894
-0.9155446291621736,4.989547319500893,3.139828980060894
-0.9246868869434562,4.989563443475655,3.139828980060894
-0.9338291447247389,4.989579567450416,3.139828980060894
-0.941142950949765,4.989592466630225,3.139828980060894
-0.948456757174791,4.989605365810034,3.139828980060894
-0.9550391827773145,4.989616975071862,3.139828980060894
-0.9608902277573353,4.989627294415709,3.139828980060894
-0.9667412727373562,4.989637613759556,3.139828980060894
-0.9707638661611205,4.989644708308451,3.139828980060894
-0.9747864595848849,4.989651802857346,3.139828980060894
-0.9780045343238963,4.989657478496462,3.139828980060894
-0.9812226090629078,4.989663154135578,3.139828980060894
-0.983797068854117,4.989667694646871,3.139828980060894
-0.9863715286453262,4.989672235158165,3.139828980060894
-0.9884310964782935,4.989675867567199,3.139828980060894
-0.9904906643112609,4.989679499976233,3.139828980060894
-0.9921383185776347,4.98968240590346,3.139828980060894
-0.9937859728440085,4.989685311830688,3.139828980060894
-0.9951040962571076,4.98968763657247,3.139828980060894
-0.9964222196702067,4.9896899613142525,3.139828980060894
-0.997476718400686,4.989691821107678,3.139828980060894
-0.9985312171311652,4.989693680901104,3.139828980060894
-0.9995312155758934,4.9896954445737185,3.139828980060894
-1.0005312140206217,4.989697208246333,3.139828980060894
-1.00153121246535,4.989698971918947,3.139828980060894
-1.0025312109100781,4.989700735591561,3.139828980060894
-1.0035312093548063,4.989702499264175,3.139828980060894
-1.0535311315912186,4.9897906828949035,3.139828980060894
-1.1035310538276308,4.989878866525632,3.139828980060894
-1.1435309916167606,4.989949413430215,3.139828980060894
-1.1835309294058904,4.990019960334798,3.139828980060894
-1.2155308796371942,4.990076397858464,3.139828980060894
-1.247530829868498,4.99013283538213,3.139828980060894
-1.2731307900535411,4.990177985401063,3.139828980060894
-1.2987307502385843,4.990223135419996,3.139828980060894
-1.3192107183866189,4.990259255435142,3.139828980060894
-1.3396906865346534,4.990295375450288,3.139828980060894
-1.356074661053081,4.990324271462406,3.139828980060894
-1.3724586355715085,4.990353167474523,3.139828980060894
-1.3855658151862504,4.990376284284217,3.139828980060894
-1.3986729948009924,4.990399401093911,3.139828980060894
-1.409158738492786,4.9904178945416655,3.139828980060894
-1.4196444821845795,4.99043638798942,3.139828980060894
-1.4280330771380145,4.990451182747624,3.139828980060894
-1.4364216720914496,4.990465977505829,3.139828980060894
-1.4431325480541974,4.990477813312392,3.139828980060894
-1.4498434240169453,4.990489649118955,3.139828980060894
-1.4552121247871437,4.990499117764205,3.139828980060894
-1.460580825557342,4.990508586409455,3.139828980060894
-1.4648757861735007,4.9905161613256555,3.139828980060894
-1.4691707467896593,4.9905237362418555,3.139828980060894
-1.4726067152825864,4.990529796174816,3.139828980060894
-1.4760426837755134,4.990535856107777,3.139828980060894
-1.478791458569855,4.990540704054145,3.139828980060894
-1.4815402333641965,4.990545552000513,3.139828980060894
-1.4837392531996698,4.990549430357608,3.139828980060894
-1.4859382730351431,4.990553308714703,3.139828980060894
-1.4876974889035217,4.990556411400378,3.139828980060894
-1.4894567047719003,4.990559514086054,3.139828980060894
-1.490864077466603,4.990561996234595,3.139828980060894
-1.492271450161306,4.990564478383136,3.139828980060894
-1.4933973483170682,4.990566464101968,3.139828980060894
-1.4945232464728304,4.9905684498208,3.139828980060894
-1.4955232449175586,4.990570213493414,3.139828980060894
-1.4965232433622868,4.990571977166028,3.139828980060894
-1.497523241807015,4.990573740838642,3.139828980060894
-1.4985232402517432,4.9905755045112565,3.139828980060894
-1.4995232386964714,4.990577268183871,3.139828980060894
-1.5005232371411996,4.990579031856485,3.139828980060894
-1.5015232355859278,4.990580795529099,3.139828980060894
-1.55152315782234,4.990668979159827,3.139828980060894
-1.596523087835111,4.990748344427483,3.139828980060894
-1.6415230178478821,4.990827709695139,3.139828980060894
-1.677522961858099,4.990891201909263,3.139828980060894
-1.709922911467294,4.990948344901975,3.139828980060894
-1.7423228610764891,4.991005487894687,3.139828980060894
-1.7682428207638452,4.9910512022888565,3.139828980060894
-1.7941627804512013,4.991096916683026,3.139828980060894
-1.8174907441698218,4.991138059637779,3.139828980060894
-1.8358939155478446,4.991170516857639,3.139828980060894
-1.8542970869258675,4.991202974077499,3.139828980060894
-1.8690196240282857,4.991228939853388,3.139828980060894
-1.883742161130704,4.991254905629276,3.139828980060894
-1.8955201908126385,4.991275678249987,3.139828980060894
-1.907298220494573,4.991296450870697,3.139828980060894
-1.9178984472083143,4.991315146229337,3.139828980060894
-1.9284986739220555,4.991333841587977,3.139828980060894
-1.935801052324855,4.9913467206128175,3.139828980060894
-1.9431034307276545,4.991359599637658,3.139828980060894
-1.948945333449894,4.991369902857531,3.139828980060894
-1.9547872361721337,4.9913802060774035,3.139828980060894
-1.9600449486221494,4.991389478975289,3.139828980060894
-1.9653026610721651,4.991398751873174,3.139828980060894
-1.9694504120049552,4.991406067159283,3.139828980060894
-1.9726576165994647,4.991411723626993,3.139828980060894
-1.9758648211939742,4.9914173800947035,3.139828980060894
-1.9784305848695818,4.991421905268871,3.139828980060894
-1.9809963485451894,4.991426430443039,3.139828980060894
-1.9830489594856755,4.991430050582373,3.139828980060894
-1.9851015704261616,4.991433670721707,3.139828980060894
-1.9871541813666478,4.991437290861041,3.139828980060894
-1.9887962701190367,4.9914401869725085,3.139828980060894
-1.9904383588714256,4.9914430830839756,3.139828980060894
-1.991710977654527,4.9914453275703625,3.139828980060894
-1.9929835964376283,4.9914475720567495,3.139828980060894
-1.9939835948823565,4.991449335729364,3.139828980060894
-1.9949835933270847,4.991451099401978,3.139828980060894
-1.995983591771813,4.991452863074592,3.139828980060894
-1.9969835902165411,4.991454626747206,3.139828980060894
-1.9979835886612693,4.99145639041982,3.139828980060894
-2.0479835108976814,4.991544574050549,3.139828980060894
-2.0979834331340936,4.991632757681277,3.139828980060894
-2.1429833631468647,4.9917121229489325,3.139828980060894
-2.1879832931596357,4.991791488216588,3.139828980060894
-2.2189832449462115,4.99184616206764,3.139828980060894
-2.2499831967327872,4.991900835918692,3.139828980060894
-2.277883153340705,4.991950042384638,3.139828980060894
-2.305783109948623,4.991999248850584,3.139828980060894
-2.3250030800563,4.992033146638237,3.139828980060894
-2.344223050163977,4.992067044425889,3.139828980060894
-2.3595990262501183,4.992094162656011,3.139828980060894
-2.3734374047276456,4.992118569063121,3.139828980060894
-2.387275783205173,4.99214297547023,3.139828980060894
-2.398346485987195,4.992162500595918,3.139828980060894
-2.4083101184910145,4.9921800732090365,3.139828980060894
-2.418273750994834,4.992197645822155,3.139828980060894
-2.42624465699789,4.99221170391265,3.139828980060894
-2.434215563000946,4.992225762003145,3.139828980060894
-2.4405922878033905,4.992237008475541,3.139828980060894
-2.446969012605835,4.9922482549479374,3.139828980060894
-2.4527080649280353,4.992258376773094,3.139828980060894
-2.4584471172502353,4.992268498598251,3.139828980060894
-2.462400686627751,4.992275471411136,3.139828980060894
-2.4663542560052663,4.9922824442240215,3.139828980060894
-2.46991246844503,4.992288719755618,3.139828980060894
-2.473470680884794,4.992294995287215,3.139828980060894
-2.475921893898854,4.992299318431204,3.139828980060894
-2.478373106912914,4.992303641575194,3.139828980060894
-2.480334077324162,4.992307100090385,3.139828980060894
-2.4822950477354095,4.992310558605577,3.139828980060894
-2.4838638240644078,4.992313325417729,3.139828980060894
-2.485432600393406,4.992316092229882,3.139828980060894
-2.4866876214566047,4.992318305679604,3.139828980060894
-2.4879426425198035,4.9923205191293265,3.139828980060894
-2.488946659370362,4.992322289889104,3.139828980060894
-2.489950676220921,4.992324060648882,3.139828980060894
-2.4909506746656493,4.9923258243214965,3.139828980060894
-2.4919506731103778,4.992327587994111,3.139828980060894
-2.492950671555106,4.992329351666725,3.139828980060894
-2.4939506699998346,4.992331115339339,3.139828980060894
-2.494950668444563,4.992332879011953,3.139828980060894
-2.494950668444563,4.992332879011953,-2.9862766944392027
-2.494950668444563,4.992332879011953,-2.844905025027662
-2.494950668444563,4.992332879011953,-2.7176705225572753
-2.494950668444563,4.992332879011953,-2.603159470333927
-2.494950668444563,4.992332879011953,-2.500099523332914
-2.494950668444563,4.992332879011953,-2.407345571032002
-2.494950668444563,4.992332879011953,-2.3238670139611814
-2.494950668444563,4.992332879011953,-2.2487363125974427
-2.494950668444563,4.992332879011953,-2.1811186813700782
-2.494950668444563,4.992332879011953,-2.1135010501427125
-2.494950668444563,4.992332879011953,-2.0594069451608217
-2.494950668444563,4.992332879011953,-2.0107222506771185
-2.494950668444563,4.992332879011953,-1.9669060256417863
-2.494950668444563,4.992332879011953,-1.9230898006064547
-2.494950668444563,4.992332879011953,-1.8880368205781886
-2.494950668444563,4.992332879011953,-1.8529838405499222
-2.494950668444563,4.992332879011953,-1.8179308605216566
-2.494950668444563,4.992332879011953,-1.7933937745018702
-2.494950668444563,4.992332879011953,-1.7713103970840631
-2.494950668444563,4.992332879011953,-1.7514353574080352
-2.494950668444563,4.992332879011953,-1.733547821699612
-2.494950668444563,4.992332879011953,-1.7174490395620308
-2.494950668444563,4.992332879011953,-1.7029601356382071
-2.494950668444563,4.992332879011953,-1.6884712317143842
-2.494950668444563,4.992332879011953,-1.6739823277905612
-2.494950668444563,4.992332879011953,-1.663840095043884
-2.494950668444563,4.992332879011953,-1.653697862297207
-2.494950668444563,4.992332879011953,-1.645584076099866
-2.494950668444563,4.992332879011953,-1.6382816685222588
-2.494950668444563,4.992332879011953,-1.631709501702413
-2.494950668444563,4.992332879011953,-1.6257945515645509
-2.494950668444563,4.992332879011953,-1.6198796014266894
-2.494950668444563,4.992332879011953,-1.6145561463026137
-2.494950668444563,4.992332879011953,-1.6098241861923246
-2.494950668444563,4.992332879011953,-1.606097767605472
-2.494950668444563,4.992332879011953,-1.6027439908773038
-2.494950668444563,4.992332879011953,-1.5997255918219535
-2.494950668444563,4.992332879011953,-1.5970090326721378
-2.494950668444563,4.992332879011953,-1.5942924735223218
-2.494950668444563,4.992332879011953,-1.5921192262024693
-2.494950668444563,4.992332879011953,-1.590163303614602
-2.494950668444563,4.992332879011953,-1.5882073810267345
-2.494950668444563,4.992332879011953,-1.5866426429564409
-2.494950668444563,4.992332879011953,-1.5850779048861467
-2.494950668444563,4.992332879011953,-1.5838261144299124
-2.494950668444563,4.992332879011953,-1.5826995030193003
-2.494950668444563,4.992332879011953,-1.58168555274975
-2.494950668444563,4.992332879011953,-1.5807729975071545
-2.494950668444563,4.992332879011953,-1.5799516977888186
-2.494950668444563,4.992332879011953,-1.5791303980704823
-2.494950668444563,4.992332879011953,-1.5784733582958137
-2.494950668444563,4.992332879011953,-1.5778820224986119
-2.494950668444563,4.992332879011953,-1.57734982028113
-2.494950668444563,4.992332879011953,-1.5768176180636486
-2.494950668444563,4.992332879011953,-1.576285415846167
-2.494950668444563,4.992332879011953,-1.57591287429393
-2.494950668444563,4.992332879011953,-1.5755775868969166
-2.494950668444563,4.992332879011953,-1.5752758282396044
-2.494950668444563,4.992332879011953,-1.575004245448023
-2.494950668444563,4.992332879011953,-1.5747598209356006
-2.494950668444563,4.992332879011953,-1.5745398388744198
-2.494950668444563,4.992332879011953,-1.5743418550193573
-2.494950668444563,4.992332879011953,-1.5741636695498018
-2.494950668444563,4.992332879011953,-1.5740033026272005
-2.494950668444563,4.992332879011953,-1.5738429357046002
-2.494950668444563,4.992332879011953,-1.5737146421665194
-2.494950668444563,4.992332879011953,-1.573599177982247
-2.494950668444563,4.992332879011953,-1.5734837137979745
-2.494950668444563,4.992332879011953,-1.573368249613702
-2.494950668444563,4.992332879011953,-1.573264331847857
-2.494950668444563,4.992332879011953,-1.5731604140820123
-2.495068872698813,4.9423330187346055,-1.5731604140820123
-2.495187076953063,4.892333158457258,-1.5731604140820123
-2.4952816403564633,4.85233327023538,-1.5731604140820123
-2.4953762037598635,4.8123333820135015,-1.5731604140820123
-2.4954518544825834,4.780333471435999,-1.5731604140820123
-2.4955275052053034,4.748333560858497,-1.5731604140820123
-2.4955880257834795,4.722733632396495,-1.5731604140820123
-2.4956485463616556,4.697133703934493,-1.5731604140820123
-2.4956969628241965,4.676653761164891,-1.5731604140820123
-2.4957453792867375,4.656173818395289,-1.5731604140820123
-2.49578411245677,4.639789864179608,-1.5731604140820123
-2.4958189723097997,4.6250443053854955,-1.5731604140820123
-2.495853832162829,4.610298746591383,-1.5731604140820123
-2.4958817200452525,4.598502299556092,-1.5731604140820123
-2.495909607927676,4.586705852520801,-1.5731604140820123
-2.4959319182336146,4.5772686948925685,-1.5731604140820123
-2.4959542285395533,4.567831537264336,-1.5731604140820123
-2.4959720767843043,4.56028181116175,-1.5731604140820123
-2.4959899250290554,4.552732085059164,-1.5731604140820123
-2.4960077732738064,4.545182358956578,-1.5731604140820123
-2.4960256215185574,4.537632632853992,-1.5731604140820123
-2.4960434697633085,4.530082906751406,-1.5731604140820123
-2.4960523938856842,4.526308043700113,-1.5731604140820123
-2.49606131800806,4.5225331806488205,-1.5731604140820123
-2.4960684573059604,4.519513290207787,-1.5731604140820123
-2.496075596603861,4.516493399766753,-1.5731604140820123
-2.496082735901761,4.513473509325719,-1.5731604140820123
-2.4960877334102913,4.511359586016995,-1.5731604140820123
-2.4960927309188214,4.50924566270827,-1.5731604140820123
-2.4960967289256457,4.507554524061291,-1.5731604140820123
-2.49610072693247,4.505863385414312,-1.5731604140820123
-2.4961047249392943,4.504172246767332,-1.5731604140820123
-2.4961087229461185,4.502481108120353,-1.5731604140820123
-2.4961115215508953,4.501297311067468,-1.5731604140820123
-2.496114320155672,4.500113514014583,-1.5731604140820123
-2.496116684240757,4.499113516809036,-1.5731604140820123
-2.496119048325842,4.498113519603489,-1.5731604140820123
-2.496121412410927,4.497113522397942,-1.5731604140820123
-2.4961237764960122,4.496113525192396,-1.5731604140820123
-2.4962419807502623,4.446113664915048,-1.5731604140820123
-2.4963601850045123,4.3961138046377,-1.5731604140820123
-2.4964783892587623,4.3461139443603525,-1.5731604140820123
-2.4965965935130123,4.296114084083005,-1.5731604140820123
-2.4966675160655623,4.266114167916596,-1.5731604140820123
-2.496738438618112,4.2361142517501875,-1.5731604140820123
-2.4968022689154075,4.20911432720042,-1.5731604140820123
-2.4968660992127027,4.182114402650653,-1.5731604140820123
-2.4969100711952836,4.16351445462748,-1.5731604140820123
-2.4969540431778645,4.144914506604307,-1.5731604140820123
-2.4969936179621874,4.128174553383451,-1.5731604140820123
-2.4970331927465104,4.111434600162594,-1.5731604140820123
-2.4970604553757108,4.099902632388227,-1.5731604140820123
-2.497087718004911,4.08837066461386,-1.5731604140820123
-2.4971095281082714,4.079145090394366,-1.5731604140820123
-2.4971313382116316,4.069919516174872,-1.5731604140820123
-2.4971487862943196,4.062539056799277,-1.5731604140820123
-2.4971662343770076,4.055158597423683,-1.5731604140820123
-2.497181937651427,4.0485161839856465,-1.5731604140820123
-2.4971976409258465,4.04187377054761,-1.5731604140820123
-2.497210029064555,4.036633644390938,-1.5731604140820123
-2.4972224172032638,4.031393518234266,-1.5731604140820123
-2.4972319962006595,4.027341646037064,-1.5731604140820123
-2.4972393784844447,4.024218973675249,-1.5731604140820123
-2.49724676076823,4.021096301313435,-1.5731604140820123
-2.497254143052015,4.01797362895162,-1.5731604140820123
-2.4972600488790433,4.015475491062169,-1.5731604140820123
-2.4972659547060716,4.012977353172718,-1.5731604140820123
-2.4972705317220187,4.0110412963083935,-1.5731604140820123
-2.497275108737966,4.009105239444069,-1.5731604140820123
-2.4972781797680206,4.007806207741554,-1.5731604140820123
-2.4972812507980753,4.006507176039039,-1.5731604140820123
-2.497283707622119,4.005467950677027,-1.5731604140820123
-2.497286164446163,4.004428725315015,-1.5731604140820123
-2.497288528531248,4.003428728109468,-1.5731604140820123
-2.497290892616333,4.0024287309039215,-1.5731604140820123
-2.497293256701418,4.001428733698375,-1.5731604140820123
-2.497295620786503,4.000428736492828,-1.5731604140820123
-2.497297984871588,3.999428739287281,-1.5731604140820123
-2.497416189125838,3.9494288790099334,-1.5731604140820123
-2.4975225729546633,3.9044290047603205,-1.5731604140820123
-2.4976289567834886,3.8594291305107076,-1.5731604140820123
-2.4977140638465487,3.8234292311110174,-1.5731604140820123
-2.497799170909609,3.7874293317113272,-1.5731604140820123
-2.497867256560057,3.758629412191575,-1.5731604140820123
-2.4979353422105053,3.729829492671823,-1.5731604140820123
-2.4979966192959084,3.703909565104046,-1.5731604140820123
-2.4980578963813116,3.6779896375362693,-1.5731604140820123
-2.4981001094845894,3.660133687434023,-1.5731604140820123
-2.498142322587867,3.642277737331777,-1.5731604140820123
-2.4981760930704895,3.62799297724998,-1.5731604140820123
-2.4982064865048494,3.6151366931763627,-1.5731604140820123
-2.4982368799392094,3.6022804091027454,-1.5731604140820123
-2.4982611946866973,3.5919953818438515,-1.5731604140820123
-2.498285509434185,3.5817103545849576,-1.5731604140820123
-2.4983049612321757,3.5734823327778424,-1.5731604140820123
-2.4983244130301663,3.5652543109707273,-1.5731604140820123
-2.498339974468559,3.558671893525035,-1.5731604140820123
-2.4983555359069514,3.552089476079343,-1.5731604140820123
-2.498367985057665,3.546823542122789,-1.5731604140820123
-2.498380434208379,3.541557608166235,-1.5731604140820123
-2.49839039352895,3.5373448610009923,-1.5731604140820123
-2.498400352849521,3.5331321138357494,-1.5731604140820123
-2.4984083203059777,3.529761916103555,-1.5731604140820123
-2.4984162877624345,3.5263917183713605,-1.5731604140820123
-2.4984226617276,3.523695560185605,-1.5731604140820123
-2.4984290356927654,3.5209994019998496,-1.5731604140820123
-2.498434134864898,3.5188424754512453,-1.5731604140820123
-2.4984392340370305,3.516685548902641,-1.5731604140820123
-2.4984433133747364,3.5149600076637575,-1.5731604140820123
-2.498447392712442,3.513234466424874,-1.5731604140820123
-2.498450656182607,3.5118540334337673,-1.5731604140820123
-2.4984539196527717,3.5104736004426607,-1.5731604140820123
-2.4984565304289035,3.509369254049775,-1.5731604140820123
-2.498459141205035,3.5082649076568893,-1.5731604140820123
-2.4984615052901202,3.5072649104513425,-1.5731604140820123
-2.4984638693752053,3.5062649132457957,-1.5731604140820123
-2.4984662334602903,3.505264916040249,-1.5731604140820123
-2.4984685975453753,3.504264918834702,-1.5731604140820123
-2.4985868017996253,3.4542650585573544,-1.5731604140820123
-2.4987050060538754,3.4042651982800067,-1.5731604140820123
-2.4987995694572755,3.3642653100581286,-1.5731604140820123
-2.4988941328606757,3.3242654218362504,-1.5731604140820123
-2.4989697835833957,3.2922655112587482,-1.5731604140820123
-2.4990454343061157,3.260265600681246,-1.5731604140820123
-2.4991059548842918,3.234665672219244,-1.5731604140820123
-2.499166475462468,3.209065743757242,-1.5731604140820123
-2.499214891925009,3.1885858009876404,-1.5731604140820123
-2.4992633083875497,3.168105858218039,-1.5731604140820123
-2.4993020415575824,3.1517219040023576,-1.5731604140820123
-2.499340774727615,3.1353379497866762,-1.5731604140820123
-2.499371761263641,3.122230786414131,-1.5731604140820123
-2.499402747799667,3.109123623041586,-1.5731604140820123
-2.4994275370284877,3.0986378923435502,-1.5731604140820123
-2.4994523262573085,3.0881521616455143,-1.5731604140820123
-2.499472157640365,3.0797635770870855,-1.5731604140820123
-2.499490005885116,3.0722138509844994,-1.5731604140820123
-2.499507854129867,3.0646641248819133,-1.5731604140820123
-2.499522132725668,3.0586243439998446,-1.5731604140820123
-2.499536411321469,3.052584563117776,-1.5731604140820123
-2.49954926205769,3.047148760323914,-1.5731604140820123
-2.4995621127939107,3.041712957530052,-1.5731604140820123
-2.499572250596929,3.0374247131037833,-1.5731604140820123
-2.4995823883999475,3.0331364686775144,-1.5731604140820123
-2.4995892135687403,3.0302494534158857,-1.5731604140820123
-2.499596038737533,3.027362438154257,-1.5731604140820123
-2.4996014988725674,3.025052825944954,-1.5731604140820123
-2.4996064129940985,3.0229741749565813,-1.5731604140820123
-2.4996113271156295,3.0208955239682087,-1.5731604140820123
-2.499615258412854,3.0192326031775103,-1.5731604140820123
-2.499619189710079,3.017569682386812,-1.5731604140820123
-2.4996223347478583,3.0162393457542533,-1.5731604140820123
-2.499625479785638,3.014909009121695,-1.5731604140820123
-2.4996279958158616,3.013844739815648,-1.5731604140820123
-2.4996305118460853,3.0127804705096013,-1.5731604140820123
-2.4996328759311703,3.0117804733040545,-1.5731604140820123
-2.4996352400162554,3.0107804760985077,-1.5731604140820123
-2.4996376041013404,3.009780478892961,-1.5731604140820123
-2.4996399681864254,3.008780481687414,-1.5731604140820123
-2.4996423322715104,3.0077804844818674,-1.5731604140820123
-2.4996423322715104,3.0077804844818674,-1.4160807814025227
-2.4996423322715104,3.0077804844818674,-1.2747091119909817
-2.4996423322715104,3.0077804844818674,-1.147474609520595
-2.4996423322715104,3.0077804844818674,-1.0329635572972473
-2.4996423322715104,3.0077804844818674,-0.929903610296234
-2.4996423322715104,3.0077804844818674,-0.8268436632952209
-2.4996423322715104,3.0077804844818674,-0.74439570569441
-2.4996423322715104,3.0077804844818674,-0.6701925438536807
-2.4996423322715104,3.0077804844818674,-0.6034096981970241
-2.4996423322715104,3.0077804844818674,-0.5433051371060335
-2.4996423322715104,3.0077804844818674,-0.4892110321241415
-2.4996423322715104,3.0077804844818674,-0.4351169271422498
-2.4996423322715104,3.0077804844818674,-0.38102282216035793
-2.4996423322715104,3.0077804844818674,-0.34315694867303365
-2.4996423322715104,3.0077804844818674,-0.3052910751857094
-2.4996423322715104,3.0077804844818674,-0.27499837639584995
-2.4996423322715104,3.0077804844818674,-0.24773494748497657
-2.4996423322715104,3.0077804844818674,-0.22319786146519044
-2.4996423322715104,3.0077804844818674,-0.2011144840473829
-2.4996423322715104,3.0077804844818674,-0.18123944437135617
-2.4996423322715104,3.0077804844818674,-0.16136440469532945
-2.4996423322715104,3.0077804844818674,-0.145464372954508
-2.4996423322715104,3.0077804844818674,-0.12956434121368662
-2.4996423322715104,3.0077804844818674,-0.11366430947286515
-2.4996423322715104,3.0077804844818674,-0.10094428408020799
-2.4996423322715104,3.0077804844818674,-0.08822425868755086
-2.4996423322715104,3.0077804844818674,-0.07963824154750734
-2.4996423322715104,3.0077804844818674,-0.07105222440746382
-2.4996423322715104,3.0077804844818674,-0.06418341069542904
-2.4996423322715104,3.0077804844818674,-0.05800147835459771
-2.4996423322715104,3.0077804844818674,-0.052437739247849564
-2.4996423322715104,3.0077804844818674,-0.047430374051776164
-2.4996423322715104,3.0077804844818674,-0.04292374537531012
-2.4996423322715104,3.0077804844818674,-0.03886777956649063
-2.4996423322715104,3.0077804844818674,-0.03521741033855311
-2.4996423322715104,3.0077804844818674,-0.031932078033409306
-2.4996423322715104,3.0077804844818674,-0.028975278958779972
-2.4996423322715104,3.0077804844818674,-0.026018479884150646
-2.4996423322715104,3.0077804844818674,-0.023653040624447147
-2.4996423322715104,3.0077804844818674,-0.021287601364743624
-2.4996423322715104,3.0077804844818674,-0.01939524995698082
-2.4996423322715104,3.0077804844818674,-0.017692133689994317
-2.4996423322715104,3.0077804844818674,-0.01615932904970649
-2.4996423322715104,3.0077804844818674,-0.014626524409418664
-2.4996423322715104,3.0077804844818674,-0.013400280697188391
-2.4996423322715104,3.0077804844818674,-0.012296661356181057
-2.4996423322715104,3.0077804844818674,-0.011303403949274513
-2.4996423322715104,3.0077804844818674,-0.010409472283058649
-2.4996423322715104,3.0077804844818674,-0.009515540616842785
-2.4996423322715104,3.0077804844818674,-0.00871100211724853
-2.4996423322715104,3.0077804844818674,-0.00807631063423519
-2.4996423322715104,3.0077804844818674,-0.007505088299523188
-2.4996423322715104,3.0077804844818674,-0.0069909881982823914
-2.4996423322715104,3.0077804844818674,-0.006476888097041586
-2.4996423322715104,3.0077804844818674,-0.006014198005924935
-2.4996423322715104,3.0077804844818674,-0.005649186934044007
-2.4996423322715104,3.0077804844818674,-0.005320676969351141
-2.4996423322715104,3.0077804844818674,-0.005025018001127594
-2.4996423322715104,3.0077804844818674,-0.004758924929726352
-2.4996423322715104,3.0077804844818674,-0.00449283185832511
-2.4996423322715104,3.0077804844818674,-0.004279957401204175
-2.4996423322715104,3.0077804844818674,-0.004088370389795362
-2.4996423322715104,3.0077804844818674,-0.003915942079527424
-2.4996423322715104,3.0077804844818674,-0.003743513769259484
-2.4996423322715104,3.0077804844818674,-0.003605571121045092
-2.4996423322715104,3.0077804844818674,-0.0034676284728307
-2.4996423322715104,3.0077804844818674,-0.003329685824616309
-2.4496426094414465,3.007614000498266,-0.003329685824616309
-2.3996428866113826,3.007447516514665,-0.003329685824616309
-2.3596431083473317,3.0073143293277838,-0.003329685824616309
-2.319643330083281,3.0071811421409027,-0.003329685824616309
-2.27964355181923,3.0070479549540217,-0.003329685824616309
-2.251643707034394,3.006954723923205,-0.003329685824616309
-2.2236438622495585,3.006861492892388,-0.003329685824616309
-2.20124398642169,3.0067869080677347,-0.003329685824616309
-2.181084098176608,3.006719781725547,-0.003329685824616309
-2.160924209931526,3.006652655383359,-0.003329685824616309
-2.144796299335461,3.0065989543096086,-0.003329685824616309
-2.1286683887393956,3.006545253235858,-0.003329685824616309
-2.115766060262543,3.0065022923768576,-0.003329685824616309
-2.102863731785691,3.006459331517857,-0.003329685824616309
-2.092541869004209,3.006424962830657,-0.003329685824616309
-2.0822200062227267,3.0063905941434568,-0.003329685824616309
-2.0739625159975414,3.0063630991936967,-0.003329685824616309
-2.065705025772356,3.0063356042439366,-0.003329685824616309
-2.059099033592208,3.0063136082841284,-0.003329685824616309
-2.0524930414120597,3.00629161232432,-0.003329685824616309
-2.0472082476679407,3.0062740155564738,-0.003329685824616309
-2.042451933298234,3.006258178465412,-0.003329685824616309
-2.0376956189285274,3.0062423413743504,-0.003329685824616309
-2.0338905674327616,3.006229671701501,-0.003329685824616309
-2.030085515936996,3.0062170020286514,-0.003329685824616309
-2.0262804644412302,3.006204332355802,-0.003329685824616309
-2.0236169283941945,3.0061954635848074,-0.003329685824616309
-2.0209533923471588,3.006186594813813,-0.003329685824616309
-2.0185562099048266,3.0061786129199177,-0.003329685824616309
-2.0161590274624945,3.0061706310260226,-0.003329685824616309
-2.014507635113332,3.006165132388006,-0.003329685824616309
-2.01285624276417,3.0061596337499896,-0.003329685824616309
-2.01153512888484,3.0061552348395764,-0.003329685824616309
-2.01021401500551,3.006150835929163,-0.003329685824616309
-2.0091571239020465,3.0061473168008326,-0.003329685824616309
-2.008100232798583,3.006143797672502,-0.003329685824616309
-2.0071002383419816,3.00614046799283,-0.003329685824616309
-2.0061002438853803,3.006137138313158,-0.003329685824616309
-2.005100249428779,3.006133808633486,-0.003329685824616309
-2.004100254972178,3.006130478953814,-0.003329685824616309
-1.9541005321421139,3.005963994970213,-0.003329685824616309
-1.90410080931205,3.0057975109866115,-0.003329685824616309
-1.8641010310479988,3.0056643237997305,-0.003329685824616309
-1.8241012527839477,3.0055311366128494,-0.003329685824616309
-1.792101430172707,3.0054245868633447,-0.003329685824616309
-1.7601016075614662,3.00531803711384,-0.003329685824616309
-1.7345017494724735,3.0052327973142363,-0.003329685824616309
-1.7089018913834808,3.0051475575146327,-0.003329685824616309
-1.6884220049122867,3.0050793656749497,-0.003329685824616309
-1.6679421184410925,3.0050111738352667,-0.003329685824616309
-1.6515582092641372,3.0049566203635205,-0.003329685824616309
-1.635174300087182,3.0049020668917743,-0.003329685824616309
-1.6220671727456177,3.004858424114377,-0.003329685824616309
-1.6089600454040536,3.0048147813369797,-0.003329685824616309
-1.5984743435308022,3.004779867115062,-0.003329685824616309
-1.5879886416575508,3.0047449528931445,-0.003329685824616309
-1.5796000801589498,3.0047170215156105,-0.003329685824616309
-1.5712115186603488,3.0046890901380765,-0.003329685824616309
-1.5645006694614678,3.004666745036049,-0.003329685824616309
-1.5577898202625868,3.0046443999340218,-0.003329685824616309
-1.552421140903482,3.0046265238523997,-0.003329685824616309
-1.5470524615443773,3.0046086477707776,-0.003329685824616309
-1.5416837821852725,3.0045907716891556,-0.003329685824616309
-1.5373888386979888,3.0045764708238583,-0.003329685824616309
-1.5330938952107052,3.004562169958561,-0.003329685824616309
-1.5301948083567887,3.0045525168744853,-0.003329685824616309
-1.5275856301882638,3.004543829098817,-0.003329685824616309
-1.5249764520197389,3.004535141323149,-0.003329685824616309
-1.5228891094849188,3.0045281911026143,-0.003329685824616309
-1.5208017669500988,3.0045212408820796,-0.003329685824616309
-1.5189231586687608,3.0045149856835986,-0.003329685824616309
-1.5170445503874228,3.0045087304851177,-0.003329685824616309
-1.5157503980158344,3.0045044213483862,-0.003329685824616309
-1.514456245644246,3.004500112211655,-0.003329685824616309
-1.5134209237469753,3.0044966649022697,-0.003329685824616309
-1.5123856018497046,3.0044932175928847,-0.003329685824616309
-1.5113856073931033,3.0044898879132127,-0.003329685824616309
-1.510385612936502,3.0044865582335407,-0.003329685824616309
-1.5093856184799008,3.0044832285538687,-0.003329685824616309
-1.5083856240232996,3.0044798988741968,-0.003329685824616309
-1.5073856295666983,3.0044765691945248,-0.003329685824616309
-1.506385635110097,3.004473239514853,-0.003329685824616309
-1.4563859122800333,3.0043067555312515,-0.003329685824616309
-1.4063861894499694,3.00414027154765,-0.003329685824616309
-1.361386438902912,3.0039904359624092,-0.003329685824616309
-1.3163866883558546,3.0038406003771683,-0.003329685824616309
-1.2808868851465094,3.0037223967488114,-0.003329685824616309
-1.2453870819371642,3.0036041931204545,-0.003329685824616309
-1.2214872144243936,3.003524613776293,-0.003329685824616309
-1.197587346911623,3.0034450344321315,-0.003329685824616309
-1.1784674529014065,3.0033813709568022,-0.003329685824616309
-1.1593475588911901,3.003317707481473,-0.003329685824616309
-1.1402276648809737,3.0032540440061437,-0.003329685824616309
-1.1249317496728006,3.0032031132258803,-0.003329685824616309
-1.1096358344646275,3.003152182445617,-0.003329685824616309
-1.0993110916991107,3.003117804168939,-0.003329685824616309
-1.0889863489335938,3.003083425892261,-0.003329685824616309
-1.0807265547211804,3.003055923270919,-0.003329685824616309
-1.072466760508767,3.003028420649577,-0.003329685824616309
-1.0658589251388362,3.0030064185525034,-0.003329685824616309
-1.0592510897689054,3.00298441645543,-0.003329685824616309
-1.0539648214729607,3.002966814777771,-0.003329685824616309
-1.0492071800066105,3.0029509732678776,-0.003329685824616309
-1.0444495385402603,3.0029351317579844,-0.003329685824616309
-1.0406434253671801,3.00292245855007,-0.003329685824616309
-1.0368373121941,3.002909785342155,-0.003329685824616309
-1.0337924216556358,3.0028996467758238,-0.003329685824616309
-1.0307475311171717,3.0028895082094924,-0.003329685824616309
-1.0283116186864003,3.0028813973564272,-0.003329685824616309
-1.025875706255629,3.002873286503362,-0.003329685824616309
-1.023926976311012,3.00286679782091,-0.003329685824616309
-1.021978246366395,3.0028603091384576,-0.003329685824616309
-1.0204192624107014,3.0028551181924956,-0.003329685824616309
-1.0188602784550078,3.0028499272465337,-0.003329685824616309
-1.0176130912904529,3.002845774489764,-0.003329685824616309
-1.016365904125898,3.0028416217329945,-0.003329685824616309
-1.0153659096692966,3.0028382920533225,-0.003329685824616309
-1.0143659152126954,3.0028349623736506,-0.003329685824616309
-1.013365920756094,3.0028316326939786,-0.003329685824616309
-1.0123659262994928,3.0028283030143066,-0.003329685824616309
-1.0113659318428916,3.0028249733346346,-0.003329685824616309
-1.0103659373862903,3.0028216436549626,-0.003329685824616309
-0.9603662145562265,3.0026551596713613,-0.003329685824616309
-0.9103664917261627,3.00248867568776,-0.003329685824616309
-0.8703667134621116,3.002355488500879,-0.003329685824616309
-0.8303669351980605,3.002222301313998,-0.003329685824616309
-0.7983671125868197,3.002115751564493,-0.003329685824616309
-0.7663672899755789,3.0020092018149884,-0.003329685824616309
-0.7375674496254622,3.001913307040434,-0.003329685824616309
-0.7087676092753454,3.0018174122658796,-0.003329685824616309
-0.6889277192563761,3.001751351421187,-0.003329685824616309
-0.6690878292374067,3.001685290576494,-0.003329685824616309
-0.6512319282203344,3.0016258358162706,-0.003329685824616309
-0.633376027203262,3.001566381056047,-0.003329685824616309
-0.6210752953915011,3.0015254233323376,-0.003329685824616309
-0.6087745635797401,3.001484465608628,-0.003329685824616309
-0.5989339781303313,3.0014516994296603,-0.003329685824616309
-0.5890933926809225,3.0014189332506924,-0.003329685824616309
-0.5812209243213955,3.001392720307518,-0.003329685824616309
-0.5733484559618685,3.001366507364344,-0.003329685824616309
-0.5670504812742468,3.0013455370098043,-0.003329685824616309
-0.5613823040553874,3.001326663690719,-0.003329685824616309
-0.5557141268365279,3.0013077903716336,-0.003329685824616309
-0.5511795850614403,3.0012926917163654,-0.003329685824616309
-0.5466450432863527,3.001277593061097,-0.003329685824616309
-0.5430174098662827,3.0012655141368825,-0.003329685824616309
-0.5397525397882196,3.0012546431050895,-0.003329685824616309
-0.5364876697101565,3.0012437720732965,-0.003329685824616309
-0.5335492866398998,3.0012339881446826,-0.003329685824616309
-0.530610903569643,3.0012242042160686,-0.003329685824616309
-0.5282928458142183,3.0012164857834955,-0.003329685824616309
-0.5265004321413617,3.001210517587041,-0.003329685824616309
-0.524708018468505,3.001204549390587,-0.003329685824616309
-0.5230948461629341,3.0011991780137777,-0.003329685824616309
-0.5214816738573632,3.0011938066369686,-0.003329685824616309
-0.5203703773801921,3.0011901063551667,-0.003329685824616309
-0.519259080903021,3.001186406073365,-0.003329685824616309
-0.518258914073567,3.001183075819743,-0.003329685824616309
-0.5172589196169657,3.001179746140071,-0.003329685824616309
-0.5162589251603644,3.001176416460399,-0.003329685824616309
-0.5152589307037632,3.001173086780727,-0.003329685824616309
-0.5142589362471619,3.001169757101055,-0.003329685824616309
-0.4642592134170981,3.001003273117454,-0.003329685824616309
-0.41425949058703426,3.0008367891338525,-0.003329685824616309
-0.3742597123229832,3.0007036019469715,-0.003329685824616309
-0.33825991188533727,3.000583733478779,-0.003329685824616309
-0.3022601114476913,3.000463865010586,-0.003329685824616309
-0.26986029105381,3.0003559833892126,-0.003329685824616309
-0.23746047065992865,3.000248101767839,-0.003329685824616309
-0.21190061234920002,3.000162995155422,-0.003329685824616309
-0.1863407540384714,3.000077888543005,-0.003329685824616309
-0.16657686359820376,3.0000120807539674,-0.003329685824616309
-0.15134534803303576,2.999961364405075,-0.003329685824616309
-0.13611383246786776,2.9999106480561823,-0.003329685824616309
-0.12392862001573336,2.9998700749770686,-0.003329685824616309
-0.11174340756359896,2.999829501897955,-0.003329685824616309
-0.10199523760189144,2.999797043434664,-0.003329685824616309
-0.09224706764018392,2.999764584971373,-0.003329685824616309
-0.08347371467464715,2.999735372354411,-0.003329685824616309
-0.07470036170911037,2.9997061597374493,-0.003329685824616309
-0.06865649633285172,2.9996860354902086,-0.003329685824616309
-0.06261263095659306,2.999665911242968,-0.003329685824616309
-0.05777753865558612,2.9996498118451758,-0.003329685824616309
-0.05294244635457919,2.9996337124473835,-0.003329685824616309
-0.04907437251377365,2.99962083292915,-0.003329685824616309
-0.045206298672968104,2.999607953410916,-0.003329685824616309
-0.04211183960032367,2.999597649796329,-0.003329685824616309
-0.03901738052767924,2.9995873461817415,-0.003329685824616309
-0.03623236736229925,2.999578072928613,-0.003329685824616309
-0.03344735419691926,2.9995687996754845,-0.003329685824616309
-0.03125028825534171,2.999561484109128,-0.003329685824616309
-0.029053222313764157,2.999554168542771,-0.003329685824616309
-0.027574070877040117,2.9995492434149984,-0.003329685824616309
-0.026094919440316076,2.9995443182872257,-0.003329685824616309
-0.024911598290936844,2.9995403781850074,-0.003329685824616309
-0.023846609256495534,2.999536832093011,-0.003329685824616309
-0.022781620222054225,2.9995332860010144,-0.003329685824616309
-0.021716631187612915,2.999529739909018,-0.003329685824616309
-0.020651642153171605,2.9995261938170215,-0.003329685824616309
-0.01965164769657033,2.9995228641373495,-0.003329685824616309
-0.018651653239969056,2.9995195344576775,-0.003329685824616309
0.031348069590094764,2.999353050474076,-0.003329685824616309
0.08134779242015858,2.999186566490475,-0.003329685824616309
0.12134757068420964,2.999053379303594,-0.003329685824616309
0.1613473489482607,2.998920192116713,-0.003329685824616309
0.19734714938590664,2.99880032364852,-0.003329685824616309
0.23334694982355259,2.9986804551803274,-0.003329685824616309
0.2581468123472642,2.9985978791244614,-0.003329685824616309
0.28294667487097586,2.9985153030685954,-0.003329685824616309
0.30278656488994515,2.9984492422239026,-0.003329685824616309
0.32262645490891445,2.99838318137921,-0.003329685824616309
0.34048235592598686,2.9983237266189864,-0.003329685824616309
0.35833825694305926,2.998264271858763,-0.003329685824616309
0.37063898875482026,2.9982233141350534,-0.003329685824616309
0.38293972056658127,2.998182356411344,-0.003329685824616309
0.39401037919716614,2.9981454944600054,-0.003329685824616309
0.405081037827751,2.998108632508667,-0.003329685824616309
0.4127074915510428,2.998083238719967,-0.003329685824616309
0.4203339452743346,2.9980578449312674,-0.003329685824616309
0.42643510825296804,2.9980375299003073,-0.003329685824616309
0.4325362712316015,2.998017214869347,-0.003329685824616309
0.43741720161450826,2.998000962844579,-0.003329685824616309
0.442298131997415,2.9979847108198108,-0.003329685824616309
0.44620287630374045,2.9979717091999962,-0.003329685824616309
0.4501076206100659,2.9979587075801817,-0.003329685824616309
0.4532314160551262,2.9979483062843304,-0.003329685824616309
0.4563552115001865,2.997937904988479,-0.003329685824616309
0.45885424785623474,2.997929583951798,-0.003329685824616309
0.461353284212283,2.997921262915117,-0.003329685824616309
0.4633525132971216,2.997914606085772,-0.003329685824616309
0.46535174238196025,2.997907949256427,-0.003329685824616309
0.46695112564983116,2.997902623792951,-0.003329685824616309
0.46855050891770206,2.997897298329475,-0.003329685824616309
0.46983001553199877,2.9978930379586943,-0.003329685824616309
0.4711095221462955,2.9978887775879137,-0.003329685824616309
0.47213312743773284,2.9978853692912892,-0.003329685824616309
0.4731567327291702,2.9978819609946648,-0.003329685824616309
0.47415672718577145,2.9978786313149928,-0.003329685824616309
0.4751567216423727,2.997875301635321,-0.003329685824616309
0.476156716098974,2.997871971955649,-0.003329685824616309
0.47715671055557524,2.997868642275977,-0.003329685824616309
0.5271564333856391,2.9977021582923755,-0.003329685824616309
0.5771561562157029,2.997535674308774,-0.003329685824616309
0.6171559344797539,2.997402487121893,-0.003329685824616309
0.657155712743805,2.997269299935012,-0.003329685824616309
0.6971554910078561,2.997136112748131,-0.003329685824616309
0.7251553357926919,2.9970428817173143,-0.003329685824616309
0.7531551805775276,2.9969496506864974,-0.003329685824616309
0.7755550564053962,2.996875065861844,-0.003329685824616309
0.7979549322332649,2.996800481037191,-0.003329685824616309
0.8158748328955597,2.9967408131774684,-0.003329685824616309
0.8337947335578546,2.996681145317746,-0.003329685824616309
0.8481306540876905,2.996633411029968,-0.003329685824616309
0.8624665746175264,2.99658567674219,-0.003329685824616309
0.8739353110413951,2.9965474893119675,-0.003329685824616309
0.8854040474652638,2.996509301881745,-0.003329685824616309
0.8945790366043588,2.996478751937567,-0.003329685824616309
0.9037540257434538,2.996448201993389,-0.003329685824616309
0.9120115159686392,2.996420707043629,-0.003329685824616309
0.9202690061938246,2.996393212093869,-0.003329685824616309
0.9259574994600634,2.9963742711284787,-0.003329685824616309
0.9316459927263023,2.9963553301630883,-0.003329685824616309
0.9361967873392935,2.996340177390776,-0.003329685824616309
0.9407475819522846,2.9963250246184634,-0.003329685824616309
0.9443882176426774,2.9963129024006134,-0.003329685824616309
0.9480288533330703,2.9963007801827635,-0.003329685824616309
0.9509413618853846,2.9962910824084834,-0.003329685824616309
0.9538538704376989,2.9962813846342033,-0.003329685824616309
0.9561838772795503,2.9962736264147796,-0.003329685824616309
0.9585138841214018,2.996265868195356,-0.003329685824616309
0.960377889594883,2.9962596616198165,-0.003329685824616309
0.9622418950683642,2.996253455044277,-0.003329685824616309
0.9637330994471491,2.996248489783846,-0.003329685824616309
0.965224303825934,2.9962435245234147,-0.003329685824616309
0.9664172673289619,2.9962395523150698,-0.003329685824616309
0.9676102308319898,2.996235580106725,-0.003329685824616309
0.9686102252885911,2.996232250427053,-0.003329685824616309
0.9696102197451923,2.996228920747381,-0.003329685824616309
0.9706102142017936,2.996225591067709,-0.003329685824616309
0.9716102086583949,2.996222261388037,-0.003329685824616309
0.9726102031149961,2.996218931708365,-0.003329685824616309
0.9736101975715974,2.996215602028693,-0.003329685824616309
1.023609920401661,2.9960491180450917,-0.003329685824616309
1.073609643231725,2.9958826340614904,-0.003329685824616309
1.123609366061789,2.995716150077889,-0.003329685824616309
1.173609088891853,2.9955496660942877,-0.003329685824616309
1.2036089225898912,2.995449775704127,-0.003329685824616309
1.2336087562879294,2.995349885313966,-0.003329685824616309
1.260608606616164,2.995259983962822,-0.003329685824616309
1.2876084569443984,2.9951700826116774,-0.003329685824616309
1.306208353837182,2.9951081505697776,-0.003329685824616309
1.3229482610406873,2.995052411732068,-0.003329685824616309
1.3396881682441926,2.994996672894358,-0.003329685824616309
1.353080094006997,2.99495208182419,-0.003329685824616309
1.3664720197698013,2.9949074907540223,-0.003329685824616309
1.3771855603800447,2.994871817897888,-0.003329685824616309
1.3878991009902881,2.9948361450417536,-0.003329685824616309
1.396469933478483,2.9948076067568463,-0.003329685824616309
1.4050407659666777,2.994779068471939,-0.003329685824616309
1.4118974319572335,2.994756237844013,-0.003329685824616309
1.4187540979477893,2.994733407216087,-0.003329685824616309
1.424239430740234,2.9947151427137464,-0.003329685824616309
1.4297247635326786,2.9946968782114056,-0.003329685824616309
1.4341130297666342,2.994682266609533,-0.003329685824616309
1.4380624693771944,2.994669116167848,-0.003329685824616309
1.4420119089877546,2.9946559657261624,-0.003329685824616309
1.4451714606762027,2.9946454453728144,-0.003329685824616309
1.448331012364651,2.9946349250194664,-0.003329685824616309
1.4508586537154093,2.9946265087367876,-0.003329685824616309
1.4533862950661678,2.994618092454109,-0.003329685824616309
1.4554084081467746,2.994611359427966,-0.003329685824616309
1.4574305212273815,2.994604626401823,-0.003329685824616309
1.4590482116918668,2.994599239980909,-0.003329685824616309
1.4606659021563522,2.9945938535599947,-0.003329685824616309
1.4619600545279405,2.9945895444232633,-0.003329685824616309
1.463254206899529,2.994585235286532,-0.003329685824616309
1.4642895287967996,2.994581787977147,-0.003329685824616309
1.4653248506940704,2.9945783406677617,-0.003329685824616309
1.4663248451506716,2.9945750109880898,-0.003329685824616309
1.467324839607273,2.9945716813084178,-0.003329685824616309
1.4683248340638742,2.994568351628746,-0.003329685824616309
1.4693248285204754,2.994565021949074,-0.003329685824616309
1.5193245513505391,2.9943985379654725,-0.003329685824616309
1.569324274180603,2.994232053981871,-0.003329685824616309
1.6093240524446542,2.99409886679499,-0.003329685824616309
1.6493238307087053,2.993965679608109,-0.003329685824616309
1.6893236089727564,2.993832492421228,-0.003329685824616309
1.717323453757592,2.9937392613904112,-0.003329685824616309
1.7453232985424278,2.9936460303595944,-0.003329685824616309
1.7677231743702964,2.993571445534941,-0.003329685824616309
1.7901230501981649,2.993496860710288,-0.003329685824616309
1.8080429508604596,2.9934371928505654,-0.003329685824616309
1.8259628515227546,2.993377524990843,-0.003329685824616309
1.8402987720525905,2.993329790703065,-0.003329685824616309
1.8546346925824264,2.993282056415287,-0.003329685824616309
1.8661034290062952,2.9932438689850644,-0.003329685824616309
1.877572165430164,2.993205681554842,-0.003329685824616309
1.8878940282116459,2.993171312867642,-0.003329685824616309
1.8982158909931277,2.9931369441804416,-0.003329685824616309
1.9053265075759263,2.993113267973704,-0.003329685824616309
1.911726062500445,2.9930919593876397,-0.003329685824616309
1.918125617424964,2.9930706508015756,-0.003329685824616309
1.923245261364579,2.9930536039327245,-0.003329685824616309
1.928364905304194,2.9930365570638733,-0.003329685824616309
1.932460620455886,2.993022919568792,-0.003329685824616309
1.9365563356075781,2.993009282073711,-0.003329685824616309
1.9398329077289316,2.992998372077646,-0.003329685824616309
1.943109479850285,2.9929874620815813,-0.003329685824616309
1.9457307375473678,2.9929787340847294,-0.003329685824616309
1.9483519952444506,2.9929700060878774,-0.003329685824616309
1.950449001402117,2.992963023690396,-0.003329685824616309
1.9525460075597834,2.9929560412929144,-0.003329685824616309
1.9542236124859165,2.9929504553749293,-0.003329685824616309
1.9559012174120496,2.9929448694569443,-0.003329685824616309
1.9574110618455693,2.9929398421307574,-0.003329685824616309
1.958920906279089,2.9929348148045705,-0.003329685824616309
1.9599610213332916,2.9929313515354194,-0.003329685824616309
1.9610011363874942,2.9929278882662684,-0.003329685824616309
1.9620011308440954,2.9929245585865965,-0.003329685824616309
1.9630011253006967,2.9929212289069245,-0.003329685824616309
1.964001119757298,2.9929178992272525,-0.003329685824616309
1.9650011142138992,2.9929145695475805,-0.003329685824616309
2.015000837043963,2.992748085563979,-0.003329685824616309
2.065000559874027,2.992581601580378,-0.003329685824616309
2.1100003104210847,2.992431765995137,-0.003329685824616309
2.1550000609681423,2.992281930409896,-0.003329685824616309
2.185999889122782,2.992178710340063,-0.003329685824616309
2.2169997172774214,2.9920754902702305,-0.003329685824616309
2.247999545432061,2.9919722702003977,-0.003329685824616309
2.2696994251403084,2.991900016151515,-0.003329685824616309
2.291399304848556,2.9918277621026323,-0.003329685824616309
2.3087592086151543,2.991769958863526,-0.003329685824616309
2.3261191123817526,2.9917121556244197,-0.003329685824616309
2.3400070353950313,2.9916659130331347,-0.003329685824616309
2.35389495840831,2.9916196704418496,-0.003329685824616309
2.3650052968189326,2.9915826763688216,-0.003329685824616309
2.376115635229555,2.9915456822957935,-0.003329685824616309
2.3872259736401777,2.9915086882227655,-0.003329685824616309
2.3983363120508003,2.9914716941497375,-0.003329685824616309
2.405002515097174,2.9914494977059207,-0.003329685824616309
2.4116687181435474,2.991427301262104,-0.003329685824616309
2.4170016805806465,2.9914095441070505,-0.003329685824616309
2.4223346430177455,2.991391786951997,-0.003329685824616309
2.4266010129674247,2.991377581227954,-0.003329685824616309
2.430867382917104,2.9913633755039113,-0.003329685824616309
2.4342804788768473,2.991352010924677,-0.003329685824616309
2.4373522652406163,2.9913417828033664,-0.003329685824616309
2.4404240516043854,2.9913315546820556,-0.003329685824616309
2.4428814806954007,2.9913233721850068,-0.003329685824616309
2.445338909786416,2.991315189687958,-0.003329685824616309
2.447304853059228,2.991308643690319,-0.003329685824616309
2.44927079633204,2.99130209769268,-0.003329685824616309
2.4508435509502897,2.9912968608945687,-0.003329685824616309
2.4524163055685393,2.9912916240964575,-0.003329685824616309
2.453674509263139,2.9912874346579685,-0.003329685824616309
2.454932712957739,2.9912832452194795,-0.003329685824616309
2.4559392759134187,2.9912798936686884,-0.003329685824616309
2.4569458388690983,2.9912765421178973,-0.003329685824616309
2.4579458333256996,2.9912732124382253,-0.003329685824616309
2.458945827782301,2.9912698827585533,-0.003329685824616309
2.459945822238902,2.9912665530788813,-0.003329685824616309
2.4609458166955034,2.9912632233992094,-0.003329685824616309
2.5109455395255673,2.991096739415608,-0.003329685824616309
2.5609452623556312,2.9909302554320067,-0.003329685824616309
2.600945040619682,2.9907970682451257,-0.003329685824616309
2.640944818883733,2.9906638810582447,-0.003329685824616309
2.672944641494974,2.99055733130874,-0.003329685824616309
2.7049444641062146,2.990450781559235,-0.003329685824616309
2.7305443221952075,2.9903655417596315,-0.003329685824616309
2.7561441802842004,2.990280301960028,-0.003329685824616309
2.7766240667553945,2.990212110120345,-0.003329685824616309
2.7971039532265887,2.990143918280662,-0.003329685824616309
2.813487862403544,2.9900893648089157,-0.003329685824616309
2.8298717715804993,2.9900348113371695,-0.003329685824616309
2.8429788989220635,2.989991168559772,-0.003329685824616309
2.8560860262636276,2.989947525782375,-0.003329685824616309
2.866571728136879,2.9899126115604573,-0.003329685824616309
2.877057430010131,2.9898776973385397,-0.003329685824616309
2.885445991508732,2.9898497659610057,-0.003329685824616309
2.893834553007333,2.9898218345834717,-0.003329685824616309
2.900545402206214,2.9897994894814444,-0.003329685824616309
2.907256251405095,2.989777144379417,-0.003329685824616309
2.9126249307641996,2.989759268297795,-0.003329685824616309
2.9179936101233044,2.989741392216173,-0.003329685824616309
2.922288553610588,2.9897270913508756,-0.003329685824616309
2.9265834970978717,2.9897127904855783,-0.003329685824616309
2.9300194518876985,2.9897013497933402,-0.003329685824616309
2.9334554066775254,2.989689909101102,-0.003329685824616309
2.936204170509387,2.989680756547312,-0.003329685824616309
2.938952934341249,2.9896716039935214,-0.003329685824616309
2.9414268217899244,2.98966336669511,-0.003329685824616309
2.9439007092386,2.9896551293966986,-0.003329685824616309
2.945604942814354,2.9896494548133488,-0.003329685824616309
2.947309176390108,2.989643780229999,-0.003329685824616309
2.9486725632507116,2.989639240563319,-0.003329685824616309
2.950035950111315,2.989634700896639,-0.003329685824616309
2.9513993369719187,2.989630161229959,-0.003329685824616309
2.9527627238325223,2.9896256215632793,-0.003329685824616309
2.9537627182891235,2.9896222918836073,-0.003329685824616309
2.9547627127457248,2.9896189622039353,-0.003329685824616309
2.955762707202326,2.9896156325242633,-0.003329685824616309
2.9567627016589273,2.9896123028445913,-0.003329685824616309
3.0067624244889912,2.98944581886099,-0.003329685824616309
3.056762147319055,2.9892793348773887,-0.003329685824616309
3.096761925583106,2.9891461476905077,-0.003329685824616309
3.136761703847157,2.9890129605036266,-0.003329685824616309
3.1687615264583977,2.988906410754122,-0.003329685824616309
3.2007613490696385,2.988799861004617,-0.003329685824616309
3.2263612071586314,2.9887146212050135,-0.003329685824616309
3.2519610652476243,2.98862938140541,-0.003329685824616309
3.2750009375277176,2.9885526655857664,-0.003329685824616309
3.298040809807811,2.988475949766123,-0.003329685824616309
3.3139127218229865,2.9884231010903686,-0.003329685824616309
3.329784633838162,2.9883702524146143,-0.003329685824616309
3.3456565458533376,2.98831740373886,-0.003329685824616309
3.361528457868513,2.9882645550631057,-0.003329685824616309
3.3710516050776183,2.9882328458576533,-0.003329685824616309
3.3805747522867233,2.9882011366522008,-0.003329685824616309
3.3881932700540074,2.988175769287839,-0.003329685824616309
3.3958117878212914,2.988150401923477,-0.003329685824616309
3.4026684538118475,2.988127571295551,-0.003329685824616309
3.408077601426619,2.988109560466854,-0.003329685824616309
3.413486749041391,2.988091549638157,-0.003329685824616309
3.4178140671332082,2.988077140975199,-0.003329685824616309
3.4221413852250255,2.9880627323122413,-0.003329685824616309
3.4256032396984795,2.988051205381875,-0.003329685824616309
3.4290650941719334,2.988039678451509,-0.003329685824616309
3.4318345777506964,2.988030456907216,-0.003329685824616309
3.4346040613294595,2.9880212353629227,-0.003329685824616309
3.4370965965503464,2.988012935973059,-0.003329685824616309
3.4395891317712333,2.988004636583195,-0.003329685824616309
3.4413062115900663,2.9879989192257335,-0.003329685824616309
3.4430232914088994,2.9879932018682718,-0.003329685824616309
3.444396955263966,2.9879886279823027,-0.003329685824616309
3.4457706191190325,2.9879840540963336,-0.003329685824616309
3.447144282974099,2.9879794802103645,-0.003329685824616309
3.4481442774307003,2.9879761505306925,-0.003329685824616309
3.4491442718873015,2.9879728208510206,-0.003329685824616309
3.450144266343903,2.9879694911713486,-0.003329685824616309
3.451144260800504,2.9879661614916766,-0.003329685824616309
3.4521442552571053,2.9879628318120046,-0.003329685824616309
3.5021439780871693,2.9877963478284033,-0.003329685824616309
3.552143700917233,2.987629863844802,-0.003329685824616309
3.597143451464291,2.987480028259561,-0.003329685824616309
3.6421432020113484,2.98733019267432,-0.003329685824616309
3.673143030165988,2.9872269726044873,-0.003329685824616309
3.7041428583206275,2.9871237525346546,-0.003329685824616309
3.7289427208443393,2.9870411764787885,-0.003329685824616309
3.753742583368051,2.9869586004229225,-0.003329685824616309
3.7735824733870205,2.9868925395782298,-0.003329685824616309
3.79342236340599,2.986826478733537,-0.003329685824616309
3.8112782644230623,2.9867670239733135,-0.003329685824616309
3.8291341654401347,2.98670756921309,-0.003329685824616309
3.8450060774553103,2.9866547205373357,-0.003329685824616309
3.860877989470486,2.9866018718615814,-0.003329685824616309
3.8700043388792116,2.9865714838730226,-0.003329685824616309
3.8791306882879373,2.986541095884464,-0.003329685824616309
3.886431767814918,2.9865167854936168,-0.003329685824616309
3.8937328473418984,2.9864924751027697,-0.003329685824616309
3.900303818916181,2.9864705957510074,-0.003329685824616309
3.906874790490464,2.986448716399245,-0.003329685824616309
3.911401459797192,2.9864336439569197,-0.003329685824616309
3.91592812910392,2.9864185715145943,-0.003329685824616309
3.920002131479975,2.9864050063165015,-0.003329685824616309
3.92407613385603,2.9863914411184087,-0.003329685824616309
3.928150136232085,2.986377875920316,-0.003329685824616309
3.9322241386081402,2.986364310722223,-0.003329685824616309
3.9342158731031005,2.9863576788476,-0.003329685824616309
3.9362076075980608,2.9863510469729766,-0.003329685824616309
3.937800995194029,2.9863457414732784,-0.003329685824616309
3.9393943827899975,2.98634043597358,-0.003329685824616309
3.940828431626369,2.9863356610238516,-0.003329685824616309
3.9422624804627406,2.986330886074123,-0.003329685824616309
3.943262474919342,2.986327556394451,-0.003329685824616309
3.944262469375943,2.986324226714779,-0.003329685824616309
3.9452624638325444,2.986320897035107,-0.003329685824616309
3.9462624582891457,2.986317567355435,-0.003329685824616309
3.947262452745747,2.986314237675763,-0.003329685824616309
3.948262447202348,2.9863109079960912,-0.003329685824616309
3.998262170032412,2.98614442401249,-0.003329685824616309
4.048261892862476,2.9859779400288886,-0.003329685824616309
4.0982616156925396,2.9858114560452873,-0.003329685824616309
4.1482613385226035,2.985644972061686,-0.003329685824616309
4.178261172220642,2.985545081671525,-0.003329685824616309
4.208261005918681,2.9854451912813644,-0.003329685824616309
4.232260872877111,2.985365278969236,-0.003329685824616309
4.256260739835541,2.9852853666571075,-0.003329685824616309
4.275460633402286,2.9852214368074046,-0.003329685824616309
4.294660526969031,2.9851575069577017,-0.003329685824616309
4.310020441822426,2.9851063630779393,-0.003329685824616309
4.325380356675822,2.985055219198177,-0.003329685824616309
4.337668288558539,2.985014304094367,-0.003329685824616309
4.349956220441255,2.984973388990557,-0.003329685824616309
4.359786565947428,2.984940656907509,-0.003329685824616309
4.369616911453601,2.984907924824461,-0.003329685824616309
4.37748118785854,2.984881739158023,-0.003329685824616309
4.384559036622984,2.9848581720582286,-0.003329685824616309
4.391636885387428,2.9848346049584342,-0.003329685824616309
4.3972991643989845,2.9848157512785987,-0.003329685824616309
4.402961443410541,2.984796897598763,-0.003329685824616309
4.407491266619785,2.9847818146548946,-0.003329685824616309
4.41202108982903,2.984766731711026,-0.003329685824616309
4.41609793071735,2.984753157061544,-0.003329685824616309
4.42017477160567,2.9847395824120624,-0.003329685824616309
4.422983261995402,2.9847302309868637,-0.003329685824616309
4.425791752385133,2.984720879561665,-0.003329685824616309
4.428038544696919,2.984713398421506,-0.003329685824616309
4.430285337008704,2.9847059172813473,-0.003329685824616309
4.432082770858132,2.98469993236922,-0.003329685824616309
4.4338802047075605,2.984693947457093,-0.003329685824616309
4.435318151787103,2.9846891595273912,-0.003329685824616309
4.436756098866646,2.9846843715976896,-0.003329685824616309
4.438194045946189,2.984679583667988,-0.003329685824616309
4.439631993025732,2.9846747957382864,-0.003329685824616309
4.440631987482334,2.9846714660586144,-0.003329685824616309
4.441631981938936,2.9846681363789425,-0.003329685824616309
4.442631976395537,2.9846648066992705,-0.003329685824616309
4.443631970852139,2.9846614770195985,-0.003329685824616309
4.444631965308741,2.9846581473399265,-0.003329685824616309
4.445631959765342,2.9846548176602545,-0.003329685824616309
4.495631682595406,2.9844883336766532,-0.003329685824616309
4.54563140542547,2.984321849693052,-0.003329685824616309
4.585631183689522,2.984188662506171,-0.003329685824616309
4.625630961953573,2.98405547531929,-0.003329685824616309
4.657630784564813,2.983948925569785,-0.003329685824616309
4.689630607176054,2.9838423758202803,-0.003329685824616309
4.7184304475261705,2.983746481045726,-0.003329685824616309
4.747230287876287,2.9836505862711715,-0.003329685824616309
4.769950161930268,2.983574935949023,-0.003329685824616309
4.792670035984249,2.9834992856268747,-0.003329685824616309
4.81023793859782,2.9834407898143964,-0.003329685824616309
4.827805841211391,2.983382294001918,-0.003329685824616309
4.83958817589685,2.9833430623841504,-0.003329685824616309
4.850192277113763,2.9833077539281594,-0.003329685824616309
4.860796378330676,2.9832724454721684,-0.003329685824616309
4.8692796593042065,2.983244198707376,-0.003329685824616309
4.877762940277737,2.9832159519425834,-0.003329685824616309
4.884549565056561,2.983193354530749,-0.003329685824616309
4.8913361898353855,2.983170757118915,-0.003329685824616309
4.896765489658445,2.983152679189448,-0.003329685824616309
4.902194789481504,2.9831346012599806,-0.003329685824616309
4.906538229339952,2.983120138916407,-0.003329685824616309
4.9108816691984,2.983105676572833,-0.003329685824616309
4.914356421085158,2.983094106697974,-0.003329685824616309
4.9178311729719155,2.983082536823115,-0.003329685824616309
4.920610974481322,2.9830732809232274,-0.003329685824616309
4.923390775990729,2.98306402502334,-0.003329685824616309
4.925892597349195,2.9830556947134417,-0.003329685824616309
4.928394418707661,2.9830473644035433,-0.003329685824616309
4.930117895643494,2.983041625745613,-0.003329685824616309
4.931841372579326,2.983035887087683,-0.003329685824616309
4.933220154127992,2.983031296161339,-0.003329685824616309
4.934598935676657,2.983026705234995,-0.003329685824616309
4.935839839070456,2.983022573401285,-0.003329685824616309
4.937080742464255,2.9830184415675753,-0.003329685824616309
4.938080736920857,2.9830151118879034,-0.003329685824616309
4.939080731377459,2.9830117822082314,-0.003329685824616309
4.94008072583406,2.9830084525285594,-0.003329685824616309
4.941080720290662,2.9830051228488874,-0.003329685824616309
4.942080714747264,2.9830017931692154,-0.003329685824616309
4.9430807092038656,2.9829984634895435,-0.003329685824616309
4.9430807092038656,2.9829984634895435,-0.16040931850410597
4.9430807092038656,2.9829984634895435,-0.3017809879156467
4.9430807092038656,2.9829984634895435,-0.4431526573271875
4.9430807092038656,2.9829984634895435,-0.5562499928564202
4.9430807092038656,2.9829984634895435,-0.6580375948327291
4.9430807092038656,2.9829984634895435,-0.7496464366114077
4.9430807092038656,2.9829984634895435,-0.8320943942122182
4.9430807092038656,2.9829984634895435,-0.9145423518130287
4.9430807092038656,2.9829984634895435,-0.9805007178936772
4.9430807092038656,2.9829984634895435,-1.0464590839743253
4.9430807092038656,2.9829984634895435,-1.0992257768388443
4.9430807092038656,2.9829984634895435,-1.1467158004169111
4.9430807092038656,2.9829984634895435,-1.189456821637171
4.9430807092038656,2.9829984634895435,-1.227923740735405
4.9430807092038656,2.9829984634895435,-1.2663906598336399
4.9430807092038656,2.9829984634895435,-1.2971641951122264
4.9430807092038656,2.9829984634895435,-1.327937730390814
4.9430807092038656,2.9829984634895435,-1.3525565586136836
4.9430807092038656,2.9829984634895435,-1.3747135040142664
4.9430807092038656,2.9829984634895435,-1.394654754874791
4.9430807092038656,2.9829984634895435,-1.4126018806492626
4.9430807092038656,2.9829984634895435,-1.4287542938462878
4.9430807092038656,2.9829984634895435,-1.4432914657236107
4.9430807092038656,2.9829984634895435,-1.4578286376009333
4.9430807092038656,2.9829984634895435,-1.4694583751027912
4.9430807092038656,2.9829984634895435,-1.481088112604649
4.9430807092038656,2.9829984634895435,-1.4903919026061354
4.9430807092038656,2.9829984634895435,-1.4996956926076215
4.9430807092038656,2.9829984634895435,-1.5071387246088108
4.9430807092038656,2.9829984634895435,-1.51458175661
4.9430807092038656,2.9829984634895435,-1.5205361822109515
4.9430807092038656,2.9829984634895435,-1.5258951652518071
4.9430807092038656,2.9829984634895435,-1.5307182499885774
4.9430807092038656,2.9829984634895435,-1.5350590262516715
4.9430807092038656,2.9829984634895435,-1.5389657248884554
4.9430807092038656,2.9829984634895435,-1.5428724235252396
4.9430807092038656,2.9829984634895435,-1.5467791221620235
4.9430807092038656,2.9829984634895435,-1.5506858207988081
4.9430807092038656,2.9829984634895435,-1.5530298399808786
4.9430807092038656,2.9829984634895435,-1.5551394572447415
4.9430807092038656,2.9829984634895435,-1.557038112782219
4.9430807092038656,2.9829984634895435,-1.558746902765948
4.9430807092038656,2.9829984634895435,-1.5602848137513046
4.9430807092038656,2.9829984634895435,-1.5616689336381255
4.9430807092038656,2.9829984634895435,-1.5629146415362642
4.9430807092038656,2.9829984634895435,-1.564035778644589
4.9430807092038656,2.9829984634895435,-1.5651569157529137
4.9430807092038656,2.9829984634895435,-1.566053825439574
4.9430807092038656,2.9829984634895435,-1.5669507351262333
4.9430807092038656,2.9829984634895435,-1.5677579538442277
4.9430807092038656,2.9829984634895435,-1.5683947597217556
4.9430807092038656,2.9829984634895435,-1.5689678850115314
4.9430807092038656,2.9829984634895435,-1.5695410103013074
4.9430807092038656,2.9829984634895435,-1.570056823062105
4.9430807092038656,2.9829984634895435,-1.5705153232939255
4.9430807092038656,2.9829984634895435,-1.5708763922264848
4.9430807092038656,2.9829984634895435,-1.5712374611590434
4.9430807092038656,2.9829984634895435,-1.5715263163050903
4.9430807092038656,2.9829984634895435,-1.5717862859365324
4.9430807092038656,2.9829984634895435,-1.5720202586048309
4.9430807092038656,2.9829984634895435,-1.5722308340062987
4.9430807092038656,2.9829984634895435,-1.5724414094077668
4.9430807092038656,2.9829984634895435,-1.5726519848092346
4.9430807092038656,2.9829984634895435,-1.5727993875902628
4.9430807092038656,2.9829984634895435,-1.5729320500931876
4.9430807092038656,2.9829984634895435,-1.5730514463458198
4.9430807092038656,2.9829984634895435,-1.5731589029731894
4.942962580504846,2.9329986030336337,-1.5731589029731894
4.9428562646757275,2.8879987286233146,-1.5731589029731894
4.942749948846609,2.8429988542129956,-1.5731589029731894
4.942654264600403,2.8024989672437086,-1.5731589029731894
4.942558580354197,2.7619990802744216,-1.5731589029731894
4.942483096115523,2.7300491694430953,-1.5731589029731894
4.942407611876849,2.698099258611769,-1.5731589029731894
4.942349244486663,2.6733943275605037,-1.5731589029731894
4.942290877096477,2.6486893965092384,-1.5731589029731894
4.942245894869178,2.6296499496462324,-1.5731589029731894
4.942200912641878,2.6106105027832265,-1.5731589029731894
4.942170763599057,2.5978494383979482,-1.5731589029731894
4.942140614556235,2.58508837401267,-1.5731589029731894
4.9421164953219785,2.5748795225044474,-1.5731589029731894
4.942092376087722,2.564670670996225,-1.5731589029731894
4.942073080700316,2.5565035897896466,-1.5731589029731894
4.942053785312911,2.5483365085830685,-1.5731589029731894
4.942038349002987,2.541802843617806,-1.5731589029731894
4.942022912693062,2.5352691786525434,-1.5731589029731894
4.9420090200141304,2.529388880183807,-1.5731589029731894
4.941995127335199,2.523508581715071,-1.5731589029731894
4.941982778287259,2.518281649742861,-1.5731589029731894
4.941970429239319,2.513054717770651,-1.5731589029731894
4.941963328536754,2.5100492318866303,-1.5731589029731894
4.941956227834188,2.50704374600261,-1.5731589029731894
4.941950547272136,2.5046393572953933,-1.5731589029731894
4.9419448667100845,2.502234968588177,-1.5731589029731894
4.941939754204237,2.5000710187516817,-1.5731589029731894
4.94193464169839,2.4979070689151865,-1.5731589029731894
4.941931119749918,2.4964163479167123,-1.5731589029731894
4.941927597801445,2.494925626918238,-1.5731589029731894
4.9419244280478205,2.493583978019611,-1.5731589029731894
4.941921258294196,2.4922423291209843,-1.5731589029731894
4.941918895720216,2.491242331911866,-1.5731589029731894
4.941916533146236,2.490242334702748,-1.5731589029731894
4.941914170572256,2.48924233749363,-1.5731589029731894
4.941911807998276,2.4882423402845117,-1.5731589029731894
4.9419094454242956,2.4872423430753936,-1.5731589029731894
4.9419070828503155,2.4862423458662755,-1.5731589029731894
4.9419070828503155,2.4862423458662755,-1.7302385356526793
4.9419070828503155,2.4862423458662755,-1.8716102050642196
4.9419070828503155,2.4862423458662755,-2.01298187447576
4.9419070828503155,2.4862423458662755,-2.140216376946147
4.9419070828503155,2.4862423458662755,-2.2674508794165336
4.9419070828503155,2.4862423458662755,-2.355101314451689
4.9419070828503155,2.4862423458662755,-2.4339867059833287
4.9419070828503155,2.4862423458662755,-2.5049835583618045
4.9419070828503155,2.4862423458662755,-2.5759804107402804
4.9419070828503155,2.4862423458662755,-2.6469772631187563
4.9419070828503155,2.4862423458662755,-2.696675059783689
4.9419070828503155,2.4862423458662755,-2.7414030767821287
4.9419070828503155,2.4862423458662755,-2.7861310937805683
4.9419070828503155,2.4862423458662755,-2.8219135073793202
4.9419070828503155,2.4862423458662755,-2.854117679618197
4.9419070828503155,2.4862423458662755,-2.883101434633186
4.9419070828503155,2.4862423458662755,-2.909186814146676
4.9419070828503155,2.4862423458662755,-2.935272193660166
4.9419070828503155,2.4862423458662755,-2.958749035222307
4.9419070828503155,2.4862423458662755,-2.982225876784448
4.9419070828503155,2.4862423458662755,-3.0057027183465888
4.9419070828503155,2.4862423458662755,-3.0291795599087297
4.9419070828503155,2.4862423458662755,-3.0406571268946654
4.9419070828503155,2.4862423458662755,-3.0509869371820075
4.9419070828503155,2.4862423458662755,-3.0613167474693497
4.9419070828503155,2.4862423458662755,-3.0695805956992235
4.9419070828503155,2.4862423458662755,-3.0778444439290973
4.9419070828503155,2.4862423458662755,-3.084455522512996
4.9419070828503155,2.4862423458662755,-3.090405493238505
4.9419070828503155,2.4862423458662755,-3.095760466891463
4.9419070828503155,2.4862423458662755,-3.101115440544421
4.9419070828503155,2.4862423458662755,-3.105934916832083
4.9419070828503155,2.4862423458662755,-3.1097369481256836
4.9419070828503155,2.4862423458662755,-3.1131587762899238
4.9419070828503155,2.4862423458662755,-3.11623842163774
4.9419070828503155,2.4862423458662755,-3.1190101024507744
4.9419070828503155,2.4862423458662755,-3.1215046151825057
4.9419070828503155,2.4862423458662755,-3.1237496766410637
4.9419070828503155,2.4862423458662755,-3.125994738099622
4.9419070828503155,2.4862423458662755,-3.127790787266468
4.9419070828503155,2.4862423458662755,-3.12940723151663
4.9419070828503155,2.4862423458662755,-3.1308620313417754
4.9419070828503155,2.4862423458662755,-3.1321713511844065
4.9419070828503155,2.4862423458662755,-3.1333497390427745
4.9419070828503155,2.4862423458662755,-3.1344102881153058
4.9419070828503155,2.4862423458662755,-3.135470837187837
4.9419070828503155,2.4862423458662755,-3.136319276445862
4.9419070828503155,2.4862423458662755,-3.1370828717780843
4.9419070828503155,2.4862423458662755,-3.1378464671103066
4.9419070828503155,2.4862423458662755,-3.1385337029093066
4.9419070828503155,2.4862423458662755,-3.1390758555951845
4.9419070828503155,2.4862423458662755,-3.1396180082810625
4.9419070828503155,2.4862423458662755,-3.140051730429765
4.9419070828503155,2.4862423458662755,-3.140485452578467
4.9419070828503155,2.4862423458662755,-3.140875802512299
4.9419070828503155,2.4862423458662755,-3.141183745237878
4.9419070828503155,2.4862423458662755,-3.1414608936908985
4.9419070828503155,2.4862423458662755,3.141474979880969
4.9419070828503155,2.4862423458662755,3.14122554627325
4.9419070828503155,2.4862423458662755,3.1410259993870753
4.9419070828503155,2.4862423458662755,3.140846407189518
4.9419070828503155,2.4862423458662755,3.1406847742117163
4.9419070828503155,2.4862423458662755,3.1405393045316945
4.9419070828503155,2.4862423458662755,3.1403938348516727
4.9419070828503155,2.4862423458662755,3.140277459107655
4.9419070828503155,2.4862423458662755,3.1401727209380397
4.8919071332555255,2.4863133424750057,3.1401727209380397
4.8419071836607355,2.486384339083736,3.1401727209380397
4.801907223984903,2.48644113637072,3.1401727209380397
4.761907264309071,2.4864979336577044,3.1401727209380397
4.729907296568406,2.4865433714872918,3.1401727209380397
4.697907328827741,2.486588809316879,3.1401727209380397
4.672307354635208,2.486625159580549,3.1401727209380397
4.646707380442676,2.4866615098442186,3.1401727209380397
4.623667403669397,2.4866942250815214,3.1401727209380397
4.600627426896118,2.486726940318824,3.1401727209380397
4.584755442896747,2.4867494774822996,3.1401727209380397
4.568883458897377,2.486772014645775,3.1401727209380397
4.55618587169788,2.4867900443765554,3.1401727209380397
4.543488284498384,2.4868080741073357,3.1401727209380397
4.533330214738787,2.4868224978919597,3.1401727209380397
4.52317214497919,2.4868369216765838,3.1401727209380397
4.5150456891715125,2.4868484607042833,3.1401727209380397
4.506919233363835,2.486859999731983,3.1401727209380397
4.499605423136925,2.4868703848569123,3.1401727209380397
4.492291612910016,2.4868807699818416,3.1401727209380397
4.487253210309256,2.4868879241790154,3.1401727209380397
4.4822148077084965,2.486895078376189,3.1401727209380397
4.4781840856278885,2.486900801733928,3.1401727209380397
4.4741533635472805,2.486906525091667,3.1401727209380397
4.470928785882794,2.486911103777858,3.1401727209380397
4.467704208218308,2.486915682464049,3.1401727209380397
4.465124546086718,2.486919345413002,3.1401727209380397
4.462544883955129,2.486923008361955,3.1401727209380397
4.460481154249858,2.4869259387211176,3.1401727209380397
4.458417424544587,2.48692886908028,3.1401727209380397
4.456560067809843,2.486931506403526,3.1401727209380397
4.4547027110750985,2.486934143726772,3.1401727209380397
4.4534231986578305,2.4869359605494528,3.1401727209380397
4.452143686240563,2.4869377773721335,3.1401727209380397
4.451120076306748,2.486939230830278,3.1401727209380397
4.450096466372933,2.4869406842884225,3.1401727209380397
4.449096467381038,2.486942104220597,3.1401727209380397
4.448096468389142,2.4869435241527715,3.1401727209380397
4.447096469397247,2.486944944084946,3.1401727209380397
4.446096470405351,2.4869463640171205,3.1401727209380397
4.445096471413455,2.486947783949295,3.1401727209380397
4.44409647242156,2.4869492038814696,3.1401727209380397
4.39409652282677,2.4870202004902,3.1401727209380397
4.349096568191459,2.487084097438057,3.1401727209380397
4.304096613556148,2.4871479943859143,3.1401727209380397
4.268096649847899,2.4871991119442,3.1401727209380397
4.23209668613965,2.487250229502486,3.1401727209380397
4.203296715173051,2.4872911235491144,3.1401727209380397
4.1744967442064524,2.487332017595743,3.1401727209380397
4.148576770336513,2.4873688222377086,3.1401727209380397
4.122656796466574,2.4874056268796743,3.1401727209380397
4.104800814467282,2.487430981188584,3.1401727209380397
4.0869448324679905,2.4874563354974937,3.1401727209380397
4.072660046868557,2.4874766189446214,3.1401727209380397
4.0583752612691235,2.487496902391749,3.1401727209380397
4.046947432789577,2.4875131291494514,3.1401727209380397
4.03551960431003,2.487529355907154,3.1401727209380397
4.026377341526393,2.487542337313316,3.1401727209380397
4.017235078742756,2.487555318719478,3.1401727209380397
4.009921268515846,2.4875657038444072,3.1401727209380397
4.002607458288937,2.4875760889693366,3.1401727209380397
3.996756410107409,2.48758439706928,3.1401727209380397
3.990905361925881,2.4875927051692237,3.1401727209380397
3.986224523380659,2.4875993516491786,3.1401727209380397
3.9815436848354366,2.4876059981291334,3.1401727209380397
3.9777990139992587,2.487611315313097,3.1401727209380397
3.974054343163081,2.487616632497061,3.1401727209380397
3.9710586064941387,2.487620886244232,3.1401727209380397
3.9680628698251965,2.487625139991403,3.1401727209380397
3.965666280490043,2.48762854298914,3.1401727209380397
3.9635093500884047,2.487631605687103,3.1401727209380397
3.9613524196867664,2.4876346683850663,3.1401727209380397
3.959411182325292,2.4876374248132334,3.1401727209380397
3.9574699449638175,2.4876401812414004,3.1401727209380397
3.9561326481148016,2.4876420801141377,3.1401727209380397
3.9547953512657856,2.487643978986875,3.1401727209380397
3.9537255137865728,2.487645498085065,3.1401727209380397
3.95265567630736,2.4876470171832548,3.1401727209380397
3.9516556773154643,2.4876484371154293,3.1401727209380397
3.9506556783235687,2.4876498570476038,3.1401727209380397
3.949655679331673,2.4876512769797783,3.1401727209380397
3.9486556803397774,2.487652696911953,3.1401727209380397
3.8986557307449874,2.487723693520683,3.1401727209380397
3.8486557811501974,2.4877946901294132,3.1401727209380397
3.8086558214743653,2.4878514874163975,3.1401727209380397
3.7686558617985333,2.4879082847033818,3.1401727209380397
3.7366558940578676,2.487953722532969,3.1401727209380397
3.704655926317202,2.4879991603625564,3.1401727209380397
3.6790559521246693,2.488035510626226,3.1401727209380397
3.6534559779321367,2.488071860889896,3.1401727209380397
3.6329759985781105,2.4881009411008317,3.1401727209380397
3.6124960192240843,2.4881300213117674,3.1401727209380397
3.5961120357408634,2.488153285480516,3.1401727209380397
3.5797280522576425,2.488176549649265,3.1401727209380397
3.566620865471066,2.488195160984264,3.1401727209380397
3.553513678684489,2.4882137723192628,3.1401727209380397
3.543027929255228,2.488228661387262,3.1401727209380397
3.5325421798259664,2.4882435504552616,3.1401727209380397
3.524153580282557,2.488255461709661,3.1401727209380397
3.515764980739148,2.48826737296406,3.1401727209380397
3.5090541011044207,2.4882769019675797,3.1401727209380397
3.5023432214696935,2.4882864309710993,3.1401727209380397
3.496974517761912,2.488294054173915,3.1401727209380397
3.49160581405413,2.4883016773767306,3.1401727209380397
3.4867739807171265,2.4883085382592647,3.1401727209380397
3.481942147380123,2.488315399141799,3.1401727209380397
3.478613551081298,2.4883201255275442,3.1401727209380397
3.4752849547824733,2.4883248519132897,3.1401727209380397
3.472622077743414,2.488328633021886,3.1401727209380397
3.4699592007043543,2.4883324141304826,3.1401727209380397
3.4678288990731065,2.48833543901736,3.1401727209380397
3.465698597441859,2.4883384639042374,3.1401727209380397
3.463781325973736,2.488341186302427,3.1401727209380397
3.461864054505613,2.4883439087006165,3.1401727209380397
3.4603515403474274,2.4883460563702995,3.1401727209380397
3.4588390261892417,2.4883482040399825,3.1401727209380397
3.4578207420095053,2.48834964993591,3.1401727209380397
3.456802457829769,2.4883510958318373,3.1401727209380397
3.4558024588378733,2.488352515764012,3.1401727209380397
3.4548024598459777,2.4883539356961863,3.1401727209380397
3.453802460854082,2.488355355628361,3.1401727209380397
3.4528024618621864,2.4883567755605354,3.1401727209380397
3.451802462870291,2.48835819549271,3.1401727209380397
3.4018025132755008,2.48842919210144,3.1401727209380397
3.3518025636807107,2.4885001887101703,3.1401727209380397
3.3118026040048787,2.4885569859971546,3.1401727209380397
3.2758026402966296,2.4886081035554404,3.1401727209380397
3.239802676588381,2.488659221113726,3.1401727209380397
3.211002705621782,2.4887001151603547,3.1401727209380397
3.182202734655183,2.4887410092069833,3.1401727209380397
3.1591627578819037,2.488773724444286,3.1401727209380397
3.1361227811086243,2.4888064396815888,3.1401727209380397
3.117690799690001,2.4888326118714312,3.1401727209380397
3.0992588182713776,2.4888587840612737,3.1401727209380397
3.0826700349946163,2.488882339032132,3.1401727209380397
3.066081251717855,2.4889058940029902,3.1401727209380397
3.0546534232383085,2.4889221207606926,3.1401727209380397
3.043225594758762,2.488938347518395,3.1401727209380397
3.0340833319751246,2.488951328924557,3.1401727209380397
3.0249410691914873,2.488964310330719,3.1401727209380397
3.0176272589645774,2.4889746954556484,3.1401727209380397
3.0103134487376675,2.4889850805805778,3.1401727209380397
3.003731019533449,2.4889944271930142,3.1401727209380397
2.99714859032923,2.4890037738054507,3.1401727209380397
2.9926140279885463,2.489010212582907,3.1401727209380397
2.9880794656478624,2.489016651360363,3.1401727209380397
2.9844518157753153,2.489021802382328,3.1401727209380397
2.980824165902768,2.489026953404293,3.1401727209380397
2.97792204600473,2.489031074221865,3.1401727209380397
2.9753101380964964,2.4890347829576798,3.1401727209380397
2.9726982301882625,2.4890384916934947,3.1401727209380397
2.970608703861675,2.4890414586821463,3.1401727209380397
2.9685191775350876,2.489044425670798,3.1401727209380397
2.9668475564738177,2.4890467992617196,3.1401727209380397
2.9651759354125478,2.489049172852641,3.1401727209380397
2.963838638563532,2.4890510717253784,3.1401727209380397
2.962501341714516,2.4890529705981157,3.1401727209380397
2.9614315042353034,2.4890544896963056,3.1401727209380397
2.960361666756091,2.4890560087944955,3.1401727209380397
2.9593616677641954,2.48905742872667,3.1401727209380397
2.9583616687723,2.4890588486588445,3.1401727209380397
2.957361669780404,2.489060268591019,3.1401727209380397
2.9563616707885085,2.4890616885231935,3.1401727209380397
2.9063617211937185,2.4891326851319238,3.1401727209380397
2.8563617715989285,2.489203681740654,3.1401727209380397
2.8113618169636174,2.4892675786885112,3.1401727209380397
2.7663618623283064,2.4893314756363685,3.1401727209380397
2.7353618935795367,2.4893754935337813,3.1401727209380397
2.704361924830767,2.489419511431194,3.1401727209380397
2.679561949831751,2.489454725749124,3.1401727209380397
2.654761974832735,2.4894899400670543,3.1401727209380397
2.6349219948335225,2.4895181115213987,3.1401727209380397
2.61508201483431,2.489546282975743,3.1401727209380397
2.5992100308349397,2.4895688201392185,3.1401727209380397
2.5833380468355696,2.489591357302694,3.1401727209380397
2.5706404596360732,2.4896093870334743,3.1401727209380397
2.557942872436577,2.4896274167642547,3.1401727209380397
2.5465150439570303,2.489643643521957,3.1401727209380397
2.5350872154774837,2.4896598702796595,3.1401727209380397
2.527214711413796,2.489671048712743,3.1401727209380397
2.5193422073501086,2.4896822271458268,3.1401727209380397
2.5130442040991583,2.4896911698922937,3.1401727209380397
2.506746200848208,2.4897001126387606,3.1401727209380397
2.501707798247448,2.4897072668359344,3.1401727209380397
2.4966693956466877,2.489714421033108,3.1401727209380397
2.4926386735660797,2.489720144390847,3.1401727209380397
2.4886079514854718,2.489725867748586,3.1401727209380397
2.4853833738209854,2.489730446434777,3.1401727209380397
2.482158796156499,2.489735025120968,3.1401727209380397
2.479256676258461,2.48973914593854,3.1401727209380397
2.4763545563604232,2.489743266756112,3.1401727209380397
2.474065106218638,2.489746517623308,3.1401727209380397
2.4717756560768525,2.489749768490504,3.1401727209380397
2.470234307953228,2.489751957102503,3.1401727209380397
2.4686929598296032,2.4897541457145023,3.1401727209380397
2.467305746518341,2.4897561154653016,3.1401727209380397
2.4659185332070788,2.489758085216101,3.1401727209380397
2.464918534215183,2.4897595051482755,3.1401727209380397
2.4639185352232875,2.48976092508045,3.1401727209380397
2.462918536231392,2.4897623450126245,3.1401727209380397
2.4619185372394963,2.489763764944799,3.1401727209380397
2.4609185382476007,2.4897651848769735,3.1401727209380397
2.4109185886528106,2.4898361814857037,3.1401727209380397
2.3659186340174996,2.489900078433561,3.1401727209380397
2.3209186793821885,2.4899639753814182,3.1401727209380397
2.2849187156739394,2.490015092939704,3.1401727209380397
2.2489187519656904,2.49006621049799,3.1401727209380397
2.2201187809990914,2.4901071045446184,3.1401727209380397
2.1913188100324925,2.490147998591247,3.1401727209380397
2.168278833259213,2.4901807138285497,3.1401727209380397
2.1452388564859337,2.4902134290658524,3.1401727209380397
2.1268068750673104,2.490239601255695,3.1401727209380397
2.108374893648687,2.4902657734455373,3.1401727209380397
2.0917861103719257,2.4902893284163956,3.1401727209380397
2.0751973270951645,2.490312883387254,3.1401727209380397
2.063769498615618,2.4903291101449563,3.1401727209380397
2.0523416701360713,2.4903453369026587,3.1401727209380397
2.0420566245044793,2.490359940984591,3.1401727209380397
2.0317715788728874,2.490374545066523,3.1401727209380397
2.0246863252155687,2.4903846056562986,3.1401727209380397
2.01760107155825,2.490394666246074,3.1401727209380397
2.0119328686323947,2.490402714717894,3.1401727209380397
2.0062646657065395,2.4904107631897143,3.1401727209380397
2.0017301033658557,2.4904172019671704,3.1401727209380397
1.9971955410251716,2.4904236407446265,3.1401727209380397
1.9935678911526244,2.4904287917665915,3.1401727209380397
1.9899402412800773,2.4904339427885565,3.1401727209380397
1.9866753563947848,2.490438578708325,3.1401727209380397
1.9834104715094922,2.4904432146280935,3.1401727209380397
1.981161328588513,2.490446408261712,3.1401727209380397
1.9789121856675338,2.4904496018953304,3.1401727209380397
1.9768879570386524,2.490452476165587,3.1401727209380397
1.974863728409771,2.4904553504358433,3.1401727209380397
1.9734692597987638,2.490457330488687,3.1401727209380397
1.9720747911877565,2.4904593105415302,3.1401727209380397
1.9708197694378502,2.490461092589089,3.1401727209380397
1.9695647476879439,2.490462874636648,3.1401727209380397
1.968564748696048,2.4904642945688225,3.1401727209380397
1.9675647497041522,2.490465714500997,3.1401727209380397
1.9665647507122563,2.4904671344331715,3.1401727209380397
1.9655647517203605,2.490468554365346,3.1401727209380397
1.9155648021255705,2.490539550974076,3.1401727209380397
1.8655648525307804,2.4906105475828064,3.1401727209380397
1.8255648928549484,2.4906673448697907,3.1401727209380397
1.7855649331791164,2.490724142156775,3.1401727209380397
1.7535649654384506,2.4907695799863623,3.1401727209380397
1.721564997697785,2.4908150178159496,3.1401727209380397
1.6959650235052524,2.4908513680796194,3.1401727209380397
1.6703650493127198,2.490887718343289,3.1401727209380397
1.6498850699586938,2.490916798554225,3.1401727209380397
1.6294050906046678,2.4909458787651606,3.1401727209380397
1.6130211071214469,2.4909691429339094,3.1401727209380397
1.596637123638226,2.490992407102658,3.1401727209380397
1.5818915385033272,2.491013344854532,3.1401727209380397
1.5671459533684284,2.4910342826064062,3.1401727209380397
1.5569878836088316,2.4910487063910303,3.1401727209380397
1.5468298138492347,2.4910631301756543,3.1401727209380397
1.5387033580415572,2.491074669203354,3.1401727209380397
1.5313895478146475,2.491085054328283,3.1401727209380397
1.5240757375877378,2.4910954394532125,3.1401727209380397
1.51822468940621,2.491103747553156,3.1401727209380397
1.512373641224682,2.4911120556530997,3.1401727209380397
1.5076928026794598,2.4911187021330545,3.1401727209380397
1.5030119641342377,2.4911253486130094,3.1401727209380397
1.4992672932980597,2.491130665796973,3.1401727209380397
1.4955226224618818,2.491135982980937,3.1401727209380397
1.4925268857929397,2.491140236728108,3.1401727209380397
1.4895311491239975,2.491144490475279,3.1401727209380397
1.4871345597888437,2.491147893473016,3.1401727209380397
1.4847379704536898,2.4911512964707527,3.1401727209380397
1.4828206989855668,2.4911540188689423,3.1401727209380397
1.4810951546642561,2.4911564690273127,3.1401727209380397
1.4793696103429455,2.491158919185683,3.1401727209380397
1.4779891748858969,2.4911608793123796,3.1401727209380397
1.4766087394288483,2.491162839439076,3.1401727209380397
1.4755043910632095,2.4911644075404333,3.1401727209380397
1.4745043920713137,2.491165827472608,3.1401727209380397
1.4735043930794178,2.4911672474047823,3.1401727209380397
1.472504394087522,2.491168667336957,3.1401727209380397
1.4715043950956261,2.4911700872691314,3.1401727209380397
1.4705043961037303,2.491171507201306,3.1401727209380397
1.4695043971118344,2.4911729271334804,3.1401727209380397
1.4195044475170444,2.4912439237422106,3.1401727209380397
1.3695044979222544,2.491314920350941,3.1401727209380397
1.3295045382464223,2.491371717637925,3.1401727209380397
1.2895045785705903,2.4914285149249094,3.1401727209380397
1.2575046108299246,2.4914739527544967,3.1401727209380397
1.2255046430892589,2.491519390584084,3.1401727209380397
1.1999046688967263,2.4915557408477538,3.1401727209380397
1.1743046947041937,2.4915920911114235,3.1401727209380397
1.1538247153501677,2.4916211713223593,3.1401727209380397
1.1333447359961417,2.491650251533295,3.1401727209380397
1.1169607525129208,2.4916735157020438,3.1401727209380397
1.1005767690297,2.4916967798707925,3.1401727209380397
1.0874695822431233,2.4917153912057914,3.1401727209380397
1.0743623954565467,2.4917340025407904,3.1401727209380397
1.06125520866997,2.4917526138757893,3.1401727209380397
1.0481480218833934,2.491771225210788,3.1401727209380397
1.0402837098114475,2.4917823920117876,3.1401727209380397
1.0324193977395015,2.491793558812787,3.1401727209380397
1.0261279480819447,2.4918024922535866,3.1401727209380397
1.019836498424388,2.491811425694386,3.1401727209380397
1.0148033386983426,2.4918185724470256,3.1401727209380397
1.0097701789722973,2.491825719199665,3.1401727209380397
1.0057436511914608,2.491831436601777,3.1401727209380397
1.0017171234106244,2.4918371540038886,3.1401727209380397
0.9984959011859553,2.491841727925578,3.1401727209380397
0.9952746789612863,2.4918463018472674,3.1401727209380397
0.992697701181551,2.4918499609846188,3.1401727209380397
0.9901207234018157,2.49185362012197,3.1401727209380397
0.9880591411780275,2.4918565474318513,3.1401727209380397
0.9862037171766181,2.4918591820107445,3.1401727209380397
0.9843482931752088,2.491861816589638,3.1401727209380397
0.9828639539740812,2.491863924252752,3.1401727209380397
0.9813796147729537,2.4918660319158663,3.1401727209380397
0.9801921434120516,2.491867718046358,3.1401727209380397
0.9790046720511496,2.4918694041768497,3.1401727209380397
0.9780046730592538,2.491870824109024,3.1401727209380397
0.9770046740673579,2.4918722440411987,3.1401727209380397
0.9760046750754621,2.491873663973373,3.1401727209380397
0.9750046760835662,2.4918750839055477,3.1401727209380397
0.9740046770916704,2.491876503837722,3.1401727209380397
0.9730046780997745,2.4918779237698967,3.1401727209380397
0.9230047285049845,2.491948920378627,3.1401727209380397
0.8730047789101945,2.492019916987357,3.1401727209380397
0.8330048192343624,2.4920767142743414,3.1401727209380397
0.7930048595585304,2.4921335115613257,3.1401727209380397
0.7610048918178647,2.492178949390913,3.1401727209380397
0.729004924077199,2.4922243872205003,3.1401727209380397
0.7034049498846664,2.49226073748417,3.1401727209380397
0.6778049756921338,2.49229708774784,3.1401727209380397
0.6573249963381078,2.4923261679587756,3.1401727209380397
0.6368450169840818,2.4923552481697113,3.1401727209380397
0.620461033500861,2.49237851233846,3.1401727209380397
0.6040770500176402,2.492401776507209,3.1401727209380397
0.5909698632310636,2.4924203878422078,3.1401727209380397
0.577862676444487,2.4924389991772067,3.1401727209380397
0.566066208336568,2.492455749378706,3.1401727209380397
0.5542697402286489,2.492472499580205,3.1401727209380397
0.5449636376101795,2.4924857136280543,3.1401727209380397
0.5356575349917101,2.4924989276759035,3.1401727209380397
0.5293922997077265,2.4925078238940332,3.1401727209380397
0.5231270644237429,2.492516720112163,3.1401727209380397
0.5181148761965559,2.4925238370866665,3.1401727209380397
0.513102687969369,2.49253095406117,3.1401727209380397
0.5090929373876194,2.492536647640773,3.1401727209380397
0.5050831868058698,2.4925423412203758,3.1401727209380397
0.5018753863404702,2.492546896084058,3.1401727209380397
0.49866758587507065,2.49255145094774,3.1401727209380397
0.495780565456211,2.4925555503250543,3.1401727209380397
0.4928935450373514,2.4925596497023683,3.1401727209380397
0.4909047087488036,2.4925624737178516,3.1401727209380397
0.4889158724602558,2.492565297733335,3.1401727209380397
0.486927036171708,2.492568121748818,3.1401727209380397
0.4855348507697246,2.492570098559656,3.1401727209380397
0.48414266536774114,2.4925720753704943,3.1401727209380397
0.4830289170461544,2.492573656819165,3.1401727209380397
0.4819151687245677,2.4925752382678357,3.1401727209380397
0.48091279523513963,2.492576661571639,3.1401727209380397
0.4799104217457116,2.492578084875442,3.1401727209380397
0.4789104227538158,2.4925795048076167,3.1401727209380397
0.47791042376192,2.492580924739791,3.1401727209380397
0.4769104247700242,2.4925823446719657,3.1401727209380397
0.4759104257781284,2.49258376460414,3.1401727209380397
0.4259104761833383,2.4926547612128704,3.1401727209380397
0.37591052658854823,2.4927257578216007,3.1401727209380397
0.33591056691271615,2.492782555108585,3.1401727209380397
0.29591060723688406,2.492839352395569,3.1401727209380397
0.2639106394962184,2.4928847902251565,3.1401727209380397
0.23191067175555274,2.492930228054744,3.1401727209380397
0.20631069756302023,2.4929665783184136,3.1401727209380397
0.1807107233704877,2.4930029285820834,3.1401727209380397
0.1602307440164617,2.493032008793019,3.1401727209380397
0.1397507646624357,2.493061089003955,3.1401727209380397
0.12336678117921487,2.4930843531727036,3.1401727209380397
0.10698279769599406,2.4931076173414524,3.1401727209380397
0.09387561090941741,2.4931262286764513,3.1401727209380397
0.08076842412284077,2.49314484001145,3.1401727209380397
0.07028267469357945,2.4931597290794496,3.1401727209380397
0.059796925264318124,2.493174618147449,3.1401727209380397
0.05140832572090907,2.4931865294018483,3.1401727209380397
0.04301972617750002,2.4931984406562475,3.1401727209380397
0.035469986588431875,2.493209160785207,3.1401727209380397
0.027920246999363726,2.493219880914167,3.1401727209380397
0.022719315282450112,2.4932272658918944,3.1401727209380397
0.017518383565536498,2.493234650869622,3.1401727209380397
0.012837545020314246,2.493241297349577,3.1401727209380397
0.008156706475091993,2.4932479438295316,3.1401727209380397
0.004932128810605552,2.4932525225157227,3.1401727209380397
0.002030008912567755,2.4932566433332948,3.1401727209380397
-0.0008721109854700421,2.493260764150867,3.1401727209380397
-0.0031938069039002797,2.4932640608049246,3.1401727209380397
-0.005283333230487493,2.4932670277935762,3.1401727209380397
-0.0073728595570747065,2.493269994782228,3.1401727209380397
-0.009044480618344477,2.4932723683731495,3.1401727209380397
-0.010716101679614249,2.493274741964071,3.1401727209380397
-0.012387722740884021,2.4932771155549927,3.1401727209380397
-0.014059343802153793,2.4932794891459142,3.1401727209380397
-0.015062316438915656,2.493280913300467,3.1401727209380397
-0.01606528907567752,2.49328233745502,3.1401727209380397
-0.01706528806757332,2.4932837573871947,3.1401727209380397
-0.01806528705946912,2.493285177319369,3.1401727209380397
-0.01906528605136492,2.4932865972515437,3.1401727209380397
-0.02006528504326072,2.493288017183718,3.1401727209380397
-0.07006523463805081,2.4933590137924484,3.1401727209380397
-0.1200651842328409,2.4934300104011786,3.1401727209380397
-0.16006514390867296,2.493486807688163,3.1401727209380397
-0.20006510358450502,2.493543604975147,3.1401727209380397
-0.23206507132517068,2.4935890428047345,3.1401727209380397
-0.26406503906583634,2.493634480634322,3.1401727209380397
-0.28966501325836885,2.4936708308979916,3.1401727209380397
-0.31526498745090137,2.4937071811616613,3.1401727209380397
-0.33830496422418066,2.493739896398964,3.1401727209380397
-0.36134494099745995,2.493772611636267,3.1401727209380397
-0.3772169249968301,2.4937951487997423,3.1401727209380397
-0.3930889089962003,2.4938176859632177,3.1401727209380397
-0.4057864961956964,2.493835715693998,3.1401727209380397
-0.4184840833951925,2.4938537454247784,3.1401727209380397
-0.429911911874739,2.493869972182481,3.1401727209380397
-0.44133974035428547,2.4938861989401833,3.1401727209380397
-0.4492122444179731,2.493897377373267,3.1401727209380397
-0.4570847484816607,2.4939085558063505,3.1401727209380397
-0.4633827517326108,2.4939174985528174,3.1401727209380397
-0.4696807549835609,2.4939264412992843,3.1401727209380397
-0.4747191575843209,2.493933595496458,3.1401727209380397
-0.479757560185081,2.493940749693632,3.1401727209380397
-0.48378828226568904,2.4939464730513707,3.1401727209380397
-0.4878190043462971,2.4939521964091096,3.1401727209380397
-0.4910435820107835,2.4939567750953007,3.1401727209380397
-0.49426815967526994,2.4939613537814918,3.1401727209380397
-0.4968478218068591,2.493965016730445,3.1401727209380397
-0.49942748393844827,2.493968679679398,3.1401727209380397
-0.5020071460700374,2.493972342628351,3.1401727209380397
-0.5038129095621497,2.493974906692618,3.1401727209380397
-0.5056186730542621,2.493977470756885,3.1401727209380397
-0.5070632838479521,2.4939795220082988,3.1401727209380397
-0.508507894641642,2.4939815732597124,3.1401727209380397
-0.509663583276594,2.4939832142608434,3.1401727209380397
-0.510819271911546,2.4939848552619743,3.1401727209380397
-0.5118593916830028,2.4939863321629923,3.1401727209380397
-0.5128995114544596,2.49398780906401,3.1401727209380397
-0.5138995104463554,2.4939892289961847,3.1401727209380397
-0.5148995094382512,2.493990648928359,3.1401727209380397
-0.5158995084301471,2.4939920688605337,3.1401727209380397
-0.5168995074220429,2.493993488792708,3.1401727209380397
-0.566899457016833,2.4940644854014384,3.1401727209380397
-0.616899406611623,2.4941354820101687,3.1401727209380397
-0.666899356206413,2.494206478618899,3.1401727209380397
-0.7168993058012031,2.494277475227629,3.1401727209380397
-0.7468992755580771,2.4943200731928674,3.1401727209380397
-0.7768992453149511,2.4943626711581057,3.1401727209380397
-0.8008992211204504,2.494396749530296,3.1401727209380397
-0.8248991969259497,2.4944308279024865,3.1401727209380397
-0.8440991775703491,2.494458090600239,3.1401727209380397
-0.8613791601503086,2.4944826270282165,3.1401727209380397
-0.878659142730268,2.494507163456194,3.1401727209380397
-0.8942111270522315,2.4945292462413735,3.1401727209380397
-0.909763111374195,2.494551329026553,3.1401727209380397
-0.9220318990059662,2.494568749890417,3.1401727209380397
-0.9343006866377374,2.494586170754281,3.1401727209380397
-0.9437873970741351,2.4945996412532403,3.1401727209380397
-0.9532741075105328,2.4946131117521997,3.1401727209380397
-0.9596365970964739,2.4946221460649807,3.1401727209380397
-0.965999086682415,2.4946311803777617,3.1401727209380397
-0.9710890783511679,2.4946384078279866,3.1401727209380397
-0.9756700708530455,2.494644912533189,3.1401727209380397
-0.9802510633549231,2.4946514172383916,3.1401727209380397
-0.9839158573564252,2.4946566210025534,3.1401727209380397
-0.9875806513579273,2.494661824766715,3.1401727209380397
-0.9905124865591289,2.4946659877780446,3.1401727209380397
-0.9934443217603306,2.494670150789374,3.1401727209380397
-0.9957897899212919,2.4946734811984377,3.1401727209380397
-0.9981352580822531,2.4946768116075013,3.1401727209380397
-1.0000116326110222,2.494679475934752,3.1401727209380397
-1.0018880071397913,2.494682140262003,3.1401727209380397
-1.0033891067628065,2.494684271723804,3.1401727209380397
-1.0048902063858216,2.4946864031856046,3.1401727209380397
-1.0060910860842338,2.4946881083550454,3.1401727209380397
-1.007291965782646,2.494689813524486,3.1401727209380397
-1.008372757511217,2.494691348176983,3.1401727209380397
-1.0094535492397878,2.4946928828294794,3.1401727209380397
-1.0104535482316837,2.494694302761654,3.1401727209380397
-1.0114535472235795,2.4946957226938284,3.1401727209380397
-1.0124535462154753,2.494697142626003,3.1401727209380397
-1.0134535452073712,2.4946985625581775,3.1401727209380397
-1.0634534948021612,2.4947695591669077,3.1401727209380397
-1.1134534443969513,2.494840555775638,3.1401727209380397
-1.1534534040727833,2.494897353062622,3.1401727209380397
-1.1934533637486153,2.4949541503496064,3.1401727209380397
-1.225453331489281,2.4949995881791938,3.1401727209380397
-1.2574532992299468,2.495045026008781,3.1401727209380397
-1.2830532734224793,2.495081376272451,3.1401727209380397
-1.3060932501957585,2.4951140915097536,3.1401727209380397
-1.3291332269690377,2.4951468067470564,3.1401727209380397
-1.347565208387661,2.495172978936899,3.1401727209380397
-1.3659971898062844,2.4951991511267413,3.1401727209380397
-1.3807427749411831,2.4952200888786153,3.1401727209380397
-1.395488360076082,2.4952410266304894,3.1401727209380397
-1.407284828184001,2.4952577768319886,3.1401727209380397
-1.41908129629192,2.4952745270334877,3.1401727209380397
-1.4285184707782552,2.495287927194687,3.1401727209380397
-1.437011927815957,2.4952999873397665,3.1401727209380397
-1.4455053848536588,2.495312047484846,3.1401727209380397
-1.45230015048382,2.4953216956009094,3.1401727209380397
-1.4590949161139812,2.495331343716973,3.1401727209380397
-1.4645307286181104,2.4953390622098235,3.1401727209380397
-1.4699665411222396,2.495346780702674,3.1401727209380397
-1.4743151911255428,2.495352955496955,3.1401727209380397
-1.478663841128846,2.4953591302912357,3.1401727209380397
-1.4821427611314886,2.4953640701266604,3.1401727209380397
-1.4856216811341312,2.495369009962085,3.1401727209380397
-1.4884048171362452,2.495372961830425,3.1401727209380397
-1.4911879531383592,2.4953769136987645,3.1401727209380397
-1.4934144619400505,2.4953800751934363,3.1401727209380397
-1.4956409707417417,2.495383236688108,3.1401727209380397
-1.4974221777830947,2.4953857658838454,3.1401727209380397
-1.4992033848244477,2.4953882950795827,3.1401727209380397
-1.5006283504575302,2.4953903184361725,3.1401727209380397
-1.5019108195273043,2.4953921394571035,3.1401727209380397
-1.5031932885970785,2.4953939604780344,3.1401727209380397
-1.5042192638528977,2.495395417294779,3.1401727209380397
-1.505245239108717,2.4953968741115236,3.1401727209380397
-1.5062452381006128,2.495398294043698,3.1401727209380397
-1.5072452370925087,2.4953997139758726,3.1401727209380397
-1.5082452360844045,2.495401133908047,3.1401727209380397
-1.5092452350763004,2.4954025538402216,3.1401727209380397
-1.5592451846710904,2.495473550448952,3.1401727209380397
-1.6092451342658805,2.495544547057682,3.1401727209380397
-1.6542450889011915,2.4956084440055393,3.1401727209380397
-1.6992450435365025,2.4956723409533965,3.1401727209380397
-1.7302450122852724,2.4957163588508093,3.1401727209380397
-1.7612449810340423,2.495760376748222,3.1401727209380397
-1.7922449497828121,2.495804394645635,3.1401727209380397
-1.823244918531582,2.495848412543048,3.1401727209380397
-1.8418448997808439,2.4958748232814956,3.1401727209380397
-1.8604448810301057,2.4959012340199433,3.1401727209380397
-1.8771848641544415,2.495925003684546,3.1401727209380397
-1.8939248472787773,2.495948773349149,3.1401727209380397
-1.910664830403113,2.495972543013752,3.1401727209380397
-1.9274048135274489,2.4959963126783546,3.1401727209380397
-1.9355888052771242,2.4960079334032717,3.1401727209380397
-1.9429543978518318,2.496018392055697,3.1401727209380397
-1.9503199904265394,2.4960288507081225,3.1401727209380397
-1.9569490237437763,2.496038263495305,3.1401727209380397
-1.9635780570610133,2.4960476762824877,3.1401727209380397
-1.968144724457332,2.4960541606469913,3.1401727209380397
-1.9727113918536507,2.496060645011495,3.1401727209380397
-1.9763647257707058,2.4960658325030978,3.1401727209380397
-1.9800180596877608,2.4960710199947007,3.1401727209380397
-1.9833060602131103,2.496075688737143,3.1401727209380397
-1.9865940607384598,2.4960803574795856,3.1401727209380397
-1.988859127767034,2.496083573724379,3.1401727209380397
-1.9911241947956082,2.4960867899691728,3.1401727209380397
-1.9929362484184674,2.496089362965008,3.1401727209380397
-1.9945670966790408,2.4960916786612595,3.1401727209380397
-1.996197944939614,2.496093994357511,3.1401727209380397
-1.99766570837413,2.4960960784841375,3.1401727209380397
-1.999133471808646,2.496098162610764,3.1401727209380397
-2.0001445977302015,2.4960995983424397,3.1401727209380397
-2.001155723651757,2.4961010340741154,3.1401727209380397
-2.0021557226436526,2.49610245400629,3.1401727209380397
-2.0031557216355482,2.4961038739384644,3.1401727209380397
-2.004155720627444,2.496105293870639,3.1401727209380397
-2.0051557196193395,2.4961067138028135,3.1401727209380397
-2.0551556692141295,2.4961777104115437,3.1401727209380397
-2.1051556188089195,2.496248707020274,3.1401727209380397
-2.1501555734442306,2.496312603968131,3.1401727209380397
-2.1951555280795416,2.4963765009159884,3.1401727209380397
-2.2261554968283113,2.496420518813401,3.1401727209380397
-2.257155465577081,2.496464536710814,3.1401727209380397
-2.281955440576097,2.496499751028744,3.1401727209380397
-2.306755415575113,2.496534965346674,3.1401727209380397
-2.3290753930742274,2.4965666582328114,3.1401727209380397
-2.351395370573342,2.4965983511189487,3.1401727209380397
-2.3667713550727316,2.4966201839960656,3.1401727209380397
-2.3821473395721213,2.4966420168731824,3.1401727209380397
-2.3944481271716334,2.496659483174876,3.1401727209380397
-2.4067489147711454,2.4966769494765693,3.1401727209380397
-2.416589544850755,2.496690922517924,3.1401727209380397
-2.4264301749303643,2.4967048955592785,3.1401727209380397
-2.435286742002013,2.4967174712964977,3.1401727209380397
-2.4441433090736613,2.496730047033717,3.1401727209380397
-2.450244499723019,2.496738710319357,3.1401727209380397
-2.456345690372377,2.4967473736049968,3.1401727209380397
-2.461226642891863,2.4967543042335087,3.1401727209380397
-2.4661075954113496,2.4967612348620207,3.1401727209380397
-2.470988547930836,2.4967681654905327,3.1401727209380397
-2.4744052146944764,2.496773016930491,3.1401727209380397
-2.4778218814581168,2.496777868370449,3.1401727209380397
-2.480555214869029,2.4967817495224156,3.1401727209380397
-2.4832885482799414,2.496785630674382,3.1401727209380397
-2.4857485483497626,2.496789123711152,3.1401727209380397
-2.4876892150715104,2.4967918793290487,3.1401727209380397
-2.4896298817932583,2.496794634946945,3.1401727209380397
-2.4911824151706563,2.496796839441262,3.1401727209380397
-2.4927349485480543,2.496799043935579,3.1401727209380397
-2.4939769752499727,2.4968008075310326,3.1401727209380397
-2.495219001951891,2.4968025711264863,3.1401727209380397
-2.496219000943787,2.496803991058661,3.1401727209380397
-2.4972189999356824,2.4968054109908353,3.1401727209380397
-2.498218998927578,2.49680683092301,3.1401727209380397
-2.4992189979194737,2.4968082508551843,3.1401727209380397
-2.5002189969113693,2.496809670787359,3.1401727209380397
-2.501218995903265,2.4968110907195333,3.1401727209380397
